NO,설치위치,전화번호,도로명주소,지번주소,위도,경도,카카오_매칭주소
1,(사)한국건강관리협회부산광역시동부지부(동관 7층),051-553-6400,"부산광역시 동래구 충렬대로 145, 한국건강관리협회부산지부 (온천동)",부산광역시 동래구 온천동 1438-2 한국건강관리협회부산지부,35.2053834435349,129.076565396215,부산 동래구 충렬대로 145
2,(사)한국건강관리협회부산광역시동부지부(서관 1층),051-553-6400,"부산광역시 동래구 충렬대로 145, 한국건강관리협회부산지부 (온천동)",부산광역시 동래구 온천동 1438-2 한국건강관리협회부산지부,35.2053834435349,129.076565396215,부산 동래구 충렬대로 145
3,(재)부산문화회관(중극장 로비),051-607-6000,"부산광역시 남구 유엔평화로76번길 1, 부산문화회관 (대연동)",부산광역시 남구 대연동 848-4 부산문화회관,35.1271849347319,129.093478083809,부산 남구 유엔평화로76번길 1
4,(재)부산문화회관(대극장 로비),051-607-6000,"부산광역시 남구 유엔평화로76번길 1, 부산문화회관 (대연동)",부산광역시 남구 대연동 848-4 부산문화회관,35.1271849347319,129.093478083809,부산 남구 유엔평화로76번길 1
5,(재)한호기독교선교회일신기독병원(내시경 센터),051-630-0436,"부산광역시 동구 정공단로 27, 일신기독병원 (좌천동)",부산광역시 동구 좌천동 471-1 일신기독병원,35.1357753221213,129.054416899466,부산 동구 정공단로 27
6,(재)한호기독선교회정관일신기독병원(7병동),051-780-0671,부산광역시 기장군 정관읍 정관6로 31,부산광역시 기장군 정관읍 매학리 720-7,35.3196973562916,129.177451804668,부산 기장군 정관읍 정관6로 31
7,(주)강남(시운전 시 사용),051-260-6032,부산광역시 사하구 구평로16번길 71(구평동),부산광역시 사하구 구평동 399,35.0695927407683,128.994478025741,부산 사하구 구평로16번길 71
8,(주)강남(본관 1층),051-260-6032,부산광역시 사하구 구평로16번길 71 (구평동),부산광역시 사하구 구평동 399,35.0695927407683,128.994478025741,부산 사하구 구평로16번길 71
9,(주)대한항공테크센터(7HGR 중앙휴게실(1층)),051-970-5182,"부산광역시 강서구 테크센터로 55, 대한항공 테크센터 (대저2동)",부산광역시 강서구 대저2동 103-1,35.1767269175092,128.934279540547,부산 강서구 테크센터로 55
10,(주)대한항공테크센터2BAY-HER2층(2 BAY-HER 중앙휴게실옆(1층)),051-970-5182,부산광역시 강서구 테크센터로 55(대저2동),부산광역시 강서구 대저2동 103-1,35.1767269175092,128.934279540547,부산 강서구 테크센터로 55
11,(주)대한항공테크센터3사무동1층(3사무동 1층),051-970-5182,부산광역시 강서구 테크센터로 55(대저2동),부산광역시 강서구 대저2동 103-1,35.1767269175092,128.934279540547,부산 강서구 테크센터로 55
12,(주)대한항공테크센터K-1차량내부(K-1 차량내부),051-970-5182,부산광역시 강서구 테크센터로 55(대저2동),부산광역시 강서구 대저2동 103-1,35.1767269175092,128.934279540547,부산 강서구 테크센터로 55
13,(주)대한항공테크센터복합재2공장1층(복합재2공장 1층),051-970-5182,부산광역시 강서구 테크센터로 55(대저2동),부산광역시 강서구 대저2동 103-1,35.1767269175092,128.934279540547,부산 강서구 테크센터로 55
14,(주)대한항공테크센터전자공장1층(전자공장 1층),051-970-5182,부산광역시 강서구 테크센터로 55(대저2동),부산광역시 강서구 대저2동 103-1,35.1767269175092,128.934279540547,부산 강서구 테크센터로 55
15,(주)대한항공테크센터창공회관3층(창공회관 3층),051-970-5182,부산광역시 강서구 테크센터로 55(대저2동),부산광역시 강서구 대저2동 103-1,35.1767269175092,128.934279540547,부산 강서구 테크센터로 55
16,(주)동원개발해운대중동비스타오션헤리티지(경비실),051-744-0805,부산광역시 해운대구 구남로29번길 26(중동),부산광역시 해운대구 중동 1380-22,35.1622638137945,129.161952837521,부산 해운대구 구남로29번길 26
17,(주)롯데쇼핑롯데마트사상점(1층 안내데스크),051-329-2500,"부산광역시 사상구 낙동대로 733, 롯데마트 사상점 (엄궁동)",부산광역시 사상구 엄궁동 690 롯데마트 사상점,35.1275983422866,128.968358334702,부산 사상구 낙동대로 733
18,(주)부산롯데호텔(로비(컨시어지)),051-810-5654,"부산광역시 부산진구 가야대로 772, 부산롯데호텔 (부전동)",부산광역시 부산진구 부전동 503-15 부산롯데호텔,35.156789983664,129.056416218143,부산 부산진구 가야대로 772
19,(주)비엠티(공장A동 1층),051-780-5032,부산광역시 기장군 장안읍 신소재산단2로 17,부산광역시 기장군 장안읍 반룡리 878-1,35.3417947158768,129.26689248965,부산 기장군 장안읍 신소재산단2로 17
20,(주)비엠티(생활관 1층),051-780-5032,부산광역시 기장군 장안읍 신소재산단2로 17,부산광역시 기장군 장안읍 반룡리 878-1,35.3417947158768,129.26689248965,부산 기장군 장안읍 신소재산단2로 17
21,(주)에이비엘생명보험(1층 로비),051-644-5219,"부산광역시 부산진구 중앙대로 640, ABL 부산타워 (범천동)",부산광역시 부산진구 범천동 862-1 ABL 부산타워,35.1497327738588,129.059753113622,부산 부산진구 중앙대로 640
22,(주)엘에스일렉트릭(2생산동1층 엘리베이터 앞),051-795-6117,부산광역시 강서구 화전산단5로117번길 35 (화전동),부산광역시 강서구 화전동 552-2,35.1115109572608,128.874916128736,부산 강서구 화전산단5로117번길 35
23,(주)엘에스일렉트릭(2생산동 시험실 복도),051-795-6117,부산광역시 강서구 화전산단5로117번길 35 (화전동),부산광역시 강서구 화전동 552-2,35.1115109572608,128.874916128736,부산 강서구 화전산단5로117번길 35
24,(주)엘에스일렉트릭(2생산동 조립반 안쪽),051-795-6117,부산광역시 강서구 화전산단5로117번길 35 (화전동),부산광역시 강서구 화전동 552-2,35.1115109572608,128.874916128736,부산 강서구 화전산단5로117번길 35
25,(주)엘에스일렉트릭(경비동 접견실),051-795-6117,부산광역시 강서구 화전산단5로117번길 35 (화전동),부산광역시 강서구 화전동 552-2,35.1115109572608,128.874916128736,부산 강서구 화전산단5로117번길 35
26,(주)엘에스일렉트릭(건강관리실),051-795-6117,부산광역시 강서구 화전산단5로117번길 35 (화전동),부산광역시 강서구 화전동 552-2,35.1115109572608,128.874916128736,부산 강서구 화전산단5로117번길 35
27,(주)엘에스일렉트릭(1생산동 조립반 안쪽),051-795-6117,부산광역시 강서구 화전산단5로117번길 35 (화전동),부산광역시 강서구 화전동 552-2,35.1115109572608,128.874916128736,부산 강서구 화전산단5로117번길 35
28,(주)오토닉스(6층 로비),051-519-3014,"부산광역시 해운대구 반송로513번길 18, (주)오토닉스 (석대동)",부산광역시 해운대구 석대동 629,35.2200119945474,129.119365622026,부산 해운대구 반송로513번길 18
29,(주)오토닉스(1층 로비),051-519-3014,"부산광역시 해운대구 반송로513번길 18, (주)오토닉스 (석대동)",부산광역시 해운대구 석대동 629,35.2200119945474,129.119365622026,부산 해운대구 반송로513번길 18
30,(주)이마트금정점(1층정문),051-606-1234,"부산광역시 금정구 중앙대로1841번길 24, (주)이마트금정점 1층 (구서동)",부산광역시 금정구 구서동 368 (주)이마트금정점,35.2499415346867,129.090596231215,부산 금정구 중앙대로1841번길 24
31,(주)이마트금정점(2층매장입구),051-606-1234,"부산광역시 금정구 중앙대로1841번길 24, (주)이마트금정점 2층 (구서동)",부산광역시 금정구 구서동 368 (주)이마트금정점,35.2499415346867,129.090596231215,부산 금정구 중앙대로1841번길 24
32,(주)이마트사상점(2층 고객센터),051-329-1119,부산광역시 사상구 광장로 17  (괘법동),부산광역시 사상구 괘법동 531-2 이마트,35.1642365382579,128.978888681143,부산 사상구 광장로 17
33,(주)이마트해운대점(1층 고객만족센터),051-608-1234,"부산광역시 해운대구 좌동순환로 511, 이마트해운대점 (중동)",부산광역시 해운대구 중동 1767 이마트해운대점,35.1660208153462,129.167373764158,부산 해운대구 좌동순환로 511
34,(주)조선호텔앤리조트부산(지하 1층 직원 출입구),051-749-7215,"부산광역시 해운대구 동백로 67, (주)조선호텔앤리조트 부산 (우동)",부산광역시 해운대구 우동 737 (주)조선호텔앤리조트 부산,35.1559933232415,129.154042762478,부산 해운대구 동백로 67
35,"(주)중앙구일일(78어3601(의료기관 위탁 구급차, 삼육병원))",051-246-0911,부산광역시 서구 대영로73번길 116 (동대신동3가),부산광역시 서구 동대신동3가 156-44,35.1154085848085,129.016683320688,부산 서구 대영로73번길 116
36,(주)트랜스코스모스코리아부산1센터(HJ중공업 12층 엘리베이터 앞),02-790-8214,"부산광역시 중구 충장대로 6, 한진중공업R&D센터 12층 (중앙동4가)",부산광역시 중구 중앙동4가 22-1 한진중공업R&D센터,35.1046980703093,129.037122021002,부산 중구 충장대로 6
37,(주)호텔롯데시그니엘부산(B1층 피난안전구역),051-922-1330,"부산광역시 해운대구 달맞이길 30(중동, 엘시티)",부산광역시 해운대구 중동 1829 엘시티,35.1613327099223,129.168013841974,부산 해운대구 달맞이길 30
38,(주)호텔롯데시그니엘부산(3층 로비데스크),051-922-1330,"부산광역시 해운대구 달맞이길 30(중동, 엘시티)",부산광역시 해운대구 중동 1829 엘시티,35.1613327099223,129.168013841974,부산 해운대구 달맞이길 30
39,(주)호텔롯데시그니엘부산(B2층 피난안전구역),051-922-1330,"부산광역시 해운대구 달맞이길 30(중동, 엘시티)",부산광역시 해운대구 중동 1829 엘시티,35.1613327099223,129.168013841974,부산 해운대구 달맞이길 30
40,(주)호텔롯데시그니엘부산(6층 수영장),051-922-1330,"부산광역시 해운대구 달맞이길 30(중동, 엘시티)",부산광역시 해운대구 중동 1829 엘시티,35.1613327099223,129.168013841974,부산 해운대구 달맞이길 30
41,BHS한서병원(8병동),051-756-0081,"부산광역시 수영구 수영로 615, BHS한서병원 (광안동)",부산광역시 수영구 광안동 491-10 BHS한서병원,35.1610469496207,129.112881923838,부산 수영구 수영로 615
42,BHS한서병원(인공신장실(신관3층)),051-756-0081,"부산광역시 수영구 수영로 615, BHS한서병원 (광안동)",부산광역시 수영구 광안동 491-10 BHS한서병원,35.1610469496207,129.112881923838,부산 수영구 수영로 615
43,BHS한서병원(2층 심장내과 외래),051-756-0081,"부산광역시 수영구 수영로 615, BHS한서병원 (광안동)",부산광역시 수영구 광안동 491-10 BHS한서병원,35.1610469496207,129.112881923838,부산 수영구 수영로 615
44,BMC반송지구아파트(통합경비센터),051-542-4050,부산광역시 해운대구 신반송로 159,부산광역시 해운대구 반송동 880 도개공아파트,35.2285070742142,129.16251094573,부산 해운대구 신반송로 159
45,GS25부산항대교점(GS25 부산항대교점 매장내),010-****-****,부산광역시 영도구 해양로 12(청학동),부산광역시 영도구 청학동 326-7,35.0990621891176,129.057963930098,부산 영도구 해양로 12
46,GS25서구어시장점(편의점 입구 왼쪽 벽),010-****-****,부산광역시 서구 충무대로 158 (남부민동),부산광역시 서구 남부민동 693-4,35.084634780451,129.025003785068,부산 서구 충무대로 158
47,GS25송도해수욕장점(편의점 내 창고 옆),2469486,"부산광역시 서구 충무대로34번길 47, 101호 (암남동, 송도비치텔)",부산광역시 서구 암남동 236-3 송도비치텔,35.0767182932494,129.017100330998,부산 서구 충무대로34번길 47
48,LG신주례2단지아파트(경로당(관리동 1층)),051-316-7706,"부산광역시 사상구 백양대로342번길 17  (주례동, 엘지신주례아파트)",부산광역시 사상구 주례동 10-4 엘지신주례아파트,35.1538797351637,129.012849826569,부산 사상구 백양대로342번길 17
49,LH뜨란채아파트(관리사무소 2층 입구),051-742-8863,"부산광역시 해운대구 대천로67번길 18  (좌동, LH뜨란채아파트)",부산광역시 해운대구 좌동 1278 LH뜨란채아파트,35.1738310496907,129.168251250103,부산 해운대구 대천로67번길 18
50,e편한세상서면더센트럴(관리사무소),051-639-9945,"부산광역시 부산진구 신암로 133(범천동, e편한세상 서면 더센트럴)",부산광역시 부산진구 범천동 1187 e편한세상 서면 더센트럴,35.1520548371687,129.049897995425,부산 부산진구 신암로 133
51,e편한세상오션테라스아파트(4단지 관리사무소 입구),051-759-8010,"부산광역시 수영구 광안해변로326번길 31 (민락동, e편한세상 오션테라스 4단지)",부산광역시 수영구 민락동 782 e편한세상 오션테라스 4단지,35.1553352497739,129.129629375194,부산 수영구 광안해변로326번길 31
52,gs칼텍스(주)부산물류센터(본관동 1층 주 출입구),051-640-8442,부산광역시 남구 신선로 180,부산광역시 남구 감만동  254-13 GS칼텍스,35.1103086525616,129.084003606437,부산 남구 신선로 180
53,sealife부산아쿠아리움수족관(아쿠아리움 입구(지하2층)),051-740-1700,부산광역시 해운대구 해운대해변로 266  (중동),부산광역시 해운대구 중동 1411-4 부산아쿠아리움,35.1591996329783,129.161015391536,부산 해운대구 해운대해변로 266
54,w아파트(C동30층-1),051-621-6277,"부산광역시 남구 분포로 145 (용호동, 더블유)",부산광역시 남구 용호동 954 더블유,35.1342294576999,129.111216765972,부산 남구 분포로 145
55,w아파트(B동57층-1),051-621-6277,"부산광역시 남구 분포로 145 (용호동, 더블유)",부산광역시 남구 용호동 954 더블유,35.1342294576999,129.111216765972,부산 남구 분포로 145
56,w아파트(C동57층-1),051-621-6277,"부산광역시 남구 분포로 145 (용호동, 더블유)",부산광역시 남구 용호동 954 더블유,35.1342294576999,129.111216765972,부산 남구 분포로 145
57,w아파트(A동30층-2),051-621-6277,"부산광역시 남구 분포로 145 (용호동, 더블유)",부산광역시 남구 용호동 954 더블유,35.1342294576999,129.111216765972,부산 남구 분포로 145
58,w아파트(B동30층-1),051-621-6277,"부산광역시 남구 분포로 145 (용호동, 더블유)",부산광역시 남구 용호동 954 더블유,35.1342294576999,129.111216765972,부산 남구 분포로 145
59,w아파트(A동57층-1),051-621-6277,"부산광역시 남구 분포로 145 (용호동, 더블유)",부산광역시 남구 용호동 954 더블유,35.1342294576999,129.111216765972,부산 남구 분포로 145
60,w아파트(커뮤니티 데스크),051-621-6277,"부산광역시 남구 분포로 145 (용호동, 더블유)",부산광역시 남구 용호동 954 더블유,35.1342294576999,129.111216765972,부산 남구 분포로 145
61,w아파트(D동57층-1),051-621-6277,"부산광역시 남구 분포로 145 (용호동, 더블유)",부산광역시 남구 용호동 954 더블유,35.1342294576999,129.111216765972,부산 남구 분포로 145
62,w아파트(방재실 출입구),051-621-6277,"부산광역시 남구 분포로 145 (용호동, 더블유)",부산광역시 남구 용호동 954 더블유,35.1342294576999,129.111216765972,부산 남구 분포로 145
63,w아파트(D동30층-1),051-621-6277,"부산광역시 남구 분포로 145 (용호동, 더블유)",부산광역시 남구 용호동 954 더블유,35.1342294576999,129.111216765972,부산 남구 분포로 145
64,가덕도보건지소(지소 안),051-970-4797,"부산광역시 강서구 성북1길 70-1, 가덕도보건지소 (성북동)",부산광역시 강서구 성북동 440번지 가덕도보건지소,35.0535980303765,128.830429328044,부산 강서구 성북1길 70-1
65,가락타운1단지아파트(관리사무실 앞 배치함),051-204-9566,"부산광역시 사하구 하신번영로 365(하단동, 가락타운1단지)",부산광역시 사하구 하단동 1161-2 가락타운1단지,35.1102986564977,128.958536370229,부산 사하구 하신번영로 365
66,가락타운2.3단지아파트(관리사무소 출입구 벽면(들어오는입구)),051-204-7668,"부산광역시 사하구 하신중앙로 265 (하단동,가락타운2.3단지) 관리사무소","부산광역시 사하구 하단동  1176 가락타운2？3단지 (하단동,가락타운2.3단지) 관리사무소",35.0999288113798,128.958483967219,부산 사하구 하신중앙로 265
67,가야2동주민센터(동주민센터 입구),051-605-6841,부산광역시 부산진구 엄광로147번길 37(가야동),부산광역시 부산진구 가야동 519-1,35.1491860453758,129.031742005168,부산 부산진구 엄광로147번길 37
68,가야롯데캐슬골드아너아파트(커뮤니티센터 헬스장 입구),051-898-4535,부산광역시 부산진구 가야대로 538,부산광역시 부산진구 가야동 186 가야롯데캐슬골드아너,35.1532102220527,129.030537782842,부산 부산진구 가야대로 538
69,가야반도보라빌아파트(아파트관리사무실안),051-898-9660,"부산광역시 부산진구 가야공원로 41  (가야동, 가야반도보라빌)",부산광역시 부산진구 가야동 588 가야반도보라빌,35.1505026878858,129.032373713462,부산 부산진구 가야공원로 41
70,가야역롯데캐슬스카이엘(4동 1층),051-896-2411,"부산광역시 부산진구 가야대로 661 (가야동, 가야역 롯데캐슬 스카이엘)",부산광역시 부산진구 가야동 702 가야역 롯데캐슬 스카이엘,35.1565193801508,129.04401214104,부산 부산진구 가야대로 661
71,감만동일스위트아파트(관리사무소 입구),051-639-5557,부산광역시 남구 우암로104번길 29,부산광역시 남구 감만동 73-212 감만동일스위트아파트,35.1191533416803,129.083251696487,부산 남구 우암로104번길 29
72,감전LH아파트(경비실 1초소),051-317-7739,"부산광역시 사상구 백양대로 539 (감전동, 감전 엘에이치아파트)",부산광역시 사상구 감전동 961번지 감전 엘에이치아파트,35.1553216300757,128.994240006796,부산 사상구 백양대로 539
73,감전LH아파트(부산광역시 사상구 백양대로 539 감전LH아파트관리사무소 내),051-317-7739,"부산광역시 사상구 백양대로 539 (감전동, 감전 엘에이치아파트)",부산광역시 사상구 감전동 961번지 감전 엘에이치아파트,35.1553216300757,128.994240006796,부산 사상구 백양대로 539
74,감전동행정복지센터(감전동행정복지센터 내),051-310-3121,부산광역시 사상구 새벽시장로56번길 20  (감전동),부산광역시 사상구 감전동 920-10 감전동 주민센터,35.1542013803796,128.979407622194,부산 사상구 새벽시장로56번길 20
75,감전지하철역(역무안전실 출입문 옆),051-678-6226,"부산광역시 사상구 사상로 지하93-1, 감전역 (감전동)",부산광역시 사상구 감전동 174 감전역,35.1555354610669,128.991267078925,부산 사상구 사상로 지하 93-1
76,감천2동 마을건강센터(출입구(1층)),051-208-8252,"부산광역시 사하구 감내1로 201, 감내별빛센터(건강센터동) (감천동)",부산광역시 사하구 감천동 6번지 478호 감내별빛센터(건강센터동),35.0964556422044,129.009283342435,부산 사하구 감내1로 201
77,강서구보건소 가락지소(가락보건지소 로비),051-970-4798,부산광역시 강서구 가락대로 1476-1 가락보건지소 (죽림동),부산광역시 강서구 죽림동 717-1 가락보건지소,35.1964065782397,128.901807628802,부산 강서구 가락대로 1476
78,강서구보건소 강동지소(강동보건지소 로비),051-970-4795,부산광역시 강서구 낙동북로102번길 76  (강동동),부산광역시 강서구 강동동 60-3 강동보건지소,35.2162042962391,128.937670995547,부산 강서구 낙동북로102번길 76
79,강서노인종합복지관(본관 1층 로비),051-972-4851,부산광역시 강서구 체육공원로 39(대저1동),부산광역시 강서구 대저1동 2812,35.2073302497845,128.973466462756,부산 강서구 체육공원로 39
80,강서체육공원(강서체육공원 방재실 입구),051-970-1215,"부산광역시 강서구 체육공원로 43, 강서체육공원 (대저1동)",부산광역시 강서구 대저1동 2155번지 강서체육공원,35.210959604558,128.972212954062,부산 강서구 체육공원로 43
81,개금1동주민센터(동주민센터 입구),051-605-4920,부산광역시 부산진구 가야대로454번길 9  (개금동),부산광역시 부산진구 개금동 503-18 개금1동주민센터,35.1526905327323,129.021907569328,부산 부산진구 가야대로454번길 9
82,개금2동주민센터(민원실 내),051-605-6918,부산광역시 부산진구 복지로 93  (개금동),부산광역시 부산진구 개금동 633-5 개금2동 주민센터,35.1448583191642,129.019468914853,부산 부산진구 복지로 93
83,개금2지구아파트(아파트 통합경비센터),051-898-0051,부산광역시 부산진구 백양관문로77번길 145 통합경비센터,부산광역시 부산진구 개금동 1-1 개금2지구 도개공영구임대아파트 통합경비센터,35.1632517194987,129.023109473947,부산 부산진구 백양관문로77번길 145
84,개금3동주민센터(동주민센터 입구),051-605-6921,부산광역시 부산진구 개금본동로 88  (개금동),부산광역시 부산진구 개금동 428-8 개금3동 주민센터,35.1557805607544,129.021982733254,부산 부산진구 개금본동로 88
85,개금다락방(2층 계단),051-605-6897,부산광역시 부산진구 복지로41번길 53 (개금동),부산광역시 부산진구 개금동 554번지 146호,35.1501855409327,129.02335972544,부산 부산진구 복지로41번길 53
86,개금시영아파트(관리사무실),051-891-5287,"부산광역시 부산진구 진사로61번길 29  (개금동, 개금시영아파트)",부산광역시 부산진구 개금동 627-1 개금시영아파트,35.1466044705799,129.017038077616,부산 부산진구 진사로61번길 29
87,개금이진젠시티아파트(경비실 입구),051-891-2003,"부산광역시 부산진구 가야대로 497(개금동, 이진 젠시티 개금)",부산광역시 부산진구 개금동 187-1 이진 젠시티 개금,35.1536845951425,129.02625480982,부산 부산진구 가야대로 497
88,개금주공2단지아파트(정문 경비반장 초소 내),051-895-6631,"부산광역시 부산진구 백양관문로 7  (개금동, 개금주공아파트)",부산광역시 부산진구 개금동 53 개금주공아파트,35.160050673057,129.030352293763,부산 부산진구 백양관문로 7
89,거제3동행정복지센터(민원실 내),051-665-5751,부산광역시 연제구 거제대로 180  (거제동),부산광역시 연제구 거제동 581-1 거제3동 행정복지센터,35.1842855093959,129.071200965912,부산 연제구 거제대로 180
90,거제건강생활지원센터(1층 출입구),051-665-5420,부산광역시 연제구 해맞이로 53 (거제동),부산광역시 연제구 거제동 676-316,35.179185304331,129.067780407776,부산 연제구 해맞이로 53
91,거제동롯데캐슬피렌체아파트(방재실),051-504-2757,"부산광역시 연제구 월드컵대로 266 (거제동, 거제동 롯데캐슬피렌체)",부산광역시 연제구 거제동 1510 거제동 롯데캐슬피렌체,35.1917419909489,129.068278343686,부산 연제구 월드컵대로 266
92,거제센트럴자이아파트(관리사무소 내),051-866-9451,"부산광역시 연제구 법원북로 93 (거제동, 거제센트럴자이)",부산광역시 연제구 거제동 307번지 6호 거제센트럴자이,35.193410924204,129.075544485213,부산 연제구 법원북로 93
93,거제쌍용스윗닷홈아파트(보안실내),051-501-9387,"부산광역시 연제구 법원북로 13 (거제동, 쌍용아파트)",부산광역시 연제구 거제동 1475 쌍용아파트,35.1937185677886,129.068928069495,부산 연제구 법원북로 13
94,거제쌍용스윗닷홈아파트(관리사무소 앞),051-501-9387,"부산광역시 연제구 법원북로 13 (거제동, 쌍용아파트)",부산광역시 연제구 거제동 1475 쌍용아파트,35.1937185677886,129.068928069495,부산 연제구 법원북로 13
95,거제유림아시아드타워아파트(관리사무소 앞),051-507-5430,"부산광역시 연제구 화지로 84(거제동, 유림아시아드타워)",부산광역시 연제구 거제동 768-1 유림아시아드타워,35.1820903232345,129.066104395425,부산 연제구 화지로 84
96,경남마리나아파트(106동 경비실),051-747-5547,"부산광역시 해운대구 해운대해변로 99  (우동, 경남마리나아파트)",부산광역시 해운대구 우동 1388-1 경남마리나아파트,35.1611586505307,129.142559403507,부산 해운대구 해운대해변로 99
97,경남선경아파트(아파트 관리사무소 2층 방재실내),051-701-0385,부산광역시 해운대구 청사포로 27 아파트관리사무소,부산광역시 해운대구 좌동 1448 경남선경아파트 아파트관리사무소,35.1665220867177,129.18642275724,부산 해운대구 청사포로 27
98,경남정보대학교(ICT관 1층),051-320-1484,"부산광역시 사상구 주례로 45, 경남정보대학교 (주례동)",부산광역시 사상구 주례동 81번지 경남정보대학교,35.1464508547704,129.009070654332,부산 사상구 주례로 45
99,경남정보대학교(민석기념관 1층),051-320-1484,"부산광역시 사상구 주례로 45, 경남정보대학교 (주례동)",부산광역시 사상구 주례동 81번지 경남정보대학교,35.1464508547704,129.009070654332,부산 사상구 주례로 45
100,경동아파트(경비실 내),051-746-9527,부산광역시 해운대구 해운대해변로 85,부산광역시 해운대구 우동 974 경동아파트,35.1618278396226,129.142635887201,부산 해운대구 해운대해변로 85
101,고촌역4호선(고객센터 입구),051-678-6413,"부산광역시 기장군 철마면 반송로 991, 고촌역",부산광역시 기장군 철마면 고촌리 518-2 고촌역,35.2359709392736,129.160444908653,부산 기장군 철마면 반송로 991
102,공군제5공중기동비행단(운영팀사무실),051-979-3641,"부산광역시 강서구 공항진입로42번길 54, 김해체력단련장 (대저2동)",부산광역시 강서구 대저2동 794,35.1831289219132,128.948324703076,부산 강서구 공항진입로42번길 54
103,광복동주민센터(주민센터 입구),051-600-6371,"부산광역시 중구 광복로55번길 10, 광복동사무소 (신창동1가)",부산광역시 중구 신창동1가 9-1 광복동사무소,35.0999599283178,129.030401003961,부산 중구 광복로55번길 10
104,광안4동행정복지센터(1층 민원실),051-610-5981,부산광역시 수영구 수영로 541(광안동),부산광역시 수영구 광안동 379-29,35.1541028041882,129.111934121182,부산 수영구 수영로 541
105,광안자이아파트(주민공동시설(관리사무소 함께 위치)의 지상1층),051-717-3420,"부산광역시 수영구 호암로29번길 50 (광안동, 광안자이)",부산광역시 수영구 광안동 1334 광안자이,35.1552831735431,129.109801726186,부산 수영구 호암로29번길 50
106,괘법동행정복지센터(괘법동행정복지센터 내),051-310-3101,부산광역시 사상구 광장로97번길 6  (괘법동),부산광역시 사상구 괘법동 541-24 괘법동주민센터,35.1637586452123,128.987193090648,부산 사상구 광장로97번길 6
107,구덕도서관(구덕도서관 1층 로비),051-220-3802,"부산광역시 서구 대신공원로 41, 부산광역시립구덕도서관 (서대신동3가)",부산광역시 서구 서대신동3가 산 2번지 3호 부산광역시립구덕도서관,35.1216819892774,129.016896778437,부산 서구 대신공원로 41
108,"구서선경1,2차 아파트(관리사무소)",051-513-0876,"부산광역시 금정구 구서중앙로 20(구서동, 선경아파트)",부산광역시 금정구 구서동 185-1 선경아파트,35.2560057821536,129.088358330187,부산 금정구 구서중앙로 20
109,구평대림e편한세상1차아파트(경비실 1초소 내(정문)),051-266-7188,"부산광역시 사하구 서포로30번길 26 (구평동, e편한세상 사하1차)",부산광역시 사하구 구평동 517 e편한세상 사하1차,35.0809670275315,128.986262867272,부산 사하구 서포로30번길 26
110,구포노르웨이숲1차아파트(관리실 내),051-335-4112,"부산광역시 북구 낙동북로 737(구포동, 유림노르웨이숲아파트)",부산광역시 북구 구포동 1293 유림노르웨이숲아파트,35.1961752229541,129.002949307881,부산 북구 낙동북로 737
111,구포삼정그린코아아파트(정문경비실 내),051-338-3006,"부산광역시 북구 백양대로1016번길 10 (구포동, 삼정그린코아)",부산광역시 북구 구포동 1095-2 삼정그린코아,35.1955122900511,128.995071289777,부산 북구 백양대로1016번길 10
112,구포성심병원(1층 영상의학팀 접수처),051-330-2001,"부산광역시 북구 낙동대로 1786, 구포성심병원 (구포동)",부산광역시 북구 구포동 146-3 구포성심병원,35.2096727817991,129.004573231485,부산 북구 낙동대로 1786
113,구포성심병원(2층 외래 신구관 연결복도),051-330-2001,"부산광역시 북구 낙동대로 1786, 구포성심병원 (구포동)",부산광역시 북구 구포동 146-3 구포성심병원,35.2096727817991,129.004573231485,부산 북구 낙동대로 1786
114,구포성심병원(72병동 휴게실),051-330-2001,"부산광역시 북구 낙동대로 1786, 구포성심병원 (구포동)",부산광역시 북구 구포동 146-3 구포성심병원,35.2096727817991,129.004573231485,부산 북구 낙동대로 1786
115,국가기록원부산기록관(부산기록관 본관동),051-550-8032,부산광역시 연제구 경기장로 28  (거제동),부산광역시 연제구 거제동 1400 국가기록원 부산기록관,35.1908007216527,129.053680576686,부산 연제구 경기장로 28
116,국가기록원부산기록관(부산기록관 업무동),051-550-8032,부산광역시 연제구 경기장로 28  (거제동),부산광역시 연제구 거제동 1400 국가기록원 부산기록관,35.1908007216527,129.053680576686,부산 연제구 경기장로 28
117,국민체육문예센터(국민체육문예센터 내),051-440-9031,부산광역시 동구 구청로 1,부산광역시 동구 수정동  806-74 동구청,35.1292975675514,129.045298203371,부산 동구 구청로 1
118,국제백양아파트(관리사무소),051-897-6485,"부산광역시 부산진구 백양관문로 104  (당감동, 국제백양아파트)",부산광역시 부산진구 당감동 791 국제백양아파트,35.1680304177471,129.029180210707,부산 부산진구 백양관문로 104
119,근로복지공단부산의원(진료실 앞),051-790-3300,"부산광역시 부산진구 자유평화로 11, 누리엔 16층 (범천동)",부산광역시 부산진구 범천동 839-48 누리엔,35.1417444980536,129.06119937525,부산 부산진구 자유평화로 11
120,금곡2단지아파트(210동 1층),051-361-2010,"부산광역시 북구 금곡대로616번길 10-9 (금곡동, 금곡2단지주공아파트)",부산광역시 북구 금곡동 98번지 1호 금곡2단지주공아파트,35.2598827791739,129.015196459368,부산 북구 금곡대로616번길 10-9
121,금곡2단지아파트(205동 1층),051-361-2010,"부산광역시 북구 금곡대로616번길 10-9 (금곡동, 금곡2단지주공아파트)",부산광역시 북구 금곡동 98번지 1호 금곡2단지주공아파트,35.2598827791739,129.015196459368,부산 북구 금곡대로616번길 10-9
122,금곡4단지주공아파트(405동 1층),051-361-2115,"부산광역시 북구 효열로 76 (금곡동, 금곡4단지주공아파트)",부산광역시 북구 금곡동 1108번지 금곡4단지주공아파트,35.2536085912779,129.01534596506,부산 북구 효열로 76
123,금곡4단지주공아파트(411동 1층),051-361-2115,"부산광역시 북구 효열로 76 (금곡동, 금곡4단지주공아파트)",부산광역시 북구 금곡동 1108번지 금곡4단지주공아파트,35.2536085912779,129.01534596506,부산 북구 효열로 76
124,금곡4단지주공아파트(관리동1층),051-361-2115,"부산광역시 북구 효열로 76 (금곡동, 금곡4단지주공아파트)",부산광역시 북구 금곡동 1108번지 금곡4단지주공아파트,35.2536085912779,129.01534596506,부산 북구 효열로 76
125,금곡7단지주공아파트(707동 1층 복도),051-362-2602,"부산광역시 북구 금곡대로550번길 23 (금곡동, 금곡7단지주공아파트)",부산광역시 북구 금곡동 811번지 금곡7단지주공아파트,35.2567697648929,129.013284080271,부산 북구 금곡대로550번길 23
126,금곡주공5단지아파트(관리사무소),051-361-2035,"부산광역시 북구 효열로37번길 22(금곡동, 금곡5단지주공아파트)",부산광역시 북구 금곡동 1112-2 금곡5단지주공아파트,35.2499619789442,129.013375171263,부산 북구 효열로37번길 22
127,금곡화목타운(관리사무소 입구),051-361-6767,"부산광역시 북구 효열로220번길 22(금곡동, 금곡화목타운)",부산광역시 북구 금곡동 97-10 금곡화목타운,35.2619495613495,129.019930267402,부산 북구 효열로220번길 22
128,금련산청소년수련원(생활관),051-610-3224,"부산광역시 수영구 황령산로 156, 금련산청소년수련원 (광안동)",부산광역시 수영구 광안동 산 59-1 금련산청소년수련원,35.1552420981563,129.102909671,부산 수영구 황령산로 156
129,금련산청소년수련원(관리사무소),051-610-3224,"부산광역시 수영구 황령산로 156, 금련산청소년수련원 (광안동)",부산광역시 수영구 광안동 산 59-1 금련산청소년수련원,35.1552420981563,129.102909671,부산 수영구 황령산로 156
130,금문산업(주)(1층 출입구),051-831-0151,부산광역시 강서구 녹산산업중로 224(송정동),부산광역시 강서구 송정동 1567-3,35.0928659470228,128.844318165992,부산 강서구 녹산산업중로 224
131,금사회동동행정복지센터(1층 민원실 내),051-519-5181,"부산광역시 금정구 금사로85번길 2, 1층 (금사동, 금사어울림센터)",부산광역시 금정구 금사동 388-4 금사어울림센터,35.2203940188595,129.111306588011,부산 금정구 금사로85번길 2
132,금샘도서관(1층 어린이실 정문 앞),051-519-5600,"부산광역시 금정구 기찰로 94, 금샘도서관 (부곡동)",부산광역시 금정구 부곡동 200-103 금샘도서관,35.2390053442827,129.093930232029,부산 금정구 기찰로 94
133,금샘도서관(1층 다목적홀 정문 앞),051-519-5600,"부산광역시 금정구 기찰로 94, 금샘도서관 (부곡동)",부산광역시 금정구 부곡동 200-103 금샘도서관,35.2390053442827,129.093930232029,부산 금정구 기찰로 94
134,금정구청(구청 본관1층 구민홀(안내데스크 왼쪽)),051-519-4000,"부산광역시 금정구 중앙대로 1777, 금정구청 (부곡동)",부산광역시 금정구 부곡동 78 금정구청,35.2420597812695,129.092455927374,부산 금정구 중앙대로 1777
135,금정산1차쌍용예가아파트(관리사무소),051-583-8108,"부산광역시 금정구 금강로379번길 50(장전동, 금정산 쌍용예가 아파트)",부산광역시 금정구 장전동 732 금정산 쌍용예가 아파트,35.2426610490447,129.083902999243,부산 금정구 금강로379번길 50
136,금정산2차쌍용예가아파트(관리사무소내),051-518-7277,"부산광역시 금정구 수림로72번길 21 장전동, 금정산2차쌍용예가아파트","부산광역시 금정구 수림로72번길 21 장전동, 금정산2차쌍용예가아파트",35.2404710497924,129.084218763949,부산 금정구 수림로72번길 21
137,금정산SK뷰(관리사무소 입구),051-583-0065,"부산광역시 금정구 식물원로 64(장전동, 금정산에스케이뷰아파트)",부산광역시 금정구 장전동 713 금정산에스케이뷰아파트,35.2274003225827,129.079328508594,부산 금정구 식물원로 64
138,금정산국립공원사무소(백양산분소),051-580-2231,부산광역시 부산진구 백양산로 138 (부암동),부산광역시 부산진구 부암동 628,35.1758597770366,129.028215809251,부산 부산진구 백양산로 138
139,금정산국립공원사무소고당봉(금정산국립공원 고당봉 야외데크),051-580-2233,"부산광역시 금정구 북문로 124-1, 북문(구) 공중화장실 (금성동)",부산광역시 금정구 금성동 산 1-14 북문(구) 공중화장실,35.2753845072914,129.056115865259,부산 금정구 북문로 124-1
140,금정형주요양병원(2층 원무과앞),051-532-7533,"부산광역시 금정구 금강로 638, 금정형주요양병원 (남산동)",부산광역시 금정구 남산동 124-17 금정형주요양병원,35.2641996234765,129.088894960806,부산 금정구 금강로 638
141,금호건설부산에코델타24BL현장(현장내 안전교육장),051-974-0570,부산광역시 강서구 강동동 4680-4 일원,부산광역시 강서구 강동동 4680-4 일원,35.1499449271989,128.919474081352,부산 강서구 강동동 4680-4
142,기비골마을아파트(관리사무소),051-341-8183,"부산광역시 북구 만덕1로104번길 29(덕천동, 기비골마을)",부산광역시 북구 덕천동 814-4 기비골마을,35.2160617248043,129.023770929231,부산 북구 만덕1로104번길 29
143,기장교리주공아파트(기장교리주공아파트 103동 지하관리사무소입구),051-722-1623,부산광역시 기장군 기장읍 차성로397번길 7,부산광역시 기장군 기장읍 차성로397번길 7,35.2538802471508,129.213446474087,부산 기장군 기장읍 차성로397번길 7
144,기장군도시관리공단-기장군노인복지관(본관)(1층 로비),051-792-4760,"부산광역시 기장군 기장읍 대청로22번길 61, 기장군노인복지회관",부산광역시 기장군 기장읍 대라리 186-8 기장군노인복지회관,35.2350959073436,129.21260083559,부산 기장군 기장읍 대청로22번길 61
145,기장군도시관리공단-기장군노인복지관(분관)(정문 입구),051-792-4870,"부산광역시 기장군 일광읍 이천8길 13, 기장 일광읍 노인 복지관",부산광역시 기장군 일광읍 이천리 930-2 기장 일광읍 노인 복지관,35.2675406403873,129.236735491605,부산 기장군 일광읍 이천8길 13
146,기장군도시관리공단-기장군청소년수련관(수영장 여자 탈의실 내),051-792-4710,부산광역시 기장군 정관면 달음산길 106 기장군청소년수련관,부산광역시 기장군 정관면 달음산길 106,35.3110860103841,129.199761136601,부산 기장군 정관읍 달음산길 106
147,기장군도시관리공단-기장군청소년수련관(대강당),051-792-4710,부산광역시 기장군 정관면 달음산길 106 기장군청소년수련관,부산광역시 기장군 정관면 달음산길 106,35.3110860103841,129.199761136601,부산 기장군 정관읍 달음산길 106
148,기장군도시관리공단-기장생활체육센터(1층 헬스장 내),051-792-4872,"부산광역시 기장군 기장읍 차성서로109번길 24, 기장생활체육공원",부산광역시 기장군 기장읍 서부리 198 기장생활체육공원,35.2436523396729,129.208201077147,부산 기장군 기장읍 차성서로109번길 24
149,기장군도시관리공단-기장시장공영주차장(버스대합실),051-851-2190,"부산광역시 기장군 기장읍 차성동로 70, 기장제1공영주차장",부산광역시 기장군 기장읍 동부리 280-9 기장제1공영주차장,35.2440312712384,129.21691595939,부산 기장군 기장읍 차성동로 70
150,기장군도시관리공단-기장현대차드림볼파크월드컵빌리지(소프트볼구장),051-792-4861,부산광역시 기장군 일광읍 체육공원1로 155,부산광역시 기장군 일광읍 동백리 425-1,35.2973920707415,129.241675117783,부산 기장군 일광읍 체육공원1로 155
151,기장군도시관리공단-기장현대차드림볼파크월드컵빌리지(메인구장),051-792-4861,부산광역시 기장군 일광읍 체육공원1로 155,부산광역시 기장군 일광읍 동백리 425-1,35.2973920707415,129.241675117783,부산 기장군 일광읍 체육공원1로 155
152,기장군도시관리공단-기장현대차드림볼파크월드컵빌리지(테니스장),051-792-4861,부산광역시 기장군 일광읍 체육공원1로 155,부산광역시 기장군 일광읍 동백리 425-1,35.2973920707415,129.241675117783,부산 기장군 일광읍 체육공원1로 155
153,기장군도시관리공단-기장현대차드림볼파크월드컵빌리지(리틀야구장),051-792-4861,부산광역시 기장군 일광읍 체육공원1로 155,부산광역시 기장군 일광읍 동백리 425-1,35.2973920707415,129.241675117783,부산 기장군 일광읍 체육공원1로 155
154,기장군도시관리공단-기장현대차드림볼파크월드컵빌리지(실내야구연습장 1층 로비),051-792-4861,"부산광역시 기장군 일광읍 체육공원1로 29, 기장국민체육공원",부산광역시 기장군 일광읍 원리 39 기장국민체육공원,35.3049746328707,129.242850043344,부산 기장군 일광읍 체육공원1로 29
155,기장군도시관리공단-기장현대차드림볼파크월드컵빌리지(보조2구장),051-792-4861,부산광역시 기장군 일광읍 체육공원1로 155,부산광역시 기장군 일광읍 동백리 425-1,35.2973920707415,129.241675117783,부산 기장군 일광읍 체육공원1로 155
156,기장군도시관리공단-기장현대차드림볼파크월드컵빌리지(보조1구장),051-792-4861,부산광역시 기장군 일광읍 체육공원1로 155,부산광역시 기장군 일광읍 동백리 425-1,35.2973920707415,129.241675117783,부산 기장군 일광읍 체육공원1로 155
157,기장군도시관리공단-기장현대차드림볼파크월드컵빌리지(공원구장),051-792-4861,부산광역시 기장군 일광읍 체육공원1로 155,부산광역시 기장군 일광읍 동백리 425-1,35.2973920707415,129.241675117783,부산 기장군 일광읍 체육공원1로 155
158,기장군도시관리공단-문화예절학교(강의동 강의실),051-792-4753,"부산광역시 기장군 장안읍 해맞이로 311-31, 기장문화예절학교",부산광역시 기장군 장안읍 월내리 579 기장문화예절학교,35.3255131410258,129.268279796524,부산 기장군 장안읍 해맞이로 311-31
159,기장군도시관리공단-문화예절학교(생활동 현관),051-792-4753,"부산광역시 기장군 장안읍 해맞이로 311-31, 기장문화예절학교",부산광역시 기장군 장안읍 월내리 579 기장문화예절학교,35.3255131410258,129.268279796524,부산 기장군 장안읍 해맞이로 311-31
160,기장군도시관리공단-본부(사무실 출입구),051-792-4700,"부산광역시 기장군 정관읍 정관덕산길 33, 기장군도시관리공단",부산광역시 기장군 정관읍 방곡리 269-3 기장군도시관리공단,35.3230006036448,129.183608795926,부산 기장군 정관읍 정관덕산길 33
161,기장군도시관리공단-장안읍노인회관(1층 로비),051-792-4966,부산광역시 기장군 장안읍 좌천2길 43-3,부산광역시 기장군 장안읍 좌천2길 43-3,35.3147456960838,129.242116282577,부산 기장군 장안읍 좌천2길 43-3
162,기장군도시관리공단-정관노인복지관(1층 로비),051-792-4978,부산광역시 기장군 정관읍 정관중앙로 83-14,부산광역시 기장군 정관읍 용수리 1314-2,35.3247558260635,129.179084171952,부산 기장군 정관읍 정관중앙로 83-14
163,기장군도시관리공단-정관노인복지관(2층로비),051-792-4978,부산광역시 기장군 정관읍 정관중앙로 83-14,부산광역시 기장군 정관읍 용수리 1314-2,35.3247558260635,129.179084171952,부산 기장군 정관읍 정관중앙로 83-14
164,기장군도시관리공단-정관아쿠아드림파크(1층 수상안전실),070-7331-4652,부산광역시 기장군 정관읍 모전로 7,부산광역시 기장군 정관읍 모전리 676,35.3413209714865,129.163150938554,부산 기장군 정관읍 모전로 7
165,기장군도시관리공단-정관아쿠아드림파크(2층 헬스장데스크),070-7331-4652,부산광역시 기장군 정관읍 모전로 7,부산광역시 기장군 정관읍 모전리 676,35.3413209714865,129.163150938554,부산 기장군 정관읍 모전로 7
166,기장군도시관리공단-정관아쿠아드림파크(2층 엘리베이터 앞),070-7331-4652,부산광역시 기장군 정관읍 모전로 7,부산광역시 기장군 정관읍 모전리 676,35.3413209714865,129.163150938554,부산 기장군 정관읍 모전로 7
167,기장군도시관리공단-정관아쿠아드림파크(지하1층 야외풀장),070-7331-4652,부산광역시 기장군 정관읍 모전로 7,부산광역시 기장군 정관읍 모전리 676,35.3413209714865,129.163150938554,부산 기장군 정관읍 모전로 7
168,기장군도시관리공단-정관아쿠아드림파크(1층 안내데스크),070-7331-4652,부산광역시 기장군 정관읍 모전로 7,부산광역시 기장군 정관읍 모전리 676,35.3413209714865,129.163150938554,부산 기장군 정관읍 모전로 7
169,기장군도시관리공단-환경팀(사무동 입구),051-792-4957,"부산광역시 기장군 기장읍 소정안길 84, 기장군재활용선별장",부산광역시 기장군 기장읍 내리 167-3 기장군재활용선별장,35.206653121566,129.202393286054,부산 기장군 기장읍 소정안길 84
170,기장군보건소(특수구급차(75로3801)),051-709-4797,"부산광역시 기장군 기장읍 기장대로 560, 기장군보건소",부산광역시 기장군 기장읍 신천리1,35.2434815827191,129.222956025904,부산 기장군 기장읍 기장대로 560
171,기장군보건소(대여사업용1),051-709-4797,"부산광역시 기장군 기장읍 기장대로 560, 기장군보건소",부산광역시 기장군 기장읍 신천리1,35.2434815827191,129.222956025904,부산 기장군 기장읍 기장대로 560
172,기장군보건소(2층 민원실 내),051-709-4797,"부산광역시 기장군 기장읍 기장대로 560, 기장군보건소",부산광역시 기장군 기장읍 신천리1,35.2434815827191,129.222956025904,부산 기장군 기장읍 기장대로 560
173,기장군청(1층 로비),051-709-4162,부산광역시 기장군 기장읍 기장대로 560,부산광역시 기장군 기장읍 신천리 1 기장군청,35.2434815827191,129.222956025904,부산 기장군 기장읍 기장대로 560
174,기장도서관(사무실 앞),051-724-3071,"부산광역시 기장군 기장읍 차성동로126번길 13-5, 기장도서관",부산광역시 기장군 기장읍 동부리 428 기장도서관,35.2496831759817,129.217304744937,부산 기장군 기장읍 차성동로126번길 13-5
175,기장서부주공아파트(관리사무소 안),051-722-9040,부산광역시 기장군 기장읍 차성서로 123 관리사무소 (서부LH아파트),부산광역시 기장군 기장읍 서부리 101 서부LH아파트 관리사무소,35.2446815233633,129.209468689406,부산 기장군 기장읍 차성서로 123
176,기장역(동해선)(대합실),051-440-2278,"부산광역시 기장군 기장읍 차성로288번길 86, 기장역",부산광역시 기장군 기장읍 청강리 25-16 기장역,35.243815709882,129.218740173832,부산 기장군 기장읍 차성로288번길 86
177,기장지역자활센터(청년사업단 교육장 입구),051-724-3457,"부산광역시 기장군 기장읍 차성로288번길 27, 동부산농협",부산광역시 기장군 기장읍 대라리 73-7 동부산농협,35.2432406014498,129.214959568459,부산 기장군 기장읍 차성로288번길 27
178,기장현대아파트(108동 경비실),051-721-0412,부산광역시 기장군 기장읍 기장대로 563 (기장현대아파트),부산광역시 기장군 기장읍 청강리 18-2 기장현대아파트,35.245345416724,129.220416678578,부산 기장군 기장읍 기장대로 563
179,김원묵기념봉생병원(정신건강의학과 외래),051-664-4000,"부산광역시 동구 중앙대로 401, 봉생병원 (좌천동)",부산광역시 동구 좌천동 682-1 봉생병원,35.1308736761734,129.050556556591,부산 동구 중앙대로 401
180,낙동강관리본부(아미산전망대 입구 주변),051-310-6062,"부산광역시 사하구 다대낙조2길 77, 아미산전망대 (다대동)",부산광역시 사하구 다대동 1548-1 아미산전망대,35.0527641375414,128.960747415187,부산 사하구 다대낙조2길 77
181,낙동강관리본부(남자휴게실),051-310-6062,"부산광역시 강서구 공항로 500, 맥도생태공원 관리사무소 (대저2동)",부산광역시 강서구 대저2동 1200-28 맥도생태공원 관리사무소,35.152308987244,128.954900122584,부산 강서구 공항로 500
182,낙동강홍수통제소(낙동강홍수통제소 입구),051-603-3318,부산광역시 사하구 낙동남로1233번길 88 하단동,부산광역시 사하구 하단동 1149-6 낙동강홍수통제소 하단동,35.1095067145694,128.948113560071,부산 사하구 낙동남로1233번길 88
188,남부민풀리패아파트(관리사무소),051-257-7011,"부산광역시 서구 해돋이로 23  (남부민동, 풀리페)",부산광역시 서구 남부민동 706 풀리페,35.0825852898405,129.018370153806,부산 서구 해돋이로 23
189,남부산우체국(남부산우체국 1층 정수기 옆),051-620-9010,"부산광역시 수영구 수영로 448, 남부산우체국 (남천동)",부산광역시 수영구 남천동 27-4 남부산우체국,35.1454605669168,129.110258914467,부산 수영구 수영로 448
190,남부소방서(감만119안전센터 운영 펌프차량 내(998주8375)),051-760-4880,"부산광역시 남구 우암로 81, 감만119안전센터 (감만동)",부산광역시 남구 감만동 82-11 감만119안전센터,35.1177173779452,129.080532673297,부산 남구 우암로 81
191,남부소방서(대연119안전센터 운영 펌프차량 내(998주 8364)),051-760-4880,"부산광역시 남구 수영로 279, 대연119안전센터 (대연동)",부산광역시 남구 대연동 384-6 대연119안전센터,35.1362203592161,129.097028770099,부산 남구 수영로 279
192,남부소방서(망미119안전센터 펌프차량(998두 4719)),051-760-4880,"부산광역시 수영구 광일로 64, 남부소방서 (광안동)",부산광역시 수영구 광안동 517-5 남부소방서,35.163161521483,129.107041710548,부산 수영구 광일로 64
193,남부소방서(용당119안전센터 운영 펌프차량(998주 8394)내),051-760-4880,"부산광역시 남구 신선로 398, 용당119안전센터 (용당동)",부산광역시 남구 용당동 99-12 용당119안전센터,35.1206557323299,129.098631395708,부산 남구 신선로 398
194,남부소방서(광안119안전센터 펌프차량(998주 8371)),051-760-4880,"부산광역시 수영구 광일로 64, 남부소방서 (광안동)",부산광역시 수영구 광안동 517-5 남부소방서,35.163161521483,129.107041710548,부산 수영구 광일로 64
195,남성한빛가든아파트(아파트 경비실 앞),051-246-2806,"부산광역시 서구 꽃마을로 43  (서대신동3가, 남성한빛가든아파트)",부산광역시 서구 서대신동3가 161-13 남성한빛가든아파트,35.1175411470475,129.011309173693,부산 서구 꽃마을로 43
196,남천1동행정복지센터(1층 민원실 입구 좌측 벽면),051-610-5902,부산광역시 수영구 남천동로 13 남천1동 행정복지센터 (남천동),부산광역시 수영구 남천동 14-28 남천1동주민센터 남천1동 행정복지센터,35.1426869352713,129.110334740585,부산 수영구 남천동로 13
197,남천자이아파트(후문보안실 내부),051-710-8556,부산광역시 수영구 남천동로 46 (남천동),부산광역시 수영구 남천동 148-28,35.140188289197,129.112930577566,부산 수영구 남천동로 46
198,남포동주민센터(주민센터입구 소화전 옆),051-600-6381,"부산광역시 중구 자갈치로 68-1, 남포동사무소 (남포동4가)",부산광역시 중구 남포동4가 32-2 남포동사무소,35.0973685942761,129.031578954064,부산 중구 자갈치로 68
199,남항동행정복지센터(1층 민원실 내),051-419-5501,"부산광역시 영도구 남항로9번길 1, 남항동주민센터 (남항동1가)",부산광역시 영도구 남항동1가 59-1 남항동주민센터,35.0899698171643,129.037625985585,부산 영도구 남항로9번길 1
200,내리휴먼시아아파트(내리휴먼시아 111동 관리사무실안),051-722-7221,부산광역시 기장군 기장읍 소정안길 68,부산광역시 기장군 기장읍 소정안길 68,35.2064152115452,129.206183804465,부산 기장군 기장읍 소정안길 68
201,내리휴먼시아아파트(남자경로당 내부),051-722-7221,부산광역시 기장군 기장읍 소정안길 68,부산광역시 기장군 기장읍 소정안길 68,35.2064152115452,129.206183804465,부산 기장군 기장읍 소정안길 68
202,내리휴먼시아아파트(여자경로당 내부),051-722-7221,부산광역시 기장군 기장읍 소정안길 68,부산광역시 기장군 기장읍 소정안길 68,35.2064152115452,129.206183804465,부산 기장군 기장읍 소정안길 68
203,냉정지하철역(고객센터 앞),051-678-6224,"부산광역시 사상구 가야대로 지하362-1, 냉정역 (주례동)",부산광역시 사상구 주례동 62-2 냉정역,35.1512676943839,129.012524113419,부산 사상구 가야대로 지하 362-1
204,네오스포아파트관리사무소(B코아 1층 승강기홀),051-817-0890,"부산광역시 부산진구 신천대로 122(부전동, 네오스포)",부산광역시 부산진구 부전동 450 네오스포,35.15362555977,129.054047151528,부산 부산진구 신천대로 122
205,노인복지관신암분관(복지관 내 로비),051-714-6090,부산광역시 부산진구 신암로135번길 35  (범천동),부산광역시 부산진구 범천동 1187-7 신암어르신쉼터,35.1514602813571,129.048404683597,부산 부산진구 신암로135번길 35
206,다대4지구아파트(도개공영구임대)(3초소),051-261-2316,"부산광역시 사하구 다송로 59 (다대동, 다대4지구도개공영구임대아파트)","부산광역시 사하구 다대동  96-1 다대4지구도개공영구임대아파트 (다대동, 다대4지구도개공영구임대아파트)",35.0627448302499,128.985476627903,부산 사하구 다송로 59
207,다대4지구아파트(도개공영구임대)(1초소),051-261-2316,"부산광역시 사하구 다송로 59 (다대동, 다대4지구도개공영구임대아파트)","부산광역시 사하구 다대동  96-1 다대4지구도개공영구임대아파트 (다대동, 다대4지구도개공영구임대아파트)",35.0627448302499,128.985476627903,부산 사하구 다송로 59
208,다대롯데캐슬몰운대아파트(2단지 관리사무소),2654488,"부산광역시 사하구 다대낙조2길 100(다대동, 다대동 롯데캐슬 몰운대아파트)",부산광역시 사하구 다대동 1624 다대동 롯데캐슬 몰운대아파트,35.0553797809279,128.964833086021,부산 사하구 다대낙조2길 100
209,다대롯데캐슬블루아파트(102동 앞 관리사무소 앞),051-265-1326,"부산광역시 사하구 다송로 23 (다대동, 다대 롯데캐슬 블루)",부산광역시 사하구 다대동 1670 다대 롯데캐슬 블루,35.0660759887624,128.982821920306,부산 사하구 다송로 23
210,다대성원아파트(102동 경비실앞),051-264-2820,"부산광역시 사하구 다대낙조1길 42(다대동, 성원아파트)",부산광역시 사하구 다대동 1552-19 성원아파트,35.0484867653077,128.968198791232,부산 사하구 다대낙조1길 42
211,다대푸른아파트(101동 현관출입구),2656958,"부산광역시 사하구 다대낙조2길 11(다대동, 다대푸른아파트)",부산광역시 사하구 다대동 1548-13 다대푸른아파트,35.0516482081223,128.965077815255,부산 사하구 다대낙조2길 11
212,다대해송아파트(해송아파트 관리사무소),2643281,"부산광역시 사하구 다대로 474, 다대해송아파트 (다대동)",부산광역시 사하구 다대동 113-15 다대해송아파트,35.0622522433083,128.976700882768,부산 사하구 다대로 474
213,다송아파트(다송아파트 102동 입구),051-264-4350,"부산광역시 사하구 다대로381번길 99  (다대동, 다송아파트)",부산광역시 사하구 다대동 94-5 다송아파트,35.0642645919934,128.985861988552,부산 사하구 다대로381번길 99
214,당감1동주민센터(동주민센터 입구),051-605-6781,부산광역시 부산진구 동평로44번길 49-6  (당감동),부산광역시 부산진구 당감동 375-1 당감1동 주민센터,35.1644550890376,129.0356687312,부산 부산진구 동평로44번길 49-6
215,당감2동주민센터(민원실 내),051-605-6768,부산광역시 부산진구 가야대로703번길 13  (당감동),부산광역시 부산진구 당감동 71-7 당감2동주민센터,35.1578937615083,129.047889302953,부산 부산진구 가야대로703번길 13
216,당감동일스위트아파트(당감동일스위트),051-898-9787,"부산광역시 부산진구 백양관문로 115(당감동, 당감동일스위트)",부산광역시 부산진구 당감동 807-4 당감동일스위트,35.1671767965506,129.025974675989,부산 부산진구 백양관문로 115
217,당감뜨란채아파트(관리소 내),051-804-2051,"부산광역시 부산진구 백양산로 57 (부암동, 당감뜨란채아파트)",부산광역시 부산진구 부암동 725 당감뜨란채아파트,35.1749337216179,129.029905401339,부산 부산진구 백양산로 57
218,당감본동행복센터(1층 헬스장 내),051-816-9633,부산광역시 부산진구 당감로10번길 3  (당감동),부산광역시 부산진구 당감동 252-104,35.1627598638254,129.040003570932,부산 부산진구 당감로10번길 3
219,당감주공1단지아파트(관리사무소),051-891-7196,부산광역시 부산진구 백양산로53번길 125,부산광역시 부산진구 당감동  797 주공아파트1단지,35.1711519461034,129.026345604739,부산 부산진구 백양산로53번길 125
220,당리지하철역(당리역 역무안전실 출입문 부근),051-678-6103,"부산광역시 사하구 낙동대로 지하 405, 당리역 (당리동)",부산광역시 사하구 당리동 323번지 당리역,35.103490469216,128.973849682519,부산 사하구 낙동대로 지하 405
221,당리푸르지오아파트(관리사무실입구),051-202-2245,"부산광역시 사하구 승학로71번길 30  (당리동, 당리푸르지오)",부산광역시 사하구 당리동 572 당리푸르지오,35.1055092419504,128.977087668016,부산 사하구 승학로71번길 30
222,대동병원(4층 인공신장실),051-559-0120,"부산광역시 동래구 충렬대로 187, 대동병원 (명륜동)",부산광역시 동래구 명륜동 530-1 대동병원,35.2043075639488,129.080201770222,부산 동래구 충렬대로 187
223,대동병원(4층 내시경실),051-559-0120,"부산광역시 동래구 충렬대로 187, 대동병원 (명륜동)",부산광역시 동래구 명륜동 530-1 대동병원,35.2043075639488,129.080201770222,부산 동래구 충렬대로 187
224,대림2차아파트(관리동 2층 경로당 입구),051-702-4440,"부산광역시 해운대구 대천로103번길 9  (좌동, 대림2차아파트)",부산광역시 해운대구 좌동 1286 대림2차아파트,35.1748121460862,129.172437294306,부산 해운대구 대천로103번길 9
225,대방건설(주)부산신항1차대방디에트르아파트신축공사현장1블럭(안전교육장),070-4129-8357,부산광역시 강서구 범방동 2008,부산광역시 강서구 범방동 2008,35.154120433474,128.884963483401,부산 강서구 범방동 2008
226,대선조선(주)다대공장(본사 사무동 건물 1층),051-419-3140,부산광역시 사하구 감천항로 454(다대동),부산광역시 사하구 다대동 1553,35.057836352657,128.989653437462,부산 사하구 감천항로 454
227,대성타워맨션(105동 경비실),051-342-5301,"부산광역시 북구 덕천로259번길 30(만덕동, 대성타워맨션)",부산광역시 북구 만덕동 927-1 대성타워맨션,35.2118089608169,129.035126434691,부산 북구 덕천로259번길 30
228,대연1동행정복지센터(1층 엘리베이터 앞),051-607-6601,"부산광역시 남구 유엔평화로 24, 대연1동 주민센터 (대연동)",부산광역시 남구 대연동 984-20 대연1동 주민센터,35.1328936046261,129.091761397188,부산 남구 유엔평화로 24
229,대연롯데캐슬(관리사무소 입구 복도),051-626-9531,"부산광역시 남구 수영로325번길 61  (대연동, 대연동 롯데캐슬아파트)",부산광역시 남구 대연동 1865 대연동 롯데캐슬아파트,35.1409368636008,129.099914167697,부산 남구 수영로325번길 61
230,대연청구아파트(정문 경비실),051-621-1753,"부산광역시 남구 황령대로319번가길 110 (대연동, 대연청구아파트)",부산광역시 남구 대연동 243-23 대연청구아파트,35.1539709060503,129.089598447813,부산 남구 황령대로319번가길 110
231,대우건설(근로자 휴게실),070-8894-6357,"부산광역시 기장군 장안읍 기장대로 1464-23, 수출용신형연구로 건설현장동",부산광역시 기장군 장안읍 좌동리 288-7,35.324843243476,129.246428081964,부산 기장군 장안읍 기장대로 1464-23
232,대우건설(건강관리실 내),070-8894-6357,"부산광역시 기장군 장안읍 기장대로 1464-23, 수출용신형연구로 건설현장동",부산광역시 기장군 장안읍 좌동리 288-7,35.324843243476,129.246428081964,부산 기장군 장안읍 기장대로 1464-23
233,대우마리나1.2차아파트(관리사무소 입구),051-742-2941,"부산광역시 해운대구 해운대해변로 141  (우동, 대우마리나2차아파트)",부산광역시 해운대구 우동 1430 대우마리나2차아파트,35.1597725794253,129.148983664453,부산 해운대구 해운대해변로 141
234,대우마리나3차아파트(관리사무실 내),051-742-1159,"부산광역시 해운대구 해운대해변로 115 (우동, 대우마리나3차아파트)",부산광역시 해운대구 우동 977 대우마리나3차아파트,35.1620496306781,129.145118731208,부산 해운대구 해운대해변로 115
235,대청동주민센터(주민센터 계단 입구),051-600-6333,"부산광역시 중구 대청로99번길 14-1, 대청동사무소 (대청동2가)",부산광역시 중구 대청동2가 2-2 대청동사무소,35.1040201368724,129.030768853102,부산 중구 대청로99번길 14
236,대티지하철역(고객센터 앞),051-678-6106,"부산광역시 사하구 낙동대로 지하 141, 대티역 (괴정동)",부산광역시 사하구 괴정동 317번지 1호 대티역,35.1030802302734,128.999916782834,부산 사하구 낙동대로 지하 141
237,대한제강(주)(녹산압연),010-****-****,부산광역시 강서구 녹산산업북로 333(송정동),부산광역시 강서구 송정동 1638-1,35.0995831601223,128.859637966272,부산 강서구 녹산산업북로 333
238,댄포스코리아(빌딩A 현장 내),051-220-1003,부산광역시 기장군 장안읍 의과학1로 97,부산광역시 기장군 장안읍 임랑리 397-8,35.3223105728218,129.251905632211,부산 기장군 장안읍 의과학1로 97
239,더래디언트금정산(2초소(경비실)),051-336-9570,"부산광역시 북구 상학로 35 (만덕동, 금정산엘에이치뉴웰시티)",부산광역시 북구 만덕동 960 금정산엘에이치뉴웰시티,35.2150395342966,129.03721493208,부산 북구 상학로 35
240,더래디언트금정산(3초소(경비실)),051-336-9570,"부산광역시 북구 상학로 35 (만덕동, 금정산엘에이치뉴웰시티)",부산광역시 북구 만덕동 960 금정산엘에이치뉴웰시티,35.2150395342966,129.03721493208,부산 북구 상학로 35
241,더래디언트금정산(1초소(경비실)),051-336-9570,"부산광역시 북구 상학로 35 (만덕동, 금정산엘에이치뉴웰시티)",부산광역시 북구 만덕동 960 금정산엘에이치뉴웰시티,35.2150395342966,129.03721493208,부산 북구 상학로 35
242,더래디언트금정산(경로당(관리사무소앞)),051-336-9570,"부산광역시 북구 상학로 35 (만덕동, 금정산엘에이치뉴웰시티)",부산광역시 북구 만덕동 960 금정산엘에이치뉴웰시티,35.2150395342966,129.03721493208,부산 북구 상학로 35
243,더샵명지퍼스트월드2단지아파트(정문경비실),051-293-2224,"부산광역시 강서구 명지국제7로 37 (명지동, 더샵 명지퍼스트월드 2단지)",부산광역시 강서구 명지동 3594 더샵 명지퍼스트월드 2단지,35.0975218758561,128.905203069718,부산 강서구 명지국제7로 37
244,더샵명지퍼스트월드3단지아파트(관리사무소 홀),051-710-0802,"부산광역시 강서구 명지국제2로 41(명지동, 더샵 명지퍼스트월드 3단지)",부산광역시 강서구 명지동 3595-3 더샵 명지퍼스트월드 3단지,35.0947817266961,128.906874174632,부산 강서구 명지국제2로 41
245,더샵센트럴스타(A동 로비),051-819-1091,부산광역시 부산진구 중앙대로666번길 50 (부전동) 더샵 센트럴스타,부산광역시 부산진구 부전동 537-9 더샵 센트럴스타,35.151843130536,129.060303359759,부산 부산진구 중앙대로666번길 50
246,더샵센트럴스타(커뮤니티센터 로비 벽면),051-819-1091,부산광역시 부산진구 중앙대로666번길 50 (부전동) 더샵 센트럴스타,부산광역시 부산진구 부전동 537-9 더샵 센트럴스타,35.151843130536,129.060303359759,부산 부산진구 중앙대로666번길 50
247,더샵파크시티아파트(생활지원센터 입구 쪽 복도),051-866-7301,부산광역시 연제구 안연로 33,부산광역시 연제구 연산동 2311 더샵 파크시티,35.1920267807262,129.095534227204,부산 연제구 안연로 33
248,덕천2지구도개공아파트(통합경비실),051-342-8167,부산광역시 북구 만덕대로155번길 86-9,부산광역시 북구 덕천동 814-1 덕천2지구도개공아파트,35.2180355880224,129.021109556679,부산 북구 만덕대로155번길 86-9
249,덕천주공2단지아파트(202동),051-331-6454,"부산광역시 북구 덕천로 74 (덕천동, 주공아파트2단지)",부산광역시 북구 덕천동 808번지 주공아파트2단지,35.2090145018988,129.01715015865,부산 북구 덕천로 74
250,덕천주공2단지아파트(덕천주공2단지 관리사무소 내),3316454,부산광역시 북구 덕천로 74 관리사무소,부산광역시 북구 덕천동  808 주공아파트2단지 관리사무소,35.2090145018988,129.01715015865,부산 북구 덕천로 74
251,덕천주공2단지아파트(205동),051-331-6454,"부산광역시 북구 덕천로 74 (덕천동, 주공아파트2단지)",부산광역시 북구 덕천동 808번지 주공아파트2단지,35.2090145018988,129.01715015865,부산 북구 덕천로 74
252,덕포1동행정복지센터(덕포1동행정복지센터 내),051-310-3061,부산광역시 사상구 강선로 31,부산광역시 사상구 덕포동 426-5 덕포1동 주민센터,35.1693775968838,128.98575704767,부산 사상구 강선로 31
253,덕포2동행정복지센터(덕포2동행정복지센터 내),051-310-3081,부산광역시 사상구 사상로333번길 17  (덕포동),부산광역시 사상구 덕포동 403-9 덕포2동주민센터,35.1744533861494,128.982968179322,부산 사상구 사상로333번길 17
254,도시그린21B아파트(관리실 내),051-362-5561,"부산광역시 북구 양달로 69(화명동, 도시화명그린아파트)",부산광역시 북구 화명동 295 도시화명그린아파트,35.2449544851875,129.022813992369,부산 북구 양달로 69
255,도시철도 수영역(역무안전실 출입문(외부)옆),051-678-6208,"부산광역시 수영구 수영로 지하677, 도시철도 수영역 (광안동)",부산광역시 수영구 광안동 1091-1 도시철도 수영역,35.1658917101376,129.114828522838,부산 수영구 수영로 지하 677
256,도시철도 초량역(대합실 발매기 인근),051-678-6114,"부산광역시 동구 중앙대로 지하 264, 초량역 (초량동)",부산광역시 동구 초량동 1170 초량역,35.1211680273914,129.042990876284,부산 동구 중앙대로 지하 264
257,도시철도교대역(역무안전실 인근),051-678-6124,"부산광역시 연제구 중앙대로 지하1217, 도시철도 교대역 (거제동)",부산광역시 연제구 거제동 72-25 도시철도 교대역,35.1960996522297,129.079888998569,부산 연제구 중앙대로 지하 1217
258,도시철도구서역(구서역 역무안전실 인근),051-678-6130,"부산광역시 금정구 금정로233번길 46, 도시철도 구서역 (구서동)",부산광역시 금정구 구서동 475 도시철도 구서역,35.2472673132823,129.091293977961,부산 금정구 금정로233번길 46
259,도시철도낙민역(만남의광장),051-678-6404,"부산광역시 동래구 충렬대로 지하285, 도시철도 낙민역 (낙민동)",부산광역시 동래구 낙민동 205-4 도시철도 낙민역,35.2002123131885,129.090775163695,부산 동래구 충렬대로 지하 285
260,도시철도남산역(남산역 대합실 보충기 인근),051-678-6132,"부산광역시 금정구 중앙대로 2019-1, 남산 지하철 역 (남산동)",부산광역시 금정구 남산동 136-1 남산 지하철 역,35.2646109753763,129.092013846794,부산 금정구 중앙대로 2019
261,도시철도낫개역(도시철도 낫개역 대합실 발매기옆),051-678-6197,"부산광역시 사하구 다대로 지하 422, 낫개역 (다대동)",부산광역시 사하구 다대동 49 낫개역,35.0652247168173,128.979656787874,부산 사하구 다대로 지하 422
262,도시철도노포역(노포역 역무안전실 인근),051-678-6134,"부산광역시 금정구 중앙대로 2238, 부산종합버스터미널 (노포동)",부산광역시 금정구 노포동 133 부산종합버스터미널,35.2846866758906,129.095480074212,부산 금정구 중앙대로 2238
263,도시철도동매역(대합실 발매기 인근),051-678-6100,"부산광역시 사하구 신산로 지하 168, 동매역 (신평동)",부산광역시 사하구 신평동 583 동매역,35.0897612301849,128.973447214501,부산 사하구 신산로 지하 168
264,도시철도두실역(두실역 역무안전실 인근),051-678-6131,"부산광역시 금정구 중앙대로 1927-1, 두실 지하철역 (구서동)",부산광역시 금정구 구서동 262 두실 지하철역,35.256415471366,129.091089808874,부산 금정구 중앙대로 1927
265,도시철도명장역(고객센터(역무실)내),051-678-6406,"부산광역시 동래구 반송로 지하281, 도시철도 명장역 (명장동)",부산광역시 동래구 명장동 57-39 도시철도 명장역,35.2051828360765,129.101735140476,부산 동래구 반송로 지하 281
266,도시철도범어사역(범어사역 역무안전실 인근),051-678-6133,"부산광역시 금정구 중앙대로 2107, 범어사지하철역 (청룡동)",부산광역시 금정구 청룡동 47 범어사지하철역,35.2731447038522,129.092674852109,부산 금정구 중앙대로 2107
267,도시철도사직역(고객센터(역무실)앞),051-678-6308,"부산광역시 동래구 아시아드대로 지하153, 도시철도사직역 (사직동)",부산광역시 동래구 사직동 161-87 도시철도사직역,35.1989685416646,129.065058574788,부산 동래구 아시아드대로 지하 153
268,도시철도사하역(도시철도 사하역 알림판 앞),051-678-6104,"부산광역시 사하구 낙동대로 지하 309, 사하역 (괴정동)",부산광역시 사하구 괴정동 661 사하역,35.099810965388,128.983077618022,부산 사하구 낙동대로 지하 309
269,도시철도신장림역(역무안전실 앞),051-678-6198,"부산광역시 사하구 다대로 지하 310, 신장림역 (장림동)",부산광역시 사하구 장림동 381 신장림역,35.0747728011479,128.976625251575,부산 사하구 다대로 지하 310
270,도시철도장림역(대합실 휴대폰 충전대 옆),051-678-6199,"부산광역시 사하구 다대로 지하 230, 장림역 (장림동)",부산광역시 사하구 장림동 186-1 장림역,35.0820126307128,128.977401698897,부산 사하구 다대로 지하 230
271,동광동주민센터(주민센터 측면),051-600-6324,"부산광역시 중구 동광길 105, 동광동주민센터 (동광동5가)",부산광역시 중구 동광동5가 3-80 동광동주민센터,35.1073875787243,129.035209879993,부산 중구 동광길 105
272,동구평생학습관(동구평생학습관(2층)),051-440-4081,부산광역시 동구 초량중로 38 2층 (초량동),부산광역시 동구 초량동 544-4 공영주차장 2층,35.1152847205246,129.03762918559,부산 동구 초량중로 38
273,동국씨엠(주)부산공장(5CGL 전기실),051-640-5114,"부산광역시 남구 신선로 102, 동국씨엠(주) 부산공장 (감만동)",부산광역시 남구 감만동 588-1 동국씨엠(주) 부산공장,35.1158189735817,129.074183872365,부산 남구 신선로 102
274,동국씨엠(주)부산공장(2RCL 출측),051-640-5114,"부산광역시 남구 신선로 102, 동국제강(주) 부산공장 1층 (감만동)",부산광역시 남구 감만동 588-1 동국제강(주) 부산공장,35.1158189735817,129.074183872365,부산 남구 신선로 102
275,동국씨엠(주)부산공장(대체 부두 초소),051-640-5114,"부산광역시 남구 신선로 102, 동국제강(주) 부산공장 1층 (감만동)",부산광역시 남구 감만동 588-1 동국제강(주) 부산공장,35.1158189735817,129.074183872365,부산 남구 신선로 102
276,동국씨엠(주)부산공장(CPL 검사실),051-640-5114,"부산광역시 남구 신선로 102, 동국제강(주) 부산공장 1층 (감만동)",부산광역시 남구 감만동 588-1 동국제강(주) 부산공장,35.1158189735817,129.074183872365,부산 남구 신선로 102
277,동국씨엠(주)부산공장(나눔관 1층),051-640-5114,"부산광역시 남구 신선로 102, 동국제강(주) 부산공장 1층 (감만동)",부산광역시 남구 감만동 588-1 동국제강(주) 부산공장,35.1158189735817,129.074183872365,부산 남구 신선로 102
278,동국씨엠(주)부산공장(PLTCM 전기실),051-640-5114,"부산광역시 남구 신선로 102, 동국제강(주) 부산공장 1층 (감만동)",부산광역시 남구 감만동 588-1 동국제강(주) 부산공장,35.1158189735817,129.074183872365,부산 남구 신선로 102
279,동국씨엠(주)부산공장(5R/S 출측),051-640-5114,"부산광역시 남구 신선로 102, 동국제강(주) 부산공장 1층 (감만동)",부산광역시 남구 감만동 588-1 동국제강(주) 부산공장,35.1158189735817,129.074183872365,부산 남구 신선로 102
280,동국씨엠(주)부산공장(ARP 운전실),051-640-5114,"부산광역시 남구 신선로 102, 동국제강(주) 부산공장 1층 (감만동)",부산광역시 남구 감만동 588-1 동국제강(주) 부산공장,35.1158189735817,129.074183872365,부산 남구 신선로 102
281,동국씨엠(주)부산공장(소통관 1층),051-640-5114,"부산광역시 남구 신선로 102, 동국제강(주) 부산공장 1층 (감만동)",부산광역시 남구 감만동 588-1 동국제강(주) 부산공장,35.1158189735817,129.074183872365,부산 남구 신선로 102
282,동국씨엠(주)부산공장(환경클린센터),051-640-5114,"부산광역시 남구 신선로 102, 동국제강(주) 부산공장 1층 (감만동)",부산광역시 남구 감만동 588-1 동국제강(주) 부산공장,35.1158189735817,129.074183872365,부산 남구 신선로 102
283,동국씨엠(주)부산공장(FCL),051-640-5114,"부산광역시 남구 신선로 102, 동국제강(주) 부산공장 1층 (감만동)",부산광역시 남구 감만동 588-1 동국제강(주) 부산공장,35.1158189735817,129.074183872365,부산 남구 신선로 102
284,동국씨엠(주)부산공장(S1CCL 출측),051-640-5114,"부산광역시 남구 신선로 102, 동국제강(주) 부산공장 1층 (감만동)",부산광역시 남구 감만동 588-1 동국제강(주) 부산공장,35.1158189735817,129.074183872365,부산 남구 신선로 102
285,동국씨엠(주)부산공장(면회실(정문)),051-640-5114,"부산광역시 남구 신선로 102, 동국제강(주) 부산공장 1층 (감만동)",부산광역시 남구 감만동 588-1 동국제강(주) 부산공장,35.1158189735817,129.074183872365,부산 남구 신선로 102
286,동국씨엠(주)부산공장(안전지원센터),051-640-5114,"부산광역시 남구 신선로 102, 동국제강(주) 부산공장 1층 (감만동)",부산광역시 남구 감만동 588-1 동국제강(주) 부산공장,35.1158189735817,129.074183872365,부산 남구 신선로 102
287,동국씨엠(주)부산공장(생산센터 1층),051-640-5114,"부산광역시 남구 신선로 102, 동국제강(주) 부산공장 1층 (감만동)",부산광역시 남구 감만동 588-1 동국제강(주) 부산공장,35.1158189735817,129.074183872365,부산 남구 신선로 102
288,동국씨엠(주)부산공장(자재창고),051-640-5114,"부산광역시 남구 신선로 102, 동국제강(주) 부산공장 1층 (감만동)",부산광역시 남구 감만동 588-1 동국제강(주) 부산공장,35.1158189735817,129.074183872365,부산 남구 신선로 102
289,동국씨엠(주)부산공장(서브센터 1층),051-640-5114,"부산광역시 남구 신선로 102, 동국제강(주) 부산공장 1층 (감만동)",부산광역시 남구 감만동 588-1 동국제강(주) 부산공장,35.1158189735817,129.074183872365,부산 남구 신선로 102
290,동국씨엠(주)부산공장(복지관 1층),051-640-5114,"부산광역시 남구 신선로 102, 동국제강(주) 부산공장 1층 (감만동)",부산광역시 남구 감만동 588-1 동국제강(주) 부산공장,35.1158189735817,129.074183872365,부산 남구 신선로 102
291,동국씨엠(주)부산공장(미래관 1층),051-640-5114,"부산광역시 남구 신선로 102, 동국제강(주) 부산공장 1층 (감만동)",부산광역시 남구 감만동 588-1 동국제강(주) 부산공장,35.1158189735817,129.074183872365,부산 남구 신선로 102
292,동남권원자력의학원(병원동 로비),051-720-5372,"부산광역시 기장군 장안읍 좌동길 40, 동남권 원자력의학원",부산광역시 기장군 장안읍 좌동리 591 동남권 원자력의학원,35.3218426986741,129.2443306989,부산 기장군 장안읍 좌동길 40
293,동대신역비스타동원아파트(관리사무소),051-254-5558,"부산광역시 서구 보수대로154번길 29, 동대신역비스타동원아파트 (동대신동1가)",부산광역시 서구 동대신동1가 24,35.1103728686337,129.022816608344,부산 서구 보수대로154번길 29
294,동래3차SK뷰아파트(방재실),051-558-5854,"부산광역시 동래구 온천장로65번길 9(온천동, 동래 3차 SK VIEW)",부산광역시 동래구 온천동 1850 동래 3차 SK VIEW,35.2164407285619,129.07979446266,부산 동래구 온천장로65번길 9
295,동래구장애인복지관(4층 엘레베이터 앞),070-7540-7717,"부산광역시 동래구 충렬대로 386, 동래구 장애인복지관 (안락동)",부산광역시 동래구 안락동 436-19 동래구 장애인복지관,35.1970420843551,129.100382834754,부산 동래구 충렬대로 386
296,동래래미안아이파크아파트(2단지 커뮤니티센터 인포데스크),051-556-8003,"부산광역시 동래구 금정마을로 150(온천동, 동래 래미안 아이파크)",부산광역시 동래구 온천동 905 동래 래미안 아이파크,35.2112714000724,129.067517042273,부산 동래구 금정마을로 150
297,동래래미안아이파크아파트(3단지 커뮤니티센터 1층 인포데스크),051-556-8003,"부산광역시 동래구 충렬대로107번길 65(온천동, 동래 래미안 아이파크)",부산광역시 동래구 온천동 835 동래 래미안 아이파크,35.2108185382833,129.071308200134,부산 동래구 충렬대로107번길 65
298,동래래미안아이파크아파트(4단지 관리사무소 내),051-556-8003,"부산광역시 동래구 금정마을로 135-9(온천동, 동래 래미안 아이파크)",부산광역시 동래구 온천동 1017-4 동래 래미안 아이파크,35.2120809164732,129.067432053452,부산 동래구 금정마을로 135-9
299,동래래미안아이파크아파트(1단지 관리사무소 앞),051-556-8003,"부산광역시 동래구 금정마을로 147(온천동, 동래 래미안 아이파크)",부산광역시 동래구 온천동 1034 동래 래미안 아이파크,35.2132833778508,129.068847519766,부산 동래구 금정마을로 147
300,동래종합사회복지관(1층 입구 앞),070-8897-8842,"부산광역시 동래구 시실로107번길 151, 동래종합사회복지관 (명장동)",부산광역시 동래구 명장동 508-72 동래종합사회복지관,35.2112021283256,129.098583769358,부산 동래구 시실로107번길 151
301,동래푸르지오에듀포레신축공사현장(경비실 내),051-521-4969,"부산광역시 동래구 안락로101번길 16, 충렬아파트 (안락동)",부산광역시 동래구 안락동 1229-2,35.2000715083323,129.108549459131,부산 동래구 안락로101번길 16
302,동래효성해링턴플레이스 아파트(관리사무소),051-507-8623,"부산광역시 동래구 아시아드대로255번길 14 (온천동, 동래효성 해링턴플레이스)","부산광역시 동래구 아시아드대로255번길 14 (온천동, 동래효성 해링턴플레이스)",35.2072211351139,129.067819366116,부산 동래구 아시아드대로255번길 14
303,동부올림픽타운(관리사무소),051-731-0243,"부산광역시 해운대구 해운대로 428  (우동, 동부올림픽타운)",부산광역시 해운대구 우동 1008-5 동부올림픽타운,35.1668836722389,129.139840566086,부산 해운대구 해운대로 428
304,동삼1동 행정복지센터(동삼1동 행정복지센터 1층 민원실 내),051-419-5732,"부산광역시 영도구 중리로 44-1, 동삼1동주민센터 (동삼동)",부산광역시 영도구 동삼동 510번지 23호 동삼1동주민센터,35.0749112050443,129.068407918233,부산 영도구 중리로 44-1
305,동삼2동행정복지센터(동삼2동행정복지센터),051-419-5741,"부산광역시 영도구 동삼오션로 27, 동삼2동 행정복지센터 (동삼동)",부산광역시 영도구 동삼동 1179-5 동삼2동 행정복지센터,35.0683938182814,129.08301575313,부산 영도구 동삼오션로 27
306,동삼3동마을건강센터(동삼3동 마을건강센터 내),051-419-5787,"부산광역시 영도구 동삼북로 3, 동삼주공아파트 1단지 상가 2층 204호 (동삼동)",부산광역시 영도구 동삼동 1121번지 주공아파트,35.0830429741759,129.069223119316,부산 영도구 동삼북로 3
307,동삼3동행정복지센터(1층 현관 입구),051-419-5761,"부산광역시 영도구 상리로 39, 동삼3동주민센터 (동삼동)",부산광역시 영도구 동삼동 1123-9 동삼3동주민센터,35.0846659509421,129.068654678884,부산 영도구 상리로 39
309,동서대학교(동서대학교 스튜던트 플라자 3층 보건실 앞),051-320-2966,"부산광역시 사상구 주례로 47, 동서대학교 (주례동)",부산광역시 사상구 주례동 88 동서대학교,35.1460786494674,129.007038894696,부산 사상구 주례로 47
310,동원로얄듀크비스타아파트(정문초소 내),051-334-2700,부산광역시 북구 낙동대로1738번길 10,부산광역시 북구 구포동  1296 구포동원로얄듀크비스타,35.2080229910109,128.99883167146,부산 북구 낙동대로1738번길 10
311,동원로얄듀크비스타아파트(관리사무소 내),051-334-2700,부산광역시 북구 낙동대로1738번길 10,부산광역시 북구 구포동  1296 구포동원로얄듀크비스타,35.2080229910109,128.99883167146,부산 북구 낙동대로1738번길 10
312,동원화인패밀리타운(105동 경비실8초소 내),051-896-0257,"부산광역시 부산진구 백양관문로77번길 55  (개금동, 동원화인패밀리타운)",부산광역시 부산진구 개금동 1-12 동원화인패밀리타운,35.1639281330622,129.02850740693,부산 부산진구 백양관문로77번길 55
313,동일고무벨트(주)(경비실),051-520-9000,"부산광역시 금정구 공단동로55번길 28, DRB (금사동)",부산광역시 금정구 금사동 7-1 DRB,35.224013698308,129.115946523802,부산 금정구 공단동로55번길 28
314,동일고무벨트(주)(캠퍼스 D),051-520-9000,"부산광역시 금정구 공단동로55번길 28, DRB (금사동)",부산광역시 금정구 금사동 7-1 DRB,35.224013698308,129.115946523802,부산 금정구 공단동로55번길 28
315,동해선거제역(3층 고객지원실 앞),051-440-2238,"부산광역시 연제구 법원남로9번길 17, 거제역 (거제동)",부산광역시 연제구 거제동 419-2 거제역,35.1895110545428,129.074289798203,부산 연제구 법원남로9번길 17
316,동해선거제해맞이역(역무실 앞),051-501-5102,"부산광역시 연제구 거제대로 123, 거제해맞이역 (거제동)",부산광역시 연제구 거제동 676-1 거제해맞이역,35.1811704174524,129.068996371984,부산 연제구 거제대로 123
317,동해선교대역(맞이방),051-440-2240,"부산광역시 연제구 중앙대로 1196, 교대역 (거제동)",부산광역시 연제구 거제동 42-3 교대역,35.1937054345333,129.079476548959,부산 연제구 중앙대로 1196
318,동해선벡스코역(1층 역무실 입구),051-440-2266,"부산광역시 해운대구 해운대로 351, 동해선 벡스코역 (우동)",부산광역시 해운대구 우동 1111-2 벡스코역,35.1715544460081,129.136096935843,부산 해운대구 해운대로 351
319,동해선센텀역(1층 남자화장실 입구),051-440-2264,"부산광역시 해운대구 해운대로 210, 동해선 센텀역 (재송동)",부산광역시 해운대구 재송동 672-5 센텀역,35.1794753973039,129.124554780419,부산 해운대구 해운대로 210
320,동해선송정역(1층 수유방),051-701-0859,"부산광역시 해운대구 해운대로 1147, 동해선 송정역 (송정동)",부산광역시 해운대구 송정동 120-1,35.1875941499362,129.202458012372,부산 해운대구 해운대로 1147
321,동해선재송역(1층 수유방 입구),051-440-2262,"부산광역시 해운대구 해운대로 100, 동해선 재송역 (재송동)",부산광역시 해운대구 재송동 909-2 재송역,35.1880486631077,129.120127406285,부산 해운대구 해운대로 100
322,두산위브더제니스오션시티(2단지  관리사무소),051-867-0635,부산광역시 남구 유엔로 35 (우암동),부산광역시 남구 우암동 129,35.1273020431509,129.080202725707,부산 남구 유엔로 35
323,두산위브더제니스오션시티(1단지 P-2 B5F 클럽제니스 입구),051-867-0635,부산광역시 남구 유엔로 35 (우암동),부산광역시 남구 우암동 129,35.1273020431509,129.080202725707,부산 남구 유엔로 35
324,라비드아틀란호텔(지상1층방재실),051-760-9435,"부산광역시 해운대구 구남로 37, 라비드아？z란호텔 (중동)",부산광역시 해운대구 중동 1392번지 166호 라비드아틀란호텔,35.1611299333954,129.161492010876,부산 해운대구 구남로 37
325,라우어오시리아시니어타운(한방병원 L층 로비입구),051-999-1325,부산광역시 기장군 기장읍 동부산관광1로 60,부산광역시 기장군 기장읍 당사리 530,35.1925150334899,129.208294593094,부산 기장군 기장읍 동부산관광1로 60
326,라우어오시리아시니어타운(라우어 B동 1층 E/V홀 앞),051-999-1325,부산광역시 기장군 기장읍 동부산관광1로 60,부산광역시 기장군 기장읍 당사리 530,35.1925150334899,129.208294593094,부산 기장군 기장읍 동부산관광1로 60
327,라우어오시리아시니어타운(보안실),051-999-1325,부산광역시 기장군 기장읍 동부산관광1로 60,부산광역시 기장군 기장읍 당사리 530,35.1925150334899,129.208294593094,부산 기장군 기장읍 동부산관광1로 60
328,라우어오시리아시니어타운(라우어 D동 L층 방풍실),051-999-1325,부산광역시 기장군 기장읍 동부산관광1로 60,부산광역시 기장군 기장읍 당사리 530,35.1925150334899,129.208294593094,부산 기장군 기장읍 동부산관광1로 60
329,라우어오시리아시니어타운(라티브 L층 로비입구),051-999-1325,부산광역시 기장군 기장읍 동부산관광1로 60,부산광역시 기장군 기장읍 당사리 530,35.1925150334899,129.208294593094,부산 기장군 기장읍 동부산관광1로 60
331,래미안장전아파트(래미안 북문초소내),051-515-7010,"부산광역시 금정구 금정로 20  (장전동, 래미안장전)","부산광역시 금정구 금정로 20  (장전동, 래미안장전)",35.2275922774064,129.086740141721,부산 금정구 금정로 20
332,래미안장전아파트(래미안 정문초소 내),051-515-7010,"부산광역시 금정구 금정로 20  (장전동, 래미안장전)","부산광역시 금정구 금정로 20  (장전동, 래미안장전)",35.2275922774064,129.086740141721,부산 금정구 금정로 20
333,래미안장전아파트(래미안 남문초소 내),051-515-7010,"부산광역시 금정구 금정로 20  (장전동, 래미안장전)","부산광역시 금정구 금정로 20  (장전동, 래미안장전)",35.2275922774064,129.086740141721,부산 금정구 금정로 20
334,럭키만덕1차아파트(관리사무소 입구),051-331-2853,"부산광역시 북구 덕천로 194 (만덕동, 럭키아파트)",부산광역시 북구 만덕동 774 럭키아파트,35.2079235626477,129.028112471704,부산 북구 덕천로 194
335,롯데건설(주)(초량동 45-69 일원 (제조번호 : D01118070431)),051-442-8871,"부산광역시 동구 충장대로 206, 부산항 국제여객터미널 (초량동)",부산광역시 동구 초량동 45-39 부산항 국제여객터미널,35.1175129767356,129.049383440539,부산 동구 충장대로 206
336,롯데건설(주)(초량동 45-69 일원 (제조번호 : D1R311630046)),051-442-8871,"부산광역시 동구 충장대로 206, 부산항 국제여객터미널 (초량동)",부산광역시 동구 초량동 45-39 부산항 국제여객터미널,35.1175129767356,129.049383440539,부산 동구 충장대로 206
337,롯데건설(주)해운대센텀복합개발사업현장(2BL 지하1F),051-744-5397,"부산광역시 해운대구 해운대로 140, 센텀 복합시설 개발사업 가설사무실 (재송동)",부산광역시 해운대구 재송동 856-6 센텀 복합시설 개발사업 가설사무실,35.186825924339,129.119930322231,부산 해운대구 해운대로 140
338,롯데건설(주)해운대센텀복합개발사업현장(직영창고),051-744-5397,"부산광역시 해운대구 해운대로 140, 센텀 복합시설 개발사업 가설사무실 (재송동)",부산광역시 해운대구 재송동 856-6 센텀 복합시설 개발사업 가설사무실,35.186825924339,129.119930322231,부산 해운대구 해운대로 140
339,롯데건설(주)해운대센텀복합개발사업현장(1BL 지하1F),051-744-5397,"부산광역시 해운대구 해운대로 140, 센텀 복합시설 개발사업 가설사무실 (재송동)",부산광역시 해운대구 재송동 856-6 센텀 복합시설 개발사업 가설사무실,35.186825924339,129.119930322231,부산 해운대구 해운대로 140
340,롯데건설(주)해운대센텀복합개발사업현장(2GATE),051-744-5397,"부산광역시 해운대구 해운대로 140, 센텀 복합시설 개발사업 가설사무실 (재송동)",부산광역시 해운대구 재송동 856-6 센텀 복합시설 개발사업 가설사무실,35.186825924339,129.119930322231,부산 해운대구 해운대로 140
341,롯데건설(주)해운대센텀복합개발사업현장(안전교육장),051-744-5397,"부산광역시 해운대구 해운대로 140, 센텀 복합시설 개발사업 가설사무실 (재송동)",부산광역시 해운대구 재송동 856-6 센텀 복합시설 개발사업 가설사무실,35.186825924339,129.119930322231,부산 해운대구 해운대로 140
342,롯데건설(주)해운대센텀복합개발사업현장(2BL 휴게실),051-744-5397,"부산광역시 해운대구 해운대로 140, 센텀 복합시설 개발사업 가설사무실 (재송동)",부산광역시 해운대구 재송동 856-6 센텀 복합시설 개발사업 가설사무실,35.186825924339,129.119930322231,부산 해운대구 해운대로 140
343,롯데백화점 광복점(아쿠아몰 5층 통합사무실 앞),051-678-2117,"부산광역시 중구 중앙대로 2, 롯데백화점광복점 (중앙동7가)",부산광역시 중구 중앙동7가 20-1 롯데백화점광복점,35.0979848964696,129.036632251021,부산 중구 중앙대로 2
344,롯데백화점 광복점(아쿠아몰 10층 문화센터 데스크 옆),051-678-2117,"부산광역시 중구 중앙대로 2, 롯데백화점광복점 (중앙동7가)",부산광역시 중구 중앙동7가 20-1 롯데백화점광복점,35.0979848964696,129.036632251021,부산 중구 중앙대로 2
345,롯데백화점 광복점(본관 9층 롯데카드센터 앞),051-678-2117,"부산광역시 중구 중앙대로 2, 롯데백화점광복점 (중앙동7가)",부산광역시 중구 중앙동7가 20-1 롯데백화점광복점,35.0979848964696,129.036632251021,부산 중구 중앙대로 2
346,롯데백화점 광복점(백화점 본관 1층 안전실 앞),051-678-2117,"부산광역시 중구 중앙대로 2, 롯데백화점광복점 (중앙동7가)",부산광역시 중구 중앙동7가 20-1 롯데백화점광복점,35.0979848964696,129.036632251021,부산 중구 중앙대로 2
347,롯데백화점 부산본점(9층 엘리베이터),051-810-2117,"부산광역시 부산진구 가야대로 772, 롯데백화점부산본점 (부전동)",부산광역시 부산진구 부전동 503-15 롯데백화점부산본점,35.156789983664,129.056416218143,부산 부산진구 가야대로 772
348,롯데백화점 부산본점(1층 안전실 옆),051-810-2117,"부산광역시 부산진구 가야대로 772, 롯데백화점부산본점 (부전동)",부산광역시 부산진구 부전동 503-15 롯데백화점부산본점,35.156789983664,129.056416218143,부산 부산진구 가야대로 772
349,롯데백화점 부산본점(B1층 탄탄면 공방 앞),051-810-2117,"부산광역시 부산진구 가야대로 772, 롯데백화점부산본점 (부전동)",부산광역시 부산진구 부전동 503-15 롯데백화점부산본점,35.156789983664,129.056416218143,부산 부산진구 가야대로 772
350,롯데백화점 부산본점(4층 건강관리실),051-810-2117,"부산광역시 부산진구 가야대로 772, 롯데백화점부산본점 (부전동)",부산광역시 부산진구 부전동 503-15 롯데백화점부산본점,35.156789983664,129.056416218143,부산 부산진구 가야대로 772
351,롯데백화점동래점(1층 안전실),051-668-2215,"부산광역시 동래구 중앙대로 1393, 롯데백화점 (온천동)",부산광역시 동래구 온천동 502-3 롯데백화점,35.2117079891013,129.077479742123,부산 동래구 중앙대로 1393
352,롯데백화점동래점(9층 문화센터),051-668-2215,"부산광역시 동래구 중앙대로 1393, 롯데백화점 (온천동)",부산광역시 동래구 온천동 502-3 롯데백화점,35.2117079891013,129.077479742123,부산 동래구 중앙대로 1393
353,롯데월드어드벤쳐부산(조이플 메도우존),051-794-5712,"부산광역시 기장군 기장읍 동부산관광로 42, 롯데월드 어드벤쳐 부산",부산광역시 기장군 기장읍 시랑리 산 46,35.1961130003038,129.213344761055,부산 기장군 기장읍 동부산관광로 42
354,롯데월드어드벤쳐부산(의무실 내),051-794-5712,"부산광역시 기장군 기장읍 동부산관광로 42, 롯데월드 어드벤쳐 부산",부산광역시 기장군 기장읍 시랑리 산 46,35.1961130003038,129.213344761055,부산 기장군 기장읍 동부산관광로 42
355,롯데월드어드벤쳐부산(자이언트 스플래쉬 출구),051-794-5712,"부산광역시 기장군 기장읍 동부산관광로 42, 롯데월드 어드벤쳐 부산",부산광역시 기장군 기장읍 시랑리 산 46,35.1961130003038,129.213344761055,부산 기장군 기장읍 동부산관광로 42
356,롯데웰푸드 부산공장(1층 위생전실 앞),010-****-****,"부산광역시 기장군 정관읍 산단2로 11, 롯데제과 부산공장",부산광역시 기장군 정관읍 달산리 1060 롯데제과 부산공장,35.3142708685649,129.183532990587,부산 기장군 정관읍 산단2로 11
357,롯데자이언츠(의무실),051-590-9000,"부산광역시 동래구 사직로 45, 사직야구장 (사직동)",부산광역시 동래구 사직동 960 사직야구장,35.194366802896,129.059900885997,부산 동래구 사직로 45
358,롯데자이언츠(044게이트),051-590-9000,"부산광역시 동래구 사직로 45, 사직야구장 (사직동)",부산광역시 동래구 사직동 960 사직야구장,35.194366802896,129.059900885997,부산 동래구 사직로 45
359,롯데자이언츠(덕아웃),051-590-9000,"부산광역시 동래구 사직로 45, 사직야구장 (사직동)",부산광역시 동래구 사직동 960 사직야구장,35.194366802896,129.059900885997,부산 동래구 사직로 45
360,롯데자이언츠(923게이트),051-590-9000,"부산광역시 동래구 사직로 45, 사직야구장 (사직동)",부산광역시 동래구 사직동 960 사직야구장,35.194366802896,129.059900885997,부산 동래구 사직로 45
361,롯데자이언츠(123게이트),051-590-9000,"부산광역시 동래구 사직로 45, 사직야구장 (사직동)",부산광역시 동래구 사직동 960 사직야구장,35.194366802896,129.059900885997,부산 동래구 사직로 45
362,롯데자이언츠(323게이트),051-590-9000,"부산광역시 동래구 사직로 45, 사직야구장 (사직동)",부산광역시 동래구 사직동 960 사직야구장,35.194366802896,129.059900885997,부산 동래구 사직로 45
363,롯데캐슬마린아파트(관리사무실),051-742-1889,"부산광역시 해운대구 중동2로34번길 29 (중동, 롯데캐슬마린아파트)",부산광역시 해운대구 중동 1360 롯데캐슬마린아파트,35.1659344817068,129.165077056801,부산 해운대구 중동2로34번길 29
364,롯데캐슬자이언트(관리사무소 입구),051-761-2930,"부산광역시 수영구 광안해변로 386 롯데캐슬자이언트 (민락동, 롯데캐슬자이언트)",부산광역시 수영구 민락동 110-8 롯데캐슬자이언트 롯데캐슬자이언트,35.1582247902295,129.132568315554,부산 수영구 광안해변로 386
365,르노코리아부산공장(엔진공장),051-979-9087,"부산광역시 강서구 르노삼성대로 61, 르노코리아자동차 부산공장 (신호동)",부산광역시 강서구 신호동 185 르노코리아자동차 부산공장,35.0954080178918,128.883215288804,부산 강서구 르노삼성대로 61
366,리노공업(주)1공장(2층 로비),051-831-3232,"부산광역시 강서구 미음산단로105번길 10, 리노공업(주) 1공장 (구랑동)",부산광역시 강서구 구랑동 1184-4 리노공업(주) 1공장,35.1358696419707,128.856521070683,부산 강서구 미음산단로105번길 10
367,리노공업(주)2공장(1층 로비),051-831-3232,"부산광역시 강서구 미음산단로105번길 20, 리노공업(주) 2공장 (구랑동)",부산광역시 강서구 구랑동 1184-3 리노공업(주) 2공장,35.1366390966428,128.855861766029,부산 강서구 미음산단로105번길 20
368,리노공업(주)녹산공장(2층 휴게실),051-831-3232,"부산광역시 강서구 녹산산단261로23번길 24, 리노공업(주) 녹산공장 (송정동)",부산광역시 강서구 송정동 1571-7 리노공업(주) 녹산공장,35.0914210154518,128.843478299512,부산 강서구 녹산산단261로23번길 24
369,리버파크반도유보라(관리사무소),051-337-6994,"부산광역시 북구 백양대로 1136(구포동, 리버파크 반도유보라아파트)",부산광역시 북구 구포동 720-2 리버파크 반도유보라아파트,35.2042466425221,129.002397767837,부산 북구 백양대로 1136
370,만덕3단지주공아파트(104동 1-2라인 입구),051-335-7733,"부산광역시 북구 함박봉로140번길 21 (만덕동, 만덕3단지주공아파트)","부산광역시 북구 함박봉로140번길 21 (만덕동, 만덕3단지주공아파트)",35.2028368917968,129.033733979918,부산 북구 함박봉로140번길 21
371,만덕3단지주공아파트(111동 7-8라인 입구),051-335-7733,"부산광역시 북구 함박봉로140번길 21 (만덕동, 만덕3단지주공아파트)","부산광역시 북구 함박봉로140번길 21 (만덕동, 만덕3단지주공아파트)",35.2028368917968,129.033733979918,부산 북구 함박봉로140번길 21
372,만덕3단지주공아파트(관리사무소 입구 옆),051-335-7733,부산광역시 북구 함박봉로140번길 21,부산광역시 북구 만덕동  944-6 만덕3단지주공아파트,35.2028368917968,129.033733979918,부산 북구 함박봉로140번길 21
373,만덕럭키2차아파트(관리동 1층),051-342-0054,"부산광역시 북구 덕천로234번길 34 (만덕동, 럭키만덕아파트)",부산광역시 북구 만덕동 911-3 럭키만덕아파트,35.2098416026819,129.027896884029,부산 북구 덕천로234번길 34
374,망미2동행정복지센터(1층 엘리베이터 앞),051-610-5941,"부산광역시 수영구 수미로35번길 40, 망미2동 행정복지센터 (망미동)",부산광역시 수영구 망미동 257-2 망미2동 행정복지센터,35.1753268754923,129.115259749693,부산 수영구 수미로35번길 40
375,망양로산복도로전시관(망양로산복도로전시관 3층),051-440-4714,"부산광역시 동구 망양로 488, 망양로 산복도로 전시관 3층 (초량동)",부산광역시 동구 초량동 865-148 망양로 산복도로 전시관,35.1176741742494,129.033208949863,부산 동구 망양로 488
376,명륜동주민센터(명륜동주민센터 민원실안),051-550-6379,"부산광역시 동래구 명륜로207번길 26, 명륜동주민센터 (명륜동)","부산광역시 동래구 명륜로207번길 26, 명륜동주민센터 (명륜동)",35.2124894426394,129.081561398094,부산 동래구 명륜로207번길 26
377,명지 극동스타클래스(111동 지하 관리사무소),051-271-2142,"부산광역시 강서구 명지오션시티2로 71 명지동, 극동 스타클래스","부산광역시 강서구 명지동 3233 극동 스타클래스 명지동, 극동 스타클래스",35.0839533492813,128.899987733079,부산 강서구 명지오션시티2로 71
378,명지 대방노블랜드 오션뷰2차(정문경비실),051-294-8705,"부산광역시 강서구 명지국제5로 11 (명지동, 명지 대방노블랜드 오션뷰2차)",부산광역시 강서구 명지동 3417 명지 대방노블랜드 오션뷰2차,35.0953281798622,128.91917534047,부산 강서구 명지국제5로 11
379,명지 두산위브 포세이돈(1층 관리사무실),051-271-3787,"부산광역시 강서구 명지오션시티11로 22, 1층 (명지동, 명지 두산위브 포세이돈)",부산광역시 강서구 명지동 3234 명지 두산위브 포세이돈,35.0839998406513,128.896736933411,부산 강서구 명지오션시티11로 22
380,명지 에일린의뜰(관리실),051-291-8855,"부산광역시 강서구 명지국제5로 60 (명지동, 에일린의뜰)",부산광역시 강서구 명지동 3361 에일린의뜰,35.1004557357605,128.920892035046,부산 강서구 명지국제5로 60
381,명지1차 금강펜테리움 센트럴파크아파트(관리사무소),051-271-1571,"부산광역시 강서구 명지국제5로 59  (명지동, 명지1차 금강펜테리움 센트럴파크)",부산광역시 강서구 명지동 3354 명지1차 금강펜테리움 센트럴파크,35.1007219205582,128.918669288385,부산 강서구 명지국제5로 59
382,명지2차 금강펜테리움 센트럴파크(관리사무소앞),051-207-0401,"부산광역시 강서구 명지국제5로 109 (명지동, 명지2차 금강펜테리움 센트럴파크)",부산광역시 강서구 명지동 3343 명지2차 금강펜테리움 센트럴파크,35.1042150316068,128.919193763803,부산 강서구 명지국제5로 109
383,명지노인종합복지관(1층 후문입구(카페앞)),051-712-7000,"부산광역시 강서구 명지국제13로 33, 명지노인종합복지관 (명지동)",부산광역시 강서구 명지동 3321-3 명지노인종합복지관,35.110563695175,128.923046974175,부산 강서구 명지국제13로 33
384,명지더웨스턴(관리사무소 입구),051-201-5976,"부산광역시 강서구 명지국제7로 111  (명지동, LH오션타운)",부산광역시 강서구 명지동 3399 LH오션타운,35.0967275507,128.912899235566,부산 강서구 명지국제7로 111
385,명지더웨스턴아파트(부출입구 경비실(내부 무인택배실)),051-201-5976,"부산광역시 강서구 명지국제7로 111(명지동, 명지더웨스턴)",부산광역시 강서구 명지동 3399 명지더웨스턴,35.0967275507,128.912899235566,부산 강서구 명지국제7로 111
386,명지스위트팰리스(후문 경비실 내),051-201-0062,"부산광역시 강서구 명지국제5로 165 (명지동, 스위트팰리스)",부산광역시 강서구 명지동 3325번지 스위트팰리스,35.1099782684915,128.921377322155,부산 강서구 명지국제5로 165
387,모덕지하철역(역무안전실 출입문 옆),051-678-6229,"부산광역시 사상구 사상로 지하409, 모덕역 (덕포동)",부산광역시 사상구 덕포동 247-7 모덕역,35.1803969032771,128.98556335249,부산 사상구 사상로 지하 409
388,모라1동행정복지센터(모라1동행정복지센터 내),051-310-3021,부산광역시 사상구 모라로 93  (모라동),부산광역시 사상구 모라동 453 모라1동 행정복지센터,35.1870032579336,128.989979384083,부산 사상구 모라로 93
389,모라벽산아파트(관리사무소 입구),051-312-0359,"부산광역시 사상구 백양대로934번길 84  (모라동, 모라벽산아파트)",부산광역시 사상구 모라동 203 모라벽산아파트,35.1916790424881,128.994105140325,부산 사상구 백양대로934번길 84
390,모라우성아파트(모라우성아파트 6동경비초소 안),051-327-7880,"부산광역시 사상구 백양대로 906  (모라동, 우성아파트)",부산광역시 사상구 모라동 1357 우성아파트,35.1884675454805,128.992227465024,부산 사상구 백양대로 906
391,모라주공3단지아파트(307동 경비실 옆),051-304-3225,"부산광역시 사상구 모라로192번길 20-21 (모라동, 주공아파트3단지)",부산광역시 사상구 모라로192번길 20-21 모라3LH아파트 관리사무소 앞,35.1834010447566,129.000677822957,부산 사상구 모라로192번길 20-21
392,모라주공3단지아파트(304동 경비실 옆),051-304-3225,"부산광역시 사상구 모라로192번길 20-21 (모라동, 주공아파트3단지)",부산광역시 사상구 모라로192번길 20-21 모라3LH아파트 관리사무소 앞,35.1834010447566,129.000677822957,부산 사상구 모라로192번길 20-21
393,모라주공3단지아파트(313동 경비실 옆),051-304-3225,"부산광역시 사상구 모라로192번길 20-21 (모라동, 주공아파트3단지)",부산광역시 사상구 모라로192번길 20-21 모라3LH아파트 관리사무소 앞,35.1834010447566,129.000677822957,부산 사상구 모라로192번길 20-21
394,모라주공3단지아파트(모라3LH아파트 관리사무소 앞),051-304-3225,"부산광역시 사상구 모라로192번길 20-21 (모라동, 주공아파트3단지)",부산광역시 사상구 모라로192번길 20-21 모라3LH아파트 관리사무소 앞,35.1834010447566,129.000677822957,부산 사상구 모라로192번길 20-21
395,모라주공3단지아파트(301동A경비실 옆),051-304-3225,"부산광역시 사상구 모라로192번길 20-21 (모라동, 주공아파트3단지)",부산광역시 사상구 모라로192번길 20-21 모라3LH아파트 관리사무소 앞,35.1834010447566,129.000677822957,부산 사상구 모라로192번길 20-21
396,모라지하철역(역무안전실 출입문 우측),051-678-6230,"부산광역시 사상구 사상로 지하 498, 모라역 (모라동)",부산광역시 사상구 모라동 987번지 4호 모라역,35.1896418913458,128.988608107569,부산 사상구 사상로 지하 498
397,목화아파트(105동 경비실 앞),051-327-1886,부산광역시 사상구 대동로 104-6  (학장동),부산광역시 사상구 학장동 574-82 목화아파트,35.1384560206577,128.979306126593,부산 사상구 대동로 104-6
398,문현2동행정복지센터(민원실 내부),051-607-6922,"부산광역시 남구 전포대로92번길 31-7, 문현2동주민센터 (문현동)",부산광역시 남구 문현동 546-42 문현2동주민센터,35.1452717896606,129.068686856754,부산 남구 전포대로92번길 31-7
399,문현여자고등학교(1층 중앙현관 좌측),051-630-1600,"부산광역시 남구 고동골로 86-41, 문현여자고등학교 (문현동)",부산광역시 남구 문현동 14-21 문현여자고등학교,35.144467708183,129.07185407663,부산 남구 고동골로 86
400,미광마린타워아파트(정문경비실),051-416-3908,"부산광역시 영도구 대교로14번길 17 관리사무소 (봉래동2가, 미광마린타워)",부산광역시 영도구 봉래동2가 112 미광마린타워 관리사무소,35.0945736176092,129.043307273236,부산 영도구 대교로14번길 17
401,반송벽산삼협한솔아파트(관리사무소 입구),051-543-8733,"부산광역시 해운대구 신반송로 29(반송동, 벽산삼협한솔아파트)",부산광역시 해운대구 반송동 892 벽산삼협한솔아파트,35.2267796350434,129.160667983413,부산 해운대구 신반송로 29
402,반송삼한2차아파트(경비실 2초소 내),051-542-1596,"부산광역시 해운대구 신반송로 102 (반송동, 삼한그린타운2차)",부산광역시 해운대구 반송동 872 삼한그린타운2차,35.2302631650537,129.162891105281,부산 해운대구 신반송로 102
403,반송큰시장(고객지원센터 입구),051-749-4475,부산광역시 해운대구 윗반송로51번길 59-28,부산광역시 해운대구 반송동 40-764 옷가게,35.2308511952606,129.155081482708,부산 해운대구 윗반송로51번길 59-28
404,배산작은도서관(1층),051-665-5501,"부산광역시 연제구 배산북로 8, 배산작은도서관 (연산동)",부산광역시 연제구 연산동 2131-5 배산작은도서관,35.1750929576753,129.093315374912,부산 연제구 배산북로 8
405,백양그린아파트(관리사무소 내),051-987-2877,"부산광역시 사상구 모라로110번길 88  (모라동, 백양그린아파트)",부산광역시 사상구 모라동 552 백양그린아파트,35.1827483234958,128.99375110875,부산 사상구 모라로110번길 88
406,백양산쌍용스윗닷홈 아파트(관리사무소),051-804-4280,"부산광역시 부산진구 백양산로 70(부암동, 백양산쌍용스윗닷홈)",부산광역시 부산진구 부암동 720 백양산쌍용스윗닷홈,35.175718691386,129.03275978455,부산 부산진구 백양산로 70
407,백양푸른채아파트(관리사무실),051-894-0274,"부산광역시 부산진구 백양산로53번길 62(당감동, 백양푸른채)",부산광역시 부산진구 당감동 794 백양푸른채,35.1720654213412,129.027516045706,부산 부산진구 백양산로53번길 62
408,범내골역부산1호선(역무안전실 인근),051-678-6151,"부산광역시 부산진구 중앙대로 지하612, 범내골역 (범천동)",부산광역시 부산진구 범천동 948-4 범내골역,35.1473559993163,129.059236450565,부산 부산진구 중앙대로 지하 612
409,범천1동주민센터(동주민센터 입구),051-605-6949,부산광역시 부산진구 범일로192번길 21  (범천동),부산광역시 부산진구 범천동 854-15 범천1동 주민센터,35.1470138889142,129.061007747523,부산 부산진구 범일로192번길 21
410,범천2동주민센터(민원실 입구),051-605-6967,부산광역시 부산진구 신암로 48  (범천동),부산광역시 부산진구 범천동 960-1 범천2동 주민센터,35.1465563257775,129.056206481589,부산 부산진구 신암로 48
411,범천LH 아파트(102동 4층 복리시설 로비),051-637-0095,"부산광역시 부산진구 신암로 66 (범천동, 범천엘에이치아파트)",부산광역시 부산진구 범천동 1644번지 범천엘에이치아파트,35.1474350919207,129.054658772275,부산 부산진구 신암로 66
412,범천경남아파트(경비실 입구(3초소)),051-645-9832,"부산광역시 부산진구 신암로 32 아파트 경비실 입구 (범천동, 범천경남아파트)",부산광역시 부산진구 범천동 944-1 범천경남아파트 아파트 경비실 입구,35.1459261803379,129.056671283896,부산 부산진구 신암로 32
413,벽산블루밍디자인시티(205동 관리사무실),5166676,"부산광역시 금정구 금강로 225, 205동 (장전동, 벽산블루밍디자인시티)",부산광역시 금정구 장전동 717 벽산블루밍디자인시티,35.2302722053997,129.081911479919,부산 금정구 금강로 225
414,벽산아스타아파트(관리사무소 앞),051-557-7765,"부산광역시 동래구 중앙대로1473번길 13 (온천동, 벽산아스타)","부산광역시 동래구 중앙대로1473번길 13 (온천동, 벽산아스타)",35.2174793929872,129.082440819139,부산 동래구 중앙대로1473번길 13
415,보수동행정복지센터(주민센터 옆 쉼터),051-600-6346,"부산광역시 중구 보수대로140번길 61, 보수동 행정복지센터 (보수동1가)",부산광역시 중구 보수동1가 48-2 보수동 행정복지센터,35.1061815161431,129.024693605036,부산 중구 보수대로140번길 61
416,봉래2동 마을건강센터(1층 봉래2동 마을건강센터 내),051-419-4884,"부산광역시 영도구 봉래쉼터길 63, 친환경영도EM연구센터 (봉래동5가)",부산광역시 영도구 봉래동5가 99번지 6호 친환경영도EM연구센터,35.0938933263923,129.05261360379,부산 영도구 봉래쉼터길 63
417,봉래2동행정복지센터(청사 내 1층 계단 맞은 편),051-419-5644,"부산광역시 영도구 태종로 160, 1층 봉래2동 행정복지센터 (봉래동4가)",부산광역시 영도구 봉래동4가 362 1층 봉래2동 행정복지센터,35.0934081247197,129.046160073039,부산 영도구 태종로 160
418,봉래나루다누리센터(1층),051-413-7272,"부산광역시 영도구 대교로46번길 50, 봉래나루 다누리센터 (봉래동2가)",부산광역시 영도구 봉래동2가 112-11 봉래나루 다누리센터,35.0952426392098,129.04291224725,부산 영도구 대교로46번길 50
419,부곡1동주민센터(민원실),051-519-5200,부산광역시 금정구 동부곡로6번길 29 부곡1동주민센터,부산광역시 금정구 부곡동 323-1 부곡1동주민센터 부곡1동주민센터,35.2244078299352,129.092134610477,부산 금정구 동부곡로6번길 29
420,부곡2동주민센터(민원실),051-519-5223,부산 금정구 부곡동 366-4,부산광역시 금정구 부곡동 970 롯데캐슬디아망,35.229898660878,129.094069419519,부산 금정구 부곡동 366-4
421,부민노인복지관(보건소 4층(부민노인복지관)),051-24-4000,부산광역시 서구 부용로 30  (부용동2가),부산광역시 서구 부용동2가 86 서구보건소 부민노인복지관,35.1074360292851,129.018038350622,부산 서구 부용로 30
422,부산1호선 시청역(역무안전실 인근),051-678-6122,부산광역시 연제구 중앙대로 지하 1017,부산광역시 연제구 연산동 1515-1 도시철도 시청역,35.1797766776316,129.076623899785,부산 연제구 중앙대로 지하 1017
423,부산3호선거제역(역무안전실 안),051-678-6306,"부산광역시 연제구 월드컵대로 지하209, 도시철도 거제역 (거제동)",부산광역시 연제구 거제동 1190-1 도시철도 거제역,35.1885466882058,129.073960773744,부산 연제구 월드컵대로 지하 209
424,부산3호선종합운동장역(역무실 앞),051-678-6307,"부산광역시 연제구 아시아드대로 지하73, 도시철도 종합운동장역 (거제동)",부산광역시 연제구 거제동 1191-2 도시철도 종합운동장역,35.1916300372946,129.067219683382,부산 연제구 아시아드대로 지하 73
425,부산4호선반여농산물시장역(역무안전실 앞),051-679-6409,"부산광역시 해운대구 반송로 550, 부산지하철 반여농산물시장역 (석대동)",부산광역시 해운대구 석대동 507-1 부산지하철 반여농산물시장역,35.2177593254883,129.12401666075,부산 해운대구 반송로 550
426,부산4호선석대역(역무안전실 앞),051-678-6410,"부산광역시 해운대구 석대천로 121, 부산지하철 석대역 (석대동)",부산광역시 해운대구 석대동 574-14 부산지하철 석대역,35.2181127800416,129.136827064424,부산 해운대구 석대천로 121
427,부산4호선영산대역(역무안전실 출입문 옆),051-678-6410,부산광역시 해운대구 반송로 803(반송동),부산광역시 해운대구 반송동 698-12,35.2256086484524,129.146159216603,부산 해운대구 반송로 803
428,부산4호선윗반송역(2층 역무실 입구),051-678-6412,"부산광역시 해운대구 반송로 917, 부산4호선 윗반송역 (반송동)",부산광역시 해운대구 반송동 385-56 부산지하철 동부산대학역,35.2324239126014,129.153808006776,부산 해운대구 반송로 917
429,부산가정법원(부산가정법원),051-590-0257,"부산광역시 연제구 법원로 31, 부산법원종합청사 (거제동)",부산광역시 연제구 거제동 1500 부산법원종합청사,35.1925353129809,129.073265087905,부산 연제구 법원로 31
430,부산고려병원(2층 외래 계단 옆),051-930-3018,"부산광역시 남구 수영로 238, 고려병원 (대연동)",부산광역시 남구 대연동 1740-16 고려병원,35.1349044744052,129.092605313046,부산 남구 수영로 238
431,부산고촌휴먼시아1단지(아파트 내 경로당),051-722-7715,부산광역시 기장군 철마면 고촌로44번길 16 관리사무소,부산광역시 기장군 철마면 고촌로44번길 16 관리사무소,35.2412389633368,129.168774475604,부산 기장군 철마면 고촌로44번길 16
432,부산고촌휴먼시아1단지(아파트 내 도서관),051-722-7715,부산광역시 기장군 철마면 고촌로44번길 16 관리사무소,부산광역시 기장군 철마면 고촌로44번길 16 관리사무소,35.2412389633368,129.168774475604,부산 기장군 철마면 고촌로44번길 16
433,부산고촌휴먼시아1단지(부산고촌휴먼시아1단지 관리사무소옆),051-722-7715,부산광역시 기장군 철마면 고촌로44번길 16 관리사무소,부산광역시 기장군 철마면 고촌로44번길 16 관리사무소,35.2412389633368,129.168774475604,부산 기장군 철마면 고촌로44번길 16
434,부산공업고등학교(보건실 내부(출입문 옆)),051-607-3905,"부산광역시 남구 수영로196번길 80, 부산공업고등학교 (대연동)",부산광역시 남구 대연동 918-1 부산공업고등학교,35.1301664051132,129.087687741749,부산 남구 수영로196번길 80
435,부산공업고등학교(체육관 1층 현관),051-607-3905,"부산광역시 남구 수영로196번길 80, 부산공업고등학교 (대연동)",부산광역시 남구 대연동 918-1 부산공업고등학교,35.1301664051132,129.087687741749,부산 남구 수영로196번길 80
436,부산광역시 동래소방서(수안펌프차(988주8348)),051-760-4342,"부산광역시 연제구 고분로 216, 부산소방본부,동래소방서 (연산동)","부산광역시 연제구 연산동 243-24 부산소방본부,동래소방서",35.1834432601063,129.105747814753,부산 연제구 고분로 216
437,부산광역시금정구보건소(민원실1층),051-519-5073,"부산광역시 금정구 중앙대로 1777, 금정구청 (부곡동)",부산광역시 금정구 부곡동 78번지 금정구청,35.2420597812695,129.092455927374,부산 금정구 중앙대로 1777
438,부산광역시마리아마을(여성생활관 휴게실),051-263-3902,부산광역시 사하구 장림로 298 (장림동),부산광역시 사하구 장림동 86-2,35.0838442648961,128.980456214703,부산 사하구 장림로 298
439,부산광역시보건환경연구원(1층 엘리베이터 옆),051-309-2724,"부산광역시 북구 함박봉로140번길 120, 보건환경연구원 (만덕동)",부산광역시 북구 만덕동 945-5 보건환경연구원,35.2017426413205,129.036363937222,부산 북구 함박봉로140번길 120
440,부산광역시보호아동자립지원센터(3층 복도),051-441-7006,"부산광역시 부산진구 연제로27번길 34, 3층 (양정동)",부산광역시 부산진구 양정동 114-10,35.1760561587736,129.076287890429,부산 부산진구 연제로27번길 34
441,부산광역시영도구보건소(3층(대여용)),051-419-4921,"부산광역시 영도구 태종로 423, 영도구청 (청학동)",부산광역시 영도구 청학동 48-3 영도구청,35.0912174458851,129.067910492443,부산 영도구 태종로 423
442,부산광역시영도구보건소(신관2층 운동처방실 내),051-419-4921,"부산광역시 영도구 태종로 423, 영도구보건소 (청학동)",부산광역시 영도구 청학동 48번지 3호 영도구청,35.0912174458851,129.067910492443,부산 영도구 태종로 423
443,부산광역시영도구보건소(구관1층 제1진료실 입구),051-419-4921,"부산광역시 영도구 태종로 423, 영도구보건소 (청학동)",부산광역시 영도구 청학동 48번지 3호 영도구청,35.0912174458851,129.067910492443,부산 영도구 태종로 423
444,부산광역시영도구보건소(영도구보건소 구관 2층 복도),051-419-4921,"부산광역시 영도구 태종로 423, 영도구청 (청학동)",부산광역시 영도구 청학동 48-3 영도구청,35.0912174458851,129.067910492443,부산 영도구 태종로 423
445,부산광역시영도구보건소(무료대여사업용),051-419-4921,"부산광역시 영도구 태종로 423, 영도구청 (청학동)",부산광역시 영도구 청학동 48-3 영도구청,35.0912174458851,129.067910492443,부산 영도구 태종로 423
446,부산광역시영도구보건소(3층(대여용)),051-419-4921,"부산광역시 영도구 태종로 423, 영도구청 (청학동)",부산광역시 영도구 청학동 48-3 영도구청,35.0912174458851,129.067910492443,부산 영도구 태종로 423
447,부산광역시영도구보건소(무료대여용),051-419-4921,"부산광역시 영도구 태종로 423, 영도구청 (청학동)",부산광역시 영도구 청학동 48-3 영도구청,35.0912174458851,129.067910492443,부산 영도구 태종로 423
448,부산광역시장애인종합복지관(부산광역시 장애인종합복지관 1층 입구),051-790-6128,부산광역시 연제구 중앙대로1150번길 15  (연산동),부산광역시 연제구 연산동 578-5 부산광역시장애인종합복지관,35.1905611498729,129.081546428969,부산 연제구 중앙대로1150번길 15
450,부산교통공사(청사 1층),051-640-7528,부산광역시 부산진구 중앙대로644번길 20(범천동),부산광역시 부산진구 범천동 861-1,35.1496305021011,129.060171089319,부산 부산진구 중앙대로644번길 20
451,부산교통공사경전철운영사업소(종합사무동1층),051-605-0120,부산광역시 기장군 철마면 반송로 1180,부산광역시 기장군 철마면 안평리 358-1,35.2434825291906,129.17744648288,부산 기장군 철마면 반송로 1180
452,부산교통공사구남역(대합실 중앙 보충기 옆),051-678-6231,"부산광역시 북구 백양대로 지하1026, 도시철도구남역 (구포동)",부산광역시 북구 구포동 897-21 도시철도구남역,35.1969200209729,128.994999341653,부산 북구 백양대로 지하 1026
453,부산교통공사구명역(20번 게이트 비상용통화장치 옆),051-678-6232,"부산광역시 북구 백양대로 지하1094, 구명역 (구포동)",부산광역시 북구 구포동 969-1 구명역,35.2027471033979,128.999502946075,부산 북구 백양대로 지하 1094
454,부산교통공사금곡역(역무안전실 출입문(외부)옆),051-678-6238,"부산광역시 북구 금곡대로 685, 금곡지하철 (금곡동)",부산광역시 북구 금곡동 581-1 금곡지하철,35.2674731957506,129.016906409012,부산 북구 금곡대로 685
455,부산교통공사노포승무사업소(노포승무사업소동 1층 중앙현관),051-509-4102,"부산광역시 금정구 중앙대로 2238, 부산종합버스터미널 (노포동)",부산광역시 금정구 노포동 133 부산종합버스터미널,35.2846866758906,129.095480074212,부산 금정구 중앙대로 2238
456,부산교통공사덕천역(역무안전실 출입문(외부)옆),051-678-6233,"부산광역시 북구 금곡대로 지하14, 3호선덕천역 (덕천동)",부산광역시 북구 덕천동 327 3호선덕천역,35.2109774599591,129.004972165013,부산 북구 금곡대로 지하 14
457,부산교통공사동원역(역무안전실 출입문(외부)옆),051-678-6237,"부산광역시 북구 금곡대로 575, 동원지하철역사 (금곡동)",부산광역시 북구 금곡동 882-10 동원지하철역사,35.2586437992364,129.012396791222,부산 북구 금곡대로 575
458,부산교통공사신평차량사업소(부산교통공사 신평차량사업소 검수고 중앙 입구),051-200-5110,부산광역시 사하구 하신번영로 140(신평동),부산광역시 사하구 신평동 646,35.0921593227113,128.960589576547,부산 사하구 하신번영로 140
459,부산교통공사신평체육관(부산교통공사 신평체육관),051-200-5114,부산광역시 사하구 하신번영로 140 (신평동),부산광역시 사하구 신평동 646,35.0921593227113,128.960589576547,부산 사하구 하신번영로 140
460,부산교통공사율리역(역무안전실 출입문(외부)옆),051-678-6236,"부산광역시 북구 금곡대로 지하440, 율리역 (금곡동)",부산광역시 북구 금곡동 1241 율리역,35.2471687881887,129.012917764141,부산 북구 금곡대로 지하 440
461,부산교통공사제1운영사업소(명륜역)(명륜역 역무안전실 인근),051-678-6151,"부산광역시 동래구 중앙대로 1414, 도시철도명륜역 (온천동)",부산광역시 동래구 온천동 489-4 도시철도명륜역,35.212575505365,129.079700449192,부산 동래구 중앙대로 1414
462,부산교통공사제2운영사업소(1층 입구),051-678-6250,"부산광역시 부산진구 서전로 40, 부산교통공사부산분원 (전포동)",부산광역시 부산진구 전포동 674-12 부산교통공사부산분원,35.1575711478177,129.064184903017,부산 부산진구 서전로 40
464,부산금정우체국(1층 후문),051-519-6010,"부산광역시 금정구 중앙대로1793번길 20, 부산금정우체국 1층 (구서동)",부산광역시 금정구 구서동 420-16 부산금정우체국,35.2441294534138,129.091975815697,부산 금정구 중앙대로1793번길 20
465,부산남부경찰서광남지구대(광남지구대 내),051-752-0112,부산광역시 남구 황령대로319번가길 81,부산광역시 남구 대연동 243-29 부산남부경찰서,35.1530077327294,129.089656871378,부산 남구 황령대로319번가길 81
466,부산남부경찰서대연지구대(대연지구대 내),051-628-4288,부산광역시 남구 수영로 328,부산광역시 남구 대연동 54-4 부산남부경찰서 대연지구대,35.1378436249759,129.101983110907,부산 남구 수영로 328
467,부산노인전문제2병원(노인전문병원 대기실),051-607-2076,"부산광역시 연제구 월드컵대로 359, 부산노인전문제2병원 (거제동)",부산광역시 연제구 거제동 1518 부산의료원,35.187431768268,129.060181218712,부산 연제구 월드컵대로 359
468,부산노인전문제3병원(2층 간호사실 앞),051-780-5555,"부산광역시 해운대구 해운대로469번가길 77, 부산시립노인전문제3병원 (우동)",부산광역시 해운대구 우동 930-41 부산시립노인전문제3병원,35.1682549394488,129.147369381682,부산 해운대구 해운대로469번가길 77
469,부산대학교병원(J동 5층),051-240-8327,"부산광역시 서구 구덕로 179, 부산대학병원 (아미동1가)",부산광역시 서구 아미동1가 10-1 부산대학병원,35.1011288801696,129.019244318359,부산 서구 구덕로 179
470,부산대학교병원(R동 2층),051-240-8327,"부산광역시 서구 구덕로 179, 부산대학병원 (아미동1가)",부산광역시 서구 아미동1가 10-1 부산대학병원,35.1011288801696,129.019244318359,부산 서구 구덕로 179
471,부산대학교병원(B동 1층),051-240-8327,"부산광역시 서구 구덕로 179, 부산대학병원 (아미동1가)",부산광역시 서구 아미동1가 10-1 부산대학병원,35.1011288801696,129.019244318359,부산 서구 구덕로 179
472,부산대학교병원(B동 3층),051-240-8327,"부산광역시 서구 구덕로 179, 부산대학병원 (아미동1가)",부산광역시 서구 아미동1가 10-1 부산대학병원,35.1011288801696,129.019244318359,부산 서구 구덕로 179
473,부산대학교병원(임상시험센터),051-240-8327,"부산광역시 서구 구덕로 179, 부산대학병원 (아미동1가)",부산광역시 서구 아미동1가 10-1 부산대학병원,35.1011288801696,129.019244318359,부산 서구 구덕로 179
474,부산대학교병원(B동 6층 난임센터),051-240-8327,"부산광역시 서구 구덕로 179, 부산대학병원 (아미동1가)",부산광역시 서구 아미동1가 10번지 1호 부산대학병원,35.1011288801696,129.019244318359,부산 서구 구덕로 179
475,부산대학교병원(현장진료소),051-240-8327,"부산광역시 서구 구덕로 179, 부산대학병원 (아미동1가)",부산광역시 서구 아미동1가 10-1 부산대학병원,35.1011288801696,129.019244318359,부산 서구 구덕로 179
476,부산대학교병원(C동 5층),051-240-8327,"부산광역시 서구 구덕로 179, 부산대학병원 (아미동1가)",부산광역시 서구 아미동1가 10-1 부산대학병원,35.1011288801696,129.019244318359,부산 서구 구덕로 179
477,부산대학교병원(B동 5층 엘리베이터 앞),051-240-8327,"부산광역시 서구 구덕로 179, 부산대학병원 (아미동1가)",부산광역시 서구 아미동1가 10-1 부산대학병원,35.1011288801696,129.019244318359,부산 서구 구덕로 179
478,부산대학교병원(현장진료소),051-240-8327,"부산광역시 서구 구덕로 179, 부산대학병원 (아미동1가)",부산광역시 서구 아미동1가 10-1 부산대학병원,35.1011288801696,129.019244318359,부산 서구 구덕로 179
479,부산대학교병원(C동 3층),051-240-8327,"부산광역시 서구 구덕로 179, 부산대학병원 (아미동1가)",부산광역시 서구 아미동1가 10-1 부산대학병원,35.1011288801696,129.019244318359,부산 서구 구덕로 179
480,부산대학교병원(A동 1층 안내데스크),051-240-8327,"부산광역시 서구 구덕로 179, 부산대학병원 (아미동1가)",부산광역시 서구 아미동1가 10-1 부산대학병원,35.1011288801696,129.019244318359,부산 서구 구덕로 179
481,부산대학교병원(A동 2층 엘리베이터 앞),051-240-8327,"부산광역시 서구 구덕로 179, 부산대학병원 (아미동1가)",부산광역시 서구 아미동1가 10-1 부산대학병원,35.1011288801696,129.019244318359,부산 서구 구덕로 179
482,부산대학교병원(C동 1층),051-240-8327,"부산광역시 서구 구덕로 179, 부산대학병원 (아미동1가)",부산광역시 서구 아미동1가 10-1 부산대학병원,35.1011288801696,129.019244318359,부산 서구 구덕로 179
483,부산대학교병원(C동 9층),051-240-8327,"부산광역시 서구 구덕로 179, 부산대학병원 (아미동1가)",부산광역시 서구 아미동1가 10-1 부산대학병원,35.1011288801696,129.019244318359,부산 서구 구덕로 179
484,부산대학교병원(현장진료소),051-240-8327,"부산광역시 서구 구덕로 179, 부산대학병원 (아미동1가)",부산광역시 서구 아미동1가 10-1 부산대학병원,35.1011288801696,129.019244318359,부산 서구 구덕로 179
485,부산대학교병원(E동 지하2층),051-240-8327,"부산광역시 서구 구덕로 179, 부산대학병원 (아미동1가)",부산광역시 서구 아미동1가 10-1 부산대학병원,35.1011288801696,129.019244318359,부산 서구 구덕로 179
486,부산대학교산학협력단(2층로비),051-510-2742,"부산광역시 금정구 부산대학로63번길 2, 부산대학교 (장전동)",부산광역시 금정구 장전동 40 부산대학교,35.2323326221566,129.083830815331,부산 금정구 부산대학로63번길 2
487,부산도서관(어린이실 입구),051-310-5421,"부산광역시 사상구 사상로310번길 33, 부산도서관 (덕포동)",부산광역시 사상구 덕포동 415-2 부산도서관,35.1727231677342,128.985297783952,부산 사상구 사상로310번길 33
488,부산도서관(본관1층 로비),051-310-5421,"부산광역시 사상구 사상로310번길 33, 부산도서관 (덕포동)",부산광역시 사상구 덕포동 415-2 부산도서관,35.1727231677342,128.985297783952,부산 사상구 사상로310번길 33
489,부산도시공사동삼1지구도개공아파트(부산도시공사동삼1지구도개공아파트 통합경비실),051-404-0399,"부산광역시 영도구 함지로 35 관리사무소 (동삼동, 동삼1지구도개공아파트)",부산광역시 영도구 동삼동 1124-6 동삼1지구도개공아파트 관리사무소,35.0720686551153,129.062710498788,부산 영도구 함지로 35
490,부산도시공사동삼2지구영구임대아파트(부산도시공사동삼2지구영구임대아파트 관리사무소),051-403-4223,"부산광역시 영도구 함지로79번길 40 관리사무소 (동삼동, 동삼2지구영구임대아파트)",부산광역시 영도구 동삼동 510 동삼2지구영구임대아파트 관리사무소,35.0749668613043,129.064804725106,부산 영도구 함지로79번길 40
491,부산도시철도운영서비스(주)(본사 사무실 내부),051-941-0931,"부산광역시 강서구 낙동북로 485, 강서구청역 4층 (대저1동) 부산도시철도운영서비스(주) (대저1동)",부산광역시 강서구 대저1동 2300-3 강서구청역 4층 (대저1동) 부산도시철도운영서비스(주),35.2112192586654,128.981959188289,부산 강서구 낙동북로 485
492,부산동여자고등학교(5층 체육관 입구),051-610-5700,"부산광역시 수영구 남천서로32번길 39, 동여자고등학교 (남천동)",부산광역시 수영구 남천동 65 동여자고등학교,35.1460270177529,129.104728523319,부산 수영구 남천서로32번길 39
493,부산모라1LH아파트(부산모라1LH아파트 관리사무소 앞),051-302-4946,부산광역시 사상구 모라로110번길 121,부산광역시 사상구 모라동  552 주공아파트1단지,35.1844124944754,128.997988949809,부산 사상구 모라로110번길 121
494,부산모라1LH아파트(108동 주 출입구),051-302-4946,부산광역시 사상구 모라로110번길 121,부산광역시 사상구 모라로110번길 121 관리사무소 앞,35.1844124944754,128.997988949809,부산 사상구 모라로110번길 121
495,부산모라1LH아파트(105동 주 출입구),051-302-4946,부산광역시 사상구 모라로110번길 121,부산광역시 사상구 모라로110번길 121 관리사무소 앞,35.1844124944754,128.997988949809,부산 사상구 모라로110번길 121
496,부산모라1LH아파트(115동 주 출입구),051-302-4946,부산광역시 사상구 모라로110번길 121,부산광역시 사상구 모라로110번길 121 관리사무소 앞,35.1844124944754,128.997988949809,부산 사상구 모라로110번길 121
497,부산모라1LH아파트(101동 주 출입구),051-302-4946,부산광역시 사상구 모라로110번길 121,부산광역시 사상구 모라로110번길 121 관리사무소 앞,35.1844124944754,128.997988949809,부산 사상구 모라로110번길 121
498,부산모라1LH아파트(112동 주 출입구),051-302-4946,부산광역시 사상구 모라로110번길 121,부산광역시 사상구 모라로110번길 121 관리사무소 앞,35.1844124944754,128.997988949809,부산 사상구 모라로110번길 121
500,부산백병원(본관 2층),051-890-6504,"부산광역시 부산진구 복지로 75, 인제대학교 부산백병원 (개금동)",부산광역시 부산진구 개금동 633-165 인제대학교 부산백병원,35.1464534842515,129.020571153957,부산 부산진구 복지로 75
501,부산보훈병원(동관 1층),051-601-6355,"부산광역시 사상구 백양대로 420, 보훈병원 (주례동)",부산광역시 사상구 주례동 235 보훈병원,35.1528918625836,129.008252267356,부산 사상구 백양대로 420
502,부산보훈병원(치과실),051-601-6355,"부산광역시 사상구 백양대로 420, 보훈병원 (주례동)",부산광역시 사상구 주례동 235 보훈병원,35.1528918625836,129.008252267356,부산 사상구 백양대로 420
503,부산보훈병원(재활센터동 2층),051-601-6355,"부산광역시 사상구 백양대로 420, 보훈병원 (주례동)",부산광역시 사상구 주례동 235 보훈병원,35.1528918625836,129.008252267356,부산 사상구 백양대로 420
504,부산보훈병원(재활센터동 3층),051-601-6355,"부산광역시 사상구 백양대로 420, 보훈병원 (주례동)",부산광역시 사상구 주례동 235 보훈병원,35.1528918625836,129.008252267356,부산 사상구 백양대로 420
505,부산보훈병원(장례식장),051-601-6355,"부산광역시 사상구 백양대로 420, 보훈병원 (주례동)",부산광역시 사상구 주례동 235 보훈병원,35.1528918625836,129.008252267356,부산 사상구 백양대로 420
506,부산보훈병원(CT실),051-601-6355,"부산광역시 사상구 백양대로 420, 보훈병원 (주례동)",부산광역시 사상구 주례동 235 보훈병원,35.1528918625836,129.008252267356,부산 사상구 백양대로 420
507,부산보훈병원(재활체육관),051-601-6355,"부산광역시 사상구 백양대로 420, 보훈병원 (주례동)",부산광역시 사상구 주례동 235 보훈병원,35.1528918625836,129.008252267356,부산 사상구 백양대로 420
508,부산사하우체국(영업과 1층),051-209-7080,부산광역시 사하구 다대로 166 (신평동),부산광역시 사하구 신평동 553,35.0878542193431,128.977020309885,부산 사하구 다대로 166
509,부산센텀푸르지오아파트(생활지원센터 내),051-759-7224,부산광역시 연제구 고분로 280,부산광역시 연제구 연산동  2307 부산 센텀 푸르지오,35.1835723714607,129.112504582731,부산 연제구 고분로 280
510,부산시노인전문제1병원(2병동),051-342-7272,"부산광역시 북구 함박봉로 98, 부산시노인전문병원 (만덕동)",부산광역시 북구 만덕동 774-26 부산시노인전문병원,35.2061493141858,129.028206351231,부산 북구 함박봉로 98
511,부산시서구청(본관 1층 민원봉사실 맞은편 벽),2404106,부산광역시 서구 구덕로 120 (토성동4가),부산광역시 서구 토성동4가  2-3 서구청 (토성동4가),35.0975389551605,129.023426203707,부산 서구 구덕로 120
512,부산시설공단(1층 로비),051-860-7944,"부산광역시 부산진구 새싹로 174, 부산시설공단 (연지동)",부산광역시 부산진구 연지동 340-4 부산시설공단,35.1716479280709,129.049962265669,부산 부산진구 새싹로 174
513,부산시설공단 스포원본부(의무실 내),051-550-1516,"부산광역시 금정구 체육공원로399번길 324, 금정체육공원 (두구동)",부산광역시 금정구 두구동 1641 금정체육공원,35.2891217351743,129.107042158715,부산 금정구 체육공원로399번길 324
514,부산시설공단서면사업소(2층 안내데스크),051-808-2923,"부산광역시 부산진구 서면로 25, 삼한개발주식회사 2층 (부전동)",부산광역시 부산진구 부전동 522-4 삼한개발주식회사,35.1529478946076,129.05727464645,부산 부산진구 서면로 25
515,부산신항국제터미널(주)(본관 1층),051-290-8115,"부산광역시 강서구 신항남로 330, PSA부산신항국제터미널(주) (성북동)",부산광역시 강서구 성북동 1488 PSA부산신항국제터미널(주),35.0818109952054,128.833801656581,부산 강서구 신항남로 330
516,부산신항국제터미널(주)(동측 초소),051-290-8115,"부산광역시 강서구 신항남로 330, PSA부산신항국제터미널(주) (성북동)",부산광역시 강서구 성북동 1488 PSA부산신항국제터미널(주),35.0818109952054,128.833801656581,부산 강서구 신항남로 330
517,부산신항만주식회사(오퍼레이션빌딩#2 1층),051-601-8114,"부산광역시 강서구 신항남로 372, 부산신항만(주) (성북동)",부산광역시 강서구 성북동 1488 부산신항만(주),35.0779514386788,128.833356014903,부산 강서구 신항남로 372
518,부산신항만주식회사(복지센터 1층),051-601-8114,"부산광역시 강서구 신항남로 372, 부산신항만(주) (성북동)",부산광역시 강서구 성북동 1488 부산신항만(주),35.0779514386788,128.833356014903,부산 강서구 신항남로 372
520,부산여객터미널(부산항만공사)(제2터미널),051-966-3068,"부산광역시 동구 충장대로 206 (초량동, 부산여객터미널)","부산광역시 동구 초량동  45-39 부산항 국제여객터미널 (초량동, 부산여객터미널)",35.1175129767356,129.049383440539,부산 동구 충장대로 206
521,부산여객터미널(부산항만공사)(3층 대합실),051-966-3068,"부산광역시 동구 충장대로 206 (초량동, 부산여객터미널)","부산광역시 동구 초량동  45-39 부산항 국제여객터미널 (초량동, 부산여객터미널)",35.1175129767356,129.049383440539,부산 동구 충장대로 206
522,부산연제우체국(2층 우편물류과),051-500-0888,"부산광역시 연제구 법원북로 33, 부산연제우체국 (거제동)",부산광역시 연제구 거제동 1473 부산연제우체국,35.1941349163305,129.070597938428,부산 연제구 법원북로 33
523,부산영도우체국(1층 영업과 출입구옆),051-400-5554,"부산광역시 영도구 태종로 89, 부산영도우체국 (대교동2가)",부산광역시 영도구 대교동2가 81 부산영도우체국,35.0920205304419,129.041048520323,부산 영도구 태종로 89
524,부산오션시티푸르지오(관리사무소 입구),051-405-1180,부산광역시 영도구 동삼오션로 30(동삼동),부산광역시 영도구 동삼동 1180,35.0685254126271,129.084094589982,부산 영도구 동삼오션로 30
525,부산오션파라곤아파트(관리사무소 복도),051-635-7747,"부산광역시 남구 우암로 300(문현동, 부산오션파라곤아파트)",부산광역시 남구 문현동 1255 부산오션파라곤아파트,35.1298403579976,129.068032658048,부산 남구 우암로 300
526,부산외국어대학교(기숙사 C3),051-509-5000,"부산광역시 금정구 금샘로485번길 65, 부산외국어대학교 (남산동)",부산광역시 금정구 남산동 857-1 부산외국어대학교,35.2661894921034,129.08055329643,부산 금정구 금샘로485번길 65
527,부산외국어대학교(기숙사C2),051-509-5000,"부산광역시 금정구 금샘로485번길 65, 부산외국어대학교 (남산동)",부산광역시 금정구 남산동 857-1 부산외국어대학교,35.2661894921034,129.08055329643,부산 금정구 금샘로485번길 65
528,부산외국어대학교(기숙사 C1),051-509-5000,"부산광역시 금정구 금샘로485번길 65, 부산외국어대학교 (남산동)",부산광역시 금정구 남산동 857-1 부산외국어대학교,35.2661894921034,129.08055329643,부산 금정구 금샘로485번길 65
529,부산외국어대학교(D동 1층 로비),051-509-5000,"부산광역시 금정구 금샘로485번길 65, 부산외국어대학교 (남산동)",부산광역시 금정구 남산동 857-1 부산외국어대학교,35.2661894921034,129.08055329643,부산 금정구 금샘로485번길 65
530,부산외국어대학교(기숙사 1층 로비),051-509-5000,"부산광역시 금정구 금샘로485번길 65, 부산외국어대학교 (남산동)",부산광역시 금정구 남산동 857-1 부산외국어대학교,35.2661894921034,129.08055329643,부산 금정구 금샘로485번길 65
531,부산외국어대학교(체육관3층 복도),051-509-5000,"부산광역시 금정구 금샘로485번길 65, 부산외국어대학교 (남산동)",부산광역시 금정구 남산동 857-1 부산외국어대학교,35.2661894921034,129.08055329643,부산 금정구 금샘로485번길 65
532,부산외국어대학교(보건진료소),051-509-5000,"부산광역시 금정구 금샘로485번길 65, 부산외국어대학교 (남산동)",부산광역시 금정구 남산동 857-1 부산외국어대학교,35.2661894921034,129.08055329643,부산 금정구 금샘로485번길 65
533,부산외국어대학교(본관 1층 로비),051-509-5000,"부산광역시 금정구 금샘로485번길 65, 부산외국어대학교 (남산동)",부산광역시 금정구 남산동 857-1 부산외국어대학교,35.2661894921034,129.08055329643,부산 금정구 금샘로485번길 65
534,부산외국어대학교(기숙사 체력단련실 앞(B1F)),051-509-5000,"부산광역시 금정구 금샘로485번길 65, 부산외국어대학교 (남산동)",부산광역시 금정구 남산동 857-1 부산외국어대학교,35.2661894921034,129.08055329643,부산 금정구 금샘로485번길 65
535,부산외국어대학교(1F),051-509-5000,"부산광역시 금정구 금샘로 534, 부산외국어대학교 외성생활관 (남산동)",부산광역시 금정구 남산동 972-15 부산외국어대학교 외성생활관,35.2699147315379,129.085507843326,부산 금정구 금샘로 534
536,부산외국어대학교(5F),051-509-5000,"부산광역시 금정구 금샘로 534, 부산외국어대학교 외성생활관 (남산동)",부산광역시 금정구 남산동 972-15 부산외국어대학교 외성생활관,35.2699147315379,129.085507843326,부산 금정구 금샘로 534
537,부산외국어대학교(휴게실입구(B1F)),051-509-5000,"부산광역시 금정구 금샘로 534, 부산외국어대학교 외성생활관 (남산동)",부산광역시 금정구 남산동 972-15 부산외국어대학교 외성생활관,35.2699147315379,129.085507843326,부산 금정구 금샘로 534
538,부산우편집중국(5층 통상우편계 작업장 입구),051-600-5510,"부산광역시 강서구 대저로49번길 22, 부산우편집중국 (대저1동)",부산광역시 강서구 대저1동 1549 부산우편집중국,35.2178337324827,128.957955639611,부산 강서구 대저로49번길 22
539,부산임시수도기념관(전시관 입구),051-244-6345,"부산광역시 서구 임시수도기념로 45, 임시수도기념관 (부민동3가)",부산광역시 서구 부민동3가 22 임시수도기념관,35.1037500036539,129.017596444392,부산 서구 임시수도기념로 45
540,부산전포사랑으로부영아파트(관리사무소 입구),051-809-1889,"부산광역시 부산진구 동성로 82 (전포동, 부산전포사랑으로부영)",부산광역시 부산진구 전포동 903번지 부산전포사랑으로부영,35.1574065966713,129.068710929897,부산 부산진구 동성로 82
541,부산종합버스터미널(1층 대합실 1번 방풍실 앞),051-519-7300,"부산광역시 금정구 중앙대로 2238, 부산종합버스터미널 1층 (노포동)",부산광역시 금정구 노포동 133 부산종합버스터미널,35.2846866758906,129.095480074212,부산 금정구 중앙대로 2238
542,부산종합사회복지관(부산종합사회복지관 정문 입구),051-755-3367,"부산광역시 수영구 금련로43번길 54, 부산종합사회복지관 (망미동)",부산광역시 수영구 망미동 774-269 부산종합사회복지관,35.1710362998284,129.098668422494,부산 수영구 금련로43번길 54
543,부산중부소방서(창선119 펌프차(998두3391)),051-760-4143,"부산광역시 중구 중앙대로 110, 부산중부소방서 (중앙동4가)",부산광역시 중구 중앙동4가 83-2 부산중부소방서,35.1071098042428,129.036729805709,부산 중구 중앙대로 110
545,부산중부소방서(초량 119안전센터 펌프차 내(998두3355)),051-760-4143,"부산광역시 동구 중앙대로260번길 7, 초량119안전센터 (초량동)",부산광역시 동구 초량동 1168-15 초량119안전센터,35.1197972849571,129.043208353802,부산 동구 중앙대로260번길 7
546,부산중부소방서(중앙119 펌프차(998두3369)),051-760-4143,"부산광역시 중구 중앙대로 110, 부산중부소방서 (중앙동4가)",부산광역시 중구 중앙동4가 83-2 부산중부소방서,35.1071098042428,129.036729805709,부산 중구 중앙대로 110
547,부산지방검찰청서부지청(1층 종합민원실),051-520-4549,부산광역시 강서구 명지국제7로 67(명지동),부산광역시 강서구 명지동 3600-1,35.0973684434072,128.90854565617,부산 강서구 명지국제7로 67
548,부산지방검찰청서부지청(1층 로비),051-520-4549,부산광역시 강서구 명지국제7로 67(명지동),부산광역시 강서구 명지동 3600-1,35.0973684434072,128.90854565617,부산 강서구 명지국제7로 67
549,부산지방검찰청서부지청(경찰관실),051-520-4549,부산광역시 강서구 명지국제7로 67(명지동),부산광역시 강서구 명지동 3600-1,35.0973684434072,128.90854565617,부산 강서구 명지국제7로 67
550,부산진구국민체육센터(지하2층 수영장입구),051-710-7628,부산광역시 부산진구 진남로328번길 35 부산진구국민체육센터,부산광역시 부산진구 전포동  326-11 부산진구 국민체육센터 부산진구국민체육센터,35.1553866779638,129.073772711458,부산 부산진구 진남로328번길 35
551,부산진구국민체육센터(지상 2층 출입구),051-710-7628,부산광역시 부산진구 진남로328번길 35 부산진구국민체육센터,부산광역시 부산진구 전포동  326-11 부산진구 국민체육센터 부산진구국민체육센터,35.1553866779638,129.073772711458,부산 부산진구 진남로328번길 35
552,부산진구보건소(구급차(78루7014)),051-645-4000,"부산광역시 부산진구 황령대로8번길 36, 부산진보건소 (범천동)",부산광역시 부산진구 범천동 849-10 부산진보건소,35.1461171387257,129.059720559969,부산 부산진구 황령대로8번길 36
553,"부산진구보건소(부산광역시 부산진구 초읍천로43번길 77,삼광사 경비실)",051-645-4000,"부산광역시 부산진구 초읍천로43번길 77, 삼광사 경비실",부산광역시 부산진구 범천동 849-10 부산진보건소,35.175922244823,129.043430749141,부산 부산진구 초읍천로43번길 77
554,부산진구보건소(건강증진센터 3층),051-645-4000,"부산광역시 부산진구 시민공원로 30, 부산진구청 (부암동)",부산광역시 부산진구 부암동 666번지 16호 부산진구청,35.162830637421,129.05318830381,부산 부산진구 시민공원로 30
555,부산진구보건소(부산진구보건소 A동 4층 문서고(2)),051-645-4000,"부산광역시 부산진구 황령대로8번길 36, 부산진보건소 A동 4층 (범천동)",부산광역시 부산진구 범천동 849-10 부산진보건소,35.1461171387257,129.059720559969,부산 부산진구 황령대로8번길 36
556,부산진구육아종합지원센터(부산진구육아종합지원센터 2층),051-936-7011,부산광역시 부산진구 가야대로 575-18 (가야동),부산광역시 부산진구 가야동 82-1,35.155473502231,129.034854878508,부산 부산진구 가야대로 575-18
557,부산진구재활용사업소(1층 휴게실),051-605-4450,부산광역시 부산진구 가야대로 407 부산진구재활용사업소,부산광역시 부산진구 개금동  451-17 부산진구재활용사업소,35.1526551167844,129.016853999877,부산 부산진구 가야대로 407
558,부산진구쪽방상담소(부산진구쪽방삼당소 2층),051-807-5663,"부산광역시 부산진구 동천로108번길 3 2층, 부산진구쪽방상담소","부산광역시 부산진구 전포동  660-19 2층, 부산진구쪽방상담소",35.1583979788807,129.062618430369,부산 부산진구 동천로108번길 3
559,"부산진구청재무과(무인택배함)(MG새마을 부산본점,첸카페 앞 삼각섬 무인택배함)",051-605-4174,부산광역시 부산진구 가야대로703번나길 3(당감동),부산광역시 부산진구 당감동 71-4,35.1579943381956,129.048064760352,부산 부산진구 가야대로703번나길 3
560,부산진구청재무과(무인택배함)(연지어린이 공원 무인택배함),051-605-4174,부산광역시 부산진구 동평로265번길 59(연지동),부산광역시 부산진구 연지동 70-3,35.1734001530069,129.05535214808,부산 부산진구 동평로265번길 59
561,부산진구청재무과(무인택배함)(양정꿈동산 어린이공원 궁전횟집 앞 무인택배함),051-605-4174,부산광역시 부산진구 연수로54번길 11(양정동),부산광역시 부산진구 양정동 116-8,35.1746060106741,129.077134182194,부산 부산진구 연수로54번길 11
562,"부산진구청재무과(무인택배함)(부암1동 주택인근,쌈지공원사거리 무인택배함)",051-605-4174,"부산광역시 부산진구 서면문화로53번길 53(부전동, 동화마을)",부산광역시 부산진구 부전동 415-15 동화마을,35.1597974629375,129.053100309214,부산 부산진구 서면문화로53번길 53
563,부산진구청재무과(무인택배함)(가야2동 행정복지센터 앞 무인택배함),051-605-4174,부산광역시 부산진구 엄광로147번길 37 (가야동),부산광역시 부산진구 가야동 519-1,35.1491860453758,129.031742005168,부산 부산진구 엄광로147번길 37
564,"부산진구청재무과(무인택배함)(학산경로당,청도상회 앞 무인택배함)",051-605-4174,"부산광역시 부산진구 복지로 101(개금동, 국민주택)",부산광역시 부산진구 개금동 633-10 국민주택,35.1445367646,129.020064392121,부산 부산진구 복지로 101
565,"부산진구청재무과(무인택배함)(청년회 방범초소 앞,영화약국 앞 무인택배함)",051-605-4174,부산광역시 부산진구 진남로435번길 73(전포동),부산광역시 부산진구 전포동 33-442,35.1601941174119,129.068776485841,부산 부산진구 진남로435번길 73
566,부산진구청재무과(무인택배함)(영신아트빌라 앞 무인택배함),051-605-4174,"부산광역시 부산진구 성지로150번길 46(초읍동, 금호파크빌)",부산광역시 부산진구 초읍동 102-10 금호파크빌,35.183868265763,129.048479377033,부산 부산진구 성지로150번길 46
567,부산진구청재무과(무인택배함)(호호생아구찜전문 앞 무인택배함),051-605-4174,부산광역시 부산진구 엄광로44번길 14(개금동),부산광역시 부산진구 개금동 540-65,35.1475634805961,129.021190855841,부산 부산진구 엄광로44번길 14
568,"부산진구청재무과(무인택배함)(삼방빌라,예솔어린이집 앞 무인택배함)",051-605-4174,"부산광역시 부산진구 엄광로 275(가야동, 삼방빌라)",부산광역시 부산진구 가야동 384-81 삼방빌라,35.1547579328823,129.039850136985,부산 부산진구 엄광로 275
569,부산진문화원(사무실 입구),051-817-9648,부산광역시 부산진구 시민공원로19번길 28  (부암동),부산광역시 부산진구 부암동 80-37,35.1645023628886,129.051764655411,부산 부산진구 시민공원로19번길 28
570,부산항연안터미널(연안여객터미널 1층 대합실),051-400-3136,부산광역시 중구 충장대로 24 (중앙동4가),부산광역시 중구 중앙동4가 15번지 3호,35.1028956206407,129.041471332987,부산 중구 충장대로 24
571,부산항일동미라주더오션아파트(1지구 경비실 입구),051-647-9866,"부산광역시 동구 자성로 2(좌천동, 부산항 일동미라주 더오션 (1지구))",부산광역시 동구 좌천동 67-27 부산항 일동미라주 더오션  (1지구),35.13172851113,129.05245707811,부산 동구 자성로 2
572,부산항일동미라주더오션아파트(2지구 경비실 앞 벽면),051-647-9866,"부산광역시 동구 자성로 2(좌천동, 부산항 일동미라주 더오션 (1지구))",부산광역시 동구 좌천동 67-27 부산항 일동미라주 더오션  (1지구),35.13172851113,129.05245707811,부산 동구 자성로 2
573,부산항터미널주식회사(신선대 통합센터),051-620-0200,부산광역시 남구 신선로 294(용당동),부산광역시 남구 용당동 123,35.1102477943227,129.095897270285,부산 남구 신선로 294
574,부산항터미널주식회사(감만 T/C배차실),051-620-0200,부산광역시 남구 신선로 294(용당동),부산광역시 남구 용당동 123,35.1102477943227,129.095897270285,부산 남구 신선로 294
575,부산항터미널주식회사(감만 Y/T배차실),051-620-0200,부산광역시 남구 신선로 294(용당동),부산광역시 남구 용당동 123,35.1102477943227,129.095897270285,부산 남구 신선로 294
576,부산항터미널주식회사(신선대 라싱대기실),051-620-0200,부산광역시 남구 신선로 294(용당동),부산광역시 남구 용당동 123,35.1102477943227,129.095897270285,부산 남구 신선로 294
577,부산해양경찰서 송정파출소(송정파출소 구조정 내),051-664-2225,"부산광역시 해운대구 송정해변로 1-23, 송정파출소 (송정동)",부산광역시 해운대구 송정동 산 52-1 송정파출소,35.1799192980989,129.206081583913,부산 해운대구 송정해변로 1-23
578,부산해양경찰서 송정파출소(송정해양파출소 순찰차 내),051-664-2225,"부산광역시 해운대구 송정해변로 1-23, 송정파출소 (송정동)",부산광역시 해운대구 송정동 산 52-1 송정파출소,35.1799192980989,129.206081583913,부산 해운대구 송정해변로 1-23
579,부산해양경찰서광안리파출소(광안리파출소(청사)내),051-664-2323,"부산광역시 수영구 민락수변로 92, 수산업협동조합 (민락동)",부산광역시 수영구 민락동 113-32 수산업협동조합,35.1544280878671,129.130898493596,부산 수영구 민락수변로 92
580,부산해양경찰서광안리파출소(순찰차 내),051-664-2323,"부산광역시 수영구 민락수변로 92, 수산업협동조합 (민락동)",부산광역시 수영구 민락동 113-32 수산업협동조합,35.1544280878671,129.130898493596,부산 수영구 민락수변로 92
581,부산해양경찰서다대파출소(순찰차 내),051-664-2232,"부산광역시 사하구 다대동로 10, 부산해양경찰서 다대파출소 (다대동)",부산광역시 사하구 다대동 680-5 부산해양경찰서 다대파출소,35.0545510507759,128.971639827489,부산 사하구 다대동로 10
582,부산해양경찰서명지파출소(명지파출소 연안구조정(주계류장소:진목항)-1),051-664-2234,"부산광역시 강서구 명지새동네길2번길 56-1, 부산해양경찰서 명지파출소 (명지동)",부산광역시 강서구 명지동 3221-4 부산해양경찰서 명지파출소,35.1065752357442,128.931346309486,부산 강서구 명지새동네길2번길 56
583,부산해양경찰서영도파출소(연안구조정 조타실 내),051-664-2527,"부산광역시 영도구 하리해안길 17-18, 부산해양경찰서 영도파출소 (동삼동)",부산광역시 영도구 동삼동 1174 부산해양경찰서 영도파출소,35.0699130743577,129.081726533815,부산 영도구 하리해안길 17-18
584,부산해양경찰서영도파출소(파출소 내),051-664-2527,"부산광역시 영도구 하리해안길 17-18, 부산해양경찰서 영도파출소 (동삼동)",부산광역시 영도구 동삼동 1174 부산해양경찰서 영도파출소,35.0699130743577,129.081726533815,부산 영도구 하리해안길 17-18
585,부산환경공단명지사업소(관리동 1층),051-888-6982,부산광역시 강서구 명지오션시티13로 12-11 (명지동),부산광역시 강서구 명지동 3226-1,35.0907898932524,128.898829627171,부산 강서구 명지오션시티13로 12-11
586,부암1동도시재생현장지원센터(1층 입구),051-802-3202,부산광역시 부산진구 동평로131번길 94 (부암동),부산광역시 부산진구 부암동 320-314,35.1688294696445,129.045671678846,부산 부산진구 동평로131번길 94
587,부암1동주민센터(동주민센터 입구),051-605-6708,부산광역시 부산진구 신천대로241번길 41  (부암동),부산광역시 부산진구 부암동 226 부암1동 주민센터,35.1632872965296,129.04856193453,부산 부산진구 신천대로241번길 41
588,부전1동주민센터(1층 민원실 내),051-605-6501,부산광역시 부산진구 범전로5번길 13  (부전동),부산광역시 부산진구 부전동 25-1 부전제1동 주민센터,35.1635130973079,129.0630024302,부산 부산진구 범전로5번길 13
589,부전2동주민센터(1층 계단 주변),051-605-6521,부산광역시 부산진구 부전로20번길 13  (부전동),부산광역시 부산진구 부전동 523-6 부전제2동 주민센터,35.1526047906349,129.056793647386,부산 부산진구 부전로20번길 13
590,부전역부산1호선(역무안전실 인근),051-678-6151,"부산광역시 부산진구 중앙대로 지하786, 부전역 (부전동)",부산광역시 부산진구 부전동 573-1 부전역,35.1626355663375,129.063011866198,부산 부산진구 중앙대로 지하 786
591,부평동주민센터(주민센터 앞),051-600-6361,"부산광역시 중구 중구로29번길 23, 부평동 주민센터 (부평동1가)",부산광역시 중구 부평동1가 30-27 부평동 주민센터,35.1003610716186,129.026538748455,부산 중구 중구로29번길 23
592,북구평생학습관(만덕도서관 3층),051-309-6171,"부산광역시 북구 은행나무로 26, 북구디지털도서관 (만덕동)",부산광역시 북구 만덕동 843 북구디지털도서관,35.2072412658823,129.037798081522,부산 북구 은행나무로 26
593,브라운스톤연제1단지아파트(1단지 관리사무소),051-865-2920,"부산광역시 연제구 연제로8번길 29 관리사무소 (연산동, 브라운스톤연제1단지)",부산광역시 연제구 연산동 2322 브라운스톤연제1단지 관리사무소,35.1781292696525,129.077732458495,부산 연제구 연제로8번길 29
594,사상구국제화센터(1층 엘레베이터 앞),051-366-0505,"부산광역시 사상구 덕상로72번길 27, 국제화센터 (덕포동)",부산광역시 사상구 덕포동 24-72 국제화센터,35.1775956546869,128.990817946741,부산 사상구 덕상로72번길 27
595,사상구국제화센터(2층 엘리베이터앞),051-366-0505,"부산광역시 사상구 덕상로72번길 27, 국제화센터 (덕포동)",부산광역시 사상구 덕포동 24-72 국제화센터,35.1775956546869,128.990817946741,부산 사상구 덕상로72번길 27
596,사상구보건소(2층 민원실 내),051-310-4791,부산광역시 사상구 학감대로 242,"부산광역시 사상구 학감대로 242, 사상구청 (감전동)",35.1525507231581,128.991456131232,부산 사상구 학감대로 242
597,사상구보건소다누림센타(1층 로비),051-310-4833,"부산광역시 사상구 가야대로196번길 51, 사상구 다누림센터 1층 (학장동)",부산광역시 사상구 학장동 288-12 사상구 다누림센터,35.1473813660731,128.995023021355,부산 사상구 가야대로196번길 51
598,사상구보건소다누림센타(사상노인복지관 5층 로비),051-310-4833,"부산광역시 사상구 가야대로196번길 51, 사상구 다누림센터 5층 (학장동)",부산광역시 사상구 학장동 288-12 사상구 다누림센터,35.1473813660731,128.995023021355,부산 사상구 가야대로196번길 51
599,사상구육아종합지원센터(1층 문 앞),051-321-3389,"부산광역시 사상구 낙동대로1210번길 17, 사상구 육아종합지원센터 (괘법동)",부산광역시 사상구 괘법동 516-69 사상구 육아종합지원센터,35.1680217708197,128.977894479286,부산 사상구 낙동대로1210번길 17
600,사상구청소년수련관(3층),051-316-2214,"부산광역시 사상구 덕상로 129, 사상구청소년수련관 (모라동)",부산광역시 사상구 모라동 1365-1 사상구청소년수련관,35.1833170145427,128.990560489725,부산 사상구 덕상로 129
601,사상근린공원(분수대 앞 화장실 입구),051-310-4522,부산광역시 사상구 백양대로 570(감전동),부산광역시 사상구 감전동 316,35.1586542586757,128.993572553389,부산 사상구 백양대로 570
602,사상도서관(종합자료실 앞(2층)),051-310-7951,부산광역시 사상구 덕상로72번길 9 (덕포동),부산광역시 사상구 덕포동  24-65 사상도서관 (덕포동),35.1781299330127,128.989794412318,부산 사상구 덕상로72번길 9
603,사상생활사박물관(사무실 앞(2층)),051-310-5138,부산광역시 사상구 낙동대로1258번길 36 (삼락동),부산광역시 사상구 삼락동  414-13 사상생활사박물관 (삼락동),35.1720257031256,128.978726921504,부산 사상구 낙동대로1258번길 36
604,사상아기성장터(센터 1층 내부),050-71364-3390,"부산광역시 사상구 백양대로 952, 모라1동 주민센터 (모라동)",부산광역시 사상구 모라동 1343번지 모라1동 주민센터,35.1910966563145,128.992345786104,부산 사상구 백양대로 952
605,사상지하철역(역무안전실 출입문옆),051-678-6227,"부산광역시 사상구 사상로 지하 203, 사상역 (괘법동)",부산광역시 사상구 괘법동 572번지 1호 사상역,35.1624645755924,128.984636635373,부산 사상구 사상로 지하 203
606,사직2차삼정그린코아아파트(201동 지상 회의실),051-505-1965,"부산광역시 동래구 쇠미로81번길 22 (사직동, 사직2차삼정그린코아아파트)","부산광역시 동래구 쇠미로81번길 22 (사직동, 사직2차삼정그린코아아파트)",35.2030857318743,129.054537240962,부산 동래구 쇠미로81번길 22
607,사직쌍용예가아파트(관리동),051-505-6070,"부산광역시 동래구 사직로 80 (사직동, 사직 쌍용 예가)","부산광역시 동래구 사직로 80 (사직동, 사직 쌍용 예가)",35.1966279852865,129.057505998382,부산 동래구 사직로 80
608,사직쌍용예가아파트(중문 보안실),051-505-6070,"부산광역시 동래구 사직로 80 (사직동, 사직 쌍용 예가)","부산광역시 동래구 사직로 80 (사직동, 사직 쌍용 예가)",35.1966279852865,129.057505998382,부산 동래구 사직로 80
609,사하구보건소(보건소 구급차),051-220-5732,"부산광역시 사하구 하신중앙로 185, 사하구 제2청사, 사하구보건소 (신평동)","부산광역시 사하구 신평동 646-2 사하구 제2청사, 신평2동행정복지센터",35.0949676281423,128.961540805872,부산 사하구 하신중앙로 185
610,사하구보건소(보건소 1층 민원실),051-220-5732,"부산광역시 사하구 하신중앙로 185, 사하구 제2청사, 사하구보건소 (신평동)","부산광역시 사하구 신평동 646-2 사하구 제2청사, 신평2동행정복지센터",35.0949676281423,128.961540805872,부산 사하구 하신중앙로 185
611,사하구보훈회관(1층 현관 입구),051-263-0625,부산광역시 사하구 사하로141번나길 11-1 (괴정동),부산광역시 사하구 괴정동 494-10,35.0939906309294,128.9916865163,부산 사하구 사하로141번나길 11-1
612,사하구시설관리사업소(임해행정봉사실 1층),051-220-5895,"부산광역시 사하구 몰운대1길 14, 임해행정봉사실,다대1동행정복지센터 (다대동)","부산광역시 사하구 다대동 482-3 임해행정봉사실,다대1동행정복지센터",35.046379810293,128.968007746434,부산 사하구 몰운대1길 14
613,사하구청소년문화의집(1층 중앙 복도),051-261-0924,부산광역시 사하구 다대로 716-1 (다대동),부산광역시 사하구 다대동 1548번지 26호,35.0495141996778,128.963329505122,부산 사하구 다대로 716-1
614,사하사랑채노인복지관(1층출입문),051-293-9544,부산광역시 사하구 사리로 35 (괴정동),부산광역시 사하구 괴정동 284-1,35.1030352343743,128.998738503842,부산 사하구 사리로 35
615,사하중흥S-클래스아파트(경비실),051-266-5999,"부산광역시 사하구 서포로30번길 42(구평동, 부산사하 중흥S-클래스)",부산광역시 사하구 구평동 513 부산사하 중흥S-클래스,35.0813328998267,128.988418279772,부산 사하구 서포로30번길 42
616,삼락동행정복지센터(삼락동행정복지센터 내),051-310-3001,부산광역시 사상구 낙동대로1310번길 19  (삼락동),부산광역시 사상구 삼락동 396-23 삼락동 주민센터,35.1770106221283,128.977641627251,부산 사상구 낙동대로1310번길 19
617,삼락생태공원(관리사무소 내),051-303-0048,"부산광역시 사상구 낙동대로 1231, 강변공원관리사무소 (삼락동)",부산광역시 사상구 삼락동 617-3 강변공원관리사무소,35.1700126498046,128.976569862855,부산 사상구 낙동대로 1231
618,삼락생태공원(체력단련장),051-303-0048,"부산광역시 사상구 낙동대로 1231, 강변공원관리사무소 (삼락동)",부산광역시 사상구 삼락동 617-3 강변공원관리사무소,35.1700126498046,128.976569862855,부산 사상구 낙동대로 1231
619,삼성물산명륜2재건축현장(현장),010-****-****,부산광역시 동래구 명륜로187번길 51 (명륜동),부산광역시 동래구 명륜동 681-34,35.2110436970703,129.079885802902,부산 동래구 명륜로187번길 51
620,삼성물산명륜2재건축현장(현장),010-****-****,부산광역시 동래구 명륜로187번길 51 (명륜동),부산광역시 동래구 명륜동 681-34,35.2110436970703,129.079885802902,부산 동래구 명륜로187번길 51
621,삼성물산명륜2재건축현장(사무실),010-****-****,부산광역시 동래구 명륜로187번길 51 (명륜동),부산광역시 동래구 명륜동 681-34,35.2110436970703,129.079885802902,부산 동래구 명륜로187번길 51
622,삼성여객(회동동차고지 본관 1층 로비),051-759-8020,부산광역시 연제구 좌수영로 300(연산동),부산광역시 연제구 연산동 461,35.1886173637126,129.109776013611,부산 연제구 좌수영로 300
623,삼성여객(삼성여객(연산)본관 1층 로비),051-759-8020,부산광역시 연제구 좌수영로 300(연산동),부산광역시 연제구 연산동 461,35.1886173637126,129.109776013611,부산 연제구 좌수영로 300
624,삼신교통(주)(사무실 출입문 옆),051-508-0049,"부산광역시 금정구 중앙대로 2310, 금정시내버스 공영차고지 (노포동)",부산광역시 금정구 노포동 1176 금정시내버스 공영차고지,35.2893065535644,129.100739953788,부산 금정구 중앙대로 2310
625,삼정그린코아더베스트(관리동 출입구),051-723-9441,부산광역시 기장군 기장읍 기장대로 82-8 관리사무소 (삼정그린코아 더베스트),부산광역시 기장군 기장읍 내리 792 삼정그린코아 더베스트 관리사무소,35.2040536747351,129.207169705909,부산 기장군 기장읍 기장대로 82-8
626,삼한골든뷰센트럴파크(102동 피난대피소(5-8라인)),051-819-7360,"부산광역시 부산진구 중앙대로 821(범전동, 삼한골든뷰 센트럴파크)",부산광역시 부산진구 범전동 450 삼한골든뷰 센트럴파크,35.1651823884655,129.062929485071,부산 부산진구 중앙대로 821
627,삼한골든뷰센트럴파크(102동 피난대피소(1-4라인)),051-819-7360,"부산광역시 부산진구 중앙대로 821(범전동, 삼한골든뷰 센트럴파크)",부산광역시 부산진구 범전동 450 삼한골든뷰 센트럴파크,35.1651823884655,129.062929485071,부산 부산진구 중앙대로 821
628,삼한골든뷰센트럴파크(103동 피난대피소(5-8라인)),051-819-7360,"부산광역시 부산진구 중앙대로 821(범전동, 삼한골든뷰 센트럴파크)",부산광역시 부산진구 범전동 450 삼한골든뷰 센트럴파크,35.1651823884655,129.062929485071,부산 부산진구 중앙대로 821
629,삼한골든뷰센트럴파크(101동 피난대피소(5-8라인)),051-819-7360,"부산광역시 부산진구 중앙대로 821(범전동, 삼한골든뷰 센트럴파크)",부산광역시 부산진구 범전동 450 삼한골든뷰 센트럴파크,35.1651823884655,129.062929485071,부산 부산진구 중앙대로 821
630,삼한골든뷰센트럴파크(101동 피난대피소(1-4라인)),051-819-7360,"부산광역시 부산진구 중앙대로 821(범전동, 삼한골든뷰 센트럴파크)",부산광역시 부산진구 범전동 450 삼한골든뷰 센트럴파크,35.1651823884655,129.062929485071,부산 부산진구 중앙대로 821
631,삼한골든뷰센트럴파크(103동 피난대피소(1-4라인)),051-819-7360,"부산광역시 부산진구 중앙대로 821(범전동, 삼한골든뷰 센트럴파크)",부산광역시 부산진구 범전동 450 삼한골든뷰 센트럴파크,35.1651823884655,129.062929485071,부산 부산진구 중앙대로 821
632,삼한골든뷰센트럴파크(관리사무소 내부),051-819-7360,"부산광역시 부산진구 중앙대로 821 (범전동, 삼한골든뷰 센트럴파크)","부산광역시 부산진구 중앙대로 821 (범전동, 삼한골든뷰 센트럴파크)",35.1651823884655,129.062929485071,부산 부산진구 중앙대로 821
633,삼한골든뷰에듀스테이션(102동 1층 무인택배 옆),051-517-5006,부산광역시 금정구 중앙대로1629번길 16(부곡동),부산광역시 금정구 부곡동 981,35.2308898916178,129.089724186277,부산 금정구 중앙대로1629번길 16
634,삼한골든뷰에듀스테이션(101동 1호 승강기 내),051-517-5006,부산광역시 금정구 중앙대로1629번길 16(부곡동),부산광역시 금정구 부곡동 981,35.2308898916178,129.089724186277,부산 금정구 중앙대로1629번길 16
635,삼한골든뷰에듀스테이션(105동 3-4호 1층 무인택배 옆),051-517-5006,부산광역시 금정구 중앙대로1629번길 16(부곡동),부산광역시 금정구 부곡동 981,35.2308898916178,129.089724186277,부산 금정구 중앙대로1629번길 16
636,삼한골든뷰에듀스테이션(104동 3-4호 1층 무인택배 옆),051-517-5006,부산광역시 금정구 중앙대로1629번길 16(부곡동),부산광역시 금정구 부곡동 981,35.2308898916178,129.089724186277,부산 금정구 중앙대로1629번길 16
637,삼한골든뷰에듀스테이션(105동 1-2호 1층 무인택배 옆),051-517-5006,부산광역시 금정구 중앙대로1629번길 16(부곡동),부산광역시 금정구 부곡동 981,35.2308898916178,129.089724186277,부산 금정구 중앙대로1629번길 16
638,삼한골든뷰에듀스테이션(103동 1층 무인택배 옆),051-517-5006,부산광역시 금정구 중앙대로1629번길 16(부곡동),부산광역시 금정구 부곡동 981,35.2308898916178,129.089724186277,부산 금정구 중앙대로1629번길 16
639,삼한골든뷰에듀스테이션(104동1-2호 1층 무인택배옆),051-517-5006,부산광역시 금정구 중앙대로1629번길 16(부곡동),부산광역시 금정구 부곡동 981,35.2308898916178,129.089724186277,부산 금정구 중앙대로1629번길 16
640,삼한골든뷰에듀스테이션(101동 2호 승강기 내),051-517-5006,부산광역시 금정구 중앙대로1629번길 16(부곡동),부산광역시 금정구 부곡동 981,35.2308898916178,129.089724186277,부산 금정구 중앙대로1629번길 16
641,삼한그린타운1차아파트(관리사무소 내),051-543-8852,"부산광역시 해운대구 신반송로 171  (반송동, 삼한그린타운)",부산광역시 해운대구 반송동 888 삼한그린타운,35.2283608986228,129.161220489965,부산 해운대구 신반송로 171
642,삼한힐파크아파트(삼한힐파크아파트 107동 경비실),051-363-9968,부산광역시 북구 화명대로 121 삼한힐파크아파트 (화명동),부산광역시 북구 화명동 732 삼한힐파크 삼한힐파크아파트,35.2359025431473,129.020553438825,부산 북구 화명대로 121
643,삼한힐파크아파트(삼한힐파크아파트 106동 경비실),051-363-9968,부산광역시 북구 화명대로 121 삼한힐파크아파트 (화명동),부산광역시 북구 화명동 732 삼한힐파크 삼한힐파크아파트,35.2359025431473,129.020553438825,부산 북구 화명대로 121
644,삼한힐파크아파트(삼한힐파크아파트 108동경비실),051-363-9968,부산광역시 북구 화명대로 121 삼한힐파크아파트 (화명동),부산광역시 북구 화명동 732 삼한힐파크 삼한힐파크아파트,35.2359025431473,129.020553438825,부산 북구 화명대로 121
645,삼한힐파크아파트(삼한힐파크아파트 102동 경비실),051-363-9968,부산광역시 북구 화명대로 121 삼한힐파크아파트 (화명동),부산광역시 북구 화명동 732 삼한힐파크 삼한힐파크아파트,35.2359025431473,129.020553438825,부산 북구 화명대로 121
646,삼한힐파크아파트(삼한힐파크아파트103동 경비실),051-363-9968,부산광역시 북구 화명대로 121 삼한힐파크아파트 (화명동),부산광역시 북구 화명동 732 삼한힐파크 삼한힐파크아파트,35.2359025431473,129.020553438825,부산 북구 화명대로 121
647,새봄병원(9병동 간호사실),051-503-8288,부산광역시 동래구 충렬대로 152(온천동),부산광역시 동래구 온천동 1441-13,35.2046130923837,129.076599575529,부산 동래구 충렬대로 152
648,서2동주민센터(민원실),051-519-5123,"부산광역시 금정구 서동중심로 33, 서2동 행정복지센터 (서동)",부산광역시 금정구 서동 297-446 서2동 행정복지센터,35.2128729244354,129.104500940031,부산 금정구 서동중심로 33
649,서3동주민센터(민원실),051-519-5140,부산광역시 금정구 서곡로33번길 9 서3동주민센터,부산광역시 금정구 서동 397-8 서3동주민센터 서3동주민센터,35.2171994057987,129.103931508487,부산 금정구 서곡로33번길 9
650,서구가족복지센터(서구가족복지센터 1층 로비),051-240-4352,"부산광역시 서구 구덕로 127, 서구가족센터 (토성동5가)",부산광역시 서구 토성동5가 56-4,35.0963325838504,129.022058016701,부산 서구 구덕로 127
651,서구보건소(서구보건소 민원실),051-240-4859,"부산광역시 서구 부용로 30, 서구보건소 부민노인복지관 (부용동2가)",부산광역시 서구 부용동2가 86 서구보건소 부민노인복지관,35.1074360292851,129.018038350622,부산 서구 부용로 30
652,서대신역(대합실),6786107,부산광역시 서구 대영로 지하 1 (서대신동2가 338),부산광역시 서구 서대신동2가  338 (서대신동2가 338),35.1109028475878,129.012175222757,부산 서구 대영로 지하 1
653,서면e편한세상아파트(서면e편한세상아파트 정문 경비실),051-817-6755,"부산광역시 부산진구 가야대로 702  (범천동, 서면 이-편한세상)",부산광역시 부산진구 범천동 1054 서면 이-편한세상,35.1564058760801,129.048580378752,부산 부산진구 가야대로 702
654,서면노르웨이아침아파트(1층 로비 경비데스크),051-817-7063,"부산광역시 부산진구 동천로 10-1  (전포동, 서면노르웨이아침)",부산광역시 부산진구 전포동 892-21 서면노르웨이아침,35.1499346550732,129.063479015263,부산 부산진구 동천로 10-1
655,서면대우디오빌Ⅱ(관리사무소),051-819-3333,"부산광역시 부산진구 전포대로 274  (전포동, 서면대우디오빌2)",부산광역시 부산진구 전포동 181-1 서면대우디오빌2,35.1609777083749,129.06583954255,부산 부산진구 전포대로 274
656,서면롯데캐슬스카이아파트(중앙초소),051-816-0074,"부산광역시 부산진구 전포대로275번길 20  (전포동, 서면롯데캐슬스카이)",부산광역시 부산진구 전포동 587 서면롯데캐슬스카이,35.1621266937729,129.06481942148,부산 부산진구 전포대로275번길 20
657,서면베르빌2아파트(1층 경비실 내부),051-633-7848,"부산광역시 부산진구 중앙대로 584  (범천동, 서면베르빌2)",부산광역시 부산진구 범천동 879-2 서면베르빌2,35.1451362665212,129.058408571234,부산 부산진구 중앙대로 584
658,서면삼익아파트(서면삼익아파트 관리사무소),051-897-6996,"부산광역시 부산진구 당감로 17  (당감동, 삼익아파트)",부산광역시 부산진구 당감동 177-1 삼익아파트,35.1619817959221,129.039811080995,부산 부산진구 당감로 17
659,서면아이파크아파트(커뮤니티센타 입구),051-809-2920,"부산광역시 부산진구 동성로 50 (전포동, 서면아이파크아파트)",부산광역시 부산진구 전포동 268 서면아이파크아파트,35.1551400379108,129.068740212481,부산 부산진구 동성로 50
660,서면역 부산1호선(역무안전실 인근),051-678-6119,"부산광역시 부산진구 중앙대로 지하730, 서면역 (부전동)",부산광역시 부산진구 부전동 573-1 서면역,35.157764059003,129.059035752371,부산 부산진구 중앙대로 지하 730
661,서면한신아파트(103동 경비실내),051-808-1263,"부산광역시 부산진구 전포대로 294(전포동, 서면한신아파트)",부산광역시 부산진구 전포동 170-1 서면한신아파트,35.1628237857617,129.066855875941,부산 부산진구 전포대로 294
662,센텀KCC스위첸아파트(관리사무소 출입구),051-532-2006,"부산광역시 해운대구 반여로 42, 센텀KCC스위첸아파트 (반여동)",부산광역시 해운대구 반여동 1317-3,35.1957283041092,129.121810026548,부산 해운대구 반여로 42
663,센텀SK뷰아파트(1층 통합관제실),051-521-0506,"부산광역시 해운대구 삼어로 55 (반여동, 센텀에스케이뷰아파트)",부산광역시 해운대구 반여동 1174-1 센텀에스케이뷰아파트,35.2035746936972,129.113815248581,부산 해운대구 삼어로 55
664,센텀e편한세상아파트(관리사무실 입구 우측 벽면),051-783-0421,부산광역시 해운대구 해운대로76번길 55,부산광역시 해운대구 재송동 939-2 센텀이편한세상아파트,35.1894075654125,129.117781339516,부산 해운대구 해운대로76번길 55
665,센텀동부센트레빌(제1초소),051-784-0067,"부산광역시 해운대구 해운대로161번길 12, 센텀동부센트레빌아파트 (재송동, 센텀동부센트레빌아파트)",부산광역시 해운대구 재송동 380-1 센텀동부센트레빌아파트,35.183765939939,129.1243696844,부산 해운대구 해운대로161번길 12
666,센텀롯데캐슬2차아파트(경비실 1초소),051-521-1081,"부산광역시 해운대구 반여로 68-12  (반여동, 센텀롯데캐슬2차아파트)",부산광역시 해운대구 반여동 1660 센텀롯데캐슬2차아파트,35.1974725711421,129.124845431852,부산 해운대구 반여로 68-12
667,센텀롯데캐슬2차아파트(경비실 3초소),051-521-1081,"부산광역시 해운대구 반여로 68-12  (반여동, 센텀롯데캐슬2차아파트)",부산광역시 해운대구 반여동 1660 센텀롯데캐슬2차아파트,35.1974725711421,129.124845431852,부산 해운대구 반여로 68-12
668,센텀롯데캐슬아파트(1정문 경비실),051-521-4343,"부산광역시 해운대구 반여로 133  (반여동, 장산1차롯데낙천대아파트)",부산광역시 해운대구 반여동 1619 장산1차롯데낙천대아파트,35.2048510083995,129.123877307552,부산 해운대구 반여로 133
669,센텀롯데캐슬아파트(2정문 경비실),051-521-4343,"부산광역시 해운대구 반여로 133  (반여동, 장산1차롯데낙천대아파트)",부산광역시 해운대구 반여동 1619 장산1차롯데낙천대아파트,35.2048510083995,129.123877307552,부산 해운대구 반여로 133
670,센텀롯데캐슬아파트(관리사무소),051-521-4343,"부산광역시 해운대구 반여로 133  (반여동, 장산1차롯데낙천대아파트)",부산광역시 해운대구 반여동 1619 장산1차롯데낙천대아파트,35.2048510083995,129.123877307552,부산 해운대구 반여로 133
671,센텀리버SK뷰아파트(관리사무소내),051-759-7533,"부산광역시 연제구 좌수영로 225  (연산동, 센텀리버 SK VIEW 아파트)",부산광역시 연제구 연산동 2317 센텀리버 SK VIEW 아파트,35.1837740022009,129.113720499138,부산 연제구 좌수영로 225
672,센텀리슈빌(경비실),051-784-3830,"부산광역시 해운대구 해운대로76번길 40  (재송동, 센텀계룡리슈빌)",부산광역시 해운대구 재송동 938 센텀계룡리슈빌,35.1914736526709,129.115924574502,부산 해운대구 해운대로76번길 40
673,센텀비스타동원2차아파트(정문경비실),051-755-7537,"부산광역시 수영구 무학로63번길 142(민락동, 센텀비스타동원2차)",부산광역시 수영구 민락동 774 센텀비스타동원2차,35.1674750533115,129.118971576322,부산 수영구 무학로63번길 142
674,센텀비스타동원아파트(주 출입문 보안실 내),051-759-8861,"부산광역시 수영구 수영로 754  (민락동, 센텀비스타동원)",부산광역시 수영구 민락동 778 센텀비스타동원,35.1672489290806,129.120800367051,부산 수영구 수영로 754
675,센텀센시빌아파트(출입구 보안실 내),051-746-9597,"부산광역시 해운대구 해운대로 284 (우동, 센텀센시빌아파트)",부산광역시 해운대구 우동 1228 센텀센시빌아파트,35.1745345473452,129.13087471346,부산 해운대구 해운대로 284
676,센텀우신골든빌아파트(관리사무소 내),051-783-5630,"부산광역시 해운대구 재반로125번길 30  (재송동, 센텀우신골든빌아파트)",부산광역시 해운대구 재송동 1048-3 센텀우신골든빌아파트,35.1901071344599,129.125837136089,부산 해운대구 재반로125번길 30
677,센텀트루엘아파트(1단지 경비실),051-524-2007,"부산광역시 해운대구 삼어로133번나길 17(반여동, 해운대센텀트루엘 1단지)",부산광역시 해운대구 반여동 1682 해운대센텀트루엘 1단지,35.207635823241,129.118658128895,부산 해운대구 삼어로133번나길 17
678,센트럴스타힐스아파트(104동 1층 경비실),051-328-9890,"부산광역시 사상구 사상로223번길 23(괘법동, 센트럴 스타힐스)",부산광역시 사상구 괘법동 526-2 센트럴 스타힐스,35.1641703820883,128.981914602925,부산 사상구 사상로223번길 23
679,수영SKVIEW1단지아파트(정문경비실),051-754-6614,"부산광역시 수영구 망미배산로 56 (망미동, 수영SKVIEW1단지)",부산광역시 수영구 망미동 1176번지 수영SKVIEW1단지,35.1767886824248,129.101455155274,부산 수영구 망미배산로 56
680,수영구보건소(2층 진료실 문 앞),051-610-5607,"부산광역시 수영구 수영로 637-5, 수영구 보건소 (광안동)",부산광역시 수영구 광안동 661번지 1호 수영구 보건소,35.1627218852457,129.113942398082,부산 수영구 수영로 637
681,수영구보건소(일반구급차(729라2727)),051-610-5607,"부산광역시 수영구 수영로 637-5, 수영구 보건소 (광안동)",부산광역시 수영구 광안동 661-1 수영구 보건소,35.1627218852457,129.113942398082,부산 수영구 수영로 637
682,수영구생활문화센터(수영구 생활문화센터 1층),051-610-4068,"부산광역시 수영구 광안해변로 219, 수영구문화센터 1층 (광안동)",부산광역시 수영구 광안동 192-20 수영구문화센터,35.1537727634193,129.118519972498,부산 수영구 광안해변로 219
683,수영구청문화관광과(광안리해양레포츠센터 탈의실 앞),051-610-4954,"부산광역시 수영구 광안해변로54번길 222, 광안리 해양레포츠센터 (남천동)",부산광역시 수영구 남천동 148-103 광안리 해양레포츠센터,35.1461443836988,129.115325581127,부산 수영구 광안해변로54번길 222
684,수영구청문화관광과(사계절모바일샤워장 매표소 내),051-610-4954,"부산광역시 수영구 광안해변로54번길 222, 광안리 해양레포츠센터 (남천동)",부산광역시 수영구 남천동 509-5,35.1461443836988,129.115325581127,부산 수영구 광안해변로54번길 222
685,수영구청문화관광과(사계절모바일샤워장 매표소 앞),051-610-4954,"부산광역시 수영구 광안해변로54번길 222, 광안리 해양레포츠센터 (남천동)",부산광역시 수영구 남천동 509-5,35.1461443836988,129.115325581127,부산 수영구 광안해변로54번길 222
686,수영동행정복지센터(1층 민원실 입구 좌측 벽면),051-610-5921,부산광역시 수영구 수영성로 36 수영동행정복지센터 (수영동),부산광역시 수영구 수영동 191-2 수영동주민센터 수영동행정복지센터,35.1705100082735,129.116051317734,부산 수영구 수영성로 36
687,수영현대아파트(관리사무실),051-755-4063,"부산광역시 수영구 수영로741번길 20(수영동, 현대아파트)",부산광역시 수영구 수영동 541 현대아파트,35.1673047822004,129.122786494183,부산 수영구 수영로741번길 20
688,수정1동행정복지센터(수정1동행정복지센터 민원실),051-440-6181,"부산광역시 동구 홍곡로 71, 수정1동 주민자치센터 (수정동)",부산광역시 동구 수정동 1011-126 수정1동 주민자치센터,35.1254190753485,129.04225565969,부산 동구 홍곡로 71
689,수정강변타운아파트(관리사무소 옆),051-341-7520,"부산광역시 북구 학사로17번길 31(화명동, 수정강변타운)",부산광역시 북구 화명동 2322 수정강변타운,35.2213244327728,129.0060121223,부산 북구 학사로17번길 31
690,스투트가르트스포츠카(주)부산서비스센터(지하2층),051-930-0430,부산광역시 해운대구 해운대로219번길 3 (재송동),부산광역시 해운대구 재송동 661-3 YJ타워,35.1790670908223,129.126571808053,부산 해운대구 해운대로219번길 3
691,시청역비스타동원(104동 1층 관리사무소),051-868-2890,"부산광역시 연제구 연제로 30 (연산동, 시청역 비스타 동원)",부산광역시 연제구 연산동 2362 시청역 비스타 동원,35.1792657348573,129.076959383109,부산 연제구 연제로 30
692,시청역비스타동원(정문 경비실),051-868-2890,"부산광역시 연제구 연제로 30 (연산동, 시청역 비스타 동원)",부산광역시 연제구 연산동 2362 시청역 비스타 동원,35.1792657348573,129.076959383109,부산 연제구 연제로 30
693,신대연코오롱하늘채아파트(상가건물 2층 관리사무소 내),051-612-0355,"부산광역시 남구 홍곡로320번길 132 (용당동, 신대연코오롱하늘채아파트)",부산광역시 남구 용당동 599-1 신대연코오롱하늘채아파트,35.1224968312942,129.093613634617,부산 남구 홍곡로320번길 132
694,신라대학교(인문관1층 로비),051-999-5000,"부산광역시 사상구 백양대로700번길 140, 신라대학교 (괘법동)",부산광역시 사상구 괘법동 산 1-23 신라대학교,35.1720524953802,128.99779692981,부산 사상구 백양대로700번길 140
695,신라대학교(중앙도서관 1층로비),051-999-5000,"부산광역시 사상구 백양대로700번길 140, 신라대학교 (괘법동)",부산광역시 사상구 괘법동 산 1-23 신라대학교,35.1720524953802,128.99779692981,부산 사상구 백양대로700번길 140
696,신라대학교(의생명관 1층로비),051-999-5000,"부산광역시 사상구 백양대로700번길 140, 신라대학교 (괘법동)",부산광역시 사상구 괘법동 산 1-23 신라대학교,35.1720524953802,128.99779692981,부산 사상구 백양대로700번길 140
697,신라대학교(대학본부동1층 로비),051-999-5000,"부산광역시 사상구 백양대로700번길 140, 신라대학교 (괘법동)",부산광역시 사상구 괘법동 산 1-23 신라대학교,35.1720524953802,128.99779692981,부산 사상구 백양대로700번길 140
698,신라대학교(글로벌타운 B1),051-999-5000,"부산광역시 사상구 백양대로700번길 140, 신라대학교 (괘법동)",부산광역시 사상구 괘법동 산 1-23 신라대학교,35.1720524953802,128.99779692981,부산 사상구 백양대로700번길 140
699,신라대학교(백양생활관 1층),051-999-5000,"부산광역시 사상구 백양대로700번길 140, 신라대학교 (괘법동)",부산광역시 사상구 괘법동 산 1-23 신라대학교,35.1720524953802,128.99779692981,부산 사상구 백양대로700번길 140
700,신만덕베스티움에코포레(관리사무실 앞),051-336-8932,"부산광역시 북구 상리로 86(만덕동, 백양산베스티움에코포레)",부산광역시 북구 만덕동 861-7 백양산베스티움에코포레,35.2071617886075,129.043239180592,부산 북구 상리로 86
701,신만덕쌍용예가아파트(정문경비초소),051-331-0384,부산광역시 북구 만덕3로 49,부산광역시 북구 만덕3로 49,35.2124756476365,129.030737502154,부산 북구 만덕3로 49
702,신세계센텀시티백화점(몰 1층 1번게이트 앞),051-745-1605,"부산광역시 해운대구 센텀남대로 35, 신세계백화점센텀시티점 (우동)",부산광역시 해운대구 우동 1495 신세계백화점센텀시티점,35.1688178394069,129.129523260187,부산 해운대구 센텀남대로 35
703,신세계센텀시티백화점(1층 안내데스크),051-745-1605,"부산광역시 해운대구 센텀남대로 35, 신세계백화점센텀시티점 (우동)",부산광역시 해운대구 우동 1495 신세계백화점센텀시티점,35.1688178394069,129.129523260187,부산 해운대구 센텀남대로 35
704,신세계센텀시티백화점(3층 중앙 보이드),051-745-1605,"부산광역시 해운대구 센텀남대로 35, 신세계백화점센텀시티점 (우동)",부산광역시 해운대구 우동 1495 신세계백화점센텀시티점,35.1688178394069,129.129523260187,부산 해운대구 센텀남대로 35
705,신세계센텀시티백화점(스파랜드 남탕 입구),051-745-1605,"부산광역시 해운대구 센텀남대로 35, 신세계백화점센텀시티점 (우동)",부산광역시 해운대구 우동 1495 신세계백화점센텀시티점,35.1688178394069,129.129523260187,부산 해운대구 센텀남대로 35
706,신세계센텀시티백화점(몰 1층 사원출입구),051-745-1605,"부산광역시 해운대구 센텀남대로 35, 신세계백화점센텀시티점 (우동)",부산광역시 해운대구 우동 1495 신세계백화점센텀시티점,35.1688178394069,129.129523260187,부산 해운대구 센텀남대로 35
707,신세계센텀시티백화점(몰B2층 EL 1번홀(동선기둥)),051-745-1605,"부산광역시 해운대구 센텀남대로 35, 신세계백화점센텀시티점 (우동)",부산광역시 해운대구 우동 1495 신세계백화점센텀시티점,35.1688178394069,129.129523260187,부산 해운대구 센텀남대로 35
708,신세계센텀시티백화점(몰 B3층 고객1번 E/V),051-745-1605,"부산광역시 해운대구 센텀남대로 35, 신세계백화점센텀시티점 (우동)",부산광역시 해운대구 우동 1495 신세계백화점센텀시티점,35.1688178394069,129.129523260187,부산 해운대구 센텀남대로 35
709,신세계센텀시티백화점(10층 트리니티클럽),051-745-1605,"부산광역시 해운대구 센텀남대로 35, 신세계백화점센텀시티점 (우동)",부산광역시 해운대구 우동 1495 신세계백화점센텀시티점,35.1688178394069,129.129523260187,부산 해운대구 센텀남대로 35
710,신세계센텀시티백화점(6층 아카데미),051-745-1605,"부산광역시 해운대구 센텀남대로 35, 신세계백화점센텀시티점 (우동)",부산광역시 해운대구 우동 1495 신세계백화점센텀시티점,35.1688178394069,129.129523260187,부산 해운대구 센텀남대로 35
711,신세계센텀시티백화점(9층 문화홀),051-745-1605,"부산광역시 해운대구 센텀남대로 35, 신세계백화점센텀시티점 (우동)",부산광역시 해운대구 우동 1495 신세계백화점센텀시티점,35.1688178394069,129.129523260187,부산 해운대구 센텀남대로 35
712,신세계센텀시티백화점(7층 동관 보이드),051-745-1605,"부산광역시 해운대구 센텀남대로 35, 신세계백화점센텀시티점 (우동)",부산광역시 해운대구 우동 1495 신세계백화점센텀시티점,35.1688178394069,129.129523260187,부산 해운대구 센텀남대로 35
713,신세계센텀시티백화점(몰3층 1번 E/V),051-745-1605,"부산광역시 해운대구 센텀남대로 35, 신세계백화점센텀시티점 (우동)",부산광역시 해운대구 우동 1495 신세계백화점센텀시티점,35.1688178394069,129.129523260187,부산 해운대구 센텀남대로 35
714,신세계센텀시티백화점(4층 아이스링크장),051-745-1605,"부산광역시 해운대구 센텀남대로 35, 신세계백화점센텀시티점 (우동)",부산광역시 해운대구 우동 1495 신세계백화점센텀시티점,35.1688178394069,129.129523260187,부산 해운대구 센텀남대로 35
715,신세계센텀시티백화점(몰4층 EL 1번홀),051-745-1605,"부산광역시 해운대구 센텀남대로 35, 신세계백화점센텀시티점 (우동)",부산광역시 해운대구 우동 1495 신세계백화점센텀시티점,35.1688178394069,129.129523260187,부산 해운대구 센텀남대로 35
716,신세계센텀시티백화점(B1층 E/V 3번),051-745-1605,"부산광역시 해운대구 센텀남대로 35, 신세계백화점센텀시티점 (우동)",부산광역시 해운대구 우동 1495 신세계백화점센텀시티점,35.1688178394069,129.129523260187,부산 해운대구 센텀남대로 35
717,신세계센텀시티백화점(11층 골프레인지),051-745-1605,"부산광역시 해운대구 센텀남대로 35, 신세계백화점센텀시티점 (우동)",부산광역시 해운대구 우동 1495 신세계백화점센텀시티점,35.1688178394069,129.129523260187,부산 해운대구 센텀남대로 35
718,신장림사랑채노인복지관(2층 승강기 옆),051-266-8515,부산광역시 사하구 다대로300번길 9 (장림동),부산광역시 사하구 장림동 385,35.0750862167461,128.976327846512,부산 사하구 다대로300번길 9
719,신평럭키무지개아파트(관리사무실),051-206-5919,"부산광역시 사하구 신산북로43번길 43 (신평동, 신평럭키무지개타운)",부산광역시 사하구 신평동 206-1 신평럭키무지개타운,35.0930367630439,128.969835825273,부산 사하구 신산북로43번길 43
720,신평지하철역(고객센터 앞),051-678-6102,"부산광역시 사하구 하신번영로 140, 신평지하철기지창 (신평동)",부산광역시 사하구 신평동 646번지 신평지하철기지창,35.0921593227113,128.960589576547,부산 사하구 하신번영로 140
721,신평현대아파트(1-1초소 경비실),051-293-2611,"부산광역시 사하구 하신중앙로 170(신평동, 신평현대아파트)",부산광역시 사하구 신평동 400 신평현대아파트,35.0938469892527,128.96428483733,부산 사하구 하신중앙로 170
722,신평현대아파트(102동 경비실),051-293-2611,"부산광역시 사하구 하신중앙로 170(신평동, 신평현대아파트)",부산광역시 사하구 신평동 400 신평현대아파트,35.0938469892527,128.96428483733,부산 사하구 하신중앙로 170
723,신한여객자동차(주)(신한여객태종대영업소),051-405-1040,"부산광역시 영도구 태종로 819, 신한여객자동차(주) (동삼동)",부산광역시 영도구 동삼동 986-15 신한여객자동차(주),35.0633452971412,129.081671840857,부산 영도구 태종로 819
724,신화명리버뷰자이아파트(관리사무소 내),051-363-9331,"부산광역시 북구 금곡대로470번길 29  (금곡동, 신화명리버뷰자이)",부산광역시 북구 금곡동 1918 신화명리버뷰자이,35.2512280459782,129.012371521078,부산 북구 금곡대로470번길 29
725,실버벨노인종합복지관(2층 복도),051-337-5959,"부산광역시 북구 시랑로114번길 45, 장선종합사회복지관 (구포동)",부산광역시 북구 구포동 1255-2 장선종합사회복지관,35.1942692627747,129.008691896335,부산 북구 시랑로114번길 45
726,실버힐링센터(3층 로비),051-220-5987,부산광역시 사하구 까치고개로 50-10 (괴정동),부산광역시 사하구 괴정동 12번지 31호,35.104483975363,129.00634623214,부산 사하구 까치고개로 50-10
727,쌍용스윗닷홈스카이아파트(관리사무소),051-807-3266,"부산광역시 부산진구 시민공원로 11  (부암동, 서면쌍용스윗닷홈SKY)",부산광역시 부산진구 부암동 63-3 서면쌍용스윗닷홈SKY,35.1634984252679,129.050697797136,부산 부산진구 시민공원로 11
728,쌍용예가(1단지 경비 1초소 내),051-626-8023,부산광역시 남구 용호로216번가길 10,부산광역시 남구 용호동 976 용호예가,35.1127482728234,129.109284097366,부산 남구 용호로216번가길 10
729,쌍용예가(2단지 경비 3초소 내),051-626-8023,부산광역시 남구 용호로216번가길 10,부산광역시 남구 용호동 976 용호예가,35.1127482728234,129.109284097366,부산 남구 용호로216번가길 10
730,씨제이제일제당부산공장(건강관리실),051-200-2319,부산광역시 사하구 다대로 210 (장림동),부산광역시 사하구 장림동 1037,35.0841635146541,128.974586493951,부산 사하구 다대로 210
731,아난티코브(라이프가드사무실),051-604-7000,"부산광역시 기장군 기장읍 기장해안로 268-31, 아난티 펜트하우스 해운대",부산광역시 기장군 기장읍 시랑리 704 아난티 펜트하우스 해운대,35.2001640994822,129.228896295351,부산 기장군 기장읍 기장해안로 268-31
732,아난티코브(맥퀸즈클럽 9층),051-604-7000,"부산광역시 기장군 기장읍 기장해안로 268-31, 아난티 펜트하우스 해운대",부산광역시 기장군 기장읍 시랑리 704 아난티 펜트하우스 해운대,35.2001640994822,129.228896295351,부산 기장군 기장읍 기장해안로 268-31
733,아난티코브(B2보안사무실),051-604-7000,"부산광역시 기장군 기장읍 기장해안로 268-31, 아난티 펜트하우스 해운대",부산광역시 기장군 기장읍 시랑리 704 아난티 펜트하우스 해운대,35.2001640994822,129.228896295351,부산 기장군 기장읍 기장해안로 268-31
734,아난티코브(펜트하우스 프론트),051-604-7000,"부산광역시 기장군 기장읍 기장해안로 268-31, 아난티 펜트하우스 해운대",부산광역시 기장군 기장읍 시랑리 704 아난티 펜트하우스 해운대,35.2001640994822,129.228896295351,부산 기장군 기장읍 기장해안로 268-31
735,아성다이소부산허브물류센터(물류동 1층 방재실),051-540-3032,"부산광역시 강서구 미음국제3로 31, (주)아성다이소 (미음동)",부산광역시 강서구 미음동 1663-2 (주)아성다이소,35.1444136014317,128.872503354228,부산 강서구 미음국제3로 31
736,아성다이소부산허브물류센터(생활동 1층 로비),051-540-3032,"부산광역시 강서구 미음국제3로 31, (주)아성다이소 (미음동)",부산광역시 강서구 미음동 1663-2 (주)아성다이소,35.1444136014317,128.872503354228,부산 강서구 미음국제3로 31
737,아성다이소부산허브물류센터(물류동 4층 코어 3번),051-540-3032,"부산광역시 강서구 미음국제3로 31, (주)아성다이소 (미음동)",부산광역시 강서구 미음동 1663-2 (주)아성다이소,35.1444136014317,128.872503354228,부산 강서구 미음국제3로 31
738,아성다이소부산허브물류센터(물류동 2층 코어 3번),051-540-3032,"부산광역시 강서구 미음국제3로 31, (주)아성다이소 (미음동)",부산광역시 강서구 미음동 1663-2 (주)아성다이소,35.1444136014317,128.872503354228,부산 강서구 미음국제3로 31
739,아성다이소부산허브물류센터(물류동 3층 코어 3번),051-540-3032,"부산광역시 강서구 미음국제3로 31, (주)아성다이소 (미음동)",부산광역시 강서구 미음동 1663-2 (주)아성다이소,35.1444136014317,128.872503354228,부산 강서구 미음국제3로 31
740,아시아드코오롱하늘채아파트(입주자대표회의실 앞),051-507-9777,"부산광역시 연제구 종합운동장로28번길 7 (거제동, 부산 아시아드 코오롱 하늘채 아파트)",부산광역시 연제구 거제동 890번지 1호 부산 아시아드 코오롱 하늘채 아파트,35.1935398467592,129.064828479989,부산 연제구 종합운동장로28번길 7
741,아시아선수촌아파트(109동 옆 경비초소),051-521-7077,부산광역시 해운대구 선수촌로 122,부산광역시 해운대구 반여동 1638 아시아선수촌아파트,35.203871411036,129.121681336433,부산 해운대구 선수촌로 122
742,아시아선수촌아파트(아시아선수촌 아파트 노인정),051-521-7077,부산광역시 해운대구 선수촌로 122,부산광역시 해운대구 반여동 1638 아시아선수촌아파트,35.203871411036,129.121681336433,부산 해운대구 선수촌로 122
743,아시아선수촌아파트(111동 옆 경비초소),051-521-7077,부산광역시 해운대구 선수촌로 122,부산광역시 해운대구 반여동 1638 아시아선수촌아파트,35.203871411036,129.121681336433,부산 해운대구 선수촌로 122
744,아시아선수촌아파트(120동 옆 경비초소),051-521-7077,부산광역시 해운대구 선수촌로 122,부산광역시 해운대구 반여동 1638 아시아선수촌아파트,35.203871411036,129.121681336433,부산 해운대구 선수촌로 122
745,아시아선수촌아파트(103동 옆 경비초소),051-521-7077,부산광역시 해운대구 선수촌로 122,부산광역시 해운대구 반여동 1638 아시아선수촌아파트,35.203871411036,129.121681336433,부산 해운대구 선수촌로 122
746,아시아선수촌아파트(101동 옆 경비초소),051-521-7077,부산광역시 해운대구 선수촌로 122,부산광역시 해운대구 반여동 1638 아시아선수촌아파트,35.203871411036,129.121681336433,부산 해운대구 선수촌로 122
747,아이앤케이신항만(주)(운영동 1층 식당 앞),051-290-8726,부산광역시 강서구 신항남로 586 (성북동),부산광역시 강서구 성북동 1526,35.0644525377604,128.819028004751,부산 강서구 신항남로 586
748,안데르센극장(정문 앞),051-728-3909,"부산광역시 기장군 장안읍 장안로 211, 안데르센극장",부산광역시 기장군 장안읍 기룡리 산 126 안데르센극장,35.3601438482347,129.239889224391,부산 기장군 장안읍 장안로 211
749,안락1차SK아파트(종합상황실),051-525-1662,"부산광역시 동래구 충렬대로 487(안락동, 안락 SK아파트)",부산광역시 동래구 안락동 472-57 안락 SK아파트,35.1948135944524,129.111846754195,부산 동래구 충렬대로 487
750,안락4휴먼시아(관리사무소 입구),051-532-8775,"부산광역시 동래구 충렬대로447번길 38 (안락동, 부산안락4 휴먼시아)",부산광역시 동래구 안락동 1256번지 부산안락4 휴먼시아,35.1990120230414,129.108099724537,부산 동래구 충렬대로447번길 38
751,안락4휴먼시아(2초소 내),051-532-8775,"부산광역시 동래구 충렬대로447번길 38 (안락동, 부산안락4 휴먼시아)",부산광역시 동래구 안락동 1256번지 부산안락4 휴먼시아,35.1990120230414,129.108099724537,부산 동래구 충렬대로447번길 38
752,안락경동리인아파트(1단지 경비실),051-532-9655,"부산광역시 동래구 충렬대로446번길 67 (안락동, 안락 경동리인 아파트)",부산광역시 동래구 안락동 1258 안락 경동리인 아파트,35.1924490602956,129.105831629648,부산 동래구 충렬대로446번길 67
753,양정1동주민센터(동주민센터 입구),051-605-6601,부산광역시 부산진구 동평로406번길 38  (양정동),부산광역시 부산진구 양정동 397-5 양정제1동 주민센터,35.1721444881937,129.068723363041,부산 부산진구 동평로406번길 38
754,양정2동주민센터(주민센터 민원실 내),051-605-6637,부산광역시 부산진구 양정로15번길 26  (양정동),부산광역시 부산진구 양정동 52-2 양정제2동 주민센터,35.1728733486562,129.075726339024,부산 부산진구 양정로15번길 26
755,양정현대1차아파트(관리사무소 입구),051-863-0662,"부산광역시 부산진구 동평로 352  (양정동, 현대아파트)",부산광역시 부산진구 양정동 458-5 현대아파트,35.1742119686713,129.063037802602,부산 부산진구 동평로 352
756,어린이 영어도서관(1층 현관 입구),051-419-5673,"부산광역시 영도구 절영로 71, 영도어린이영어도서관 (남항동2가)",부산광역시 영도구 남항동2가 236번지 4호 영도어린이영어도서관,35.0885151616382,129.038969800138,부산 영도구 절영로 71
758,엄궁쌍용스윗닷홈아파트(관리사무소),051-312-9407,"부산광역시 사상구 엄궁로 100(엄궁동, 엄궁동쌍용스윗닷홈아파트)",부산광역시 사상구 엄궁동 680-2 엄궁동쌍용스윗닷홈아파트,35.1250307619724,128.976601798315,부산 사상구 엄궁로 100
759,엄궁코오롱아파트(관리사무소),051-323-8410,"부산광역시 사상구 엄궁로 142(엄궁동, 코오롱아파트)",부산광역시 사상구 엄궁동 680-1 코오롱아파트,35.1260755149312,128.978290600651,부산 사상구 엄궁로 142
760,에스앤티모티브(주)(민수식당 입구),051-509-2262,"부산광역시 기장군 철마면 여락송정로 363, SNT모티브(주)",부산광역시 기장군 철마면 송정리 5 SNT모티브(주),35.3005864177979,129.136849969451,부산 기장군 철마면 여락송정로 363
761,에이치엠엠오션서비스(5층 우측 사무실 출입문 지나 왼쪽 벽),051-461-6992,"부산광역시 중구 중앙대로 63, 부산우체국 5,6,7층 (중앙동3가)",부산광역시 중구 중앙동3가 1 부산우체국,35.1033635843477,129.035976109264,부산 중구 중앙대로 63
762,에코델타더베르힐아파트(관리사무소),051-831-3990,"부산광역시 강서구 에코델타5로 60 (강동동, 에코델타 더 베르힐)",부산광역시 강서구 강동동 4685-1 에코델타 더 베르힐,35.148743228502,128.914609008233,부산 강서구 에코델타5로 60
763,여성가족문화센터(건강가정지원센터(3층)입구),051-802-2900,부산광역시 부산진구 백양대로 160  (당감동),부산광역시 부산진구 당감동 516-8 부산진구여성가족문화센터,35.159574218374,129.032743279651,부산 부산진구 백양대로 160
764,연산4동행정복지센터(민원실내(현관입구 옆)),051-665-5854,부산광역시 연제구 쌍미천로151번길 42  (연산동),부산광역시 연제구 연산동 630-22 연산4동주민센터,35.1862882671025,129.084927710818,부산 연제구 쌍미천로151번길 42
766,연산9동행정복지센터(입구 현수막 게시대 좌측 벽면(외부)),051-665-5937,부산광역시 연제구 과정로164번길 38  (연산동),부산광역시 연제구 연산동 475-1 연산9동 행정복지센터,35.1859033030052,129.109381910741,부산 연제구 과정로164번길 38
767,연산더샵아파트(관리사무소),051-867-9791,"부산광역시 연제구 연수로 130 (연산동, 연산더샵)",부산광역시 연제구 연산동 1990번지 연산더샵,35.1744009243197,129.084395869829,부산 연제구 연수로 130
768,연산더샵아파트(경비1초소),051-867-9791,"부산광역시 연제구 연수로 130 (연산동, 연산더샵)",부산광역시 연제구 연산동 1990번지 연산더샵,35.1744009243197,129.084395869829,부산 연제구 연수로 130
769,연산롯데캐슬골드포레아파트(연산롯데캐슬골드포레아파트 관리사무소 지하1층),051-867-8506,"부산광역시 연제구 황령산로 615 (연산동, 연산롯데캐슬골드포레)",부산광역시 연제구 연산동 834-4 연산롯데캐슬골드포레,35.174195096816,129.080975028855,부산 연제구 황령산로 615
770,연산선경아파트(관리사무소),051-756-3324,"부산광역시 연제구 과정로 74 관리사무소 (연산동, 선경아파트)",부산광역시 연제구 연산동 2235-4 선경아파트 관리사무소,35.1774031788907,129.109088890896,부산 연제구 과정로 74
771,연산엘지아파트(아파트 노인정 내),051-754-0331,부산광역시 연제구 고분로 200 연산엘지아파트,부산광역시 연제구 연산동  243-18 연산엘지아파트 연산엘지아파트,35.1840862910393,129.104619783871,부산 연제구 고분로 200
772,연산한양아파트(전기실 입구 문앞),051-754-8606,부산광역시 연제구 온천천남로 110,부산광역시 연제구 연산동 388-1 한양아파트,35.1907586181256,129.100628084087,부산 연제구 온천천남로 110
773,연산현대아파트(관리동),051-862-7472,"부산광역시 연제구 고분로112번길 23(연산동, 현대아파트)",부산광역시 연제구 연산동 983-9 현대아파트,35.1840991747127,129.095466398163,부산 연제구 고분로112번길 23
774,연제구 국민체육센터(수영장 입구),051-665-5125,"부산광역시 연제구 쌍미천로 132, 연제구 국민체육센터 (연산동)",부산광역시 연제구 연산동 799번지 연제구 국민체육센터,35.1841534264288,129.087485352443,부산 연제구 쌍미천로 132
775,연제구건강가정다문화가족지원센터(연제구가족센터 2층 남자장애인화장실 앞),051-866-7191,"부산광역시 연제구 월드컵대로46번길 11, 건강가정 다문화가족지원센터 (연산동)",부산광역시 연제구 연산동 660-53 건강가정 다문화가족지원센터,35.1788176047222,129.085770329968,부산 연제구 월드컵대로46번길 11
776,연제구연산종합사회복지관(2층 엘리베이터 앞),051-863-8360,부산광역시 연제구 봉수로 17 (연산동),부산광역시 연제구 연산동 2022-374,35.1727392607942,129.088936040763,부산 연제구 봉수로 17
777,연제구육아종합지원센터(4층 요리체험실 앞 복도),051-866-7191,부산광역시 연제구 거제대로124번길 22(거제동),부산광역시 연제구 거제동 735-1,35.1790709555581,129.070263654241,부산 연제구 거제대로124번길 22
778,연제도서관(2층도서관),051-665-5511,부산광역시 연제구 황령산로 612,부산광역시 연제구 연산동 2302 연제도서관,35.1741452907783,129.08297014314,부산 연제구 황령산로 612
779,연제롯데캐슬앤데시앙아파트(관리사무소 1층 로비),051-868-2925,"부산광역시 연제구 월드컵대로 55  (연산동, 연제롯데캐슬&데시앙)",부산광역시 연제구 연산동 772-1 연제롯데캐슬&amp;데시앙,35.1804004746119,129.083357974777,부산 연제구 월드컵대로 55
780,연제시니어클럽(엘리베이터 앞),051-851-2190,"부산광역시 연제구 거제대로 215, 5층 (거제동)",부산광역시 연제구 거제동 450-16 5층,35.1873561543576,129.072304162363,부산 연제구 거제대로 215
781,연제시니어클럽공동작업장(다방)(1층),051-851-2190,부산광역시 연제구 해맞이로89번길 52(거제동),부산광역시 연제구 거제동 1446-1,35.1817435670856,129.066404816809,부산 연제구 해맞이로89번길 52
782,연지동주민센터(민원실 내),051-605-6569,부산광역시 부산진구 국악로 30  (연지동),부산광역시 부산진구 연지동 238-9 연지동 주민센터,35.1727755906485,129.05283762278,부산 부산진구 국악로 30
783,연지래미안어반파크(커뮤니티센터 내),051-816-6777,"부산광역시 부산진구 성지로 37(연지동, 래미안어반파크)",부산광역시 부산진구 연지동 250-76 래미안어반파크,35.17424270798,129.054541548223,부산 부산진구 성지로 37
784,연지자이2차아파트(관리사무소 내),051-819-9582,"부산광역시 부산진구 초연로 11  (연지동, 연지자이2차아파트)",부산광역시 부산진구 연지동 406 연지자이2차아파트,35.1738340168288,129.048361881117,부산 부산진구 초연로 11
785,연지화인아파트(관리사무소 앞),051-806-8166,"부산광역시 부산진구 동평로291번길 30  (연지동, 화인연지아파트)",부산광역시 부산진구 연지동 50-6 화인연지아파트,35.173029858395,129.059865435875,부산 부산진구 동평로291번길 30
786,영도구노인복지관분관(영도구 노인복지관 분관 2층 사무실 앞),051-418-6300,부산광역시 영도구 봉래길 372 영도구노인복지관 분관 (청학동),부산광역시 영도구 청학동 420-3 영도구노인복지관 분관,35.0910983776171,129.056572070655,부산 영도구 봉래길 372
787,영도구문화예술회관(지하1층 절영홀(소공연장)입구),051-419-5561,"부산광역시 영도구 함지로79번길 6, 영도어울림문화공원 (동삼동)",부산광역시 영도구 동삼동 516번지 1호 영도어울림문화공원,35.0752653795657,129.066858950494,부산 영도구 함지로79번길 6
788,영도신도브래뉴아파트(영도신도브래뉴아파트 관리사무소2층 출입구앞),051-412-7300,"부산광역시 영도구 태종로 260 관리사무소 (청학동, 영도신도브래뉴)",부산광역시 영도구 청학동 536 영도신도브래뉴 관리사무소,35.0980056587134,129.05634985643,부산 영도구 태종로 260
789,영선1동행정복지센터(1층 현관입구),051-419-5525,"부산광역시 영도구 꿈나무길 25, 영선1동주민센터 (영선동1가)",부산광역시 영도구 영선동1가 97-3 영선1동주민센터,35.090248816316,129.044732774213,부산 영도구 꿈나무길 25
790,영주1동주민센터(영주1동 주민센터 1층),051-600-4834,"부산광역시 중구 대영로224번길 10, 영주1동 주민센터 (영주동)",부산광역시 중구 영주동 671-3 영주1동 주민센터,35.1111030530105,129.035020445082,부산 중구 대영로224번길 10
791,영주2동주민센터(주민센터 입구 측면),051-600-6304,"부산광역시 중구 동영로 71-2, 영주2동사무소 (영주동)",부산광역시 중구 영주동 278-9 영주2동사무소,35.1114728484822,129.031881604567,부산 중구 동영로 71
792,영화의전당(시네마운틴6층),051-780-6156,"부산광역시 해운대구 수영강변대로 120, 영화의전당 (우동)",부산광역시 해운대구 우동 1467 영화의전당,35.1710365257136,129.127084511585,부산 해운대구 수영강변대로 120
793,영화의전당(시네마운틴1층),051-780-6156,"부산광역시 해운대구 수영강변대로 120, 영화의전당 (우동)",부산광역시 해운대구 우동 1467 영화의전당,35.1710365257136,129.127084511585,부산 해운대구 수영강변대로 120
794,오스템임플란트(주)(생산총괄본부 부산1공장 1층 출입문),051-864-3816,부산광역시 해운대구 반송로513번길 66-16 (석대동),부산광역시 해운대구 석대동 625,35.2210572394769,129.119884664575,부산 해운대구 반송로513번길 66-16
795,오스템임플란트(주)(생산총괄본부 부산2공장 1층 현장 입구),051-864-3816,부산광역시 해운대구 반송로513번길 66-48 (석대동),부산광역시 해운대구 석대동 609,35.2243492665351,129.120143278729,부산 해운대구 반송로513번길 66-48
796,용호4동행정복지센터(민원실),051-607-4810,"부산광역시 남구 용호로216번길 3, 1층 (용호동)",부산광역시 남구 용호동 541-44,35.1129035320395,129.110599189888,부산 남구 용호로216번길 3
797,우2동행정복지센터(1층 로비),051-749-6631,"부산광역시 해운대구 해운대로383번가길 7, 우2동주민센터 (우동)",부산광역시 해운대구 우동 1185-120 우2동주민센터,35.1712079612613,129.139934372577,부산 해운대구 해운대로383번가길 7
798,우리병원(3층 복도),051-323-6613,부산광역시 사상구 사상로 237 (괘법동),부산광역시 사상구 괘법동 524-9,35.166111683301,128.982432846912,부산 사상구 사상로 237
799,우체국금융개발원부산지사(1층 로비),051-464-7800,부산광역시 중구 중앙대로 63  (중앙동3가),부산광역시 중구 중앙동3가 1 부산우체국,35.1033635843477,129.035976109264,부산 중구 중앙대로 63
800,울산해양경찰서기장파출소(순찰차(998수9758)),052-230-2423,"부산광역시 기장군 기장읍 기장해안로 634, 울산해양경비안전서 기장해양경비안전센터",부산광역시 기장군 기장읍 대변리 304-22 울산해양경비안전서 기장해양경비안전센터,35.2219901093543,129.230586486168,부산 기장군 기장읍 기장해안로 634
801,워크재활병원(3층 통합병동),051-714-4119,부산광역시 동래구 충렬대로 379 (안락동),부산광역시 동래구 안락동 437-4,35.1976657850897,129.100018389192,부산 동래구 충렬대로 379
802,유맥외과의원(의료기관 내(입원실 앞)),051-751-8275,"부산광역시 수영구 수영로 654, 5층 (광안동)",부산광역시 수영구 광안동 98-20,35.1640139803947,129.114735777443,부산 수영구 수영로 654
803,의료법인 온의료재단 신세계요양병원(2층 병동),051-554-8811,"부산광역시 동래구 온천장로 40, 신세계요양병원 (온천동)",부산광역시 동래구 온천동 449-6 신세계요양병원,35.2156685270989,129.07971612029,부산 동래구 온천장로 40
804,의료법인 허명의료재단 구포일심요양병원(병원 내 1층 출입구),051-341-0119,"부산광역시 북구 낙동대로 1678, 일심요양병원 (구포동)",부산광역시 북구 구포동 1060번지 260호 일심요양병원,35.2046381323429,128.995515566607,부산 북구 낙동대로 1678
805,의료법인신암의료재단제일요양병원(병원 2층 물리치료실 앞),2028899,부산광역시 사하구 동매로44번길 8  (하단동),부산광역시 사하구 하단동 566-2,35.1028686001941,128.963122470056,부산 사하구 동매로44번길 8
806,의료법인영재의료재단 큰솔병원(2층 2병동),051-325-9700,"부산광역시 사상구 대동로 141, 학장큰솔병원 (학장동)",부산광역시 사상구 학장동 574-1 학장큰솔병원,35.1407168012046,128.982442381748,부산 사상구 대동로 141
807,의료법인영재의료재단 큰솔병원(1층 원무과 앞),051-325-9700,"부산광역시 사상구 대동로 141, 학장큰솔병원 (학장동)",부산광역시 사상구 학장동 574-1 학장큰솔병원,35.1407168012046,128.982442381748,부산 사상구 대동로 141
808,의료법인영재의료재단 큰솔병원(5층 5병동),051-325-9700,"부산광역시 사상구 대동로 141, 학장큰솔병원 (학장동)",부산광역시 사상구 학장동 574-1 학장큰솔병원,35.1407168012046,128.982442381748,부산 사상구 대동로 141
809,의료법인온그룹의료재단온병원(14층 14병동),051-607-0146,"부산광역시 부산진구 가야대로 721, 온병원 (당감동)",부산광역시 부산진구 당감동 966 온병원,35.1578850259432,129.050099387837,부산 부산진구 가야대로 721
810,의료법인인당의료재단해운대부민병원(2층 외래 관절센터),051-602-8222,"부산광역시 해운대구 해운대로 584, 해운대 부민병원 (우동)",부산광역시 해운대구 우동 641-4 해운대 부민병원,35.1614207972833,129.155654464501,부산 해운대구 해운대로 584
811,의료법인장수의료재단동래요양병원(5층 5병동 앞),051-557-7011,"부산광역시 동래구 명륜로 147, 동래요양병원 (명륜동)",부산광역시 동래구 명륜동 564-5 동래요양병원,35.2069262562075,129.081766857733,부산 동래구 명륜로 147
812,의료법인전일의료재단한가족요양병원(구급차),051-752-6100,"부산광역시 수영구 장대골로7번길 45 (광안동, 광안유림노르웨이아침)",부산광역시 수영구 광안동 744번지 32호 광안유림노르웨이아침,35.1569272983278,129.112403595217,부산 수영구 장대골로7번길 45
813,이마트 문현점(3층 매장 입구),051-609-1234,"부산광역시 남구 전포대로91번길 47, E마트 (문현동)",부산광역시 남구 문현동 751 E마트,35.1442717662962,129.064234227458,부산 남구 전포대로91번길 47
814,이마트연제점(1층 고객센터),051-860-1119,"부산광역시 연제구 연수로 89, 신세계연제점E마트 (연산동)",부산광역시 연제구 연산동 822-7 신세계연제점E마트,35.1761555005315,129.08131410094,부산 연제구 연수로 89
815,이샘병원(8층 병동),051-631-2110,부산광역시 부산진구 황령대로 12 (범천동),부산광역시 부산진구 범천동 854-3,35.1476075827623,129.061155588947,부산 부산진구 황령대로 12
816,이케아코리아리테일서비스유한회사(2층 고객 화장실 옆),1670-4532,"부산광역시 기장군 기장읍 동부산관광3로 17, 이케아 동부산점",부산광역시 기장군 기장읍 당사리 532 이케아 동부산점,35.1902848921295,129.210271119865,부산 기장군 기장읍 동부산관광3로 17
817,이케아코리아리테일서비스유한회사(1층 카페 옆),1670-4532,"부산광역시 기장군 기장읍 동부산관광3로 17, 이케아 동부산점",부산광역시 기장군 기장읍 당사리 532 이케아 동부산점,35.1902848921295,129.210271119865,부산 기장군 기장읍 동부산관광3로 17
818,이케아코리아리테일서비스유한회사(P1층 엘리베이터 입구),1670-4532,"부산광역시 기장군 기장읍 동부산관광3로 17, 이케아 동부산점",부산광역시 기장군 기장읍 당사리 532 이케아 동부산점,35.1902848921295,129.210271119865,부산 기장군 기장읍 동부산관광3로 17
819,이케아코리아리테일서비스유한회사(3층 보건관리실),1670-4532,"부산광역시 기장군 기장읍 동부산관광3로 17, 이케아 동부산점",부산광역시 기장군 기장읍 당사리 532 이케아 동부산점,35.1902848921295,129.210271119865,부산 기장군 기장읍 동부산관광3로 17
820,이케아코리아리테일서비스유한회사(3층 고객 레스토랑 입구),1670-4532,"부산광역시 기장군 기장읍 동부산관광3로 17, 이케아 동부산점",부산광역시 기장군 기장읍 당사리 532 이케아 동부산점,35.1902848921295,129.210271119865,부산 기장군 기장읍 동부산관광3로 17
821,이편한세상금정산(관리사무소 앞),051-336-1663,"부산광역시 북구 상학로 36(만덕동, 이편한세상 금정산)",부산광역시 북구 만덕동 962 이편한세상 금정산,35.2157515534228,129.038054428315,부산 북구 상학로 36
822,이편한세상금정산(커뮤니티센터(헬스장)),051-336-1663,"부산광역시 북구 상학로 36(만덕동, 이편한세상 금정산)",부산광역시 북구 만덕동 962 이편한세상 금정산,35.2157515534228,129.038054428315,부산 북구 상학로 36
823,이편한세상일광아파트(관리사무소 내부),051-721-9885,부산광역시 기장군 일광면 해빛2로 21 (e편한세상 일광),부산광역시 기장군 일광면 삼성리 773 e편한세상 일광,35.2690584434882,129.226184066487,부산 기장군 일광읍 해빛2로 21
824,일광대성베르힐(관리사무소),051-723-8533,부산광역시 기장군 일광면 해빛5로 14,부산광역시 기장군 일광면 삼성리 810,35.2601632496375,129.220709688019,부산 기장군 일광읍 해빛5로 14
825,일광동원로얄듀크아파트(관리실),051-721-2470,부산광역시 기장군 일광읍 해빛4로 20 (일광 동원로얄듀크),부산광역시 기장군 일광읍 삼성리 771 일광 동원로얄듀크,35.2703659526549,129.223137772446,부산 기장군 일광읍 해빛4로 20
826,일광비스타동원2차아파트(관리사무소),051-724-6661,부산광역시 기장군 일광면 해송1로 33(일광 신도시 비스타 동원 2차),부산광역시 기장군 일광면 이천리 944 일광 신도시 비스타 동원 2차,35.2686425093774,129.230066238261,부산 기장군 일광읍 해송1로 33
827,일광신도시비스타동원1차아파트(관리사무소 내부),051-722-6881,부산광역시 기장군 일광면 해빛2로 24 (일광 신도시 비스타 동원1차),부산광역시 기장군 일광면 삼성리 820 일광 신도시 비스타 동원1차,35.2686940584841,129.22713210067,부산 기장군 일광읍 해빛2로 24
828,일광이지더원1차아파트(관리사무소 내부),051-722-0060,부산광역시 기장군 일광면 해빛4로 1 (이지더원1차 오션포레),부산광역시 기장군 일광면 삼성리 746 이지더원1차 오션포레,35.2678015529625,129.221833789339,부산 기장군 일광읍 해빛4로 1
829,일광이지더원2차포레온아파트(관리사무소),051-723-5009,부산광역시 기장군 일광읍 해빛5로 26(이지더원2차 포레온),부산광역시 기장군 일광읍 삼성리 812 이지더원2차 포레온,35.2600442556488,129.221305969533,부산 기장군 일광읍 해빛5로 26
830,일광자이푸르지오2단지(관리사무소 내부),051-714-3280,부산광역시 기장군 일광면 해빛로 29 (일광 자이 푸르지오 2단지),부산광역시 기장군 일광면 삼성리 785 일광 자이 푸르지오 2단지,35.266508511069,129.224075807701,부산 기장군 일광읍 해빛로 29
831,일광중학교(1층 주출입구 현관),051-750-3927,"부산광역시 기장군 일광면 해빛3로 99, 일광중학교",부산광역시 기장군 일광면 삼성리 749,35.2654825847641,129.220928174539,부산 기장군 일광읍 해빛3로 99
832,일광한신더휴센트럴포레1단지아파트(관리사무소 내부),051-721-8797,부산광역시 기장군 일광면 해빛1로 62 (한신더휴센트럴포레 1단지),부산광역시 기장군 일광면 삼성리 794 한신더휴센트럴포레 1단지,35.2612231149422,129.222864629914,부산 기장군 일광읍 해빛1로 62
833,일광한신더휴센트럴포레2단지아파트(관리사무소 내부),051-722-8772,부산광역시 기장군 일광면 해빛3로 62 (한신더휴센트럴포레 2단지),부산광역시 기장군 일광면 삼성리 792 한신더휴센트럴포레 2단지,35.2623212335079,129.220342194822,부산 기장군 일광읍 해빛3로 62
834,일광해수욕장(행정봉사실 내),051-709-4426,"부산광역시 기장군 일광읍 삼성3길 17, 일광해수욕장행정봉사실",부산광역시 기장군 일광읍 삼성리 41 일광해수욕장행정봉사실,35.2633038383904,129.233885475987,부산 기장군 일광읍 삼성3길 17
835,일동미라주더스타아파트(관리사무소내),051-853-0573,"부산광역시 연제구 반송로 80  (연산동, 연산동 일동 미라주 더 스타)",부산광역시 연제구 연산동 2335 연산동 일동 미라주 더 스타,35.1906164745463,129.087915053233,부산 연제구 반송로 80
836,"일성인포아파트(A,D동 1층 현관 입구)",051-809-9223,"부산광역시 부산진구 신천대로 252  (부암동, 일성인포아파트)",부산광역시 부산진구 부암동 55-6 일성인포아파트,35.1644055707399,129.051025653009,부산 부산진구 신천대로 252
837,"일성인포아파트(B,C동 1층 현관입구)",051-809-9223,"부산광역시 부산진구 신천대로 252  (부암동, 일성인포아파트)",부산광역시 부산진구 부암동 55-6 일성인포아파트,35.1644055707399,129.051025653009,부산 부산진구 신천대로 252
838,일신보라아파트(아파트 주출입구 경비반장실),051-928-4883,"부산광역시 남구 유엔로 15 (우암동, 일신보라아파트)",부산광역시 남구 우암동 120-100 일신보라아파트,35.1260946044388,129.078925306101,부산 남구 유엔로 15
839,장림현대아파트(정문경비실),051-261-8350,"부산광역시 사하구 다대로 301(장림동, 장림현대아파트)",부산광역시 사하구 장림동 372-4 장림현대아파트,35.0736843186045,128.97719060866,부산 사하구 다대로 301
840,장림협성르네상스타운아파트(관리사무소),051-263-0496,"부산광역시 사하구 장평로 87(장림동, 장림 협성르네상스 타운)",부산광역시 사하구 장림동 585-1 장림 협성르네상스 타운,35.0747830165752,128.971459508778,부산 사하구 장평로 87
841,장전2동주민센터(민원실),051-519-5303,"부산광역시 금정구 소정로 19, 장전2동 행정복지센터 (장전동)",부산광역시 금정구 장전동 715 장전2동 행정복지센터,35.2277481767663,129.080968603398,부산 금정구 소정로 19
842,재송1동행정복지센터(2층 통신실 입구),051-749-5975,"부산광역시 해운대구 재반로63번길 23, 재송1동주민센터 (재송동)",부산광역시 해운대구 재송동 274-2 재송1동주민센터,35.1846296140493,129.12519542904,부산 해운대구 재반로63번길 23
843,재송그린아파트(경로당 입구),051-781-1848,부산광역시 해운대구 재반로118번길 71(재송동),부산광역시 해운대구 재송동 1146-1 시영아파트,35.1916234956582,129.12985607532,부산 해운대구 재반로118번길 71
844,재송한마음시장(시장 공용주차장 입구),051-749-4472,"부산광역시 해운대구 재송1로60번길 25, 재송한마음시장 (재송동)",부산광역시 해운대구 재송동 1087-10,35.1864851326151,129.124206237872,부산 해운대구 재송1로60번길 25
845,적십자나눔의집(1층 현관입구),051-801-4023,부산광역시 북구 금곡대로 61(덕천동),부산광역시 북구 덕천동 660-2,35.2155461234476,129.004464668949,부산 북구 금곡대로 61
846,전포1동주민센터(주민센터 민원실 내),051-605-6653,부산광역시 부산진구 서전로68번길 75  (전포동),부산광역시 부산진구 전포동 341-2,35.1543468013891,129.067391239667,부산 부산진구 서전로68번길 75
847,전포2동주민센터(민원실 내),051-605-6683,부산광역시 부산진구 동성로118번길 34  (전포동),부산광역시 부산진구 전포동 175-26 전포2동 주민센터,35.1616828978929,129.066202168983,부산 부산진구 동성로118번길 34
848,전포LH아파트(경비실),051-803-7739,"부산광역시 부산진구 중앙대로 862 (전포동, 전포LH아파트)",부산광역시 부산진구 전포동 897번지 전포LH아파트,35.1668703124502,129.067481222144,부산 부산진구 중앙대로 862
849,절영아파트(절영아파트),051-405-4202,부산광역시 영도구 와치로 231 관리사무소,부산광역시 영도구 동삼동 510-2 절영아파트 관리사무소,35.0767270675141,129.067752734813,부산 영도구 와치로 231
850,정관 동원로얄듀크1차 아파트(정문 경비실),051-727-1028,부산광역시 기장군 정관읍 산단4로 139 관리사무소 (정관 동원로얄듀크1차),부산광역시 기장군 정관읍 산단4로 139  (정관 동원로얄듀크1차),35.3186287861828,129.191582018242,부산 기장군 정관읍 산단4로 139
851,정관 동원로얄듀크1차 아파트(관리사무소 앞),051-727-1028,부산광역시 기장군 정관읍 산단4로 139 관리사무소 (정관 동원로얄듀크1차),부산광역시 기장군 정관읍 산단4로 139  (정관 동원로얄듀크1차),35.3186287861828,129.191582018242,부산 기장군 정관읍 산단4로 139
852,정관LH7단지아파트(정관LH7단지아파트 관리사무소 입구),051-727-6434,부산광역시 기장군 정관읍 모전로 41 관리사무소 (정관신도시 엘에이치 7단지 아파트),부산광역시 기장군 정관읍 모전로 41 관리사무소 (정관신도시 엘에이치 7단지 아파트),35.3369209641856,129.168752600504,부산 기장군 정관읍 모전로 41
853,정관도서관(안내데스크),051-709-3901,"부산광역시 기장군 정관읍 정관중앙로 100, 정관 도서관",부산광역시 기장군 정관읍 방곡리 442,35.3252115523318,129.181435008001,부산 기장군 정관읍 정관중앙로 100
854,정관동원로얄듀크2차아파트(아파트 정문 경비실),051-728-7831,부산광역시 기장군 정관읍 정관5로 12 관리사무소 (동원로얄듀크2차아파트),부산광역시 기장군 정관읍 매학리 723 동원로얄듀크2차아파트 관리사무소,35.3194888818563,129.174541443359,부산 기장군 정관읍 정관5로 12
855,정관동원로얄듀크2차아파트(아파트 후문경비실),051-728-7831,부산광역시 기장군 정관읍 정관5로 12 관리사무소 (동원로얄듀크2차아파트),부산광역시 기장군 정관읍 매학리 723 동원로얄듀크2차아파트 관리사무소,35.3194888818563,129.174541443359,부산 기장군 정관읍 정관5로 12
856,정관동일스위트1차아파트(3초소),051-728-2910,부산광역시 기장군 정관읍 정관4로 24 관리사무소 (정관동일스위트1차),부산광역시 기장군 정관읍 정관4로 24 관리사무소 (정관동일스위트1차),35.3250819627634,129.170299506937,부산 기장군 정관읍 정관4로 24
857,정관동일스위트3차아파트(커뮤니티 안내소 앞),7287845,부산광역시 기장군 정관읍 모전1길 9 (정관동일스위트3차),부산광역시 기장군 정관읍 모전리 728 정관동일스위트3차,35.3373572475758,129.164573512814,부산 기장군 정관읍 모전1길 9
858,정관롯데캐슬2차아파트(관리사무소 앞),051-728-8612,부산광역시 기장군 정관읍 정관3로 51 (정관롯데캐슬2차),부산광역시 기장군 정관읍 모전리 759 정관롯데캐슬2차,35.3299435263106,129.168350271631,부산 기장군 정관읍 정관3로 51
859,정관보건지소(민원실 내),051-709-5344,"부산광역시 기장군 정관읍 용수로 11, 정관보건지소",부산광역시 기장군 정관읍 용수리 1314번지 1호 정관보건지소,35.3251972362826,129.179376623452,부산 기장군 정관읍 용수로 11
860,정관신도시LH4단지(관리사무소 1층),051-728-0051,부산광역시 기장군 정관읍 산단4로 160 관리사무소,부산광역시 기장군 정관읍 산단4로 160 관리사무소,35.3213577048247,129.19161786453,부산 기장군 정관읍 산단4로 160
861,정관신도시LH4단지(404동 옆 2초소),051-728-0051,부산광역시 기장군 정관읍 산단4로 160 관리사무소,부산광역시 기장군 정관읍 산단4로 160 관리사무소,35.3213577048247,129.19161786453,부산 기장군 정관읍 산단4로 160
862,정관신도시LH5단지(정관신도시 LH5단지 관리사무소앞),051-728-6993,부산광역시 기장군 정관읍 산단2로 60,부산광역시 기장군 정관읍 산단2로 60,35.3185153395743,129.184832886432,부산 기장군 정관읍 산단2로 60
863,정관신도시LH5단지(노인정 안),051-728-6993,부산광역시 기장군 정관읍 산단2로 60,부산광역시 기장군 정관읍 산단2로 60,35.3185153395743,129.184832886432,부산 기장군 정관읍 산단2로 60
864,정관신도시LH5단지(경비실 1초소 안),051-728-6993,부산광역시 기장군 정관읍 산단2로 60,부산광역시 기장군 정관읍 산단2로 60,35.3185153395743,129.184832886432,부산 기장군 정관읍 산단2로 60
865,정관신동아파밀리에아파트(관리사무소 앞),051-727-9658,부산광역시 기장군 정관읍 정관5로 75 관리사무소 (정관 신동아파밀리에),부산광역시 기장군 정관읍 용수리 1322 정관 신동아파밀리에 관리사무소,35.3261462988127,129.177261615111,부산 기장군 정관읍 정관5로 75
866,정관양우내안애아파트(관리사무소),051-728-1860,부산광역시 기장군 정관읍 정관5로 144 관리사무소,부산광역시 기장군 정관읍 용수리 1275 정관 풀리페 관리사무소,35.329047160766,129.179471975619,부산 기장군 정관읍 정관5로 144
867,정관이지더원1차아파트관리사무소(관리사무소),051-728-7896,부산광역시 기장군 정관읍 정관1로 18(이지 더원1차 아파트),부산광역시 기장군 정관읍 모전리 723 이지 더원1차 아파트,35.339608265985,129.163228660489,부산 기장군 정관읍 정관1로 18
868,정관이지더원3차아파트(정문 경비실),051-727-2930,부산광역시 기장군 정관읍 정관로 350 (이지 더원 3차 아파트),부산광역시 기장군 정관읍 모전리 730 이지 더원 3차 아파트,35.3358144805332,129.164370151368,부산 기장군 정관읍 정관로 350
869,정관이진캐스빌아파트(관리사무소앞 우측벽면),051-728-7734,부산광역시 기장군 정관읍 정관로 545 관리사무소 (이진 캐스빌 아파트),부산광역시 기장군 정관읍 용수리 1336 이진 캐스빌 아파트 관리사무소,35.3223008727583,129.174844142098,부산 기장군 정관읍 정관로 545
870,정관한진해모로아파트(관리사무소 내),051-727-9667,부산광역시 기장군 정관읍 정관로 548 관리사무소 (정관신도시 한진해모로),부산광역시 기장군 정관읍 용수리 1403 정관신도시 한진해모로 관리사무소,35.3224848115304,129.172829068827,부산 기장군 정관읍 정관로 548
871,정관현진에버빌아파트(중앙통제실),051-727-0340,부산광역시 기장군 정관읍 정관2로 40 관리사무소 (정관신도시 현진에버빌),부산광역시 기장군 정관읍 모전리 755 정관신도시 현진에버빌 관리사무소,35.3343012698951,129.169207448176,부산 기장군 정관읍 정관2로 40
872,정관휴먼시아1아파트(휴먼시아102동옆주민복지관1층 관리사무소),051-727-6688,부산광역시 기장군 정관읍 정관4로 23 휴먼시아1단지 아파트,부산광역시 기장군 정관읍 정관4로 23,35.3251374383525,129.167504647566,부산 기장군 정관읍 정관4로 23
873,정관휴먼시아1아파트(117동 L층 내부),051-727-6688,부산광역시 기장군 정관읍 정관4로 23 휴먼시아1단지 아파트,부산광역시 기장군 정관읍 정관4로 23,35.3251374383525,129.167504647566,부산 기장군 정관읍 정관4로 23
874,정관휴먼시아1아파트(105동 L층 내부),051-727-6688,부산광역시 기장군 정관읍 정관4로 23 휴먼시아1단지 아파트,부산광역시 기장군 정관읍 정관4로 23,35.3251374383525,129.167504647566,부산 기장군 정관읍 정관4로 23
875,정관휴먼시아1아파트(119동 1층 내부),051-727-6688,부산광역시 기장군 정관읍 정관4로 23 휴먼시아1단지 아파트,부산광역시 기장군 정관읍 정관4로 23,35.3251374383525,129.167504647566,부산 기장군 정관읍 정관4로 23
876,정관휴먼시아2아파트(정관휴먼시아2아파트 관리사무소 옆),051-727-2768,부산광역시 기장군 정관읍 정관2로 24 관리사무소,부산광역시 기장군 정관읍 정관2로 24 관리사무소,35.3325667795984,129.163135942024,부산 기장군 정관읍 정관2로 24
877,정관휴먼시아2아파트(1초소 내),051-727-2768,부산광역시 기장군 정관읍 정관2로 24 (정관신도시 휴먼시아2단지),부산광역시 기장군 정관읍 모전리 768번지 정관신도시 휴먼시아2단지,35.3325667795984,129.163135942024,부산 기장군 정관읍 정관2로 24
878,정관휴먼시아2아파트(4초소 내),051-727-2768,부산광역시 기장군 정관읍 정관2로 24 관리사무소,부산광역시 기장군 정관읍 정관2로 24 관리사무소,35.3325667795984,129.163135942024,부산 기장군 정관읍 정관2로 24
879,조양비취맨션(조양비취맨션 관리사무소 내),051-405-0668,"부산광역시 영도구 절영로 504 관리사무소 (동삼동, 조양비취맨션)",부산광역시 영도구 동삼동 656 조양비취맨션 관리사무소,35.0709375752394,129.070767885546,부산 영도구 절영로 504
880,좋은강안병원(신관 5층(암센터 외래 복도)),051-610-0900,"부산광역시 수영구 수영로 480, 씨드이 빌딩 5층 (남천동)",부산광역시 수영구 남천동 36-7 씨드이 빌딩,35.1486602420121,129.111058220512,부산 수영구 수영로 480
881,좌1동행정복지센터(1층 민원실),051-749-6724,"부산광역시 해운대구 양운로 91, 좌1동주민센터 (좌동)",부산광역시 해운대구 좌동 1458-2 좌1동주민센터,35.1708852013857,129.174207564853,부산 해운대구 양운로 91
882,좌동재래시장(좌동재래시장 경비실 옆),7494472,부산광역시 해운대구 좌동로91번길 20 (좌동),부산광역시 해운대구 좌동 892번지,35.1730690701885,129.17445559483,부산 해운대구 좌동로91번길 20
883,주공아파트 1단지 관리사무소(102동 출입구),051-403-6546,"부산광역시 영도구 동삼북로 2 (동삼동, 주공아파트)",부산광역시 영도구 동삼동 1121번지 주공아파트,35.0827747930031,129.066771719936,부산 영도구 동삼북로 2
884,주례3동행정복지센터(고객서비스센터 내),051-310-3181,"부산광역시 사상구 냉정로 10, 주례3동주민센터 (주례동)",부산광역시 사상구 주례동 595번지 3호 주례3동주민센터,35.1473503999143,129.001417595729,부산 사상구 냉정로 10
885,주례럭키아파트(관리사무소 입구),051-325-8801,"부산광역시 사상구 가야대로284번길 12(주례동, 럭키주례아파트)",부산광역시 사상구 주례동 595-4 럭키주례아파트,35.1487520361794,129.002919863298,부산 사상구 가야대로284번길 12
886,주례롯데캐슬골드스마트아파트(관리사무소 앞),051-328-8805,"부산광역시 사상구 가야대로255번길 5(주례동, 주례롯데캐슬골드스마트)",부산광역시 사상구 주례동 809 주례롯데캐슬골드스마트,35.1523287221475,128.996756992175,부산 사상구 가야대로255번길 5
887,주례지하철역(역무안전실 출입문 옆),051-678-6225,"부산광역시 사상구 가야대로 지하 292, 주례역 (주례동)",부산광역시 사상구 주례동 1162번지 16호 주례역,35.1505046520611,129.003137064668,부산 사상구 가야대로 지하 292
888,주례한일유앤아이아파트(관리사무소 1층 보일러실 옆 벽면),051-322-3213,부산광역시 사상구 백양대로 372-15,부산광역시 사상구 주례동 239 주례한일유앤아이아파트,35.1546524398987,129.010150704999,부산 사상구 백양대로 372-15
889,주식회사태광(생산부 입구),051-974-6633,"부산광역시 강서구 녹산산업대로 117-12, 주식회사 태광 (송정동)",부산광역시 강서구 송정동 1499-1 주식회사 태광,35.0915829040022,128.832206470528,부산 강서구 녹산산업대로 117-12
890,중앙동주민센터(무인민원 발급 창구 안),051-600-6312,"부산광역시 중구 중앙대로41번길 10, 중앙동 주민센터 (중앙동2가)",부산광역시 중구 중앙동2가 19 중앙동 주민센터,35.1013024288818,129.035342462134,부산 중구 중앙대로41번길 10
891,중앙하이츠2차아파트(203동 옆 관리사무실 입구),051-528-9194,"부산광역시 동래구 안남로 36 (낙민동, 중앙하이츠2단지)",부산광역시 동래구 낙민동 90-6 중앙하이츠2단지,35.1942207793998,129.095775567402,부산 동래구 안남로 36
892,중흥S클래스에듀오션(휘트니스센터 로비),051-201-5923,"부산광역시 강서구 명지국제5로 90  (명지동, 중흥S-클래스 에듀오션)",부산광역시 강서구 명지동 3350 중흥S-클래스 에듀오션,35.1012700104038,128.920855108103,부산 강서구 명지국제5로 90
893,증산해마루(증산해마루 1층 출입구),051-440-6266,"부산광역시 동구 증산서로 24, 증산해마루 (좌천동)",부산광역시 동구 좌천동 889-1 증산해마루,35.1366680623408,129.048885889686,부산 동구 증산서로 24
894,지사 삼정그린코아(관리사무소 입구),051-972-0555,"부산광역시 강서구 과학산단2로20번길 91 (지사동, 지사과학단지 삼정그린코아)",부산광역시 강서구 지사동 1185-1 지사과학단지 삼정그린코아,35.1518194278834,128.839600768448,부산 강서구 과학산단2로20번길 91
895,지사금강펜테리움(관리사무소),051-941-1184,"부산광역시 강서구 과학산단2로20번길 69 (지사동, 지사금강펜테리움)",부산광역시 강서구 지사동 1184-1 지사금강펜테리움,35.1508946511378,128.838986989043,부산 강서구 과학산단2로20번길 69
896,지하철2호선동백역(역무안전실 맞은편 대합실 벽면),051-678-6204,"부산광역시 해운대구 해운대로 지하522, 부산지하철 동백역 (우동)",부산광역시 해운대구 우동 991-3 부산지하철 동백역,35.1610629346171,129.14868874994,부산 해운대구 해운대로 지하 522
897,지하철2호선벡스코역(역무안전실 출입문(외부)옆),051-678-6205,"부산광역시 해운대구 해운대로 지하396, 부산지하철 벡스코(시립미술관)역 (우동)",부산광역시 해운대구 우동 1086-3 부산지하철 벡스코(시립미술관)역,35.1688870173585,129.138876080584,부산 해운대구 해운대로 지하 396
898,지하철2호선중동역(역무안전실 출입문 옆),051-678-6202,"부산광역시 해운대구 해운대로 지하730, 부산지하철 중동역 (중동)",부산광역시 해운대구 중동 1783-1 부산지하철 중동역,35.1666522512391,129.168611487916,부산 해운대구 해운대로 지하 730
899,창신Inc(B동 헬스장),051-290-4505,부산광역시 사하구 장평로 242  (신평동),부산광역시 사하구 장평로 242  (신평동),35.0884052728594,128.973332857586,부산 사하구 장평로 242
900,철도공사구포역(1층 맞이방),051-440-2559,"부산광역시 북구 구포만세길 82, 구포역 (구포동)",부산광역시 북구 구포동 1060-470 구포역,35.2054723733824,128.997141968062,부산 북구 구포만세길 82
901,철마보건지소(철마도시농업공원),051-709-5345,"부산광역시 기장군 철마면 개좌로 797-23, 도시농업센터",부산광역시 기장군 철마면 장전리 263 도시농업센터,35.2715173042002,129.148572372372,부산 기장군 철마면 개좌로 797-23
902,청강주공아파트관리사무소(관리사무실),051-721-0884,부산광역시 기장군 기장읍 청강로 6(청강주공아파트),부산광역시 기장군 기장읍 청강리 333 청강주공아파트,35.2337923919873,129.217097183856,부산 기장군 기장읍 청강로 6
903,청룡경동아파트(103동 경비실 내 벽면부착),051-508-8012,"부산광역시 금정구 청룡예전로 74 (청룡동, 경동아파트)",부산광역시 금정구 청룡동 350 경동아파트,35.2810265578512,129.086190756635,부산 금정구 청룡예전로 74
904,청룡노포동주민센터(민원실 앞 복도),051-519-5360,부산광역시 금정구 청룡로 25,부산광역시 금정구 청룡동  31-14 청룡노포동주민센터,35.2752556787379,129.089868348393,부산 금정구 청룡로 25
905,청학1동행정복지센터(1층 현관입구),051-419-5681,"부산광역시 영도구 청학서로 78, 청학1동주민센터 (청학동)",부산광역시 영도구 청학동 360-27 청학1동주민센터,35.0968964867813,129.058367817015,부산 영도구 청학서로 78
906,청학2동행정복지센터(1층 주민센터 내),051-419-5701,"부산광역시 영도구 태종로 394, 청학2동주민센터 1층 (청학동)",부산광역시 영도구 청학동 52-1 청학2동주민센터,35.0919129229073,129.06574114536,부산 영도구 태종로 394
907,초량1동행정복지센터(행정복지센터 민원실),051-440-6102,"부산광역시 동구 중앙대로179번길 33, 초량1동주민자치센터 (초량동)",부산광역시 동구 초량동 592-13 초량1동주민자치센터,35.1139359716628,129.036962458116,부산 동구 중앙대로179번길 33
908,초량3동행정복지센터(초량3동행정복지센터 입구),051-440-6152,"부산광역시 동구 초량상로 112, 초량3동주민센터 (초량동)",부산광역시 동구 초량동 110-1 초량3동주민센터,35.1213190617923,129.039792492888,부산 동구 초량상로 112
909,초량6동행정복지센터(초량6동행정복지센터 입구),051-440-6161,"부산광역시 동구 초량로 75, 초량6동주민자치센터 (초량동)",부산광역시 동구 초량동 824-122 초량6동주민자치센터,35.1200286037327,129.034522651566,부산 동구 초량로 75
910,초읍동주민센터(주민센터 민원실(2층)),051-605-6582,"부산광역시 부산진구 새싹로 284, 초읍동주민센터(성지문화복합센터) (초읍동)",부산광역시 부산진구 초읍동 291번지 38호 초읍동주민센터(성지문화복합센터),35.181453430792,129.047360211515,부산 부산진구 새싹로 284
911,충렬사역(충렬사역 지하 고객지원센터 앞),051-678-6405,"부산광역시 동래구 반송로 지하 205, 도시철도충렬사역 (안락동)","부산광역시 동래구 반송로 지하 205, 도시철도충렬사역 (안락동)",35.1996929219836,129.097539258279,부산 동래구 반송로 지하 205
912,치매안심센터(치매안심센터 내부 입구),051-310-4895,"부산광역시 사상구 학감대로 242, 사상구청 (감전동)",부산광역시 사상구 감전동 138번지 8호 사상구청,35.1525507231581,128.991456131232,부산 사상구 학감대로 242
913,코스트코코리아부산점(매장 1층 회원과 옆),18999900,"부산광역시 수영구 구락로 137, 코스트코홀세일 부산점 (망미동)",부산광역시 수영구 망미동 195-1 코스트코홀세일 부산점,35.1785037434279,129.115262179836,부산 수영구 구락로 137
914,코스포서비스주식회사(4층 입구),051-866-9863,"부산광역시 부산진구 부전로 79, 동아빌딩 4층 (부전동)",부산광역시 부산진구 부전동 504-10 동아빌딩,35.1571204412287,129.054467513042,부산 부산진구 부전로 79
915,코오롱하늘채아파트(관리사무소),051-294-9111,"부산광역시 사하구 신산북로 41(신평동, 사하코오롱하늘채)",부산광역시 사하구 신평동 674 사하코오롱하늘채,35.09221648435,128.968189299826,부산 사하구 신산북로 41
916,쿠팡로지스틱스서비스_부산5캠프(2층 사무실),010-****-****,부산광역시 기장군 장안읍 장안산단7로 114,부산광역시 기장군 장안읍 반룡리 836-1,35.3291396648174,129.25872309924,부산 기장군 장안읍 장안산단7로 114
917,쿠팡부산1캠프(1층 사무실 입구),010-****-****,"부산광역시 해운대구 반여로 20, 쿠팡 부산1캠프 (반여동)",부산광역시 해운대구 반여동 1486,35.1939679173634,129.119768038829,부산 해운대구 반여로 20
918,"태광후지킨주식회사(D,E동 1층 내부 중간지점)",051-899-6839,"부산광역시 강서구 화전산단3로 24, D동 (화전동)",부산광역시 강서구 화전동 579-2,35.1073085725599,128.875043458741,부산 강서구 화전산단3로 24
919,태광후지킨주식회사(본관동 1층 로비 내부),051-899-6839,부산광역시 강서구 화전산단3로 32 (화전동),부산광역시 강서구 화전동 579-8,35.1080709478234,128.875814890578,부산 강서구 화전산단3로 32
920,태광후지킨주식회사(R&D센터1층 로비 내부),051-899-6839,부산광역시 강서구 화전산단3로 32 (화전동),부산광역시 강서구 화전동 579-8,35.1080709478234,128.875814890578,부산 강서구 화전산단3로 32
921,토성역(역무안전실 인근),6786109,부산광역시 서구 구덕로 지하 170 (토성동3가 11-3),부산광역시 서구 토성동3가  11-3 (토성동3가 11-3),35.1007070222773,129.01978613175,부산 서구 구덕로 지하 170
922,파라다이스호텔(카지노 1층),051-749-3311,"부산광역시 해운대구 해운대해변로 296, 파라다이스호텔 신관 카지노 (중동)",부산광역시 해운대구 중동 1411-1 파라다이스호텔부산,35.1602212408572,129.165269043658,부산 해운대구 해운대해변로 296
923,파라다이스호텔부산(신관 1층 프론트),051-742-2121,"부산광역시 해운대구 해운대해변로 296, 파라다이스호텔부산 (중동)",부산광역시 해운대구 중동 1411-1 파라다이스호텔부산,35.1602212408572,129.165269043658,부산 해운대구 해운대해변로 296
924,파라다이스호텔부산(본관 4층 씨메르 안내데스크),051-742-2121,"부산광역시 해운대구 해운대해변로 296, 파라다이스호텔부산 (중동)",부산광역시 해운대구 중동 1411-1 파라다이스호텔부산,35.1602212408572,129.165269043658,부산 해운대구 해운대해변로 296
925,파라다이스호텔부산(신관 4층 수영장),051-742-2121,"부산광역시 해운대구 해운대해변로 296, 파라다이스호텔부산 (중동)",부산광역시 해운대구 중동 1411-1 파라다이스호텔부산,35.1602212408572,129.165269043658,부산 해운대구 해운대해변로 296
926,포레나부산덕천(관리실 옆),051-338-2785,"부산광역시 북구 만덕대로 81(덕천동, 포레나부산덕천)",부산광역시 북구 덕천동 357-12 포레나부산덕천,35.2127277626499,129.012184959816,부산 북구 만덕대로 81
927,포레나부산초읍아파트(정문 경비초소),051-817-2920,"부산광역시 부산진구 초연로 6 (초읍동, 포레나부산초읍아파트)",부산광역시 부산진구 초읍동 54번지 1호 포레나부산초읍아파트,35.1758848111544,129.045748934043,부산 부산진구 초연로 6
928,포스코이앤씨문현마루지역주택조합공동주택신축공사(안전시설반 컨테이너),051-714-2517,부산광역시 남구 지게골로168번길 25-4 (문현동),부산광역시 남구 문현동 334,35.1322799220454,129.076139663376,부산 남구 지게골로168번길 25-4
929,포스코이앤씨문현마루지역주택조합공동주택신축공사(경비실),051-714-2517,부산광역시 남구 지게골로168번길 25-4 (문현동),부산광역시 남구 문현동 334,35.1322799220454,129.076139663376,부산 남구 지게골로168번길 25-4
930,포스코이앤씨문현마루지역주택조합공동주택신축공사(GATE 1번),051-714-2517,부산광역시 남구 지게골로168번길 25-4 (문현동),부산광역시 남구 문현동 334,35.1322799220454,129.076139663376,부산 남구 지게골로168번길 25-4
931,피터팬유치원(유치원 현관 입구),051-728-1902,"부산광역시 기장군 정관읍 가동옛길 37, 피터팬유치원",부산광역시 기장군 정관읍 용수리 220 피터팬유치원,35.3315731315065,129.179079402403,부산 기장군 정관읍 가동옛길 37
932,하이록코리아주식회사(VTC공장 1층),051-970-0954,부산광역시 강서구 녹산산단27로 109 (송정동),부산광역시 강서구 송정동 1466-4,35.0987117819436,128.832908360495,부산 강서구 녹산산단27로 109
933,학장도개공임대아파트(통합경비실 내),051-327-5081,부산광역시 사상구 학감대로49번길 28-39,부산광역시 사상구 학장동 168-7 BMC아파트,35.1381097719048,128.989813673913,부산 사상구 학감대로49번길 28-39
934,학장무학아파트(관리사무소 입구),051-324-9175,"부산광역시 사상구 대동로 84 (학장동, 학장무학아파트)",부산광역시 사상구 학장동 820-1 학장무학아파트,35.1362171826375,128.977029113454,부산 사상구 대동로 84
935,학장반도보라타운아파트(105동 경비실 내),051-323-6451,"부산광역시 사상구 대동로 98  (학장동, 학장반도보라타운)",부산광역시 사상구 학장동 573-1 학장반도보라타운,35.1372914533866,128.979172063459,부산 사상구 대동로 98
936,학장삼성2차아파트(관리사무소 출입구),051-316-8802,"부산광역시 사상구 학감대로123번길 75  (학장동, 학장동2차삼성아파트)",부산광역시 사상구 학장동 574-57 학장동2차삼성아파트,35.140493632359,128.98369423114,부산 사상구 학감대로123번길 75
937,학장삼정그린코아아파트(관리사무소 내),051-313-8813,"부산광역시 사상구 학감대로123번길 67 (학장동, 학장동삼정그린코아아파트)",부산광역시 사상구 학장동 858 학장동삼정그린코아아파트,35.1409893910494,128.985035282718,부산 사상구 학감대로123번길 67
938,학장종합사회복지관(별관 1층),051-311-4017,"부산광역시 사상구 학감대로49번길 28-70, 학장사회복지관 별관 1층 (학장동)",부산광역시 사상구 학장동 168-7 학장사회복지관,35.1386514369452,128.989744360593,부산 사상구 학감대로49번길 28-70
954,한국국토정보공사기장지사(1층 로비),051-794-5052,"부산광역시 기장군 기장읍 대청로35번길 67, 한국국토정보공사 기장지사",부산광역시 기장군 기장읍 대라리 128-6 한국국토정보공사 기장지사,35.2408844156073,129.214143845698,부산 기장군 기장읍 대청로35번길 67
955,한국마사회 부산경남지역본부(구급차(721무4847)),051-901-7400,"부산광역시 강서구 가락대로 929, 부산경남경마공원 (범방동)",부산광역시 강서구 범방동 1833 부산경남경마공원,35.1547434738895,128.881976082478,부산 강서구 가락대로 929
956,한국마사회 부산경남지역본부(더비랜드 안전센터),051-901-7400,"부산광역시 강서구 가락대로 929, 부산경남경마공원 (범방동)",부산광역시 강서구 범방동 1833 부산경남경마공원,35.1547434738895,128.881976082478,부산 강서구 가락대로 929
957,한국마사회 부산경남지역본부(구급차(721무4830)),051-901-7400,"부산광역시 강서구 가락대로 929, 부산경남경마공원 (범방동)",부산광역시 강서구 범방동 1833 부산경남경마공원,35.1547434738895,128.881976082478,부산 강서구 가락대로 929
958,한국마사회 부산경남지역본부(구급차(721무4863)),051-901-7400,"부산광역시 강서구 가락대로 929, 부산경남경마공원 (범방동)",부산광역시 강서구 범방동 1833 부산경남경마공원,35.1547434738895,128.881976082478,부산 강서구 가락대로 929
959,한국마사회부산동구지사(한국마사회 동구지사),051-999-1014,"부산광역시 동구 자성로 134, 눌원빌딩 4층 (범일동)",부산광역시 동구 범일동 825-3 눌원빌딩,35.1366343699642,129.065039961193,부산 동구 자성로 134
960,한국부동산원부산동부지사(부산사옥 1층 승강기 앞),051-462-0401,"부산광역시 동구 중앙대로 314, 한국부동산원 (초량동)",부산광역시 동구 초량동 1157-5 한국부동산원,35.1243372371616,129.045123577332,부산 동구 중앙대로 314
961,한국부동산원부산동부지사(부산사옥 12층 사무실 입구 앞),051-462-0401,"부산광역시 동구 중앙대로 314, 한국부동산원 (초량동)",부산광역시 동구 초량동 1157-5 한국부동산원,35.1243372371616,129.045123577332,부산 동구 중앙대로 314
963,한국수산자원공단(청사 정문),051-740-2554,"부산광역시 기장군 일광읍 이동길 4, 한국수산자원공단",부산광역시 기장군 일광읍 이천리 283 한국수산자원공단,35.2698658312891,129.242964965848,부산 기장군 일광읍 이동길 4
965,한국전력공사부산울산본부(전력관리처 본관 2층),051-604-5293,부산광역시 부산진구 중앙대로666번길 43(부전동),부산광역시 부산진구 부전동 224-7,35.1527261837549,129.061563528965,부산 부산진구 중앙대로666번길 43
966,한국전력공사부산울산본부(한국전력공사 부산울산본부 본관1층 로비),051-604-5293,부산광역시 부산진구 중앙대로666번길 43(부전동),부산광역시 부산진구 부전동 224-7,35.1527261837549,129.061563528965,부산 부산진구 중앙대로666번길 43
969,한국전력공사북부산지사(1층 로비),051-309-2212,부산광역시 사상구 백양대로700번길 24 (덕포동),부산광역시 사상구 덕포동 89,35.1686968944323,128.989920958763,부산 사상구 백양대로700번길 24
972,한국철도공사부산경남본부(직원사무실)(건강관리실 앞),051-440-2960,"부산광역시 동구 중앙대로 206, 한국철도공사부산지역본부 5층 (초량동)",부산광역시 동구 초량동 1187-1 한국철도공사부산지역본부,35.117605126596,129.045060216345,부산 동구 중앙대로 206
973,한국철도공사부산진역(부산진역(수송팀)1층 로비),051-440-2573,"부산광역시 동구 충장대로 255, 부산진역 (초량동)",부산광역시 동구 초량동 1171-3 부산진역,35.1248231304415,129.047621547551,부산 동구 충장대로 255
974,한국철도공사부산철도차량정비단(일반기지 본관 1층 로비),051-600-5221,"부산광역시 부산진구 신천대로 145, 부산철도차량정비창 (범천동)",부산광역시 부산진구 범천동 965-3 부산철도차량정비창,35.1520079711022,129.05236733507,부산 부산진구 신천대로 145
975,한국철도공사부산철도차량정비단(고속기지 편성공정 2층 사무실),051-600-5221,부산광역시 부산진구 신천대로 215(당감동),부산광역시 부산진구 당감동 82-2,35.1600270543164,129.045619842209,부산 부산진구 신천대로 215
976,한국토지주택공사부산울산지역본부동부권주거복지지사(3층 마이홈센터 앞),051-460-6900,부산광역시 금정구 중앙대로 1817(구서동),부산광역시 금정구 구서동 84-18 BIP 빌딩,35.2463984515128,129.092371465824,부산 금정구 중앙대로 1817
977,한국해양과학기술원(행정동 1층 입구로비),051-664-9161,"부산광역시 영도구 해양로 385, 한국해양과학기술원 (동삼동)",부산광역시 영도구 동삼동 1166 한국해양과학기술원,35.075783163218,129.078708873135,부산 영도구 해양로 385
978,한국해양과학기술원(교육연수동 1층 입구로비),051-664-9161,"부산광역시 영도구 해양로 385, 한국해양과학기술원 (동삼동)",부산광역시 영도구 동삼동 1166 한국해양과학기술원,35.075783163218,129.078708873135,부산 영도구 해양로 385
979,한국해양과학기술원(후생동 1층 매점입구 좌측),051-664-9161,"부산광역시 영도구 해양로 385, 한국해양과학기술원 (동삼동)",부산광역시 영도구 동삼동 1166 한국해양과학기술원,35.075783163218,129.078708873135,부산 영도구 해양로 385
980,"한국허치슨터미널(주)(부산시 남구 북항로 191,한국허치슨터미널)",051-630-8220,"부산광역시 남구 북항로 191, 동부부산컨테이너터미널 (감만동)",부산광역시 남구 감만동 626 동부부산컨테이너터미널,35.1094301050014,129.072633552787,부산 남구 북항로 191
981,한라비발디아파트(3초소 내부),051-803-7733,"부산광역시 부산진구 전포대로 156(전포동, 한라비발디)",부산광역시 부산진구 전포동 362-64 한라비발디,35.1506459146121,129.066102511968,부산 부산진구 전포대로 156
982,한마음스포츠센터(1층 화장실 앞),051-709-0723,"부산광역시 해운대구 세실로 175, 한마음스포츠센터 (좌동)",부산광역시 해운대구 좌동 1404 한마음스포츠센터,35.1803978345415,129.176687302318,부산 해운대구 세실로 175
983,한물교파크골프간이연습장(한물교 파크골프 간이연습장 클럽하우스),051-519-4127,부산광역시 금정구 두구동 1404,부산광역시 금정구 두구동 1404,35.288146989765,129.103677534574,부산 금정구 두구동 1404
984,한성기린프라자아파트(경비실입구),051-633-4597,부산광역시 동구 중앙대로 514 606호,부산광역시 동구 범일동  62-720 한성기린프라자 606호,35.1390138078844,129.056962489301,부산 동구 중앙대로 514
985,함지골청소년수련관(함지골청소년수련관 본관1층 로비 입구),051-405-5223,"부산광역시 영도구 절영로 321, 함지골청소년수련관 1층 (동삼동)",부산광역시 영도구 동삼동 산 149번지 4호 함지골청소년수련관,35.0744699812671,129.054145954559,부산 영도구 절영로 321
986,함지그린아파트(107동 벽면출입구),051-404-6343,"부산광역시 영도구 함지로 8(동삼동, 함지그린아파트)",부산광역시 영도구 동삼동 1124 함지그린아파트,35.0712895362543,129.061998563801,부산 영도구 함지로 8
987,해동병원(본관3층),051-410-6837,"부산광역시 영도구 태종로 133, 해동병원 (봉래동3가)",부산광역시 영도구 봉래동3가 33 해동병원,35.0919365901985,129.043863903737,부산 영도구 태종로 133
988,해양경찰정비창(청사 내 정문 당직실),051-419-2316,"부산광역시 사하구 다대로605번길 93, 해양경찰정비창 (다대동)",부산광역시 사하구 다대동 375 해양경찰정비창,35.0513831868501,128.980526870445,부산 사하구 다대로605번길 93
989,해양환경교육원(실습동),051-400-7713,부산광역시 영도구 해양로301번길 23 해양환경교육원 (동삼동),부산광역시 영도구 동삼동 1154 해양환경교육원,35.0802666361632,129.077926998684,부산 영도구 해양로301번길 23
990,해양환경교육원(2층엘레베이터 앞),051-400-7713,부산광역시 영도구 해양로301번길 23 해양환경교육원 (동삼동),부산광역시 영도구 동삼동 1154 해양환경교육원,35.0802666361632,129.077926998684,부산 영도구 해양로301번길 23
991,해운대LG아파트(119동 경비실),051-701-9198,부산광역시 해운대구 대천로103번길 61,부산광역시 해운대구 좌동 1398 엘지아파트,35.1806671446303,129.173865905375,부산 해운대구 대천로103번길 61
992,해운대LG아파트(118동 경비실),051-701-9198,부산광역시 해운대구 대천로103번길 61,부산광역시 해운대구 좌동 1398 엘지아파트,35.1806671446303,129.173865905375,부산 해운대구 대천로103번길 61
993,해운대LG아파트(해운대LG아파트 관리동 1층 로비),051-701-9198,부산광역시 해운대구 대천로103번길 61,부산광역시 해운대구 좌동 1398 엘지아파트,35.1806671446303,129.173865905375,부산 해운대구 대천로103번길 61
994,해운대LG아파트(121동 경비실),051-701-9198,부산광역시 해운대구 대천로103번길 61,부산광역시 해운대구 좌동 1398 엘지아파트,35.1806671446303,129.173865905375,부산 해운대구 대천로103번길 61
995,해운대LG아파트(116동 경비실),051-701-9198,부산광역시 해운대구 대천로103번길 61,부산광역시 해운대구 좌동 1398 엘지아파트,35.1806671446303,129.173865905375,부산 해운대구 대천로103번길 61
996,해운대LG아파트(114동 경비실),051-701-9198,부산광역시 해운대구 대천로103번길 61,부산광역시 해운대구 좌동 1398 엘지아파트,35.1806671446303,129.173865905375,부산 해운대구 대천로103번길 61
997,해운대LIG건영아파트(관리동2층 관리사무소),051-703-2775,"부산광역시 해운대구 좌동순환로217번길 19 (좌동, 엘아이지건영아파트)",부산광역시 해운대구 좌동 1414 엘아이지건영아파트,35.1786002826625,129.179425280502,부산 해운대구 좌동순환로217번길 19
998,해운대경남아너스빌아파트(관리사무실 입구),051-731-3708,"부산광역시 해운대구 좌동순환로99번길 22, 경남아너스빌아파트 (좌동, 경남아너스빌아파트)",부산광역시 해운대구 좌동 1375 경남아너스빌아파트,35.1773532230785,129.166883113235,부산 해운대구 좌동순환로99번길 22
999,해운대경동제이드아파트(103동(3~4)1층로비),051-746-0090,"부산광역시 해운대구 해운대해변로 197 (우동, 해운대경동제이드아파트)",부산광역시 해운대구 우동 763 해운대경동제이드아파트,35.158802549379,129.152836637292,부산 해운대구 해운대해변로 197
1000,해운대구문화복합센터(해운대구 문화복합센터 1층로비),051-749-6153,부산광역시 해운대구 센텀중앙로 170 1층 로비 (재송동),부산광역시 해운대구 재송동 1192 해운대구문화복합센터 1층 로비,35.1820881952822,129.12141414575,부산 해운대구 센텀중앙로 170
1001,해운대구청(1층 중앙현관 안내소 앞),051-749-4161,"부산광역시 해운대구 중동2로 11, 해운대구청 (중동)",부산광역시 해운대구 중동 1378-95 해운대구청,35.1631399226568,129.163561263676,부산 해운대구 중동2로 11
1002,해운대대림1차아파트(118동 1.2라인),051-701-6041,"부산광역시 해운대구 대천로103번길 47 (좌동, 대림1차아파트)",부산광역시 해운대구 좌동 1396 대림1차아파트,35.1793143508119,129.174046968666,부산 해운대구 대천로103번길 47
1003,해운대대우1차아파트(관리동 1층),051-701-3027,"부산광역시 해운대구 세실로 19  (좌동, 해운대대우1차아파트)",부산광역시 해운대구 좌동 1333 해운대대우1차아파트,35.1673954673428,129.179439891781,부산 해운대구 세실로 19
1004,해운대대우2차아파트(202동 1-2라인 출입구 복도),051-704-6097,부산광역시 해운대구 좌동순환로 275,부산광역시 해운대구 좌동 1438 대우2차아파트,35.1724530764883,129.183227515649,부산 해운대구 좌동순환로 275
1005,해운대대우2차아파트(210동 1-2라인 출입구 복도),051-704-6097,부산광역시 해운대구 좌동순환로 275,부산광역시 해운대구 좌동 1438 대우2차아파트,35.1724530764883,129.183227515649,부산 해운대구 좌동순환로 275
1006,해운대동신아파트(관리사무소 입구 옆),051-701-0250,"부산광역시 해운대구 좌동순환로217번길 7(좌동, 동신아파트)",부산광역시 해운대구 좌동 1302 동신아파트,35.177503729391,129.179007579303,부산 해운대구 좌동순환로217번길 7
1007,해운대두산2차아파트(1초소),051-701-4848,"부산광역시 해운대구 대천로 225 (좌동, 두산2차아파트)",부산광역시 해운대구 좌동 1319 두산2차아파트,35.1690929310781,129.179950952506,부산 해운대구 대천로 225
1008,해운대두산위브더제니스(103동 로비),051-744-9302,"부산광역시 해운대구 마린시티2로 33(우동, 해운대두산위브더제니스)",부산광역시 해운대구 우동 1407 해운대두산위브더제니스,35.1572036560166,129.144817207267,부산 해운대구 마린시티2로 33
1009,해운대두산위브더제니스(101동 로비),051-744-9302,"부산광역시 해운대구 마린시티2로 33(우동, 해운대두산위브더제니스)",부산광역시 해운대구 우동 1407 해운대두산위브더제니스,35.1572036560166,129.144817207267,부산 해운대구 마린시티2로 33
1010,해운대두산위브더제니스(102동 로비),051-744-9302,"부산광역시 해운대구 마린시티2로 33(우동, 해운대두산위브더제니스)",부산광역시 해운대구 우동 1407 해운대두산위브더제니스,35.1572036560166,129.144817207267,부산 해운대구 마린시티2로 33
1011,해운대두산위브더제니스(방재실),051-744-9302,"부산광역시 해운대구 마린시티2로 33(우동, 해운대두산위브더제니스)",부산광역시 해운대구 우동 1407 해운대두산위브더제니스,35.1572036560166,129.144817207267,부산 해운대구 마린시티2로 33
1012,해운대롯데3차아파트(정문 경비실),051-703-3037,"부산광역시 해운대구 세실로 138  (좌동, 롯데3차아파트)",부산광역시 해운대구 좌동 1300 롯데3차아파트,35.1766687940571,129.177361495622,부산 해운대구 세실로 138
1013,해운대롯데아파트(7동 경비실),051-743-2526,"부산광역시 해운대구 해운대로483번길 10, 7동 (우동, 롯데아파트)",부산광역시 해운대구 우동 938 롯데아파트,35.1634441587193,129.147619699842,부산 해운대구 해운대로483번길 10
1014,해운대롯데캐슬스타아파트(정문 경비실),051-746-6501,"부산광역시 해운대구 중동2로34번길 15(중동, 롯데캐슬스타)",부산광역시 해운대구 중동 1839 롯데캐슬스타,35.1655424493296,129.163077328112,부산 해운대구 중동2로34번길 15
1015,해운대문화회관(안내데스크 뒤 벽면),051-749-7651,부산광역시 해운대구 양운로 97,부산광역시 해운대구 좌동 1458-1 해운대문화회관,35.17117132557,129.173965953172,부산 해운대구 양운로 97
1016,해운대벽산1차아파트(관리동 1층),051-701-0417,"부산광역시 해운대구 대천로 205  (좌동, 벽산1차아파트)",부산광역시 해운대구 좌동 1321 벽산1차아파트,35.1705390635997,129.180432057658,부산 해운대구 대천로 205
1017,해운대보건소(본소)(71노 5979(구급차 내)),051-746-4000,"부산광역시 해운대구 양운로37번길 59, 해운대구보건소 (좌동)",부산광역시 해운대구 좌동 1339 해운대구보건소,35.1641127009786,129.178659397782,부산 해운대구 양운로37번길 59
1018,해운대보건소(본소)(대여용 자동심장충격기),051-746-4000,"부산광역시 해운대구 양운로37번길 59, 해운대구보건소 (좌동)",부산광역시 해운대구 좌동 1339 해운대구보건소,35.1641127009786,129.178659397782,부산 해운대구 양운로37번길 59
1019,해운대보건소(본소)(대여용 자동심장충격기),051-746-4000,"부산광역시 해운대구 양운로37번길 59, 해운대구보건소 (좌동)",부산광역시 해운대구 좌동 1339 해운대구보건소,35.1641127009786,129.178659397782,부산 해운대구 양운로37번길 59
1020,해운대삼성아파트(관리사무소 내),051-702-5008,"부산광역시 해운대구 세실로 174  (좌동, 삼성아파트)",부산광역시 해운대구 좌동 1413 삼성아파트,35.1790705362313,129.177334583601,부산 해운대구 세실로 174
1021,해운대상록아파트(관리동 입구(107동 앞)),051-704-4880,"부산광역시 해운대구 세실로 7  (좌동, 상록아파트)",부산광역시 해운대구 좌동 1331 상록아파트,35.1653958910219,129.179717596926,부산 해운대구 세실로 7
1022,해운대센텀피오레1차아파트(106동 5라인옆 공중전화 부스내),051-781-1177,"부산광역시 해운대구 수영강변대로 382  (재송동, 센텀피오레1차아파트)",부산광역시 해운대구 재송동 1302 센텀피오레1차아파트,35.1931947179457,129.115555359861,부산 해운대구 수영강변대로 382
1023,해운대센트럴푸르지오아파트(102동 1층 경비실 내),051-746-8552,"부산광역시 해운대구 해운대로 650, 해운대센트럴푸르지오아파트 (우동)",부산광역시 해운대구 우동 587-1,35.1646359363932,129.161319140252,부산 해운대구 해운대로 650
1024,해운대영남아파트(통합경비실 내),051-701-0431,"부산광역시 해운대구 좌동순환로311번길 8 (좌동, 해운대영남아파트)",부산광역시 해운대구 좌동 1328 해운대영남아파트,35.1680799575736,129.183087303976,부산 해운대구 좌동순환로311번길 8
1025,해운대자이아파트(센터 내 출입문 좌측),051-731-3061,"부산광역시 해운대구 해운대로 435 (우동, 해운대자이1차)    관리자 변경- 센터장  조영래 (2026.6.1.입사)",부산광역시 해운대구 우동 1527 해운대자이1차,35.1649470018111,129.14296529945,부산 해운대구 해운대로 435
1026,해운대주공1단지아파트(관리동(1층)내),051-731-3804,부산광역시 해운대구 대천로67번길 4,부산광역시 해운대구 좌동 1276 해운대주공아파트,35.1736251629945,129.170296988687,부산 해운대구 대천로67번길 4
1027,해운대한일아파트(중앙경비실 내 계단입구),051-747-8311,"부산광역시 해운대구 대천로 56  (좌동, 한일아파트)",부산광역시 해운대구 좌동 1274 한일아파트,35.1725806206666,129.171283942742,부산 해운대구 대천로 56
1028,해운대화목타운(관리사무소),051-704-4026,"부산광역시 해운대구 대천로 187  (좌동, 해운대화목타운)",부산광역시 해운대구 좌동 1310 해운대화목타운,35.1714902510447,129.179338824519,부산 해운대구 대천로 187
1029,해운대힐스테이트위브아파트(제1초소 경비실),051-731-5577,"부산광역시 해운대구 좌동순환로433번길 30 (중동, 해운대힐스테이트위브)",부산광역시 해운대구 중동 1818 해운대힐스테이트위브,35.1608372044455,129.177769874947,부산 해운대구 좌동순환로433번길 30
1030,해운대힐스테이트위브아파트(1단지 커뮤니티 안내실),051-731-5577,"부산광역시 해운대구 좌동순환로433번길 30 (중동, 해운대힐스테이트위브)",부산광역시 해운대구 중동 1818 해운대힐스테이트위브,35.1608372044455,129.177769874947,부산 해운대구 좌동순환로433번길 30
1031,해운대힐스테이트위브아파트(제5초소 경비실),051-731-5577,"부산광역시 해운대구 좌동순환로433번길 30 (중동, 해운대힐스테이트위브)",부산광역시 해운대구 중동 1818 해운대힐스테이트위브,35.1608372044455,129.177769874947,부산 해운대구 좌동순환로433번길 30
1032,해운대힐스테이트위브아파트(2단지 커뮤니티 안내실),051-731-5577,"부산광역시 해운대구 좌동순환로433번길 30 (중동, 해운대힐스테이트위브)",부산광역시 해운대구 중동 1818 해운대힐스테이트위브,35.1608372044455,129.177769874947,부산 해운대구 좌동순환로433번길 30
1035,현대그린아파트(현대그린맨션)(정문경비실),051-531-6036,"부산광역시 해운대구 선수촌로21번길 65  (반여동, 현대그린맨션)",부산광역시 해운대구 반여동 1411-10 현대그린맨션,35.1985284068416,129.116494471441,부산 해운대구 선수촌로21번길 65
1036,현대요양병원(3층),051-721-7582,"부산광역시 기장군 기장읍 반송로 1555, 현대요양병원",부산광역시 기장군 기장읍 서부리 430번지 현대요양병원,35.2488256153082,129.209985744975,부산 기장군 기장읍 반송로 1555
1037,협성피닉스타운(관리동),051-809-4188,"부산광역시 부산진구 당감로 118  (부암동, 협성피닉스타운)",부산광역시 부산진구 부암동 560-14 협성피닉스타운,35.1729756707124,129.036945657457,부산 부산진구 당감로 118
1038,호반써밋명지국제(관리사무소 입구),051-271-2766,"부산광역시 강서구 명지국제5로 89 (명지동, 호반써밋명지국제)",부산광역시 강서구 명지동 3344 호반써밋명지국제,35.1023779782121,128.920192998502,부산 강서구 명지국제5로 89
1039,호천생활문화센터(사무실 입구),051-817-5845,부산광역시 부산진구 엄광로495번가길 36  (범천동),부산광역시 부산진구 범천동 1515-196 호천생활문화센터,35.1427686424315,129.052189150632,부산 부산진구 엄광로495번가길 36
1040,홈플러스(주)서부산점(홈플러스 서부산점 지하1층 고객센터 옆),051-319-9168,부산광역시 사상구 광장로 7 홈플러스(주)서부산점,부산광역시 사상구 괘법동  529-1 르네시떼 홈플러스(주)서부산점,35.1643360787413,128.977716097275,부산 사상구 광장로 7
1041,홈플러스(주)아시아드점(홈플러스(주)아시아드점 지하2층 고객서비스 센터),051-500-8023,부산광역시 연제구 종합운동장로 7,부산광역시 연제구 거제동 1208 부산아시아드주경기장노외주차장,35.1912673442372,129.062008575202,부산 연제구 종합운동장로 7
1042,화명뜨란채아파트(2초소 경비실),051-334-6618,"부산광역시 북구 화명신도시로 219 (금곡동, 화명뜨란채아파트)",부산광역시 북구 금곡동 1895 화명뜨란채아파트,35.242884949859,129.010879993085,부산 북구 화명신도시로 219
1043,화명리버빌2차아파트(관리사무실 앞),051-365-0994,"부산광역시 북구 화명신도시로 240 (금곡동, 화명리버빌2차아파트)",부산광역시 북구 금곡동 1885 화명리버빌2차아파트,35.2452514316993,129.01139826924,부산 북구 화명신도시로 240
1044,화명수목원(사무실 내),051-362-0261,부산광역시 북구 산성로 299,부산광역시 북구 화명동 69 부산화명수목원,35.2510591917569,129.042635074704,부산 북구 산성로 299
1045,화명한일유앤아이아파트(관리사무소 입구),3610444,"부산광역시 북구 화명신도시로 194(금곡동, 화명한일유앤아이)",부산광역시 북구 금곡동 1898 화명한일유앤아이,35.2425002245561,129.012496205717,부산 북구 화명신도시로 194
1046,힐스테이스사하역아파트(관리사무소 내부),051-292-4445,"부산광역시 사하구 괴정로 166, 힐스테이트 사하역 (괴정동, 힐스테이트 사하역)",부산광역시 사하구 괴정동 1295 힐스테이트 사하역,35.0980332040935,128.979317466731,부산 사하구 괴정로 166
1047,힐스테이트연산2단지(관리사무소 옆),051-866-9791,"부산광역시 연제구 봉수로 2(연산동, 힐스테이트연산 1단지)",부산광역시 연제구 연산동 1875-8 힐스테이트연산 1단지,35.1733598113329,129.088872461001,부산 연제구 봉수로 2
1048,힐스테이트이진베이시티(B동1층(로비)),051-246-7739,"부산광역시 서구 송도해변로 192(암남동, 송도힐스테이트이진베이시티아파트)",부산광역시 서구 암남동 123-15 송도힐스테이트이진베이시티아파트 B동,35.0787637032665,129.022924973587,부산 서구 송도해변로 192
1049,"힐스테이트이진베이시티(C동 30층(피난층,서))",051-246-7739,"부산광역시 서구 송도해변로 192(암남동, 송도힐스테이트이진베이시티아파트)",부산광역시 서구 암남동 123-15 송도힐스테이트이진베이시티아파트 C동,35.0787637032665,129.022924973587,부산 서구 송도해변로 192
1050,"힐스테이트이진베이시티(A동 46층(피난층,서))",051-246-7739,"부산광역시 서구 송도해변로 192(암남동, 송도힐스테이트이진베이시티아파트)",부산광역시 서구 암남동 123-15 송도힐스테이트이진베이시티아파트 A동,35.0787637032665,129.022924973587,부산 서구 송도해변로 192
1051,힐스테이트이진베이시티(A동1층(로비)),051-246-7739,"부산광역시 서구 송도해변로 192(암남동, 송도힐스테이트이진베이시티아파트)",부산광역시 서구 암남동 123-15 송도힐스테이트이진베이시티아파트 A동,35.0787637032665,129.022924973587,부산 서구 송도해변로 192
1052,힐스테이트이진베이시티(C동 1층 로비),051-246-7739,"부산광역시 서구 송도해변로 192(암남동, 송도힐스테이트이진베이시티아파트)",부산광역시 서구 암남동 123-15 송도힐스테이트이진베이시티아파트 C동,35.0787637032665,129.022924973587,부산 서구 송도해변로 192
1053,"힐스테이트이진베이시티(B동 30층(피난층,서))",051-246-7739,"부산광역시 서구 송도해변로 192(암남동, 송도힐스테이트이진베이시티아파트)",부산광역시 서구 암남동 123-15 송도힐스테이트이진베이시티아파트 B동,35.0787637032665,129.022924973587,부산 서구 송도해변로 192
1054,낙민한일유앤아이아파트(109동 입구),051-557-7701,"부산광역시 동래구 온천천로339번길 28(낙민동, 낙민동한일유앤아이아파트)",부산광역시 동래구 낙민동 77-1 낙민동한일유앤아이아파트,35.1957851549524,129.092865300179,부산 동래구 온천천로339번길 28
1055,인창실버웰(인창실버웰 3층 입구(생활실)),051-202-1166,부산광역시 사하구 다대로83번길 132  (괴정동),부산광역시 사하구 괴정동 645-6,35.093801851829,128.984108238975,부산 사하구 다대로83번길 132
1056,인창실버웰(1층입구),051-202-1166,부산광역시 사하구 다대로83번길 132 (괴정동),부산광역시 사하구 괴정동 645-6,35.093801851829,128.984108238975,부산 사하구 다대로83번길 132
1057,사직삼정그린코아1차(관리사무소 1층 현관),-,"부산광역시 동래구 쇠미로 37 (사직동, 삼정그린코아)","부산광역시 동래구 쇠미로 37 (사직동, 삼정그린코아)",35.1973800328824,129.053152177356,부산 동래구 쇠미로 37
1058,부산시노인전문제1병원(원무과 앞 로비),051-342-7272,부산광역시 북구 함박봉로 98 (만덕동),부산광역시 북구 함박봉로 98 (만덕동),35.2061493141858,129.028206351231,부산 북구 함박봉로 98
1059,금정산국립공원사무소(사무실 2층),051-580-2233,"부산광역시 동래구 금강공원로 69, 금강빌딩 (온천동)",부산광역시 동래구 온천동 204-39 금강빌딩,35.218517294217,129.076984777117,부산 동래구 금강공원로 69
1060,금정산국립공원사무소(사무실 1층),051-580-2233,"부산광역시 동래구 금강공원로 69, 금강빌딩 (온천동)",부산광역시 동래구 온천동 204-39 금강빌딩,35.218517294217,129.076984777117,부산 동래구 금강공원로 69
1061,사직롯데캐슬더클래식아파트(관리사무소 입구(105동 출입구)),051-507-8768,"부산광역시 동래구 아시아드대로146번길 1 (사직동, 사직 롯데캐슬 더 클래식)",부산광역시 동래구 사직동 1041번지 사직 롯데캐슬 더 클래식,35.1979289530595,129.066738517174,부산 동래구 아시아드대로146번길 1
1062,사직쌍용예가노인정(노인정 내),051-505-6070,"부산광역시 동래구 사직로 80 (사직동, 사직 쌍용 예가)","부산광역시 동래구 사직로 80 (사직동, 사직 쌍용 예가)",35.1966279852865,129.057505998382,부산 동래구 사직로 80
1063,"남영임대1,2차아파트(남영임대 1,2차아파트 7동정문 경비실내)",051-203-4441,"부산광역시 사하구 낙동대로575번길 10  (하단동, 남영아파트)",부산광역시 사하구 하단동 475 남영아파트,35.1140153646063,128.961203327344,부산 사하구 낙동대로575번길 10
1064,해운대구건강생활지원센터(1층 현관입구),051-749-6531,"부산광역시 해운대구 해운대로61번길 28, 재반보건지소 (재송동)",부산광역시 해운대구 재송동 179-41 재반보건지소,35.1924187799135,129.122831571797,부산 해운대구 해운대로61번길 28
1065,다대대우아파트(관리사무소 2층 입구),051-264-5733,"부산광역시 사하구 다대낙조1길 12(다대동, 다대대우아파트)",부산광역시 사하구 다대동 1552 다대대우아파트,35.0497848213288,128.967717073323,부산 사하구 다대낙조1길 12
1066,부산광역시남자단기청소년쉼터(청소년휴식공간),051-303-9672,"부산광역시 사상구 모덕로 82, 부산광역시청소년종합지원센터 122호 (덕포동)",부산광역시 사상구 덕포동 247-6 부산광역시청소년종합지원센터,35.1809114047219,128.985243287727,부산 사상구 모덕로 82
1067,부산광역시일시청소년쉼터(고정형)(사무실 앞 복도),051-303-9670,"부산광역시 사상구 모덕로 82, 부산광역시청소년종합지원센터 2층 211호 (덕포동)",부산광역시 사상구 덕포동 247-6 부산광역시청소년종합지원센터,35.1809114047219,128.985243287727,부산 사상구 모덕로 82
1068,지에스25덕천점(출입문(외부) 옆),051-338-0776,부산광역시 북구 만덕대로16번길 8 (덕천동),부산광역시 북구 덕천동 400-8,35.2100079955947,129.006934417085,부산 북구 만덕대로16번길 8
1069,도시철도자갈치역(대합실(다대행 승강장 게이트 10번대 인근)),051-678-6110,부산광역시 중구 구덕로 지하 80 자갈치역,부산광역시 중구 남포동6가 117-1 도시철도 자갈치역 자갈치역,35.0973771029191,129.026592291727,부산 중구 구덕로 지하 80
1070,부산도시철도남포역(역무안전실 인근),051-678-6111,"부산광역시 중구 구덕로 지하 12, 도시철도 남포역 (남포동1가)",부산광역시 중구 남포동1가 11 도시철도 남포역,35.097872305432,129.034595436377,부산 중구 구덕로 지하 12
1071,경동포테스트힐행복주택아미(경비실 내),051-931-0701,"부산광역시 서구 옥천로173번길 29 (아미동2가, 경동 포레스트힐)",부산광역시 서구 아미동2가 286 경동 포레스트힐,35.1011678634755,129.011024757253,부산 서구 옥천로173번길 29
1072,다대고등학교(1층 중앙현관),051-790-1995,"부산광역시 사하구 다대낙조2길 199, 다대고등학교 (다대동)",부산광역시 사하구 다대동 1551 다대고등학교,35.0531367888807,128.969849941387,부산 사하구 다대낙조2길 199
1073,부산도시철도중앙역(역무안전실 앞),051-678-6112,부산광역시 중구 중앙대로 지하 83  (중앙동4가),부산광역시 중구 중앙동4가 26-3 도시철도 중앙역,35.1037576682489,129.036356886138,부산 중구 중앙대로 지하 83
1074,부산교통공사시설사업소(부산교통공사 시설사업소동 1층 중앙현관),051-509-4130,"부산광역시 금정구 중앙대로 2238, 부산종합버스터미널 (노포동)",부산광역시 금정구 노포동 133 부산종합버스터미널,35.2846866758906,129.095480074212,부산 금정구 중앙대로 2238
1075,"(주)트랜스코스모스코리아부산3센터(관정빌딩 22층 엘리베이터 홀,출입문 바로 옆 벽면)",02-790-8214,"부산광역시 중구 충장대로9번길 46, 관정빌딩 22층 (중앙동4가)",부산광역시 중구 중앙동4가 79-9 한진해운빌딩,35.1092596930044,129.038736459035,부산 중구 충장대로9번길 46
1076,수영구청 관광스포츠과(수변공원관리사무실2층 내),051-610-3902,"부산광역시 수영구 민락수변로 95 (민락동, 수변공원관리사무실)","부산광역시 수영구 민락동  110-27 수변공원관리사무실 (민락동, 수변공원관리사무실)",35.1547381471498,129.131068974009,부산 수영구 민락수변로 95
1077,신동아수산물종합시장(신동아시장 1층 후문 출입구),051-246-7500,"부산광역시 중구 자갈치로 42, 신동아빌딩 (남포동5가)",부산광역시 중구 남포동5가 92 신동아빌딩,35.0967213403401,129.02867013436,부산 중구 자갈치로 42
1078,자갈치시장어패류처리조합(자갈치시장 1층 출입구),051-245-2594,"부산광역시 중구 자갈치해안로 52, 자갈치시장 (남포동4가)",부산광역시 중구 남포동4가 37-1 자갈치시장,35.0966137768508,129.030583690953,부산 중구 자갈치해안로 52
1079,국제시장(공중화장실 입구),051-245-7388,"부산광역시 중구 국제시장2길 19, 국제시장4공구 (신창동4가)",부산광역시 중구 신창동4가 34-1 국제시장4공구,35.1011203747498,129.028307309972,부산 중구 국제시장2길 19
1080,의료법인 영신의료재단 동래유유요양병원(인공신장실),051-555-7588,"부산광역시 동래구 금강로 64, 동래유유요양병원 (온천동)",부산광역시 동래구 온천동 442-3 동래유유요양병원,35.2149030032591,129.077543825865,부산 동래구 금강로 64
1081,코레일테크(주)남부지사(2층 사무실),051-803-4177,"부산광역시 부산진구 신천대로 145, 부산철도차량정비창 (범천동)",부산광역시 부산진구 범천동 965-3 부산철도차량정비창,35.1520079711022,129.05236733507,부산 부산진구 신천대로 145
1082,"주식회사인터비즈시스템(부산광역시 연제구 중앙대로1120번길 27,서이빌딩 5층)",02-799-7979,"부산광역시 연제구 중앙대로1120번길 27, 서이빌딩 5층 (연산동)",부산광역시 연제구 연산동 677-14 서이빌딩,35.1877660550346,129.082939228979,부산 연제구 중앙대로1120번길 27
1083,부산중구청(중구청 1층 민원실 입구),051-600-4262,"부산광역시 중구 중구로 120, 중구청 (대청동1가)",부산광역시 중구 대청동1가 1-4 중구청,35.1062062247712,129.032358909035,부산 중구 중구로 120
1084,산호비치아파트(아파트 현관 입구),010-****-****,"부산광역시 수영구 수영로536번길 65 (광안동, 산호비치)",부산광역시 수영구 광안동 170-4 산호비치,35.1529081360719,129.115069166327,부산 수영구 수영로536번길 65
1085,GS25수영광안점(매장 내),010-****-****,부산광역시 수영구 수영로702번길 18 (광안동),부산광역시 수영구 광안동 75-1,35.1668771770608,129.116542634081,부산 수영구 수영로702번길 18
1086,광안노인복지관(2층 사무실 내),051-715-6099,부산광역시 수영구 장대골로 75-8 (광안동),부산광역시 수영구 광안동 1148-3,35.1595681371736,129.104867504774,부산 수영구 장대골로 75-8
1087,수영팔도시장(새마을금고 앞 골드사 기둥),051-751-8585,부산광역시 수영구 수영로725번길 20-8 (수영동),부산광역시 수영구 수영동 15-2,35.1691546968325,129.117694617494,부산 수영구 수영로725번길 20-8
1088,서대신3동주민센터(민원실),2406482,"부산광역시 서구 대신로 27, 서대신3동주민센터 (서대신동3가)",부산광역시 서구 서대신동3가 609번지 서대신3동주민센터,35.1134666869233,129.011937006822,부산 서구 대신로 27
1089,학교법인)동의병원(3층 내과 로비),051-850-8508,"부산광역시 부산진구 양정로 62, 동의의료원, 동의병원, 동의대학교한방병원 (양정동)","부산광역시 부산진구 양정동 산 45-1 동의의료원, 동의병원, 동의대학교한방병원",35.1699490043336,129.075920754671,부산 부산진구 양정로 62
1090,학교법인)동의병원(2층 재활치료센터),051-850-8508,"부산광역시 부산진구 양정로 62, 동의의료원, 동의병원, 동의대학교한방병원 (양정동)","부산광역시 부산진구 양정동 산 45-1 동의의료원, 동의병원, 동의대학교한방병원",35.1699490043336,129.075920754671,부산 부산진구 양정로 62
1091,학교법인)동의병원(10층 작업치료실),051-850-8508,"부산광역시 부산진구 양정로 62, 동의의료원, 동의병원, 동의대학교한방병원 (양정동)","부산광역시 부산진구 양정동 산 45-1 동의의료원, 동의병원, 동의대학교한방병원",35.1699490043336,129.075920754671,부산 부산진구 양정로 62
1092,학교법인)동의병원(1층 로비),051-850-8508,"부산광역시 부산진구 양정로 62, 동의의료원, 동의병원, 동의대학교한방병원 (양정동)","부산광역시 부산진구 양정동 산 45-1 동의의료원, 동의병원, 동의대학교한방병원",35.1699490043336,129.075920754671,부산 부산진구 양정로 62
1093,해운대힐스테이트위브아파트(제2초소 경비실),051-731-5577,"부산광역시 해운대구 좌동순환로433번길 30 (중동, 해운대힐스테이트위브)",부산광역시 해운대구 중동 1818 해운대힐스테이트위브,35.1608372044455,129.177769874947,부산 해운대구 좌동순환로433번길 30
1094,해운대힐스테이트위브아파트(생활지원센터),051-731-5577,"부산광역시 해운대구 좌동순환로433번길 30 (중동, 해운대힐스테이트위브)",부산광역시 해운대구 중동 1818 해운대힐스테이트위브,35.1608372044455,129.177769874947,부산 해운대구 좌동순환로433번길 30
1095,구평1차자유아파트(정문앞 경비실 내),051-266-0484,부산광역시 사하구 을숙도대로709번길 31 구펑1차자유아파트,부산광역시 사하구 구평동  17 구평1차자유아파트 구펑1차자유아파트,35.0873937987817,128.984785017684,부산 사하구 을숙도대로709번길 31
1096,사하구시설관리사업소(다대진동헌 헬기장 앞),051-220-5891,부산광역시 사하구 몰운대1길 73 (다대동),부산광역시 사하구 다대동 산 144-1,35.044299502697,128.969417332532,부산 사하구 몰운대1길 73
1097,항서교회(1층 출입구 옆),051-255-7471,부산광역시 서구 부용로32번길 9 (부용동2가),부산광역시 서구 부용동2가 39,35.1074533161056,129.018374786125,부산 서구 부용로32번길 9
1098,"힐스테이트이진베이시티(A동 25층(피난층,서))",051-246-7739,"부산광역시 서구 송도해변로 192(암남동, 송도힐스테이트이진베이시티아파트)",부산광역시 서구 암남동 123-15 송도힐스테이트이진베이시티아파트 A동,35.0787637032665,129.022924973587,부산 서구 송도해변로 192
1099,"힐스테이트이진베이시티(A동 25층(피난층,동))",051-246-7739,"부산광역시 서구 송도해변로 192(암남동, 송도힐스테이트이진베이시티아파트)",부산광역시 서구 암남동 123-15 송도힐스테이트이진베이시티아파트 A동,35.0787637032665,129.022924973587,부산 서구 송도해변로 192
1100,한국전력중부산지사(1층 종합봉사실 전력홍보관 앞),051-240-3211,"부산광역시 서구 까치고개로 252, 한국전력중부산지점 (토성동1가)",부산광역시 서구 토성동1가 23-1 한국전력중부산지점,35.0993904420634,129.023230732729,부산 서구 까치고개로 252
1101,한전남부건설본부(1층 현관로비),051-240-9331,"부산광역시 서구 보수대로 21, 한국전력공사남부건설본부 (토성동1가)",부산광역시 서구 토성동1가 29 한국전력공사남부건설본부,35.0987591599366,129.023846505195,부산 서구 보수대로 21
1102,부산패션칼라산업협동조합(2층 제어실),051-200-0500,부산광역시 사하구 신산로13번길 33 (신평동),부산광역시 사하구 신평동 642-5,35.0923907102047,128.955978963803,부산 사하구 신산로13번길 33
1103,부산광역시남구청(2층 화장실 옆),051-607-6431,부산광역시 남구 못골로 19,부산광역시 남구 못골로 19,35.1365216386863,129.084428572618,부산 남구 못골로 19
1104,부산서부경찰서(치안종합상황실),051-240-4860,"부산광역시 서구 대영로 16, 부산서부경찰서 (서대신동2가)",부산광역시 서구 서대신동2가 271 부산서부경찰서,35.1096170813167,129.013155279418,부산 서구 대영로 16
1105,대연3동행정복지센터(2층 민원실 내),051-607-6644,"부산광역시 남구 수영로 345(대연동, 대연힐스테이트푸르지오)",부산광역시 남구 대연동 1858 대연힐스테이트푸르지오,35.1398875289479,129.103520204194,부산 남구 수영로 345
1106,못골파출소(입구),051-610-8299,"부산광역시 남구 진남로46번길 37, 못골치안센터 (대연동)",부산광역시 남구 대연동 1475번지 2호 못골치안센터,35.139784029249,129.090065603772,부산 남구 진남로46번길 37
1107,문현1동행정복지센터(문현1동 주민센터 접수창구 우측),051-607-6435,부산광역시 남구 고동골로60번길 1  (문현동),부산광역시 남구 문현동 127-10 문현1동주민센터,35.1425347817519,129.071328605236,부산 남구 고동골로60번길 1
1108,문현4동행정복지센터(3층 입구),051-607-6962,"부산광역시 남구 수영로 12 (문현동, 세종그랑시아아파트)",부산광역시 남구 문현동 366-18 세종그랑시아아파트,35.136195587528,129.069127855975,부산 남구 수영로 12
1109,용호2동행정복지센터(행정복지센터 내),051-607-6742,"부산광역시 남구 용호로197번길 41, 용호2동주민센터 (용호동)",부산광역시 남구 용호동 517-19 용호2동주민센터,35.1148308358368,129.11342732355,부산 남구 용호로197번길 41
1110,대연4동행정복지센터(주민센터 입구),051-607-6661,"부산광역시 남구 석포로91번길 96, 대연4동주민센터 (대연동)",부산광역시 남구 대연동 1020-2 대연4동주민센터,35.1298084294669,129.091414927867,부산 남구 석포로91번길 96
1111,감만종합사회복지관(1층 입구),051-634-3415,부산광역시 남구 우암로 84-1 (감만동),부산광역시 남구 감만동 78번지,35.1184457394682,129.081327820711,부산 남구 우암로 84-1
1112,(주)대우건설부산범일동주상복합현장(102동 지상1층 호이스트 옆),051-647-9351,부산광역시 동구 범일로 38 (범일동),부산광역시 동구 범일동 330-226,35.1332720401572,129.060043225687,부산 동구 범일로 38
1113,삼육부산병원(500병동),051-600-7575,부산광역시 서구 대티로 161,부산광역시 서구 서대신동2가 382-6 삼육부산병원,35.1166687298821,129.010292961723,부산 서구 대티로 161
1114,대신2차푸르지오아파트(관리사무소),051-243-0815,"부산광역시 서구 고운들로 181 (서대신동2가, 대신 푸르지오 2차)",부산광역시 서구 서대신동2가 414-1 대신 푸르지오 2차,35.1084567309889,129.013588861488,부산 서구 고운들로 181
1116,동해남부선 동래역(고객지원실 앞),051-440-2242,"부산광역시 동래구 낙민로 27, 동해남부선 동래역 (낙민동)","부산광역시 동래구 낙민로 27, 동해남부선 동래역 (낙민동)",35.1972422759176,129.091105219599,부산 동래구 낙민로 27
1117,남부운전면허시험장(원동기 기능시험장),051-610-8028,"부산광역시 남구 용호로 16, 남부운전면허시험장 (용호동)",부산광역시 남구 용호동 179 남부운전면허시험장,35.1273793248364,129.103570229616,부산 남구 용호로 16
1118,GS25연산그랜드점(점포 내),051-852-0307,"부산광역시 연제구 중앙대로1124번길 31, 1층 (연산동)",부산광역시 연제구 연산동 587-2,35.1882560035656,129.082824513204,부산 연제구 중앙대로1124번길 31
1119,장림2동주민센터(장림2동주민센터),051-220-5301,부산광역시 사하구 장평로 131,부산광역시 사하구 장림동 601 장림2동주민센터,35.0778788244343,128.972603723467,부산 사하구 장평로 131
1120,다대포다목적인조잔디구장(사무실내),051-220-5854,"부산광역시 사하구 몰운대1길 14, 임해행정봉사실 (다대동)",부산광역시 사하구 다대동 482-3 임해행정봉사실,35.046379810293,128.968007746434,부산 사하구 몰운대1길 14
1121,구평동주민센터(1층민원실내),051-220-5391,부산광역시 사하구 서포로 48 구평동주민센터,부산광역시 사하구 구평동  159-1 구평동주민센터 구평동주민센터,35.0819331524775,128.987826486802,부산 사하구 서포로 48
1122,괴정한신더휴아파트(관리사무소),051-294-9606,부산광역시 사하구 사리로 106(괴정동),부산광역시 사하구 괴정동 216-10,35.1076784658799,128.998897634279,부산 사하구 사리로 106
1123,하단1동주민센터(하단1동주민센터),051-220-5151,부산광역시 사하구 하신중앙로 308,부산광역시 사하구 하단동 608-11 하단1동주민센터,35.1039644999339,128.96424250535,부산 사하구 하신중앙로 308
1124,하단1동주민센터(하단1동 행정복지센터 2층 대회의실),051-220-5151,"부산광역시 사하구 하신중앙로 308, 하단1동행정복지센터 (하단동)",부산광역시 사하구 하단동 608-11 하단1동행정복지센터,35.1039644999339,128.96424250535,부산 사하구 하신중앙로 308
1125,사하구청의회(사하구청의회1층 의원사무실입구),051-220-4871,부산광역시 사하구 낙동대로398번길 12 사하구청의회1층 의원사무실입구,부산광역시 사하구 당리동  317-16 사하구청 사하구청의회1층 의원사무실입구,35.1045019580248,128.974790181016,부산 사하구 낙동대로398번길 12
1126,을숙도문화회관소강당(을숙도문화회관소강당 1층 로비),051-220-5814,부산광역시 사하구 낙동남로1233번길 25 을숙도문화회관소강당 1층 로비,부산광역시 사하구 하단동  1151-14 을숙도 문화회관 을숙도문화회관소강당 1층 로비,35.1100332440456,128.944957109522,부산 사하구 낙동남로1233번길 25
1127,감천문화마을행복발전소(감천문화마을 행복발전소 1층 로비),051-207-1910,부산광역시 사하구 감내2로 46 감천문화마을 행복발전소1층 로비,부산광역시 사하구 감내2로 46 감천문화마을 행복발전소 1층 로비,35.0953709193767,129.007786237035,부산 사하구 감내2로 46
1128,감천문화마을행복나눔센터(사하구 감내2로 194),051-293-3223,부산광역시 사하구 감내2로 194 (감천동),부산광역시 사하구 감천동 9-122,35.0978081554541,129.010330808311,부산 사하구 감내2로 194
1129,하단에스케이뷰아파트(관리동 입구),051-207-5557,"부산광역시 사하구 하신번영로 400 (하단동, 하단동에스케이뷰아파트)",부산광역시 사하구 하단동 1217-1 하단동에스케이뷰아파트,35.1160820750502,128.961508306953,부산 사하구 하신번영로 400
1130,국제그린아파트(관리사무소 입구),051-264-4351,"부산광역시 사하구 다대로381번길 75  (다대동, 국제그린아파트)",부산광역시 사하구 다대동 94-2 국제그린아파트,35.0660657761745,128.984454188143,부산 사하구 다대로381번길 75
1131,하이록코리아주식회사(1공장 입구),051-970-0954,부산광역시 강서구 녹산산단27로 97,부산광역시 강서구 송정동 1467-1,35.0994227980424,128.8317664125,부산 강서구 녹산산단27로 97
1132,대신롯데캐슬(정문 경비실),051-244-9002,"부산광역시 서구 대티로 161 (서대신동3가, 대신 롯데캐슬)",부산광역시 서구 서대신동3가 762 대신 롯데캐슬,35.1166687298821,129.010292961723,부산 서구 대티로 161
1133,기장군보건소(대여사업용3),051-709-4797,"부산광역시 기장군 기장읍 기장대로 560, 기장군청",부산광역시 기장군 기장읍 신천리 1 기장군청,35.2434815827191,129.222956025904,부산 기장군 기장읍 기장대로 560
1134,신평한신아파트(중앙초소 내),051-292-4015,"부산광역시 사하구 비봉로 42(신평동, 한신아파트)",부산광역시 사하구 신평동 425 한신아파트,35.0970527267283,128.965872629359,부산 사하구 비봉로 42
1135,방가방가게스트하우스(1층 사무실 앞),051-207-1212,부산광역시 사하구 감내1로 218 1층 사무실 앞 (감천동),부산광역시 사하구 감천동 10-45 1층 사무실 앞,35.0972141502996,129.009479920771,부산 사하구 감내1로 218
1136,국립부산승학산치유의숲(1층 로비),051-292-5636,"부산광역시 사하구 제석로 201, 치유센터 (당리동)",부산광역시 사하구 당리동 산 22 치유센터,35.1153628561986,128.98733558291,부산 사하구 제석로 201
1137,대방건설(주)부산에코델타시티 대방디에트르아파트신축공사현장(가설사무실 1층(안전교육장 앞)28블럭),051-841-0862,"부산광역시 강서구 제도로 696, 강동119안전센터 (강동동)",부산광역시 강서구 강동동 4677-2,35.174774219279,128.916034605218,부산 강서구 제도로 696
1138,부산광역시강서구청(3층 콘서트홀 서측 출입구측),051-970-4125,부산광역시 강서구 명지국제1로 141 (명지동),부산광역시 강서구 명지동 630-8,35.1020948179891,128.90398789154,부산 강서구 명지국제1로 141
1139,부산체육시설관리사업소(씨름장 사무실 내부),051-602-2235,"부산광역시 서구 꽃마을로156번길 12, 구덕씨름회관, 구덕꽃마을 공영주차장 (서대신동3가)","부산광역시 서구 서대신동3가 산 15-1 구덕씨름회관, 구덕꽃마을 공영주차장",35.1270991342645,129.007765295269,부산 서구 꽃마을로156번길 12
1140,쿠팡로지스틱스서비스유한회사LS_BSN3(6.5층 OB Desk 옆),010-****-****,"부산광역시 서구 원양로 203, 6층 (암남동)",부산광역시 서구 암남동 633-26,35.0691592599893,129.007931525224,부산 서구 원양로 203
1141,부산광역시강서구청(강서생활문화센터 입구),051-970-4125,부산광역시 강서구 영강길19번길 58 (명지동),부산광역시 강서구 명지동 1443-2,35.1081635938033,128.926323670711,부산 강서구 영강길19번길 58
1142,(주)성광벤드(스텐공장 철판장),051-330-0200,부산광역시 강서구 녹산산단262로13번길 35 (송정동),부산광역시 강서구 송정동 1727-3,35.0880459322712,128.849728850831,부산 강서구 녹산산단262로13번길 35
1143,(주)성광벤드(미음공장 사무실 입구),051-330-0200,부산광역시 강서구 가리새1로25번길 30 (생곡동),부산광역시 강서구 생곡동 1578-1,35.1410724676188,128.87640167178,부산 강서구 가리새1로25번길 30
1144,(주)성광벤드(열간과 화장실 입구),051-330-0200,부산광역시 강서구 녹산산단262로 26 (송정동),부산광역시 강서구 송정동 1720,35.0870078004733,128.843495178885,부산 강서구 녹산산단262로 26
1145,(주)성광벤드(제품관리부 사무실),051-330-0200,부산광역시 강서구 녹산산단262로 26 (송정동),부산광역시 강서구 송정동 1720,35.0870078004733,128.843495178885,부산 강서구 녹산산단262로 26
1146,(주)성광벤드(본관 사무동 입구),051-330-0200,부산광역시 강서구 녹산산단262로 26 (송정동),부산광역시 강서구 송정동 1720,35.0870078004733,128.843495178885,부산 강서구 녹산산단262로 26
1147,동대신동브라운스톤하이포레(경비실 내),051-257-2920,"부산광역시 서구 동대로19번길 32 (동대신동3가, 브라운스톤 하이포레)",부산광역시 서구 동대신동3가 63-2 브라운스톤 하이포레,35.1184561607383,129.019216891509,부산 서구 동대로19번길 32
1148,다대현대아파트(관리동 2층),051-261-7251,"부산광역시 사하구 다대로 473 (다대동, 다대포현대아파트)",부산광역시 사하구 다대동 120-1 다대포현대아파트,35.0614810237866,128.979312755324,부산 사하구 다대로 473
1149,광혜의료재단광혜병원(인공신장센터 입구),051-503-2111,"부산광역시 동래구 충렬대로 96, 광혜병원 (온천동)",부산광역시 동래구 온천동 1426-6 광혜병원,35.2069683553419,129.071145271145,부산 동래구 충렬대로 96
1150,도시철도미남역(고객센터(역무실)앞),051-678-6309,"부산광역시 동래구 아시아드대로 지하232, 도시철도 미남역 (온천동)",부산광역시 동래구 온천동 1470 도시철도 미남역,35.2055969458619,129.068122269653,부산 동래구 아시아드대로 지하 232
1151,"속편한내과의원(충렬대로 155번길 19,5층)",051-554-1088,"부산광역시 동래구 충렬대로155번길 19, 5층 (온천동)",부산광역시 동래구 온천동 1437-8,35.2057740243593,129.077099831933,부산 동래구 충렬대로155번길 19
1152,태화현대2차아파트(정문 경비실),051-896-6252,"부산광역시 부산진구 가야대로 635-13 (당감동, 당감동태화현대2차아파트)",부산광역시 부산진구 당감동 123 당감동태화현대2차아파트,35.1561948411934,129.041101811057,부산 부산진구 가야대로 635-13
1153,동래메가마트(1층 안내데스크 안),051-550-6082,"부산광역시 동래구 충렬대로 197, 메가마트 (명륜동)",부산광역시 동래구 명륜동 506번지 3호 메가마트,35.2045556872671,129.081169445553,부산 동래구 충렬대로 197
1154,명륜아이파크1차(정문 경비실 내),010-****-****,"부산광역시 동래구 명륜로 170 (명륜동, 명륜아이파크1단지)",부산광역시 동래구 명륜동 757 명륜아이파크1단지,35.2099506283549,129.082954713533,부산 동래구 명륜로 170
1155,동래구청소년센터(지하1층 로비),051-988-0924,"부산광역시 동래구 문화로 90, 동래구 청소년수련관 (명륜동)",부산광역시 동래구 명륜동 793 동래구 청소년수련관,35.2134725640832,129.09084753633,부산 동래구 문화로 90
1156,명륜2차아이파크아파트(112동 4-5라인 지하1층 관리사무소내),051-558-5516,"부산광역시 동래구 시실로 49 (명륜동, 명륜2차아이파크)",부산광역시 동래구 명륜동 782번지 명륜2차아이파크,35.216426578493,129.08725318541,부산 동래구 시실로 49
1157,우성베스토피아아파트(정문 경비실),051-558-1238,"부산광역시 동래구 복천로5번길 34 (복천동, 우성베스토피아)",부산광역시 동래구 복천동 500-1 우성베스토피아,35.205826507023,129.087317319323,부산 동래구 복천로5번길 34
1158,명륜자이아파트(101동 1층 관리사무소 입구),051-714-7420,"부산광역시 동래구 명륜로139번길 22 (명륜동, 명륜자이)",부산광역시 동래구 명륜동 650번지 1호 명륜자이,35.2067512543455,129.081153682083,부산 동래구 명륜로139번길 22
1159,성일여자고등학교(중앙현관1층 보건실 앞),070-5051-7525,"부산광역시 사하구 다대로 161, 성일여자고등학교 (신평동)",부산광역시 사하구 신평동 60-1 성일여자고등학교,35.0894995115559,128.980062642206,부산 사하구 다대로 161
1160,동래시장(1층 ATM 출기 옆),051-552-1621,"부산광역시 동래구 동래시장길 14, 동래시장 (복천동)",부산광역시 동래구 복천동 229-42 동래시장,35.2038087186428,129.085938614047,부산 동래구 동래시장길 14
1161,힐스테이트명륜트라디움아파트(관리사무소),051-552-0217,"부산광역시 동래구 동래로57번길 94(명륜동, 힐스테이트 명륜 트라디움)",부산광역시 동래구 명륜동 805 힐스테이트 명륜 트라디움,35.214463197331,129.082846682152,부산 동래구 동래로57번길 94
1162,충렬상가시장(서포해물 앞),051-523-9628,"부산광역시 동래구 충렬대로459번길 73-10(안락동, 충렬상가아파트)",부산광역시 동래구 안락동 464-21 충렬상가아파트,35.1980958631856,129.109954326342,부산 동래구 충렬대로459번길 73-10
1163,안락상가시장(중앙대동할매국수 옆),051-362-3311,"부산광역시 동래구 충렬대로410번길 21(안락동, 안락시장상가아파트)",부산광역시 동래구 안락동 603-1 안락시장상가아파트,35.1954989290011,129.103290689443,부산 동래구 충렬대로410번길 21
1164,동래봉생병원(스마트관 1층),051-520-5542,"부산광역시 동래구 안연로109번길 27, 봉생병원 (안락동)",부산광역시 동래구 안락동 766 봉생병원,35.1969275901618,129.096107169399,부산 동래구 안연로109번길 27
1165,소양무지개동산(1층 로비 입구),051-971-7003,"부산광역시 강서구 동선길 369, 소양보육원 (동선동)",부산광역시 강서구 동선동 832-3 소양보육원,35.0425507591523,128.830892125593,부산 강서구 동선길 369
1166,만덕그린코아아파트(관리사무소),051-338-1428,"부산광역시 북구 덕천로234번길 47 (만덕동, 그린코아아파트)",부산광역시 북구 만덕동 216-7 그린코아아파트,35.2074079470518,129.030722714168,부산 북구 덕천로234번길 47
1167,동진노인복지센터(1층 엘리베이터 앞),051-336-5300,부산광역시 북구 덕천로 101-7(덕천동),부산광역시 북구 덕천동 241-42,35.2099925747976,129.015454647135,부산 북구 덕천로 101-7
1168,가덕도동행정복지센터(동 행정복지센터 내 로비),051-970-4637,"부산광역시 강서구 동선길 10, 가덕도동행정복지센터 (성북동)",부산광역시 강서구 성북동 229-1 가덕도동행정복지센터,35.056631433582,128.831718858015,부산 강서구 동선길 10
1169,부산백병원(본관 3층),051-890-6504,"부산광역시 부산진구 복지로 75, 인제대학교 부산백병원 (개금동)",부산광역시 부산진구 개금동 633-165 인제대학교 부산백병원,35.1464534842515,129.020571153957,부산 부산진구 복지로 75
1170,부산백병원(본관 1층),051-890-6504,"부산광역시 부산진구 복지로 75, 인제대학교 부산백병원 (개금동)",부산광역시 부산진구 개금동 633-165 인제대학교 부산백병원,35.1464534842515,129.020571153957,부산 부산진구 복지로 75
1171,GS25장림장평로점(편의점 ATM 옆),010-****-****,부산광역시 사하구 장평로 121 (장림동),부산광역시 사하구 장림동 599-8,35.0769083023783,128.972649967004,부산 사하구 장평로 121
1172,정관이지더원2차아파트(관리사무소 입구),051-727-5599,부산광역시 기장군 정관읍 정관2로 9 (이지 더원 2차 아파트),부산광역시 기장군 정관읍 모전리 735 이지 더원 2차 아파트,35.3332892479738,129.162836632655,부산 기장군 정관읍 정관2로 9
1173,부산중부소방서(충무119안전센터 펌프차),051-760-4143,"부산광역시 서구 충무대로 186, 충무소방파출소 (남부민동)",부산광역시 서구 남부민동 691-4 충무소방파출소,35.0871102237157,129.024782788649,부산 서구 충무대로 186
1174,강변뜨란채아파트(관리동 2층 관리사무소 앞),051-525-2460,"부산광역시 동래구 안남로 79 (안락동, 강변뜨란채)",부산광역시 동래구 안락동 1251번지 강변뜨란채,35.195538188241,129.102446944314,부산 동래구 안남로 79
1175,SK에코플랜트(서부산SKV1)(사하구 다대로170번길 71(신평동)2층 사무실 앞),010-****-****,부산광역시 사하구 다대로170번길 71 (신평동),부산광역시 사하구 신평동 520,35.0865493102893,128.969640528006,부산 사하구 다대로170번길 71
1176,한진타운경로당(관리사무소 2층 경로당 내),051-556-6804,"부산광역시 동래구 충렬대로200번길 25, 관리사무소동 2층 (수안동, 한진타운)",부산광역시 동래구 수안동 666번지 1호 한진타운,35.2018228547911,129.080330624903,부산 동래구 충렬대로200번길 25
1177,부산중구보건소(중구보건소 2층 민원실),051-600-4748,"부산광역시 중구 중구로 120, 중구청 (대청동1가)",부산광역시 중구 대청동1가 1번지 4호,35.1062062247712,129.032358909035,부산 중구 중구로 120
1178,부산중구보건소(중구보건소 구급차),051-600-4748,부산광역시 중구 중구로 120 (대청동1가),부산광역시 중구 대청동1가 1번지 4호,35.1062062247712,129.032358909035,부산 중구 중구로 120
1179,GS25동아햇살점(매장내),051-466-5943,"부산광역시 중구 영주로 73, 101호 (영주동, 동아아파트)",부산광역시 중구 영주동 92 동아아파트,35.1136726417904,129.029987260423,부산 중구 영주로 73
1180,삼육부산병원(인공신장실),051-600-7575,"부산광역시 서구 대티로 170, 삼육부산병원 (서대신동2가)",부산광역시 서구 서대신동2가 382-6 삼육부산병원,35.112065623463,129.01097628247,부산 서구 대티로 170
1181,삼육부산병원(720병동),051-600-7575,"부산광역시 서구 대티로 170, 삼육부산병원 (서대신동2가)",부산광역시 서구 서대신동2가 382-6 삼육부산병원,35.112065623463,129.01097628247,부산 서구 대티로 170
1182,고신대학교복음병원(심장내과),051-990-6114,"부산광역시 서구 감천로 262, 고신대학교의과대학, 고신대학교복음병원 (암남동)","부산광역시 서구 암남동 14-8 고신대학교의과대학, 고신대학교복음병원",35.0810780661749,129.014512799533,부산 서구 감천로 262
1183,고신대학교복음병원(간담췌내과),051-990-6114,"부산광역시 서구 감천로 262, 고신대학교의과대학, 고신대학교복음병원 (암남동)","부산광역시 서구 암남동 14-8 고신대학교의과대학, 고신대학교복음병원",35.0810780661749,129.014512799533,부산 서구 감천로 262
1184,고신대학교복음병원(2동직업환경보건센터),051-990-6114,"부산광역시 서구 감천로 262, 고신대학교의과대학, 고신대학교복음병원 (암남동)","부산광역시 서구 암남동 14-8 고신대학교의과대학, 고신대학교복음병원",35.0810780661749,129.014512799533,부산 서구 감천로 262
1185,고신대학교복음병원(2동직업환경보건센터(검진버스)),051-990-6114,"부산광역시 서구 감천로 262, 고신대학교의과대학, 고신대학교복음병원 (암남동)","부산광역시 서구 암남동 14-8 고신대학교의과대학, 고신대학교복음병원",35.0810780661749,129.014512799533,부산 서구 감천로 262
1186,동아대학교병원(본관 2층),051-240-2000,"부산광역시 서구 대신공원로 26, 동아대학교병원 (동대신동3가)",부산광역시 서구 동대신동3가 552 동아대학교병원,35.1205099717021,129.018749786965,부산 서구 대신공원로 26
1187,동아대학교병원(동관 1층),051-240-2000,"부산광역시 서구 대신공원로 26, 동아대학교병원 (동대신동3가)",부산광역시 서구 동대신동3가 552 동아대학교병원,35.1205099717021,129.018749786965,부산 서구 대신공원로 26
1188,동아대학교병원(중앙관 1층),051-240-2000,"부산광역시 서구 대신공원로 26, 동아대학교병원 (동대신동3가)",부산광역시 서구 동대신동3가 552 동아대학교병원,35.1205099717021,129.018749786965,부산 서구 대신공원로 26
1189,삼육부산병원(320병동),051-600-7575,"부산광역시 서구 대티로 170, 삼육부산병원 (서대신동2가)",부산광역시 서구 서대신동2가 382-6 삼육부산병원,35.112065623463,129.01097628247,부산 서구 대티로 170
1190,고신대학교복음병원(5동 1층),051-990-6114,"부산광역시 서구 감천로 262, 고신대학교의과대학, 고신대학교복음병원 (암남동)","부산광역시 서구 암남동 14-8 고신대학교의과대학, 고신대학교복음병원",35.0810780661749,129.014512799533,부산 서구 감천로 262
1191,대동병원(B1 물리치료실 앞),051-559-0120,"부산광역시 동래구 충렬대로 187, 대동병원 (명륜동)",부산광역시 동래구 명륜동 530-1 대동병원,35.2043075639488,129.080201770222,부산 동래구 충렬대로 187
1192,대동병원(9F 92병동),051-559-0120,"부산광역시 동래구 충렬대로 187, 대동병원 (명륜동)",부산광역시 동래구 명륜동 530-1 대동병원,35.2043075639488,129.080201770222,부산 동래구 충렬대로 187
1193,대동병원(2F 외래수납대 앞),051-559-0120,"부산광역시 동래구 충렬대로 187, 대동병원 (명륜동)",부산광역시 동래구 명륜동 530-1 대동병원,35.2043075639488,129.080201770222,부산 동래구 충렬대로 187
1194,GS25부산남포점(매장 내),010-****-****,부산광역시 중구 남포길 17 (남포동2가),부산광역시 중구 남포동2가 19-4,35.0989022749148,129.030736511705,부산 중구 남포길 17
1195,대청망양원로의집(경로당 현관 입구),051-463-3356,부산광역시 중구 망양로335번길 6 (대청동4가),부산광역시 중구 대청동4가 1-82,35.1079054347091,129.029705351178,부산 중구 망양로335번길 6
1196,도시몰운대아파트(116동 경비실 입구),2623585,"부산광역시 사하구 다대낙조2길 12(다대동, 도시몰운대아파트)",부산광역시 사하구 다대동 1550 도시몰운대아파트,35.0516293768853,128.966106194759,부산 사하구 다대낙조2길 12
1197,도시몰운대아파트(108동 경비실 입구),2623585,"부산광역시 사하구 다대낙조2길 12(다대동, 도시몰운대아파트)",부산광역시 사하구 다대동 1550 도시몰운대아파트,35.0516293768853,128.966106194759,부산 사하구 다대낙조2길 12
1198,도시몰운대아파트(105동 경비실 입구),2623585,"부산광역시 사하구 다대낙조2길 12(다대동, 도시몰운대아파트)",부산광역시 사하구 다대동 1550 도시몰운대아파트,35.0516293768853,128.966106194759,부산 사하구 다대낙조2길 12
1199,도시몰운대아파트(102동 경비실 입구),2623585,"부산광역시 사하구 다대낙조2길 12(다대동, 도시몰운대아파트)",부산광역시 사하구 다대동 1550 도시몰운대아파트,35.0516293768853,128.966106194759,부산 사하구 다대낙조2길 12
1200,반송실버센터(1층 장애인출입구 옆),051-749-4372,"부산광역시 해운대구 반송로924번길 8, 반송실버센터및노인정 (반송동)",부산광역시 해운대구 반송동 22-40 반송2동어린이집및노인정,35.2322227302816,129.155005087175,부산 해운대구 반송로924번길 8
1201,부산강서우체국(우체국 공중실(1층)),051-941-2010,"부산광역시 강서구 대저로63번길 49, 부산강서우체국 (대저1동)",부산광역시 강서구 대저1동 1549 부산강서우체국,35.2172975051348,128.959282692269,부산 강서구 대저로63번길 49
1202,연산3동행정복지센터(연산3동행정복지센터 2층 민원실),051-665-5832,"부산광역시 연제구 연수로208번길 16, 연산3동 행정복합타운 (연산동)",부산광역시 연제구 연산동 1829 연산3동 행정복합타운,35.1729556272843,129.092907280953,부산 연제구 연수로208번길 16
1203,한국전력공사서부산지사(한전 서부산지사 T-Flex 본관동 2층 창구앞),051-250-9211,"부산광역시 강서구 유통단지1로 41, 티플렉스 본관동 2층 한국전력공사 서부산지사 (대저2동)",부산광역시 강서구 대저2동 3153-1 티플렉스 본관동 2층 한국전력공사 서부산지사,35.1673384631299,128.955819688911,부산 강서구 유통단지1로 41
1204,중구노인복지관분관(중구노인복지관분관 1층입구 엘리베이터 옆),051-462-0316,"부산광역시 중구 영주로 8-1, 중구노인복지관분관 (영주동)",부산광역시 중구 영주동 287-9 중구노인복지관분관,35.1102269278544,129.032631384794,부산 중구 영주로 8
1205,고촌어울림도서관(고촌어울림도서관 1층),051-709-5382,부산광역시 기장군 철마면 고촌로 51,부산광역시 기장군 철마면 고촌리 683-1,35.2387296096988,129.168697755793,부산 기장군 철마면 고촌로 51
1206,부산진구기적의도서관(1층 현관 입구),051-605-8753,"부산광역시 부산진구 범양로125번길 19, 부산진구 기적의도서관 (양정동)",부산광역시 부산진구 양정동 506-6 부산진구 기적의도서관,35.1740314030824,129.06470157938,부산 부산진구 범양로125번길 19
1207,범천평생학습센터(평생동 1층 입구),051-605-4874,부산광역시 부산진구 신암로 12 (범천동),부산광역시 부산진구 범천동 3-6,35.1429814502404,129.056325970829,부산 부산진구 신암로 12
1208,윗골공원물놀이장(윗골공원 물놀이장 좌광천정원 방문자센터 외벽),051-709-4952,"부산광역시 기장군 정관읍 정관8로 11, 좌광천정원 방문자센터",부산광역시 기장군 정관읍 매학리 709 좌광천정원 방문자센터,35.3238839865113,129.17761984932,부산 기장군 정관읍 정관8로 11
1209,일광도서관(일광도서관 1층 로비),051-709-5442,"부산광역시 기장군 일광읍 일역길 75-31, 일광도서관",부산광역시 기장군 일광읍 삼성리 197 일광도서관,35.2613831915583,129.232680797377,부산 기장군 일광읍 일역길 75
1210,부산진구노인장애인복지관(1층 로비),051-808-8190,"부산광역시 부산진구 전포대로300번길 6, 부산진구 노인 장애인복지관 (전포동)",부산광역시 부산진구 전포동 581 부산진구 노인 장애인복지관,35.1640484712076,129.065846661256,부산 부산진구 전포대로300번길 6
1211,부산진구보건소(부산진구청 1층 로비),051-645-4000,"부산광역시 부산진구 시민공원로 30, 부산진구청 1층 (부암동)",부산광역시 부산진구 부암동 666-16 부산진구청,35.162830637421,129.05318830381,부산 부산진구 시민공원로 30
1212,롯데캐슬골드1단지(관리사무소),051-583-3711,"부산광역시 금정구 금강로 502 (구서동, 구서동롯데캐슬골드)",부산광역시 금정구 구서동 1051 구서동롯데캐슬골드,35.2506948293087,129.088194708041,부산 금정구 금강로 502
1213,화명대림타운(관리사무소 내),051-362-1710,"부산광역시 북구 금곡대로 268 (화명동, 화명동대림타운)",부산광역시 북구 화명동 1170-1 화명동대림타운,35.2314080166544,129.015133073984,부산 북구 금곡대로 268
1214,사상구청(1층 민원실 안내데스크),051-310-4152,"부산광역시 사상구 학감대로 242, 사상구청 (감전동)",부산광역시 사상구 감전동 138-8 사상구청,35.1525507231581,128.991456131232,부산 사상구 학감대로 242
1215,부산광역시시립연산도서관(1층 입구),051-792-5405,"부산광역시 연제구 고분로191번길 16, 부산광역시립연산도서관 (연산동)",부산광역시 연제구 연산동 252-5 부산광역시립연산도서관,35.1859484335932,129.104007675757,부산 연제구 고분로191번길 16
1216,GS25 아시아드코오롱점(점포입구),010-****-****,"부산광역시 연제구 종합운동장로28번길 7 (거제동, 부산 아시아드 코오롱 하늘채 아파트)",부산광역시 연제구 거제동 1528 부산 아시아드 코오롱 하늘채 아파트,35.1935398467592,129.064828479989,부산 연제구 종합운동장로28번길 7
1217,부산사상우체국(우편물교부창구),051-320-3331,"부산광역시 사상구 낙동대로1318번길 47, (주)롯데칠성음료 (삼락동)",부산광역시 사상구 삼락동 394-8 (주)롯데칠성음료,35.1774895544585,128.978940370527,부산 사상구 낙동대로1318번길 47
1218,구평대림e편한2차아파트(관리사무소),051-265-0600,"부산광역시 사하구 서포로30번길 12 (구평동, e편한세상 사하2차)",부산광역시 사하구 구평동 518 e편한세상 사하2차,35.0827778603371,128.984491722497,부산 사하구 서포로30번길 12
1219,동래읍성도서관(1층 카페 앞),051-550-6901,"부산광역시 동래구 동래로159번길 153, 동래읍성도서관 (칠산동)",부산광역시 동래구 칠산동 21-1 동래읍성도서관,35.2070852110046,129.094803368147,부산 동래구 동래로159번길 153
1220,안락누리도서관(1층 사무실 앞),051-550-6913,"부산광역시 동래구 명안로10번길 64, 안락누리도서관 (안락동)",부산광역시 동래구 안락동 459-4 안락누리도서관,35.1969855545912,129.107709764973,부산 동래구 명안로10번길 64
1221,기장근대역사관(역사관 본관),051-709-3971,부산광역시 기장군 기장읍 차성로299번길 18,부산광역시 기장군 기장읍 동부리 194-2,35.2440353703452,129.212803996994,부산 기장군 기장읍 차성로299번길 18
1222,국립수산과학원(생명공학동 1층 중앙현관),051-720-2082,"부산광역시 기장군 기장읍 기장해안로 216, 수산과학원",부산광역시 기장군 기장읍 시랑리 408-1 수산과학원,35.1910952941451,129.222284055012,부산 기장군 기장읍 기장해안로 216
1223,국립수산과학원(수산공학동 1층 중앙현관),051-720-2082,"부산광역시 기장군 기장읍 기장해안로 216, 수산과학원",부산광역시 기장군 기장읍 시랑리 408-1 수산과학원,35.1910952941451,129.222284055012,부산 기장군 기장읍 기장해안로 216
1224,국립수산과학원(체력단련실 3층 복도),051-720-2082,"부산광역시 기장군 기장읍 기장해안로 216, 수산과학원",부산광역시 기장군 기장읍 시랑리 408-1 수산과학원,35.1910952941451,129.222284055012,부산 기장군 기장읍 기장해안로 216
1225,임랑문화공원작은도서관(작은도서관 입구),051-709-4089,"부산광역시 기장군 장안읍 임랑해안길 1, 박태준기념관",부산광역시 기장군 장안읍 임랑리 120-3 박태준기념관,35.3169343576715,129.261194124243,부산 기장군 장안읍 임랑해안길 1
1226,부곡여자중학교(본관1층 중앙현관),051-510-5700,"부산광역시 금정구 가마실로 56, 부곡여자중학교 (부곡동)",부산광역시 금정구 부곡동 717-1 부곡여자중학교,35.2231940167334,129.095575106278,부산 금정구 가마실로 56
1227,한국마사회 부산경남지역본부(구급차(75무2078)),051-901-7400,"부산광역시 강서구 가락대로 929, 부산경남경마공원 (범방동)",부산광역시 강서구 범방동 1833 부산경남경마공원,35.1547434738895,128.881976082478,부산 강서구 가락대로 929
1228,(주)바이넥스(1층 로비),051-790-4452,부산광역시 사하구 다대로 368-3 (장림동),부산광역시 사하구 장림동 480-2,35.0701744323102,128.976020299575,부산 사하구 다대로 368-3
1229,"도시몰운대임대아파트(다대5지구)(1,2동초소)",051-264-8910,"부산광역시 사하구 다대낙조2길 50 다대동,도시몰운대임대아파트","부산광역시 사하구 다대동 1549-2 도시몰운대임대아파트 다대동,도시몰운대임대아파트",35.0523910981046,128.961735884254,부산 사하구 다대낙조2길 50
1230,도시몰운대임대아파트(다대5지구)(기계실),051-264-8910,"부산광역시 사하구 다대낙조2길 50 다대동,도시몰운대임대아파트","부산광역시 사하구 다대동 1549-2 도시몰운대임대아파트 다대동,도시몰운대임대아파트",35.0523910981046,128.961735884254,부산 사하구 다대낙조2길 50
1231,낙동강관리본부(화명수상레포츠(선착장)),051-310-6062,"부산광역시 북구 강변대로 1629, 화명 수상레포츠타운 (덕천동)",부산광역시 북구 덕천동 763 화명 수상레포츠타운,35.2223687078632,129.000677147396,부산 북구 강변대로 1629
1232,율리벽산블루밍아파트(관리사무소 내),051-361-9914,"부산광역시 북구 효열로 1 (금곡동, 율리벽산블루밍아파트)",부산광역시 북구 금곡동 1915 율리벽산블루밍아파트,35.2489684522194,129.014089697572,부산 북구 효열로 1
1233,희락원(식당 입구),051-508-1133,"부산광역시 금정구 노포사송로 169, 희락원 (노포동)",부산광역시 금정구 노포동 964-1 희락원,35.2933415118376,129.086458804441,부산 금정구 노포사송로 169
1234,금정노인요양원(1층 현관),051-508-8822,"부산광역시 금정구 청룡예전로43번길 25, 금정노인요양원 (청룡동)",부산광역시 금정구 청룡동 39-5 금정노인요양원,35.2777310824305,129.089014812516,부산 금정구 청룡예전로43번길 25
1235,애광노인요양원(요양원 입구),051-997-1448,"부산광역시 금정구 금샘로17번안길 45, 애광원 (장전동)",부산광역시 금정구 장전동 503-77 애광원,35.2292013447023,129.075398006193,부산 금정구 금샘로17번안길 45
1236,금정아이숲들락날락(1층 안내),070-4115-7812,"부산광역시 금정구 산성로 435, 금성어린이집 (금성동)",부산광역시 금정구 금성동 222-1 금성어린이집,35.2513002617709,129.054760721487,부산 금정구 산성로 435
1237,부산문현푸르지오트레시엘(건설현장)(106동 앞),051-647-8922,부산광역시 남구 문현동 산 23-1,부산광역시 남구 문현동 산 23-1,35.1484144432142,129.072285494547,부산 남구 문현동 산 23-1
1238,부산광역시강서구청(명지해안방재림 남쪽 공중화장실),051-970-4394,"부산광역시 강서구 명지오션시티1로 170, 명지오션시티 남쪽 공중화장실 (명지동)",부산광역시 강서구 명지동 3306 명지오션시티 남쪽 공중화장실,35.0792245807304,128.903674705804,부산 강서구 명지오션시티1로 170
1239,부산광역시강서구청(명지해안방재림 동편 공중화장실),051-970-4394,"부산광역시 강서구 명지오션시티1로 282, 철새탐조대 공중화장실 (명지동)",부산광역시 강서구 명지동 3308-3 철새탐조대 공중화장실,35.0838060683476,128.911957378259,부산 강서구 명지오션시티1로 282
1240,만덕1동행정복지센터(민원실),051-309-6421,"부산광역시 북구 만덕1로 1, 만덕1동 주민센터 (만덕동)",부산광역시 북구 만덕동 830-34 만덕1동 주민센터,35.2134562414714,129.036366311515,부산 북구 만덕1로 1
1241,금곡동행정복지센터(민원실),051-309-6265,"부산광역시 북구 금곡대로 466, 금곡동주민센터 (금곡동)",부산광역시 북구 금곡동 1114-2 금곡동주민센터,35.2500787970033,129.012848226375,부산 북구 금곡대로 466
1242,부산광역시북구청(민원실),051-309-4642,"부산광역시 북구 낙동대로1570번길 33, 북구청 (구포동)",부산광역시 북구 구포동 1124-1 북구청,35.1968825080786,128.990095451939,부산 북구 낙동대로1570번길 33
1243,무지개언덕노인전문요양센터(4층 사무실),051-338-5788,"부산광역시 북구 시랑로114번길 45, 장선종합사회복지관 (구포동)",부산광역시 북구 구포동 1255-2 장선종합사회복지관,35.1942692627747,129.008691896335,부산 북구 시랑로114번길 45
1244,구포3동행정복지센터(민원실),051-309-6247,"부산광역시 북구 시랑로118번길 23, 구포3동 주민센터 (구포동)",부산광역시 북구 구포동 1252-1 구포3동 주민센터,35.194931760372,129.008792083644,부산 북구 시랑로118번길 23
1245,화명3동행정복지센터(행정복지센터 내 민원실),051-309-6341,부산광역시 북구 화명신도시로 85,부산광역시 북구 화명동 2285 화명3동 주민센터,35.2318669566079,129.010047053768,부산 북구 화명신도시로 85
1246,화명1동행정복지센터(주민센터 내 민원실),051-309-6301,부산광역시 북구 금곡대로 274,부산광역시 북구 화명동 1230-3 화명1동주민센터,35.2327837765524,129.013782452525,부산 북구 금곡대로 274
1247,덕천3동행정복지센터(주민센터 내 민원실),051-341-1310,부산광역시 북구 덕천로 118,부산광역시 북구 덕천동 809-1 덕천3동 주민센터,35.2099189349627,129.017456812884,부산 북구 덕천로 118
1249,부산광역시강서구청(명지해안방재림 서편 공중화장실),051-970-4394,"부산광역시 강서구 명지오션시티1로 28, 명지오션시티 서편 공중화장실 (명지동)",부산광역시 강서구 명지동 3302 명지오션시티 서편 공중화장실,35.0867405054079,128.895934915004,부산 강서구 명지오션시티1로 28
1250,용두산미타선원(부산광역시 서구 망양로 27),051-253-8687,부산광역시 서구 망양로 27 (서대신동3가),부산광역시 서구 서대신동3가 509-2,35.1131680073987,129.013278949049,부산 서구 망양로 27
1251,해운대반도보라빌아파트(관리사무실 내),051-731-0724,"부산광역시 해운대구 해운대로 495 (우동, 해운대반도보라빌아파트)",부산광역시 해운대구 우동 945 해운대반도보라빌아파트,35.1624138157013,129.147958676759,부산 해운대구 해운대로 495
1252,(주)파나시아(본사 1층 로비),070-4860-8041,부산광역시 강서구 미음산단3로 55 (미음동),부산광역시 강서구 미음동 1566-1,35.1491689002091,128.857822648517,부산 강서구 미음산단3로 55
1253,(주)파나시아(2공장 1층 로비),070-4860-8041,부산광역시 강서구 미음산단3로 55 (미음동),부산광역시 강서구 미음동 1566-1,35.1491689002091,128.857822648517,부산 강서구 미음산단3로 55
1254,거제종합사회복지관(1층 로비),051-507-8172,"부산광역시 연제구 아시아드대로46번길 45, 거제종합사회복지관 (거제동)",부산광역시 연제구 거제동 1179-4 거제종합사회복지관,35.1886024131766,129.070853024421,부산 연제구 아시아드대로46번길 45
1255,구포현대아파트(관리사무소 1층),051-335-8191,"부산광역시 북구 백양대로 1003 (구포동, 현대아파트)",부산광역시 북구 구포동 1103-2 현대아파트,35.1955368874101,128.993534496345,부산 북구 백양대로 1003
1256,부산광역시의료원(재활센터 5층 재활기능평가실),051-607-2038,"부산광역시 연제구 월드컵대로 359, 부산의료원 (거제동)",부산광역시 연제구 거제동 1518 부산의료원,35.187431768268,129.060181218712,부산 연제구 월드컵대로 359
1257,부산광역시의료원(재활센터 5층 심장호흡치료실 앞),051-607-2038,"부산광역시 연제구 월드컵대로 359, 부산의료원 (거제동)",부산광역시 연제구 거제동 1518 부산의료원,35.187431768268,129.060181218712,부산 연제구 월드컵대로 359
1258,부산광역시의료원(건강증진센터 1층로비),051-607-2038,"부산광역시 연제구 월드컵대로 359, 부산의료원 (거제동)",부산광역시 연제구 거제동 1518 부산의료원,35.187431768268,129.060181218712,부산 연제구 월드컵대로 359
1259,부산광역시의료원(1층 로비 안내데스크옆),051-607-2038,"부산광역시 연제구 월드컵대로 359, 부산의료원 (거제동)",부산광역시 연제구 거제동 1518 부산의료원,35.187431768268,129.060181218712,부산 연제구 월드컵대로 359
1260,부산환경공단 관로사업소(동부관로팀 2층 사무실),051-790-8834,"부산광역시 동래구 온천천남로 185, 부산환경공단 (안락동)",부산광역시 동래구 안락동 1121 부산환경공단,35.1890063033494,129.111533078163,부산 동래구 온천천남로 185
1261,동부산우체국(1층 엘레베이터 앞),051-630-1425,"부산광역시 동구 조방로 15, 동부산우체국 (범일동)",부산광역시 동구 범일동 830-63 동부산우체국,35.1382233214331,129.062261701805,부산 동구 조방로 15
1262,벽산강변타운(관리동 2층 관리사무소 내),051-362-0077,"부산광역시 북구 양달로9번길 21 (화명동, 벽산강변타운)",부산광역시 북구 화명동 188 벽산강변타운,35.245398335453,129.01353176912,부산 북구 양달로9번길 21
1264,부산광역시청(26층 체력단련실 내부),051-888-3941,"부산광역시 연제구 중앙대로 1001, 부산광역시청, 부산광역시의회 (연산동)","부산광역시 연제구 연산동 1000 부산광역시청, 부산광역시의회",35.17992598569,129.07509523457,부산 연제구 중앙대로 1001
1265,부산광역시청(시의회 3층 로비),051-888-3941,"부산광역시 연제구 중앙대로 1001, 부산광역시청, 부산광역시의회 (연산동)","부산광역시 연제구 연산동 1000 부산광역시청, 부산광역시의회",35.17992598569,129.07509523457,부산 연제구 중앙대로 1001
1266,부산광역시청(3층 안내데스크 앞),051-888-3941,"부산광역시 연제구 중앙대로 1001, 부산광역시청, 부산광역시의회 (연산동)","부산광역시 연제구 연산동 1000 부산광역시청, 부산광역시의회",35.17992598569,129.07509523457,부산 연제구 중앙대로 1001
1267,부산광역시청(2층 행정서비스 헌장 아래),051-888-3941,"부산광역시 연제구 중앙대로 1001, 부산광역시청, 부산광역시의회 (연산동)","부산광역시 연제구 연산동 1000 부산광역시청, 부산광역시의회",35.17992598569,129.07509523457,부산 연제구 중앙대로 1001
1268,부산광역시청(1층 고층 엘리베이터 옆),051-888-3941,"부산광역시 연제구 중앙대로 1001, 부산광역시청, 부산광역시의회 (연산동)","부산광역시 연제구 연산동 1000 부산광역시청, 부산광역시의회",35.17992598569,129.07509523457,부산 연제구 중앙대로 1001
1269,연우어르신의집(2층 생활실),051-337-5200,부산광역시 북구 덕천로381번길 17-27(만덕동),부산광역시 북구 만덕동 415,35.2109444563349,129.044191212484,부산 북구 덕천로381번길 17-27
1270,정화노인요양원(5층 간호사실 앞),051-332-6810,"부산광역시 북구 양달로 55, 정화원 (화명동)",부산광역시 북구 화명동 298 정화원,35.2439182286458,129.019411213624,부산 북구 양달로 55
1271,부산북구보건소 덕천지소(1층 민원실),051-309-4838,"부산광역시 북구 만덕대로89번길 9, 북구보건소 덕천지소 (덕천동)",부산광역시 북구 덕천동 378-7 북구보건소 덕천지소,35.2128477400946,129.014241613263,부산 북구 만덕대로89번길 9
1272,부산북구보건소(1층 화장실 앞),051-309-7058,"부산광역시 북구 금곡대로 348, 북구보건소 (화명동)",부산광역시 북구 화명동 1531-4 북구보건소,35.239294652051,129.01441642187,부산 북구 금곡대로 348
1273,북구국민체육센터(2층 안내데스크),051-365-2073,"부산광역시 북구 화명대로94번길 83, 와석초등학교 (화명동)",부산광역시 북구 화명동 755 와석초등학교,35.2307877401101,129.017421076357,부산 북구 화명대로94번길 83
1274,정이있는구포시장(고객편의시설 1층 현관),051-333-9033,부산광역시 북구 구포시장2길 8(구포동),부산광역시 북구 구포동 599-39,35.2083551146081,129.003853816738,부산 북구 구포시장2길 8
1275,만덕종합사회복지관(4층 들락날락 앞),051-332-8004,"부산광역시 북구 함박봉로140번길 102, 만덕종합사회복지관 (만덕동)",부산광역시 북구 만덕동 949번지 1호 만덕종합사회복지관,35.2018587253128,129.035393326853,부산 북구 함박봉로140번길 102
1276,재성종합건설(현장사무실(이동형)),051-973-3208,부산광역시 강서구 강동동 1637,부산광역시 강서구 강동동 1637,35.1962445957805,128.924238591186,부산 강서구 강동동 1637
1277,복합건강센터(복합건강센터 5층EV앞),051-600-4752,"부산광역시 중구 흑교로 48, 중구복합건강센터 5층 (보수동1가)",부산광역시 중구 보수동1가 95-3 중구복합건강센터,35.1037739467834,129.025356255623,부산 중구 흑교로 48
1278,중부경찰서(창선치안센터)(창선치안센터 내부),051-664-0344,"부산광역시 중구 광복중앙로 1, 창선치안센터 (창선동1가)",부산광역시 중구 창선동1가 44번지 창선치안센터,35.0994715521816,129.031166436763,부산 중구 광복중앙로 1
1279,중앙공원관리사무실(광복기념관 1층),8607805,"부산광역시 서구 망양로193번길 167, 광복기념관 1층 (동대신동2가)",부산광역시 서구 동대신동2가 99-11 광복기념관,35.111306028914,129.027513643254,부산 서구 망양로193번길 167
1280,웰빙체육관(4층 헬스장 입구),051-465-6565,부산광역시 중구 영주로 89 (영주동),부산광역시 중구 영주동 71-6,35.1148073896706,129.03164932713,부산 중구 영주로 89
1281,동아아파트(동아아파트 정문 경비실(11블록)),051-469-1300,"부산광역시 중구 영주로 65 (영주동, 동아아파트)",부산광역시 중구 영주동 160 동아아파트,35.1122445541186,129.029798838878,부산 중구 영주로 65
1282,용두산공원(용두산공원 사무실),8607822,부산광역시 중구 용두산길 37-55 용두산공원,부산광역시 중구 광복동2가  1-2 용두산공원 용두산공원,35.100929432638,129.032442805252,부산 중구 용두산길 37-55
1283,중부경찰서(본관1층 민원대기실),051-664-0221,"부산광역시 중구 충장대로 33, 부산중부경찰서 (중앙동4가)",부산광역시 중구 중앙동4가 90-9,35.1065115714193,129.038870101571,부산 중구 충장대로 33
1284,e편한세상 동래명장아파트(관리사무소 앞),051-532-9107,"부산광역시 동래구 명장로 65 (명장동, e 편한세상 동래명장)","부산광역시 동래구 명장로 65 (명장동, e 편한세상 동래명장)",35.2051196931617,129.105513244994,부산 동래구 명장로 65
1285,e편한세상 동래명장아파트(커뮤니티센터 골프연습장 앞),051-532-9107,"부산광역시 동래구 명장로 65 (명장동, e 편한세상 동래명장)","부산광역시 동래구 명장로 65 (명장동, e 편한세상 동래명장)",35.2051196931617,129.105513244994,부산 동래구 명장로 65
1286,수정산가족체육공원(관리사무소 1층),051-441-1690,"부산광역시 동구 수정공원로 63-1, 수정산 가족체육공원 관리동, 화장실동 (수정동)","부산광역시 동구 수정동 713-2 수정산 가족체육공원 관리동, 화장실동",35.132515377896,129.038411204675,부산 동구 수정공원로 63
1287,동구노인종합복지관(1층 로비),051-467-7887,"부산광역시 동구 홍곡중로5번길 24, 동구노인복지회관 (수정동)",부산광역시 동구 수정동 1011-886 동구노인복지회관,35.1258109626327,129.040417647523,부산 동구 홍곡중로5번길 24
1288,사하역비스타동원아파트(관리동 2층),051-271-5501,"부산광역시 사하구 낙동대로 280(괴정동, 사하역 비스타 동원)",부산광역시 사하구 괴정동 1284 사하역 비스타 동원,35.1001350992794,128.98425723893,부산 사하구 낙동대로 280
1289,덕포시장고객쉼터(1층 입구 왼쪽),051-303-8393,부산광역시 사상구 사상로293번길 12 (덕포동),부산광역시 사상구 덕포동 421-13,35.1712810272762,128.982255341191,부산 사상구 사상로293번길 12
1290,사상구장애인자립생활센터(별관1)(1층 입구),051-312-5569,"부산광역시 사상구 사상로 512 (모라동, 모라리버빌)",부산광역시 사상구 모라동 991 모라리버빌,35.1900078501784,128.98906930168,부산 사상구 사상로 512
1291,GS편의점사상경동점(편의점 내),010-****-****,"부산광역시 사상구 백양대로 526 (주례동, 경동 리인)",부산광역시 사상구 주례동 1288 경동 리인,35.1557931167053,128.995991051558,부산 사상구 백양대로 526
1292,GS봉래중앙점(편의점 내),010-****-****,부산광역시 영도구 절영로13번길 30 (대교동2가),부산광역시 영도구 대교동2가 20,35.0924493857286,129.04161115301,부산 영도구 절영로13번길 30
1293,GS25명지안전체험관(편의점 입구),010-****-****,부산광역시 강서구 명지국제5로136번길 28 (명지동),부산광역시 강서구 명지동 3508-4,35.1056614829957,128.923977311069,부산 강서구 명지국제5로136번길 28
1294,부산광역시강서구청(별관 입구),051-970-4151,"부산광역시 강서구 낙동북로 477, 강서구청 (대저1동)",부산광역시 강서구 대저1동 2300 강서구청,35.2122029412715,128.980585063107,부산 강서구 낙동북로 477
1295,부산광역시강서구청(강서기적의도서관 1층 입구),051-970-4125,"부산광역시 강서구 명지오션시티10로 80, 강서기적의도서관 (명지동)",부산광역시 강서구 명지동 3247 강서기적의도서관,35.0861633044237,128.904740697825,부산 강서구 명지오션시티10로 80
1296,데시앙해링턴플레이스파크시티(커뮤니티 로비 우측 벽면),051-622-2212,"부산광역시 남구 용주로 36 (용호동, 데시앙 해링턴 플레이스 파크시티)",부산광역시 남구 용호동 980 데시앙 해링턴 플레이스 파크시티,35.1126137352917,129.113230004297,부산 남구 용주로 36
1297,우리들병원(13층 3병동 간호사실),051-559-2000,"부산광역시 동래구 중앙대로 1523, SK HUB SKY (온천동)",부산광역시 동래구 온천동 153-8 SK HUB SKY,35.2211719490401,129.085522588953,부산 동래구 중앙대로 1523
1298,우리들병원(10층 진료대기실),051-559-2000,"부산광역시 동래구 중앙대로 1523, SK HUB SKY (온천동)",부산광역시 동래구 온천동 153-8 SK HUB SKY,35.2211719490401,129.085522588953,부산 동래구 중앙대로 1523
1299,백양산서희스타힐스(관리사무소 내),051-867-0632,"부산광역시 부산진구 백양산로 22 (부암동, 백양산서희스타힐스)",부산광역시 부산진구 부암동 610-88 백양산서희스타힐스,35.172540323275,129.033133031769,부산 부산진구 백양산로 22
1300,부산염광교회(부산염광교회 1층 로비),051-469-6664,부산광역시 중구 중구로 150-15  (동광동5가),부산광역시 중구 동광동5가 3-20,35.1083056252552,129.035584186431,부산 중구 중구로 150-15
1301,가톨릭센터(본관 로비),051-462-1870,부산광역시 중구 중구로 71 (대청동4가),부산광역시 중구 대청동4가 81-1,35.1043539464545,129.028572657778,부산 중구 중구로 71
1302,개금아이파크(관리사무소 입구),051-914-4880,"부산광역시 부산진구 복지로 70 (개금동, 개금아이파크)",부산광역시 부산진구 개금동 618-2 개금아이파크,35.1474573442981,129.019633646689,부산 부산진구 복지로 70
1303,(주)태영건설(서면어반센트데시앙)(경비실),051-819-8177,부산광역시 부산진구 가야대로727번길 3-6 (부암동),부산광역시 부산진구 부암동 705-2,35.1581863029348,129.051221267864,부산 부산진구 가야대로727번길 3-6
1304,(주)태영건설(서면어반센트데시앙)(102동 4층),051-819-8177,부산광역시 부산진구 가야대로727번길 3-6 (부암동),부산광역시 부산진구 부암동 705-2,35.1581863029348,129.051221267864,부산 부산진구 가야대로727번길 3-6
1305,에코델타시티푸르지오린아파트(관리사무소),051-973-6663,부산광역시 강서구 에코델타3로 43,부산광역시 강서구 강동동 5022 에코델타시티 푸르지오 린,35.1428719245537,128.920043691156,부산 강서구 에코델타3로 43
1306,삼익그린타운(경비실 1초소 내),051-624-1711,부산광역시 남구 황령대로319번가길 142,부산광역시 남구 대연동 245-23 삼익그린타운,35.15170299638,129.087291918993,부산 남구 황령대로319번가길 142
1307,삼익그린타운(경비실 3초소 내),051-624-1711,부산광역시 남구 황령대로319번가길 142,부산광역시 남구 대연동 245-23 삼익그린타운,35.15170299638,129.087291918993,부산 남구 황령대로319번가길 142
1308,반여농산물도매시장관리사업소(청과동 2층 반여힐링쉼터 우측),051-550-8212,"부산광역시 해운대구 수영강변대로 626, 반여농산물도매시장 (반여동)",부산광역시 해운대구 반여동 559 반여농산물도매시장,35.2159291712475,129.120930162673,부산 해운대구 수영강변대로 626
1309,대티까치어울림센터(1층 로비),051-220-5916,부산광역시 사하구 대티로 59(괴정동),부산광역시 사하구 괴정동 193-17,35.1065428402639,129.005696510356,부산 사하구 대티로 59
1310,한국국토정보공사 부산울산지역본부(1층 로비),051-550-9031,"부산광역시 동래구 금강로 77, 한국국토정보공사 부산울산지역본부 (온천동)",부산광역시 동래구 온천동 439-2 한국국토정보공사 부산울산지역본부,35.2161034359,129.077690272908,부산 동래구 금강로 77
1311,명장경로당(경로당 내),010-****-****,부산광역시 동래구 명장로48번길 28 (명장동),부산광역시 동래구 명장동 136-38,35.2035746144075,129.105993316544,부산 동래구 명장로48번길 28
1312,도시철도1호선동래역(역무안전실 문 앞),051-678-6125,"부산광역시 동래구 중앙대로 1324, 도시철도 1호선 동래역  (온천동)",부산광역시 동래구 온천동 514-2 도시철도 1호선 동래역,35.205618039108,129.078480143881,부산 동래구 중앙대로 1324
1313,도시철도수안역(역무안전실 앞),051-678-6403,"부산광역시 동래구 충렬대로 지하223, 도시철도수안역 (수안동)",부산광역시 동래구 수안동 192-10 도시철도수안역,35.2018368298853,129.083897697782,부산 동래구 충렬대로 지하 223
1314,부산광역시립명장도서관(1층 안내실 내),051-528-0582,"부산광역시 동래구 명안로46번길 35, 시립명장도서관 (명장동)",부산광역시 동래구 명장동 611번지 4호 시립명장도서관,35.2008560353795,129.10654208604,부산 동래구 명안로46번길 35
1315,안락현대아파트(104동 경비실 내),051-524-7611,"부산광역시 동래구 삼어로 9 (안락동, 안락동 현대아파트)","부산광역시 동래구 삼어로 9 (안락동, 안락동 현대아파트)",35.2005767533328,129.11375378447,부산 동래구 삼어로 9
1316,가화만사성타운(경비실),051-728-6338,부산광역시 기장군 정관읍 방곡로 39 (가화만사성 정관타운),부산광역시 기장군 정관읍 방곡리 380 가화만사성 정관타운,35.3270913932754,129.189292074257,부산 기장군 정관읍 방곡로 39
1317,공군제5공중기동비행단(체력단련장 내 1T 진행실),051-979-3641,"부산광역시 강서구 공항진입로42번길 54, 김해체력단련장 (대저2동)",부산광역시 강서구 대저2동 794,35.1831289219132,128.948324703076,부산 강서구 공항진입로42번길 54
1318,부산도시가스(명지집단에너지사무실)(3층 입구),051-607-1237,"부산광역시 강서구 명지국제1로 275, 부산도시가스(명지집단에너시사무실) (명지동)",부산광역시 강서구 명지동 3635,35.1133668433075,128.906112972319,부산 강서구 명지국제1로 275
1319,동래한양아파트(아파트 입구 제1초소),051-555-0192,"부산광역시 동래구 충렬대로 314 (낙민동, 동래한양아파트)",부산광역시 동래구 낙민동 172 동래한양아파트,35.1984482125389,129.091672765039,부산 동래구 충렬대로 314
1320,희망교회(교회 본당로비),051-20-1368,"부산광역시 사하구 낙동대로356번길 20, 희망교회 (당리동)",부산광역시 사하구 당리동 427번지 희망교회,35.1019827633197,128.979729658108,부산 사하구 낙동대로356번길 20
1321,만덕삼성아파트(3동 경비실 내),051-336-8774,"부산광역시 북구 만덕2로 10 (만덕동, 삼성아파트)",부산광역시 북구 만덕동 290-1 삼성아파트,35.2109245971145,129.036768960273,부산 북구 만덕2로 10
1322,빌리브명지듀클래스(402동 1층 관리사무소),051-204-3331,"부산광역시 강서구 명지국제6로 70, 빌리브 명지 듀클래스 1단지 (명지동)",부산광역시 강서구 명지동 3605-6 빌리브 명지 듀클래스 1단지,35.0901787501813,128.907046794254,부산 강서구 명지국제6로 70
1323,좋은강안병원(본관3층 복도),051-610-0900,"부산광역시 수영구 수영로 493, 좋은강안병원 (남천동)",부산광역시 수영구 남천동 40-1 좋은강안병원,35.1501725109377,129.11060070761,부산 수영구 수영로 493
1324,좋은강안병원(희망관2층 복도),051-610-0900,"부산광역시 수영구 수영로 493, 좋은강안병원 (남천동)",부산광역시 수영구 남천동 40-1 좋은강안병원,35.1501725109377,129.11060070761,부산 수영구 수영로 493
1325,부산광역시교육청부산교육역사관(부산교육역사관 1층 로비),051-711-5841,"부산광역시 사하구 옥천로 130, 부산교육역사관 (감천동)",부산광역시 사하구 감천동 10-2 부산교육역사관,35.0968675804375,129.011102999445,부산 사하구 옥천로 130
1326,부산해양경찰서남항파출소송도출장소(출장소 내),010-****-****,"부산광역시 서구 송도해변로 36, 송도오션파크 (암남동)",부산광역시 서구 암남동 135-23 송도오션파크,35.0727815409476,129.017486827782,부산 서구 송도해변로 36
1327,사하경찰서(1층 민원실),051-290-2322,"부산광역시 사하구 을숙도대로 665, 부산사하경찰서 (신평동)",부산광역시 사하구 신평동 569번지 1호 부산사하경찰서,35.0859618481399,128.978471046232,부산 사하구 을숙도대로 665
1328,GS25하단사하점(GS25 하단사하점),010-****-****,"부산광역시 사하구 하신중앙로 335, 화경빌딩 (하단동)",부산광역시 사하구 하단동 590-7 화경빌딩,35.1054496951317,128.966562849797,부산 사하구 하신중앙로 335
1329,GS25다대포점(매장 내),051-265-9280,부산광역시 사하구 다대로 702 (다대동),부산광역시 사하구 다대동 1548-35,35.0489434550856,128.965077772579,부산 사하구 다대로 702
1330,사하구청(본관 1층 민원여권과 앞),051-220-5732,"부산광역시 사하구 낙동대로398번길 12, 사하구청 (당리동)",부산광역시 사하구 당리동 317-16 사하구청,35.1045019580248,128.974790181016,부산 사하구 낙동대로398번길 12
1331,을숙도문화회관(대공연장 1층 화장실 입구),051-220-5801,"부산광역시 사하구 낙동남로1233번길 25, 을숙도 문화회관 (하단동)",부산광역시 사하구 하단동 1151-14 을숙도 문화회관,35.1100332440456,128.944957109522,부산 사하구 낙동남로1233번길 25
1332,GS25부산몰운대점(매장 내),010-****-****,부산광역시 사하구 몰운대1길 17 (다대동),부산광역시 사하구 다대동 467-4,35.0468390616305,128.968446250902,부산 사하구 몰운대1길 17
1333,신평레포츠공원(체육회 사무실 입구),051-205-2007,부산광역시 사하구 하신번영로 119 (신평동),부산광역시 사하구 신평동 651-9,35.093080486499,128.96019037474,부산 사하구 하신번영로 119
1334,을숙도인라인스케이트장(인라인스케이트장 본부석 벽면),051-220-5855,부산광역시 사하구 낙동남로1233번길 38 (하단동),부산광역시 사하구 하단동 1149-2,35.1108049053602,128.947943661494,부산 사하구 낙동남로1233번길 38
1335,기장군도시관리공단-기장생활체육센터(2층 엘리베이터 옆),051-792-4872,"부산광역시 기장군 기장읍 차성서로109번길 24, 기장생활체육공원",부산광역시 기장군 기장읍 서부리 198 기장생활체육공원,35.2436523396729,129.208201077147,부산 기장군 기장읍 차성서로109번길 24
1336,우리누리지역아동센터(감내꿈나무센터 1층),051-291-9020,부산광역시 사하구 감내1로 234 감내꿈나무센터 2층 (감천동),부산광역시 사하구 감천동 7 감내꿈나무센터 2층,35.0979359506579,129.009531520532,부산 사하구 감내1로 234
1337,장림1동주민센터(1층민원실내),051-220-5271,부산광역시 사하구 장림로161번길 2 장림1동주민센터,부산광역시 사하구 장림동  1140 장림1동주민센터 장림1동주민센터,35.0830543165765,128.966871156616,부산 사하구 장림로161번길 2
1338,신평2동주민센터(1층민원실내),051-220-5241,"부산광역시 사하구 하신중앙로 185, 사하구 제2청사, 신평2동행정복지센터 (신평동)","부산광역시 사하구 신평동 646-2 사하구 제2청사, 신평2동행정복지센터",35.0949676281423,128.961540805872,부산 사하구 하신중앙로 185
1339,하단2동주민센터(1층민원실내),051-220-5181,부산광역시 사하구 하신번영로 377 하단2동주민센터,부산광역시 사하구 하단동  1161-3 하단2동주민센터 하단2동주민센터,35.1145886266341,128.960522829769,부산 사하구 하신번영로 377
1340,감천2동주민센터(감천2동주민센터),051-220-5451,부산광역시 사하구 옥천로93번길 14,부산광역시 사하구 감천동 12-9 감천2동주민센터,35.0946109105866,129.009360435065,부산 사하구 옥천로93번길 14
1341,다대2동주민센터(다대2동행정복지센터1층 민원실입구 정수기 옆),051-220-5367,부산광역시 사하구 다대로429번길 30 다대2동주민센터,부산광역시 사하구 다대동  120-35 다대2동주민센터 다대2동주민센터,35.0635529810834,128.982008554914,부산 사하구 다대로429번길 30
1342,신평1동주민센터(신평1동행정복지센터),051-220-5212,부산광역시 사하구 신산로 173(신평동),부산광역시 사하구 신평동 545-1,35.0900496241898,128.974398175634,부산 사하구 신산로 173
1343,드파인센텀(경비실),051-524-3001,"부산광역시 해운대구 선수촌로 30 (반여동, 드파인센텀)",부산광역시 해운대구 반여동 1349 드파인센텀,35.197076226816,129.118965848338,부산 해운대구 선수촌로 30
1344,부산과학기술고등교육진흥원(13층 E/V홀),051-795-5114,"부산광역시 해운대구 센텀중앙로 79, 센텀사이언스파크 13층 (우동)",부산광역시 해운대구 우동 1463-1 센텀사이언스파크,35.1740782852492,129.126513499207,부산 해운대구 센텀중앙로 79
1345,부산과학기술고등교육진흥원(17층 E/V홀),051-795-5114,"부산광역시 해운대구 센텀중앙로 79, 센텀사이언스파크 17층 (우동)",부산광역시 해운대구 우동 1463-1 센텀사이언스파크,35.1740782852492,129.126513499207,부산 해운대구 센텀중앙로 79
1346,학장동행정복지센터(1층 민원실),051-310-3205,부산광역시 사상구 학감대로133번길 9(학장동 행정복지센터),부산광역시 사상구 학장동 386-1 학장동 주민센터,35.1423214784743,128.987400642941,부산 사상구 학감대로133번길 9
1347,현대건설힐스테이트사직아시아드현장(현장 내 안전교육장),010-****-****,부산광역시 동래구 쇠미로 117 (사직동),부산광역시 동래구 사직동 630,35.201904681443,129.059145221546,부산 동래구 쇠미로 117
1348,현대건설범천1-1구역도시환경정비사업현장(건강관리실),051-631-0190,부산광역시 부산진구 범일로 176 (범천동),부산광역시 부산진구 범천동 848-8,35.145667233478,129.059686070146,부산 부산진구 범일로 176
1350,(주)조선호텔앤리조트부산(지하 1층 피트니스),051-749-7215,"부산광역시 해운대구 동백로 67, (주)조선호텔앤리조트 부산 (우동)",부산광역시 해운대구 우동 737 (주)조선호텔앤리조트 부산,35.1559933232415,129.154042762478,부산 해운대구 동백로 67
1351,(주)조선호텔앤리조트부산(1층 로비 데스크),051-749-7215,"부산광역시 해운대구 동백로 67, (주)조선호텔앤리조트 부산 (우동)",부산광역시 해운대구 우동 737 (주)조선호텔앤리조트 부산,35.1559933232415,129.154042762478,부산 해운대구 동백로 67
1352,의료법인전일의료재단한가족요양병원(4층 병동 안),051-752-6100,"부산광역시 수영구 장대골로7번길 45 (광안동, 광안유림노르웨이아침)",부산광역시 수영구 광안동 744-32 광안유림노르웨이아침,35.1569272983278,129.112403595217,부산 수영구 장대골로7번길 45
1353,해운대구건강증진센터(해운대구건강증진센터 1층 헬스장),051-717-3445,부산광역시 해운대구 반송로 853 (반송동),부산광역시 해운대구 반송동 683-48,35.2300460281409,129.147895718325,부산 해운대구 반송로 853
1354,한형석아동극장(1층 안내데스크 옆),051-290-5681,부산광역시 서구 해돋이로 297 (부민동3가),부산광역시 서구 부민동3가 8-1167,35.1027846257619,129.016174516075,부산 서구 해돋이로 297
1355,한국토지주택공사부산울산지역본부진해사업단(진해사업팀 1층),051-719-8583,부산광역시 강서구 명지국제8로 149 (명지동),부산광역시 강서구 명지동 977,35.0994667547004,128.910590082144,부산 강서구 명지국제8로 149
1356,GS25서구충무점(매장 내),010-****-****,부산광역시 서구 충무시장길 19 (충무동1가),부산광역시 서구 충무동1가 27-12,35.0955778855013,129.023761939716,부산 서구 충무시장길 19
1357,의료법인전일의료재단한가족요양병원(3층 병동 안),051-752-6100,"부산광역시 수영구 장대골로7번길 45, 301호 (광안동, 광안유림노르웨이아침)",부산광역시 수영구 광안동 744-32 광안유림노르웨이아침,35.1569272983278,129.112403595217,부산 수영구 장대골로7번길 45
1358,에코델타시티푸르지오센터파크(관리사무소 입구),051-941-0178,"부산광역시 강서구 에코델타1로 66 (강동동, 에코델타시티푸르지오센터파크)",부산광역시 강서구 강동동 4831-14 에코델타시티푸르지오센터파크,35.1476705701951,128.91469842294,부산 강서구 에코델타1로 66
1359,래미안포레스티지(1단지 생활지원센터 입구),051-554-8884,"부산광역시 동래구 금강로151번길 46 (온천동, 래미안포레스티지)",부산광역시 동래구 온천동 100-13 래미안포레스티지,35.2234031188566,129.079872338171,부산 동래구 금강로151번길 46
1360,래미안포레스티지(3단지 생활지원센터 입구),051-554-8884,부산광역시 동래구 금강로131번길 41,부산광역시 동래구 온천동 100-13 래미안포레스티지,35.2191047104177,129.078477933266,부산 동래구 금강로131번길 41
1361,래미안포레스티지(2단지 커뮤니티안내데스크),051-554-8884,"부산광역시 동래구 금강로131번길 42 (온천동, 래미안포레스티지)",부산광역시 동래구 온천동 100-13 래미안포레스티지,35.2214588527959,129.078856993051,부산 동래구 금강로131번길 42
1362,온천2동 행정복지센터(행정복지센터 입구),051-550-4121,"부산광역시 동래구 충렬대로107번길 28, 온천제2동행정복지센터 (온천동)",부산광역시 동래구 온천동 707-3 온천제2동행정복지센터,35.2079447723257,129.072976025353,부산 동래구 충렬대로107번길 28
1363,사직3동 행정복지센터(행정복지센터 입구),051-550-6487,"부산광역시 동래구 아시아드대로154번길 79, 사직제3동행정복지센터 (사직동)",부산광역시 동래구 사직동 123-23 사직제3동행정복지센터,35.199439133683,129.069432294587,부산 동래구 아시아드대로154번길 79
1364,동래구노인복지관(1층 로비),051-554-6252,"부산광역시 동래구 명륜로207번길 18, 동래구 노인복지관 (명륜동)",부산광역시 동래구 명륜동 700-199 동래구 노인복지관,35.2123821667507,129.081972287549,부산 동래구 명륜로207번길 18
1365,GS25동래신사직점(매장 내),010-****-****,부산광역시 동래구 여고로127번길 23 (사직동),부산광역시 동래구 사직동 147-79,35.1998905871873,129.075990876193,부산 동래구 여고로127번길 23
1366,부산도시가스(좌동사옥 3층),051-607-1237,"부산광역시 해운대구 좌동순환로217번길 24, 부산도시가스 (좌동)",부산광역시 해운대구 좌동 1420 부산도시가스,35.17624804738,129.182286815586,부산 해운대구 좌동순환로217번길 24
1367,부산도시가스(전포사옥 3F),051-607-1237,부산광역시 부산진구 전포대로 153 (전포동),부산광역시 부산진구 전포대로 153 (전포동),35.1501720733307,129.064988173963,부산 부산진구 전포대로 153
1368,(주)파나시아(3공장 사무동 1층),070-4860-8041,부산광역시 강서구 미음산단3로 55 (미음동),부산광역시 강서구 미음동 1566-1,35.1491689002091,128.857822648517,부산 강서구 미음산단3로 55
1369,(주)파나시아(생산 사무동 1층입구),070-4860-8041,부산광역시 강서구 미음산단3로 55 (미음동),부산광역시 강서구 미음동 1566-1,35.1491689002091,128.857822648517,부산 강서구 미음산단3로 55
1370,벽산2차아파트(관리사무실 1층),051-701-7124,"부산광역시 해운대구 좌동순환로299번길 11 (좌동, 벽산2차아파트)",부산광역시 해운대구 좌동 1439 벽산2차아파트,35.169571011314,129.185048776441,부산 해운대구 좌동순환로299번길 11
1371,부산도시가스(전포사옥 1F),051-607-1237,부산광역시 부산진구 전포대로 153 (전포동),부산광역시 부산진구 전포동 891-43,35.1501720733307,129.064988173963,부산 부산진구 전포대로 153
1372,부산해양경찰서다대파출소(연안구조정 내),051-664-2232,"부산광역시 사하구 다대동로 10, 부산해양경찰서 다대파출소 (다대동)",부산광역시 사하구 다대동 680-5 부산해양경찰서 다대파출소,35.0545510507759,128.971639827489,부산 사하구 다대동로 10
1373,부산해양경찰서다대파출소(다대파출소),051-664-2232,"부산광역시 사하구 다대동로 10, 부산해양경찰서 다대파출소 (다대동)",부산광역시 사하구 다대동 680-5 부산해양경찰서 다대파출소,35.0545510507759,128.971639827489,부산 사하구 다대동로 10
1374,부산해양경찰서감천파출소(순찰차 내),051-664-2933,부산광역시 사하구 감천항로 35 (감천동),부산광역시 사하구 감천동 441-15,35.0842603928192,128.999966280814,부산 사하구 감천항로 35
1375,부산해양경찰서감천파출소(연안구조정내),051-664-2933,부산광역시 사하구 감천항로 35 (감천동),부산광역시 사하구 감천동 441-15,35.0842603928192,128.999966280814,부산 사하구 감천항로 35
1376,중앙해양특수구조단특수구조팀(중앙해양특수구조단 특수구조팀),051-580-2007,부산광역시 영도구 해양로301번길 3(동삼동),부산광역시 영도구 동삼동 1149-1,35.0813521151762,129.077115996109,부산 영도구 해양로301번길 3
1377,중앙해양특수구조단(중앙해양특수구조단 특수구조팀),051-580-2002,"부산광역시 영도구 해양로301번길 3, 중앙해양특수구조단 청사 (동삼동)",부산광역시 영도구 동삼동 1149-1 중앙해양특수구조단 청사,35.0813521151762,129.077115996109,부산 영도구 해양로301번길 3
1378,중앙해양특수구조단(중앙해양특수구조단 특수구조팀),051-580-2002,"부산광역시 영도구 해양로301번길 3, 중앙해양특수구조단 청사 (동삼동)",부산광역시 영도구 동삼동 1149-1 중앙해양특수구조단 청사,35.0813521151762,129.077115996109,부산 영도구 해양로301번길 3
1379,한국도로공사부산경남동부권역본부(부산영업소 1층 민원실 입구),051-793-2882,"부산광역시 금정구 고분로 148, 한국도로공사 부산영업소 (두구동)",부산광역시 금정구 두구동 1482-19 한국도로공사 부산영업소,35.2785366622292,129.10559132929,부산 금정구 고분로 148
1380,부산해양경찰서남항파출소(파출소 내),051-664-2329,"부산광역시 서구 해안새벽시장길 91, 부산해양경찰서 남항파출소 (남부민동)",부산광역시 서구 남부민동 696 부산해양경찰서 남항파출소,35.0921225361982,129.02532983892,부산 서구 해안새벽시장길 91
1381,부산해양경찰서남항파출소(순찰차 내),051-664-2329,"부산광역시 서구 해안새벽시장길 91, 부산해양경찰서 남항파출소 (남부민동)",부산광역시 서구 남부민동 696 부산해양경찰서 남항파출소,35.0921225361982,129.02532983892,부산 서구 해안새벽시장길 91
1382,부산해양경찰서남항파출소(연안구조정 내),051-664-2329,"부산광역시 서구 해안새벽시장길 91, 부산해양경찰서 남항파출소 (남부민동)",부산광역시 서구 남부민동 696 부산해양경찰서 남항파출소,35.0921225361982,129.02532983892,부산 서구 해안새벽시장길 91
1384,시청앞행복주택1단지(관리사무실 입구),051-866-0692,"부산광역시 연제구 연제로42번길 46 (연산동, 시청앞 행복주택 1단지)",부산광역시 연제구 연산동 1590-25 시청앞 행복주택 1단지,35.1797095714915,129.078024477515,부산 연제구 연제로42번길 46
1385,부산지방검찰청동부지청(1층로비 안내실),051-780-4546,"부산광역시 해운대구 재반로112번길 19, 부산지방검찰청동부지청 (재송동)",부산광역시 해운대구 재송동 1133-1 부산지방검찰청동부지청,35.1899386428032,129.129245554374,부산 해운대구 재반로112번길 19
1386,해운대나눔과행복병원(8병동),051-706-0598,"부산광역시 해운대구 좌동순환로 502, 이룸제이타워 3~9층 (중동)",부산광역시 해운대구 중동 1766-3 이룸제이타워,35.1659869320227,129.168974171464,부산 해운대구 좌동순환로 502
1387,해운대나눔과행복병원(7병동),051-706-0598,"부산광역시 해운대구 좌동순환로 502, 이룸제이타워 3~9층 (중동)",부산광역시 해운대구 중동 1766-3 이룸제이타워,35.1659869320227,129.168974171464,부산 해운대구 좌동순환로 502
1388,해운대나눔과행복병원(6병동),051-706-0598,"부산광역시 해운대구 좌동순환로 502, 이룸제이타워 3~9호 (중동)",부산광역시 해운대구 중동 1766-3 이룸제이타워,35.1659869320227,129.168974171464,부산 해운대구 좌동순환로 502
1389,해운대나눔과행복병원(5병동),051-706-0598,"부산광역시 해운대구 좌동순환로 502, 이룸제이타워 3~9층 (중동)",부산광역시 해운대구 중동 1766-3 이룸제이타워,35.1659869320227,129.168974171464,부산 해운대구 좌동순환로 502
1390,대연3구역주택재개발정비사업(롯데건설)(롯데건설 3공구 컨테이너 여자휴게실),051-647-9337,부산광역시 남구 천제등로16번길 4-6 (대연동),부산광역시 남구 대연동 1218-16,35.1331810220843,129.086612249328,부산 남구 천제등로16번길 4-6
1391,대연3구역주택재개발정비사업(롯데건설)(근린생활시설 2층),051-647-9337,부산광역시 남구 천제등로16번길 4-6 (대연동),부산광역시 남구 대연동 1218-16,35.1331810220843,129.086612249328,부산 남구 천제등로16번길 4-6
1392,씨제이제일제당부산공장(햇반A동 완포장),051-200-2319,부산광역시 사하구 다대로 210 (장림동),부산광역시 사하구 장림동 1037,35.0841635146541,128.974586493951,부산 사하구 다대로 210
1393,씨제이제일제당부산공장(다시다 출입구),051-200-2319,부산광역시 사하구 다대로 210 (장림동),부산광역시 사하구 장림동 1037,35.0841635146541,128.974586493951,부산 사하구 다대로 210
1394,씨제이제일제당부산공장(보일러실),051-200-2319,부산광역시 사하구 다대로 210 (장림동),부산광역시 사하구 장림동 1037,35.0841635146541,128.974586493951,부산 사하구 다대로 210
1395,씨제이제일제당부산공장(햇반A동 C/R),051-200-2319,부산광역시 사하구 다대로 210 (장림동),부산광역시 사하구 장림동 1037,35.0841635146541,128.974586493951,부산 사하구 다대로 210
1396,씨제이제일제당부산공장(원료가공동 휴게실),051-200-2319,부산광역시 사하구 다대로 210 (장림동),부산광역시 사하구 장림동 1037,35.0841635146541,128.974586493951,부산 사하구 다대로 210
1397,씨제이제일제당부산공장(HMR 출입구),051-200-2319,부산광역시 사하구 다대로 210 (장림동),부산광역시 사하구 장림동 1037,35.0841635146541,128.974586493951,부산 사하구 다대로 210
1398,씨제이제일제당부산공장(자동화창고),051-200-2319,부산광역시 사하구 다대로 210 (장림동),부산광역시 사하구 장림동 1037,35.0841635146541,128.974586493951,부산 사하구 다대로 210
1399,정관동일스위트1차아파트(관리사무소 내),051-728-2910,부산광역시 기장군 정관읍 정관4로 24 관리사무소 (정관동일스위트1차),부산광역시 기장군 정관읍 정관4로 24 관리사무소 (정관동일스위트1차),35.3250819627634,129.170299506937,부산 기장군 정관읍 정관4로 24
1400,부산광역시상수도사업본부(2층 현관 입구),051-669-4214,"부산광역시 부산진구 중앙대로 955, 2층 (양정동)",부산광역시 부산진구 양정동 273-20,35.1751651131517,129.072352301118,부산 부산진구 중앙대로 955
1401,부산광역시상수도사업본부(6층 엘리베이터 앞),051-669-4214,"부산광역시 부산진구 중앙대로 955, 6층 (양정동)",부산광역시 부산진구 양정동 273-20,35.1751651131517,129.072352301118,부산 부산진구 중앙대로 955
1402,해운대우체국(1층 엘리베이터옆),051-720-4584,"부산광역시 해운대구 반송로 523, 해운대우체국 (석대동)",부산광역시 해운대구 석대동 637 해운대우체국,35.2184546590991,129.12013618131,부산 해운대구 반송로 523
1403,광안쌍용예가디오션아파트(보안실),051-755-0046,"부산광역시 수영구 광안로 20 (광안동, 부산 광안동 쌍용 예가 디 오션)",부산광역시 수영구 광안동 1330 부산 광안동 쌍용 예가 디 오션,35.1560597268621,129.114667093976,부산 수영구 광안로 20
1404,센텀화인요양병원(2층 중환자실 입구),051-784-7297,"부산광역시 해운대구 해운대로76번길 12, 재송동병원 (재송동)",부산광역시 해운대구 재송동 933-2 재송동병원,35.1908611097207,129.119372695863,부산 해운대구 해운대로76번길 12
1405,인제대학교해운대백병원(B4F 방사선종양학과 앞),051-797-3611,"부산광역시 해운대구 해운대로 875, 인제대학교해운대백병원 (좌동)",부산광역시 해운대구 좌동 1435 인제대학교해운대백병원,35.1732594832579,129.182163894191,부산 해운대구 해운대로 875
1406,인제대학교해운대백병원(B3F 교직원식당 옆),051-797-3611,"부산광역시 해운대구 해운대로 875, 인제대학교해운대백병원 (좌동)",부산광역시 해운대구 좌동 1435 인제대학교해운대백병원,35.1732594832579,129.182163894191,부산 해운대구 해운대로 875
1407,"인제대학교해운대백병원(B1F 접수,수납,예약 옆)",051-797-3611,"부산광역시 해운대구 해운대로 875, 인제대학교해운대백병원 (좌동)",부산광역시 해운대구 좌동 1435 인제대학교해운대백병원,35.1732594832579,129.182163894191,부산 해운대구 해운대로 875
1408,인제대학교해운대백병원(1F 장기이식센터 앞),051-797-3611,"부산광역시 해운대구 해운대로 875, 인제대학교해운대백병원 (좌동)",부산광역시 해운대구 좌동 1435 인제대학교해운대백병원,35.1732594832579,129.182163894191,부산 해운대구 해운대로 875
1409,인제대학교해운대백병원(1F 통합예약센터 옆),051-797-3611,"부산광역시 해운대구 해운대로 875, 인제대학교해운대백병원 (좌동)",부산광역시 해운대구 좌동 1435 인제대학교해운대백병원,35.1732594832579,129.182163894191,부산 해운대구 해운대로 875
1410,인제대학교해운대백병원(2F 유방센터 옆),051-797-3611,"부산광역시 해운대구 해운대로 875, 인제대학교해운대백병원 (좌동)",부산광역시 해운대구 좌동 1435 인제대학교해운대백병원,35.1732594832579,129.182163894191,부산 해운대구 해운대로 875
1411,인제대학교해운대백병원(2F 안내판 옆),051-797-3611,"부산광역시 해운대구 해운대로 875, 인제대학교해운대백병원 (좌동)",부산광역시 해운대구 좌동 1435 인제대학교해운대백병원,35.1732594832579,129.182163894191,부산 해운대구 해운대로 875
1412,인제대학교해운대백병원(3F 안내판 옆),051-797-3611,"부산광역시 해운대구 해운대로 875, 인제대학교해운대백병원 (좌동)",부산광역시 해운대구 좌동 1435 인제대학교해운대백병원,35.1732594832579,129.182163894191,부산 해운대구 해운대로 875
1413,인제대학교해운대백병원(3F 재활의학과 앞),051-797-3611,"부산광역시 해운대구 해운대로 875, 인제대학교해운대백병원 (좌동)",부산광역시 해운대구 좌동 1435 인제대학교해운대백병원,35.1732594832579,129.182163894191,부산 해운대구 해운대로 875
1414,인제대학교해운대백병원(5F 응급중환자실 옆),051-797-3611,"부산광역시 해운대구 해운대로 875, 인제대학교해운대백병원 (좌동)",부산광역시 해운대구 좌동 1435 인제대학교해운대백병원,35.1732594832579,129.182163894191,부산 해운대구 해운대로 875
1415,해운대보건소(본소)(별관4층 엘리베이터 앞),051-746-4000,"부산광역시 해운대구 양운로37번길 59, 해운대구보건소 (좌동)",부산광역시 해운대구 좌동 1339 해운대구보건소,35.1641127009786,129.178659397782,부산 해운대구 양운로37번길 59
1416,씨제이제일제당부산공장(본관동),051-200-2319,부산광역시 사하구 다대로 210 (장림동),부산광역시 사하구 장림동 1037,35.0841635146541,128.974586493951,부산 사하구 다대로 210
1417,씨제이제일제당부산공장(햇반B동 완포장),051-200-2319,부산광역시 사하구 다대로 210 (장림동),부산광역시 사하구 장림동 1037,35.0841635146541,128.974586493951,부산 사하구 다대로 210
1418,씨제이제일제당부산공장(햇반C동 완포장),051-200-2319,부산광역시 사하구 다대로 210 (장림동),부산광역시 사하구 장림동 1037,35.0841635146541,128.974586493951,부산 사하구 다대로 210
1419,씨제이제일제당부산공장(보안실 입구),051-200-2319,부산광역시 사하구 다대로 210 (장림동),부산광역시 사하구 장림동 1037,35.0841635146541,128.974586493951,부산 사하구 다대로 210
1420,덕천1동행정복지센터(덕천1동주민센터 민원실),051-309-6361,부산광역시 북구 만덕대로102번가길 11,부산광역시 북구 덕천동  389-33 덕천1동 주민센터,35.2124443056983,129.016664920582,부산 북구 만덕대로102번가길 11
1421,e편한세상에코델타센터포인트(관리사무소),051-973-9735,"부산광역시 강서구 에코델타1로 42 (강동동, e편한세상 에코델타 센터포인트)",부산광역시 강서구 강동동 4965-5 e편한세상 에코델타 센터포인트,35.1453818415594,128.914411759665,부산 강서구 에코델타1로 42
1422,감만2동행정복지센터(동 주민센터 내),051-607-6841,부산광역시 남구 석포로 32-1  (감만동),부산광역시 남구 감만동 20-58 감만2동주민센터,35.122521101988,129.084539045233,부산 남구 석포로 32-1
1423,KT구포빌딩(1층 로비),051-332-0110,"부산광역시 북구 만덕대로 134, KT구포지점 (덕천동)",부산광역시 북구 덕천동 391-7 KT구포지점,35.2124950460055,129.019923098556,부산 북구 만덕대로 134
1424,부산진구청(생활안전체험관 1층),051-605-4647,"부산광역시 부산진구 진남로328번길 62, 1층 (전포동)",부산광역시 부산진구 전포동 326-10,35.155418499385,129.074566623997,부산 부산진구 진남로328번길 62
1425,부산진구청(11층 평생학습관),051-605-4647,"부산광역시 부산진구 시민공원로 30, 부산진구청 11층 (부암동)",부산광역시 부산진구 부암동 666-16 부산진구청,35.162830637421,129.05318830381,부산 부산진구 시민공원로 30
1426,부산진구청(생활안전체험관 2층),051-605-4647,"부산광역시 부산진구 진남로328번길 62, 2층 (전포동)",부산광역시 부산진구 전포동 326-10,35.155418499385,129.074566623997,부산 부산진구 진남로328번길 62
1427,부산고등법원(401호 법정 복도),051-590-1129,"부산광역시 연제구 법원로 31, 부산법원종합청사 (거제동)",부산광역시 연제구 거제동 1500 부산법원종합청사,35.1925353129809,129.073265087905,부산 연제구 법원로 31
1428,부산고등법원(2층 당직실 앞),051-590-1129,"부산광역시 연제구 법원로 31, 부산법원종합청사 (거제동)",부산광역시 연제구 거제동 1500 부산법원종합청사,35.1925353129809,129.073265087905,부산 연제구 법원로 31
1429,부산체육시설관리사업소(매점 입구),051-602-2235,"부산광역시 서구 망양로 57, 구덕운동장 (서대신동3가)",부산광역시 서구 서대신동3가 210-1 구덕운동장,35.116596382154,129.014529721947,부산 서구 망양로 57
1430,부산체육시설관리사업소(구덕운동장 입구),051-602-2235,"부산광역시 서구 망양로 57, 구덕운동장 (서대신동3가)",부산광역시 서구 서대신동3가 210-1 구덕운동장,35.116596382154,129.014529721947,부산 서구 망양로 57
1431,쿠팡로지스틱스서비스_부산5캠프(S-FC 작업장 중앙),010-****-****,부산광역시 기장군 장안읍 장안산단7로 114,부산광역시 기장군 장안읍 장안산단7로 114,35.3291396648174,129.25872309924,부산 기장군 장안읍 장안산단7로 114
1432,쿠팡로지스틱스서비스_부산5캠프(휴게공간),010-****-****,부산광역시 기장군 장안읍 장안산단7로 114,부산광역시 기장군 장안읍 장안산단7로 114,35.3291396648174,129.25872309924,부산 기장군 장안읍 장안산단7로 114
1433,부산광역시노인종합복지관(1층 로비),051-853-1872,"부산광역시 연제구 거제천로230번길 18, 부산광역시노인복지관 (연산동)",부산광역시 연제구 연산동 578-3 부산광역시노인복지관,35.1911069187717,129.082100116302,부산 연제구 거제천로230번길 18
1434,순병원(2층 원무과 앞),051-515-0005,"부산광역시 금정구 중앙대로 1701, 순여성병원 (부곡동)",부산광역시 금정구 부곡동 225-72 순여성병원,35.2364497507026,129.091567093689,부산 금정구 중앙대로 1701
1435,순병원(6층 병동 데스크 앞),051-515-0005,"부산광역시 금정구 중앙대로 1701, 순여성병원 (부곡동)",부산광역시 금정구 부곡동 225-72 순여성병원,35.2364497507026,129.091567093689,부산 금정구 중앙대로 1701
1436,온천1동 행정복지센터(행정복지센터 입구),051-550-6387,"부산광역시 동래구 금강로 127, 온천제1동행정복지센터 (온천동)",부산광역시 동래구 온천동 221-1 온천제1동행정복지센터,35.2200550735454,129.08010841728,부산 동래구 금강로 127
1437,부산아시아드체육시설관리사업소(주경기장 행사진행실 앞),051-500-2358,"부산광역시 연제구 월드컵대로 344, 부산아시아드주경기장 (거제동)",부산광역시 연제구 거제동 1299 부산아시아드주경기장,35.1900874394895,129.058356000232,부산 연제구 월드컵대로 344
1438,부산아시아드체육시설관리사업소(종합운동장 내 본관 당직실 앞),051-500-2358,"부산광역시 연제구 월드컵대로 344, 부산아시아드주경기장 (거제동)",부산광역시 연제구 거제동 1299 부산아시아드주경기장,35.1900874394895,129.058356000232,부산 연제구 월드컵대로 344
1439,사직종합운동장 실내체육관(실내체육관 청경실 앞),051-500-2358,"부산광역시 동래구 사직로 55-32, 실내 체육관 (사직동)",부산광역시 동래구 사직동 930-2 실내 체육관,35.1923121353418,129.060680889066,부산 동래구 사직로 55-32
1440,곽요양병원(3층 간호사실),2075131,부산광역시 사하구 낙동남로 1361 (하단동),부산광역시 사하구 하단동 870-89,35.1065176809638,128.960718112574,부산 사하구 낙동남로 1361
1441,대우건설(에코델타시티푸르지오트레파크)(경비실),051-973-5149,부산광역시 강서구 강동동 4434,부산광역시 강서구 강동동 4434,35.1523917170363,128.911458127069,부산 강서구 강동동 4434
1442,대우건설(에코델타시티푸르지오트레파크)(안전교육장),051-973-5149,부산광역시 강서구 강동동 4434,부산광역시 강서구 강동동 4434,35.1523917170363,128.911458127069,부산 강서구 강동동 4434
1443,문화시설사업소(대극장 안내소 옆),051-550-6622,"부산광역시 동래구 문화로 80, 동래문화회관 (명륜동)",부산광역시 동래구 명륜동 137 동래문화회관,35.2119506866483,129.090545961812,부산 동래구 문화로 80
1444,동래구청(9층 구내식당),051-550-4000,"부산광역시 동래구 충렬대로237번길 93, 동래구청 (복천동)",부산광역시 동래구 복천동 381 동래구청,35.2050987539037,129.083723487687,부산 동래구 충렬대로237번길 93
1445,동래구청도시안전과(5층 도시안전과),051-550-4631,"부산광역시 동래구 충렬대로237번길 93, 동래구청 5층 (복천동)",부산광역시 동래구 복천동 381 동래구청,35.2050987539037,129.083723487687,부산 동래구 충렬대로237번길 93
1446,메드윌병원(1층 로비),051-519-8161,"부산광역시 금정구 중앙대로 1951, 메드윌병원 (구서동)",부산광역시 금정구 구서동 163-8 메드윌병원,35.2585148720332,129.090959072821,부산 금정구 중앙대로 1951
1447,㈜대우건설건설현장(GATE1),010-****-****,"부산광역시 수영구 광안해변로 9, OUTBACK남천점 (남천동)",부산광역시 수영구 남천동 545-4 OUTBACK남천점,35.1367533989842,129.111620817221,부산 수영구 광안해변로 9
1448,라우어오시리아시니어타운(라우어 웰니스 앞),051-999-1325,부산광역시 기장군 기장읍 동부산관광1로 60,부산광역시 기장군 기장읍 당사리 530,35.1925150334899,129.208294593094,부산 기장군 기장읍 동부산관광1로 60
1449,라우어오시리아시니어타운(라티브 휘트니스 입구),051-999-1325,부산광역시 기장군 기장읍 동부산관광1로 60,부산광역시 기장군 기장읍 당사리 530,35.1925150334899,129.208294593094,부산 기장군 기장읍 동부산관광1로 60
1450,라우어오시리아시니어타운(라티브 간호사실(244호실)),051-999-1325,부산광역시 기장군 기장읍 동부산관광1로 60,부산광역시 기장군 기장읍 당사리 530,35.1925150334899,129.208294593094,부산 기장군 기장읍 동부산관광1로 60
1451,라우어오시리아시니어타운(라우어 B동 L층 로비 입구),051-999-1325,부산광역시 기장군 기장읍 동부산관광1로 60,부산광역시 기장군 기장읍 당사리 530,35.1925150334899,129.208294593094,부산 기장군 기장읍 동부산관광1로 60
1452,한국보훈복지의료공단부산요양병원(5병동 내),051-601-8600,"부산광역시 사상구 백양대로 420, 보훈병원 (주례동)",부산광역시 사상구 주례동 235 보훈병원,35.1528918625836,129.008252267356,부산 사상구 백양대로 420
1453,덕포경동메르빌아파트(관리사무실 내),051-304-6114,"부산광역시 사상구 덕상로 8-37 (덕포동, 덕포 경동 메르빌)",부산광역시 사상구 덕포동 793 덕포 경동 메르빌,35.1709535797598,128.990175265967,부산 사상구 덕상로 8-37
1454,주식회사지오뷰[G-star호](G-star호(BSR-240024)),051-294-1603,"부산광역시 동구 충장대로 314, 한국허치슨터미널(주) (좌천동)",부산광역시 동구 좌천동 1116 한국허치슨터미널(주),35.126375702082,129.057226329203,부산 동구 충장대로 314
1455,문현노인복지관(1층 로비 입구),051-936-9988,부산광역시 남구 고동골로 11 (문현동),부산광역시 남구 문현동 655-39,35.1380165914379,129.070919442112,부산 남구 고동골로 11
1456,사직2차쌍용예가아파트(관리사무소 내(206동 옆)),051-507-2112,"부산광역시 동래구 쇠미로40번길 55 (사직동, 사직2차 쌍용예가)",부산광역시 동래구 사직동 1020 사직2차 쌍용예가,35.1988207023016,129.056656352966,부산 동래구 쇠미로40번길 55
1457,사직2차쌍용예가아파트(정문 경비실),051-507-2112,"부산광역시 동래구 쇠미로40번길 55 (사직동, 사직2차 쌍용예가)",부산광역시 동래구 사직동 1020 사직2차 쌍용예가,35.1988207023016,129.056656352966,부산 동래구 쇠미로40번길 55
1458,부산북구문화예술회관(2층 안내데스크 옆),051-309-4084,"부산광역시 북구 금곡대로46번길 50, 부산북구문화빙상센터 (덕천동)",부산광역시 북구 덕천동 434 부산북구문화빙상센터,35.2134392294692,129.005751947368,부산 북구 금곡대로46번길 50
1459,북부산우체국(금융실 고객대기실 옆),051-365-0834,"부산광역시 북구 화명신도시로 89, 북부산우체국 (화명동)",부산광역시 북구 화명동 2282 북부산우체국,35.2322314108896,129.010007611386,부산 북구 화명신도시로 89
1460,금빛노을브릿지(관광안내소 데스크 앞),051-309-4521,부산광역시 북구 낙동강자전거길 1425 (덕천동),부산광역시 북구 덕천동 763,35.2163777948624,128.999546395503,부산 북구 낙동강자전거길 1425
1461,덕천도서관(입구 안내데스크 옆),051-309-5575,"부산광역시 북구 의성로47번길 45-2, 덕천도서관 (덕천동)",부산광역시 북구 덕천동 485-1 덕천도서관,35.2168941976932,129.011984739903,부산 북구 의성로47번길 45-2
1462,낙동강관리본부(화명생태공원(2번 여자 화장실)),051-310-6062,"부산광역시 북구 생태공원길 125, 생태공원 P3주차장 (화명동)",부산광역시 북구 덕천동 597-10,35.2266887253719,129.00455865825,부산 북구 생태공원길 125
1464,기장체육관(관리사무소 내),051-720-1212,부산광역시 기장군 기장읍 기장대로 650,부산광역시 기장군 기장읍 기장대로 650,35.2520809940875,129.223458808177,부산 기장군 기장읍 기장대로 650
1465,기장체육관(주경기장 무대 위),051-720-1212,부산광역시 기장군 기장읍 기장대로 650,부산광역시 기장군 기장읍 기장대로 650,35.2520809940875,129.223458808177,부산 기장군 기장읍 기장대로 650
1466,의료법인길정의료재단길정병원(6병동 간호사실),051-320-6454,"부산광역시 사상구 학감대로39번길 116, 대남병원 (학장동)",부산광역시 사상구 학장동 113-1 대남병원,35.1320144221308,128.996132843476,부산 사상구 학감대로39번길 116
1467,KT부산통신센터(본관 1층 로비 경비실 맞은편),051-461-6080,"부산광역시 중구 충장대로5번길 72, KT부산통신센터 (중앙동4가)",부산광역시 중구 중앙동4가 75-1,35.1115353768252,129.039012387914,부산 중구 충장대로5번길 72
1469,"부산여객터미널(부산항만공사)(3층 갱웨이(선박,대합실 사이 통로))",051-966-3068,"부산광역시 동구 충장대로 206, 부산항 국제여객터미널 (초량동)",부산광역시 동구 초량동 45-39 부산항 국제여객터미널,35.1175129767356,129.049383440539,부산 동구 충장대로 206
1470,부산여객터미널(부산항만공사)(2층 대합실),051-966-3068,"부산광역시 동구 충장대로 206, 부산항 국제여객터미널 (초량동)",부산광역시 동구 초량동 45-39 부산항 국제여객터미널,35.1175129767356,129.049383440539,부산 동구 충장대로 206
1471,라우어오시리아시니어타운(그랜드볼룸 입구),051-999-1325,부산광역시 기장군 기장읍 동부산관광1로 60,부산광역시 기장군 기장읍 당사리 530,35.1925150334899,129.208294593094,부산 기장군 기장읍 동부산관광1로 60
1472,남구노인복지관(1층 남자화장실 앞),051-628-1291,"부산광역시 남구 못골로 97-10, 남구노인복지관 (대연동)",부산광역시 남구 대연동 1346 남구노인복지관,35.1357222512526,129.093196137422,부산 남구 못골로 97
1473,경남한신아파트(관리소 2층 보안실),051-515-2311,"부산광역시 금정구 중앙대로1685번길 24 (부곡동, 경남한신아파트)",부산광역시 금정구 부곡동 225-6 경남한신아파트,35.236865898024,129.089689808643,부산 금정구 중앙대로1685번길 24
1474,댄포스코리아(빌딩D 경비실 내),051-220-1003,부산광역시 기장군 장안읍 의과학1로 97,부산광역시 기장군 장안읍 임랑리 397-8,35.3223105728218,129.251905632211,부산 기장군 장안읍 의과학1로 97
1475,기장군도시관리공단-기장군국민체육센터(일광유원지 배드민턴장),051-792-4847,"부산광역시 기장군 일광읍 체육공원1로 29, 기장국민체육공원",부산광역시 기장군 일광읍 원리 39 기장국민체육공원,35.3049746328707,129.242850043344,부산 기장군 일광읍 체육공원1로 29
1476,기장군도시관리공단-기장군국민체육센터(1층 엘리베이터 옆),051-792-4847,"부산광역시 기장군 일광읍 체육공원1로 29, 기장국민체육공원",부산광역시 기장군 일광읍 원리 39 기장국민체육공원,35.3049746328707,129.242850043344,부산 기장군 일광읍 체육공원1로 29
1477,기장군도시관리공단-기장현대차드림볼파크월드컵빌리지(장안천야구장),051-792-4861,부산광역시 기장군 일광읍 체육공원1로 155,부산광역시 기장군 일광읍 동백리 425-1,35.2973920707415,129.241675117783,부산 기장군 일광읍 체육공원1로 155
1478,강서체육공원(보조체육관 지하1층 수영장 입구),051-970-1215,"부산광역시 강서구 체육공원로 43, 강서체육공원 (대저1동)",부산광역시 강서구 대저1동 2175-2 강서체육공원,35.210959604558,128.972212954062,부산 강서구 체육공원로 43
1479,강서체육공원(실내체육관 1층입구),051-970-1215,"부산광역시 강서구 체육공원로 43, 강서체육공원 (대저1동)",부산광역시 강서구 대저1동 2175-2 강서체육공원,35.210959604558,128.972212954062,부산 강서구 체육공원로 43
1480,더샵동래(더샵동래 관리사무소 내),051-558-2927,"부산광역시 동래구 온천장로 38 (온천동, 더샵 동래)",부산광역시 동래구 온천동 1854 더샵 동래,35.2148587237127,129.079964263796,부산 동래구 온천장로 38
1481,동래효성해링턴플레이스 아파트(관리사무소),051-507-8623,"부산광역시 동래구 아시아드대로255번길 14 (온천동, 동래효성 해링턴플레이스)","부산광역시 동래구 아시아드대로255번길 14 (온천동, 동래효성 해링턴플레이스)",35.2072211351139,129.067819366116,부산 동래구 아시아드대로255번길 14
1482,동래럭키아파트(관리사무소 내),051-553-3998,"부산광역시 동래구 충렬대로107번길 54 (온천동, 럭키아파트)","부산광역시 동래구 충렬대로107번길 54 (온천동, 럭키아파트)",35.2098418293523,129.074414771081,부산 동래구 충렬대로107번길 54
1483,의료법인 영신의료재단 동래유유요양병원(동래유유요양병원 7병동),051-555-7588,"부산광역시 동래구 금강로 64, 동래유유요양병원 (온천동)","부산광역시 동래구 금강로 64, 동래유유요양병원 (온천동)",35.2149030032591,129.077543825865,부산 동래구 금강로 64
1484,두산위브더제니스하버시티(생활지원센터 입구),051-714-0188,"부산광역시 동구 범일로 21 (범일동, 두산위브더제니스하버시티)",부산광역시 동구 범일동 0 두산위브더제니스하버시티,35.1326704859309,129.057266019849,부산 동구 범일로 21
1485,라온요양원(1층 입구),051-362-3001,부산광역시 북구 금곡대로550번길 22 (금곡동),부산광역시 북구 금곡동 812-4,35.2563381842703,129.013057630329,부산 북구 금곡대로550번길 22
1486,부산북구시니어클럽(1층 공동작업장),051-337-9331,"부산광역시 북구 의성로121번길 29 (덕천동, 신우베스트빌)",부산광역시 북구 덕천동 419-9 신우베스트빌,35.2103269034302,129.012752668488,부산 북구 의성로121번길 29
1487,연제구보건소(보건소 구급차),051-665-5672,"부산광역시 연제구 연제로 2, 연제구청 (연산동)",부산광역시 연제구 연산동 1555 연제구청,35.1762117404623,129.07974560596,부산 연제구 연제로 2
1488,연제구보건소(보건소 특수구급차(73어2883)),051-665-5672,"부산광역시 연제구 연제로 2, 연제구청 (연산동)",부산광역시 연제구 연산동 1555 연제구청,35.1762117404623,129.07974560596,부산 연제구 연제로 2
1489,연제구청(창조도시과)(연산3동 방재안심공원 입구),051-665-4294,부산광역시 연제구 금련로62번길 41 (연산동),부산광역시 연제구 연산동 1816-143,35.1703832103438,129.094125914934,부산 연제구 금련로62번길 41
1490,연제구청(창조도시과)(연산3동 방재안심공원 입구),051-665-4294,부산광역시 연제구 금련로62번길 41 (연산동),부산광역시 연제구 연산동 1816-143,35.1703832103438,129.094125914934,부산 연제구 금련로62번길 41
1491,연제구청(창조도시과)(금련로38번가길 31 인근 보행로),051-665-4294,부산광역시 연제구 금련로38번가길 31 (연산동),부산광역시 연제구 연산동 1824-112,35.1708064902056,129.094104616548,부산 연제구 금련로38번가길 31
1492,구덕대림아파트(105동 경비실),051-323-9464,"부산광역시 사상구 학감대로49번길 62 (학장동, 학장대림아파트)",부산광역시 사상구 학장동 167-3 학장대림아파트,35.1353202094785,128.992240607716,부산 사상구 학감대로49번길 62
1493,의료법인은성의료재단좋은애인요양병원(5병동 간호사실),051-520-7700,"부산광역시 동래구 충렬대로359번길 8, 좋은애인요양병원 (안락동)",부산광역시 동래구 안락동 432-3 좋은애인요양병원,35.198280264537,129.098574745305,부산 동래구 충렬대로359번길 8
1494,부산시립정신병원(7병동면회실),051-312-2288,"부산광역시 사상구 학감대로39번길 104-36, 부산시립정신병원 (학장동)",부산광역시 사상구 학장동 산 62-2 부산시립정신병원,35.1329094433878,128.995051350112,부산 사상구 학감대로39번길 104-36
1495,동래삼정그린코아포레스트(생활지원센터(관리사무소)내),051-505-1860,"부산광역시 동래구 쇠미로 153 (온천동, 동래삼정그린코아포레스트)",부산광역시 동래구 온천동 1833번지 동래삼정그린코아포레스트,35.2040856820899,129.060843563124,부산 동래구 쇠미로 153
1496,명장1동 주민센터(명장1동 주민센터 입구),051-550-6541,"부산광역시 동래구 명장로 32, 명장제1동주민센터 (명장동)","부산광역시 동래구 명장로 32, 명장제1동주민센터 (명장동)",35.2046957225894,129.104247809323,부산 동래구 명장로 32
1497,우방신세계타운(관리사무소 계단),051-524-6580,"부산광역시 해운대구 삼어로 61 (반여동, 우방신세계아파트)",부산광역시 해운대구 반여동 1190-1 우방신세계아파트,35.2028494448124,129.116151764366,부산 해운대구 삼어로 61
1498,사직KCC스위첸(2단지 보안실내(3초소)),051-506-9962,"부산광역시 동래구 사직북로 64 (사직동, 사직KCC스위첸)",부산광역시 동래구 사직동 1022 사직KCC스위첸,35.2008818394607,129.057074696685,부산 동래구 사직북로 64
1499,사직KCC스위첸(1단지 보안실내),051-506-9962,"부산광역시 동래구 사직북로 64 (사직동, 사직KCC스위첸)",부산광역시 동래구 사직동 1022 사직KCC스위첸,35.2008818394607,129.057074696685,부산 동래구 사직북로 64
1500,사직KCC스위첸(2단지 보안실내(2초소)),051-506-9962,"부산광역시 동래구 사직북로 64 (사직동, 사직KCC스위첸)",부산광역시 동래구 사직동 1022 사직KCC스위첸,35.2008818394607,129.057074696685,부산 동래구 사직북로 64
1501,기장군도시관리공단-기장생활체육센터(1층 엘리베이터 옆),051-792-4872,"부산광역시 기장군 기장읍 차성서로109번길 24, 기장생활체육공원",부산광역시 기장군 기장읍 서부리 198 기장생활체육공원,35.2436523396729,129.208201077147,부산 기장군 기장읍 차성서로109번길 24
1503,복산동주민센터(복산동주민센터 민원실안),051-550-6326,"부산광역시 동래구 복천로 1, 복산동주민센터 (복천동)",부산광역시 동래구 복천로 1,35.205778445675,129.086101215645,부산 동래구 복천로 1
1504,동래동일스위트아파트(관리사무소 내),051-521-5301,"부산광역시 동래구 시실로 119 (명장동, 동래 동일스위트)","부산광역시 동래구 시실로 119 (명장동, 동래 동일스위트)",35.2134812754542,129.094163965264,부산 동래구 시실로 119
1505,(재)부산문화회관(부산시민회관 소극장로비),051-607-6000,"부산광역시 동구 자성로133번길 16, 시민회관 (범일동)",부산광역시 동구 범일동 830-31 시민회관,35.1388463833799,129.065223979676,부산 동구 자성로133번길 16
1506,(재)부산문화회관(부산시민회관 대극장로비),051-607-6000,"부산광역시 동구 자성로133번길 16, 시민회관 (범일동)",부산광역시 동구 범일동 830-31 시민회관,35.1388463833799,129.065223979676,부산 동구 자성로133번길 16
1507,율리마을아파트(304동(1라인 1층)),051-361-8454,"부산광역시 북구 화명신도시로 255, 304동 (금곡동, 율리마을주공아파트)",부산광역시 북구 금곡동 1882 율리마을주공아파트,35.2453932447009,129.010592292094,부산 북구 화명신도시로 255
1508,하이록코리아주식회사(2공장 생산2부 사무실),051-970-0954,부산광역시 강서구 녹산산단27로 103,부산광역시 강서구 송정동 1467-1,35.0991124293171,128.832356108811,부산 강서구 녹산산단27로 103
1509,하이록코리아주식회사(사무동 고객접견실),051-970-0954,부산광역시 강서구 녹산산단27로 97,부산광역시 강서구 송정동 1467-1,35.0994227980424,128.8317664125,부산 강서구 녹산산단27로 97
1510,와치종합사회복지관(복지관2층 사무실),051-403-4200,부산광역시 영도구 함지로79번길 76 와치종합사회복지관 (동삼동),부산광역시 영도구 동삼동 510-9 와치종합사회복지관 와치종합사회복지관,35.0759978094185,129.065523726783,부산 영도구 함지로79번길 76
1511,(주)중흥건설(부산에코델타시티중흥S클래스공동주택신축공사현장)(공동4블럭  가설사무실 2층 안전교육장),051-9740-3701,부산광역시 강서구 강동동 4450,부산광역시 강서구 강동동 4450,35.1530803842134,128.907429471661,부산 강서구 강동동 4450
1512,반도보라스카이뷰아파트(관리사무소 내(102동 1층)),051-503-9119,"부산광역시 동래구 아시아드대로 234 (온천동, 온천동반도보라스카이뷰)",부산광역시 동래구 온천동 1412-1 온천동반도보라스카이뷰,35.2039470982169,129.069040555868,부산 동래구 아시아드대로 234
1513,래미안해운대아파트(커류니티 카운터 앞),051-746-9808,"부산광역시 해운대구 좌동순환로 402 (중동, 래미안 해운대)",부산광역시 해운대구 중동 1793 래미안 해운대,35.1640129176826,129.176736798264,부산 해운대구 좌동순환로 402
1514,부산대학교병원(B동 2층 심장재활실),051-240-8327,부산광역시 서구 구덕로 179  (아미동1가),부산광역시 서구 아미동1가 10-1 부산대학병원,35.1011288801696,129.019244318359,부산 서구 구덕로 179
1515,부산대학교병원(R동6층 호흡재활치료실 앞),051-240-8327,"부산광역시 서구 구덕로 179, 부산대학병원 (아미동1가)",부산광역시 서구 아미동1가 10번지 1호 부산대학병원,35.1011288801696,129.019244318359,부산 서구 구덕로 179
1516,부산대학교병원(S동 2층),051-240-8327,"부산광역시 서구 구덕로 179, 부산대학병원 (아미동1가)",부산광역시 서구 아미동1가 10-1 부산대학병원,35.1011288801696,129.019244318359,부산 서구 구덕로 179
1517,대방건설(주)부산에코델타시티 대방디에트르아파트신축공사현장(GATE1 경비실),051-841-0862,부산광역시 강서구 강동동 4274,부산광역시 강서구 강동동 4274,35.1580275682226,128.916818707834,부산 강서구 강동동 4274
1518,동원로얄듀크(정문경비실내),051-529-0848,"부산광역시 동래구 온천천로399번길 14 (낙민동, 동원로얄듀크)",부산광역시 동래구 낙민동 94번지 1호 동원로얄듀크,35.1929250056465,129.097170579909,부산 동래구 온천천로399번길 14
1519,강서자이에코델타아파트(관리사무소 외부 지하 1층),051-710-2653,"부산광역시 강서구 에코델타1로 24 (강동동, 강서자이 에코델타)",부산광역시 강서구 강동동 4998-4 강서자이 에코델타,35.1432134027804,128.914188933677,부산 강서구 에코델타1로 24
1520,강서자이에코델타아파트(관리사무소 외부 지상1층),051-710-2653,"부산광역시 강서구 에코델타1로 24 (강동동, 강서자이 에코델타)",부산광역시 강서구 강동동 4998-4 강서자이 에코델타,35.1432134027804,128.914188933677,부산 강서구 에코델타1로 24
1521,롯데쇼핑(주)롯데몰동부산점(2층 에스컬레이터(12호기)앞),051-901-1779,"부산광역시 기장군 기장읍 기장해안로 147, 롯데몰 동부산점",부산광역시 기장군 기장읍 당사리 524 롯데몰 동부산점,35.1923229796397,129.212495349946,부산 기장군 기장읍 기장해안로 147
1522,롯데쇼핑(주)롯데몰동부산점(1층 사은행사장 안내데스크),051-901-1779,"부산광역시 기장군 기장읍 기장해안로 147, 롯데몰 동부산점",부산광역시 기장군 기장읍 당사리 524 롯데몰 동부산점,35.1923229796397,129.212495349946,부산 기장군 기장읍 기장해안로 147
1523,롯데쇼핑(주)롯데몰동부산점(3층 엘리베이터(4호기)옆),051-901-1779,"부산광역시 기장군 기장읍 기장해안로 147, 롯데몰 동부산점",부산광역시 기장군 기장읍 당사리 524 롯데몰 동부산점,35.1923229796397,129.212495349946,부산 기장군 기장읍 기장해안로 147
1524,롯데쇼핑(주)롯데몰동부산점(1층 안전실 6번게이트 앞),051-901-1779,"부산광역시 기장군 기장읍 기장해안로 147, 롯데몰 동부산점",부산광역시 기장군 기장읍 당사리 524 롯데몰 동부산점,35.1923229796397,129.212495349946,부산 기장군 기장읍 기장해안로 147
1525,GS25동래SK점(편의점 내부),010-****-****,"부산광역시 동래구 중앙대로1381번길 49, 광명빌딩 (온천동)",부산광역시 동래구 온천동 777-31 광명빌딩,35.2112073794996,129.075180251543,부산 동래구 중앙대로1381번길 49
1526,복천박물관(1층 로비 영상실 옆),051-550-0324,"부산광역시 동래구 복천로 63, 복천박물관 (복천동)",부산광역시 동래구 복천동 16-5 복천박물관,35.2087355767174,129.091212994918,부산 동래구 복천로 63
1527,동래센트럴파크하이츠2단지아파트(동래센트럴파크 하이츠 2단지 정문 보안실 입구),051-552-0342,"부산광역시 동래구 문화로 33 (명륜동, 동래센트럴파크하이츠2차)","부산광역시 동래구 문화로 33 (명륜동, 동래센트럴파크하이츠2차)",35.2110693558213,129.086645725455,부산 동래구 문화로 33
1528,남부메이커교육체험센터(남부메이커교육체험센터 1층 로비),051-631-2023,"부산광역시 남구 진남로 120-5, 남부메이커교육체험센터 (대연동)",부산광역시 남구 대연동 1788-2 남부메이커교육체험센터,35.1384182258712,129.082175135146,부산 남구 진남로 120
1529,초읍하늘채포레스원(주민운동시설),051-717-0516,"부산광역시 부산진구 성지로 117 (초읍동, 초읍하늘채포레스원)",부산광역시 부산진구 초읍동 556 초읍하늘채포레스원,35.1799954195609,129.050684168448,부산 부산진구 성지로 117
1530,신세계센텀시티백화점(B3층 주차사무실),051-745-1605,"부산광역시 해운대구 센텀남대로 35, 신세계백화점센텀시티점 (우동)",부산광역시 해운대구 우동 1495 신세계백화점센텀시티점,35.1688178394069,129.129523260187,부산 해운대구 센텀남대로 35
1531,신세계센텀시티백화점(B3층 주차장),051-745-1605,"부산광역시 해운대구 센텀남대로 35, 신세계백화점센텀시티점 (우동)",부산광역시 해운대구 우동 1495 신세계백화점센텀시티점,35.1688178394069,129.129523260187,부산 해운대구 센텀남대로 35
1532,영도센트럴에일린의뜰(아파트 내 경로당 앞),051-418-8847,"부산광역시 영도구 태종로 172 (봉래동4가, 영도 센트럴 에일린의 뜰)",부산광역시 영도구 봉래동4가 343 영도 센트럴 에일린의 뜰,35.0935638945661,129.047480684119,부산 영도구 태종로 172
1533,서구노인복지관(1층 로비),051-244-3541,"부산광역시 서구 장군산로46번길 21, 서구노인복지관 (암남동)",부산광역시 서구 암남동 553-1 서구노인복지관,35.0731281495082,129.014348020863,부산 서구 장군산로46번길 21
1534,부산광역시 동래소방서(수안119안전센터 구급창고),051-760-4342,"부산광역시 연제구 고분로 216, 부산소방본부,동래소방서 (연산동)","부산광역시 연제구 고분로 216, 부산소방본부,동래소방서 (연산동)",35.1834432601063,129.105747814753,부산 연제구 고분로 216
1535,태화현대1차아파트(정문 경비실),051-894-8094,"부산광역시 부산진구 가야대로 635-20 (당감동, 당감동태화현대아파트)",부산광역시 부산진구 당감동 109-1 당감동태화현대아파트,35.156984699411,129.042257249023,부산 부산진구 가야대로 635-20
1538,의료법인은성의료재단좋은애인요양병원(5병동 간호사실),051-520-7700,"부산광역시 동래구 충렬대로359번길 8, 좋은애인요양병원 (안락동)",부산광역시 동래구 안락동 432-3 좋은애인요양병원,35.198280264537,129.098574745305,부산 동래구 충렬대로359번길 8
1539,부산고등법원(청사1층 로비),051-590-1129,"부산광역시 연제구 법원로 31, 부산법원종합청사 (거제동)",부산광역시 연제구 거제동 1500 부산법원종합청사,35.1925353129809,129.073265087905,부산 연제구 법원로 31
1540,부산지방법원(부산지방법원 1층 민사집행과 앞),051-590-1522,"부산광역시 연제구 법원로 31, 부산법원종합청사 (거제동)",부산광역시 연제구 거제동 1500 부산법원종합청사,35.1925353129809,129.073265087905,부산 연제구 법원로 31
1541,부산고등법원(3층 법정 복도),051-590-1129,"부산광역시 연제구 법원로 31, 부산법원종합청사 (거제동)",부산광역시 연제구 거제동 1500 부산법원종합청사,35.1925353129809,129.073265087905,부산 연제구 법원로 31
1542,부산기계공업고등학교(기숙사관(동관 1층)),051-719-0174,"부산광역시 해운대구 해운대로 569, 부산기계공업고등학교 (우동)",부산광역시 해운대구 우동 471 부산기계공업고등학교,35.1618414608083,129.152898310746,부산 해운대구 해운대로 569
1543,부산기계공업고등학교(종합실습관 1층),051-719-0174,"부산광역시 해운대구 해운대로 569, 부산기계공업고등학교 (우동)",부산광역시 해운대구 우동 471 부산기계공업고등학교,35.1618414608083,129.152898310746,부산 해운대구 해운대로 569
1544,부산기계공업고등학교(보건실 내부),051-719-0174,"부산광역시 해운대구 해운대로 569, 부산기계공업고등학교 (우동)",부산광역시 해운대구 우동 471 부산기계공업고등학교,35.1618414608083,129.152898310746,부산 해운대구 해운대로 569
1545,철길마을건강생활센터(철길마을 건강생활센터),051-605-5821,부산광역시 부산진구 신천대로204번길 56 (부암동),부산광역시 부산진구 부암동 679-6,35.160994509595,129.053162224157,부산 부산진구 신천대로204번길 56
1546,부산노인전문제4병원(2층 휴게실),051-202-1370,부산광역시 사하구 동매로44번길 4 (하단동),부산광역시 사하구 하단동 566-3,35.102424125836,128.963061805684,부산 사하구 동매로44번길 4
1547,의료법인길정의료재단길정병원(3병동 간호사실),051-320-6454,"부산광역시 사상구 학감대로39번길 116, 대남병원 (학장동)",부산광역시 사상구 학장동 113-1 대남병원,35.1320144221308,128.996132843476,부산 사상구 학감대로39번길 116
1548,대저1동행정복지센터(대저상리 경로당),051-970-4409,"부산광역시 강서구 대저로89번가길 27-12, 대저1동 대지상리마을 행복센터 (대저1동)",부산광역시 강서구 대저1동 1296-83 대저1동 대지상리마을 행복센터,35.2181029012454,128.964590243152,부산 강서구 대저로89번가길 27-12
1549,대저1동행정복지센터(중리2구 경로당),051-970-4409,부산광역시 강서구 평강로345번길 101 (대저1동),부산광역시 강서구 대저1동 1058-4,35.2191143916221,128.945545101354,부산 강서구 평강로345번길 101
1550,대저1동행정복지센터(대리 경로당),051-970-4409,부산광역시 강서구 평강로229번가길 12 (대저1동),부산광역시 강서구 대저1동 3627-4,35.2090637748611,128.943580680482,부산 강서구 평강로229번가길 12
1551,대저1동행정복지센터(칠점 경로당),051-970-4409,부산광역시 강서구 대저동서로 111 (대저1동),부산광역시 강서구 대저1동 4048,35.1985603041415,128.951778731795,부산 강서구 대저동서로 111
1552,대저1동행정복지센터(평강 경로당),051-970-4409,부산광역시 강서구 낙동북로212번길 17 (대저1동),부산광역시 강서구 대저1동 1673-1,35.2135259520154,128.951013118647,부산 강서구 낙동북로212번길 17
1553,대저1동행정복지센터(사리 경로당),051-970-4409,부산광역시 강서구 평강로193번길 29 (대저1동),부산광역시 강서구 대저1동 3665-1,35.2038564541701,128.940415676762,부산 강서구 평강로193번길 29
1554,대저1동행정복지센터(중촌경로당),051-970-4409,"부산광역시 강서구 대저로49번길 75, 중촌회관 (대저1동)",부산광역시 강서구 대저1동 1215 중촌회관,35.218318950869,128.957519474541,부산 강서구 대저로49번길 75
1555,대저1동행정복지센터(중리1구 경로당),051-970-4409,부산광역시 강서구 대저중앙로71번가길 39 (대저1동),부산광역시 강서구 대저1동 993-14,35.2206098686451,128.955755380301,부산 강서구 대저중앙로71번가길 39
1556,대저1동행정복지센터(대저 경로당),051-970-4409,"부산광역시 강서구 대저로277번길 18-1, 강서노인회관 (대저1동)",부산광역시 강서구 대저1동 2343-19 강서노인회관,35.2130566514287,128.983092592631,부산 강서구 대저로277번길 18-1
1557,대저1동행정복지센터(사덕사리 경로당),051-970-4409,"부산광역시 강서구 체육공원로6번길 84, 사덕상리새마을회관 (대저1동)",부산광역시 강서구 대저1동 2740-1 사덕상리새마을회관,35.206829350585,128.97829841588,부산 강서구 체육공원로6번길 84
1558,대저1동행정복지센터(신촌 경로당),051-970-4409,부산광역시 강서구 대저중앙로286번길 32 (대저1동),부산광역시 강서구 대저1동 460-13,35.2196198212599,128.97892237809,부산 강서구 대저중앙로286번길 32
1559,대저1동행정복지센터(당리 경로당),051-970-4409,"부산광역시 강서구 공항로1409번길 65, 당리회관 (대저1동)",부산광역시 강서구 대저1동 323-1 당리회관,35.2235617679724,128.988638062841,부산 강서구 공항로1409번길 65
1560,대저1동행정복지센터(동연정 경로당),051-970-4409,"부산광역시 강서구 대저로171번나길 56, 동연정마을회관 (대저1동)",부산광역시 강서구 대저1동 762-9 동연정마을회관,35.2175527039128,128.972901561253,부산 강서구 대저로171번나길 56
1561,대저1동행정복지센터(서연정 경로당),051-970-4409,부산광역시 강서구 대저로89번가길 99-7 (대저1동),부산광역시 강서구 대저1동 1318-77,35.218048865778,128.968242986251,부산 강서구 대저로89번가길 99-7
1562,대저1동행정복지센터(번덕 경로당),051-970-4409,"부산광역시 강서구 대저중앙로394번가길 50, 번덕회관 (대저1동)",부산광역시 강서구 대저1동 377-3 번덕회관,35.217065299087,128.986055993058,부산 강서구 대저중앙로394번가길 50
1563,대저1동행정복지센터(신덕 경로당),051-970-4409,부산광역시 강서구 신덕길1번길 16-13 (대저1동),부산광역시 강서구 대저1동 2918-2,35.2003453038826,128.968011824483,부산 강서구 신덕길1번길 16-13
1565,아이앤케이신항만(주)(근로자 대기소),051-290-8726,부산광역시 강서구 신항남로 586 (성북동),부산광역시 강서구 성북동 1526,35.0644525377604,128.819028004751,부산 강서구 신항남로 586
1566,아이앤케이신항만(주)(STS 107호기 언더박스),051-290-8726,부산광역시 강서구 신항남로 586 (성북동),부산광역시 강서구 성북동 1526,35.0644525377604,128.819028004751,부산 강서구 신항남로 586
1567,아이앤케이신항만(주)(STS 121호기 언더박스),051-290-8726,부산광역시 강서구 신항남로 586 (성북동),부산광역시 강서구 성북동 1526,35.0644525377604,128.819028004751,부산 강서구 신항남로 586
1568,아이앤케이신항만(주)(정비동 1층),051-290-8726,부산광역시 강서구 신항남로 586 (성북동),부산광역시 강서구 성북동 1526,35.0644525377604,128.819028004751,부산 강서구 신항남로 586
1569,재단법인부산여성가족과평생교육진흥원(1층 로비),051-330-3414,"부산광역시 북구 효열로 256, 부산광역시종합연수원 (금곡동)",부산광역시 북구 금곡동 1910 부산광역시종합연수원,35.2681661241867,129.021061232635,부산 북구 효열로 256
1570,부산보호관찰소 동부지소(현관입구),051-580-8731,"부산광역시 금정구 청룡예전로 103, 부산동부준법지원센터 (청룡동)",부산광역시 금정구 청룡동 283-4 부산동부준법지원센터,35.2785468782827,129.085193378531,부산 금정구 청룡예전로 103
1571,해양경찰정비창(솔섬관 1층),051-419-2316,"부산광역시 사하구 다대로605번길 93, 해양경찰정비창 (다대동)",부산광역시 사하구 다대동 375 해양경찰정비창,35.0513831868501,128.980526870445,부산 사하구 다대로605번길 93
1572,(주)비지에프로지스(작업장 내),051-727-9805,부산광역시 기장군 장안읍 에코산단로 9,부산광역시 기장군 장안읍 기룡리 1147,35.3583109816161,129.259462552648,부산 기장군 장안읍 에코산단로 9
1573,신한여객자동차(주)(186번 버스 안),051-405-1040,"부산광역시 영도구 태종로 819, 신한여객자동차(주) (동삼동)",부산광역시 영도구 동삼동 986-15 신한여객자동차(주),35.0633452971412,129.081671840857,부산 영도구 태종로 819
1574,포레나동래아파트(정문 입구 경비실),051-558-5407,"부산광역시 동래구 온천천로339번길 51 (낙민동, 동래꿈에그린 아파트)",부산광역시 동래구 낙민동 133번지 3호 동래꿈에그린 아파트,35.196597853658,129.090761438022,부산 동래구 온천천로339번길 51
1575,대우아파트 경로당(관리동 1층 입구),051-928-7968,"부산광역시 동래구 충렬대로140번길 32, 관리사무소동 1층 (온천동, 동래대우아파트)",부산광역시 동래구 온천동 1457번지 1호 동래대우아파트,35.2037425187501,129.075042515501,부산 동래구 충렬대로140번길 32
1576,해운대아이파크(T1 1F 로비),051-744-8127,"부산광역시 해운대구 마린시티2로 38 (우동, 해운대아이파크)",부산광역시 해운대구 우동 1408 해운대아이파크,35.157037795554,129.143328681551,부산 해운대구 마린시티2로 38
1577,해운대아이파크(T2 1F 로비),051-744-8127,"부산광역시 해운대구 마린시티2로 38 (우동, 해운대아이파크)",부산광역시 해운대구 우동 1408 해운대아이파크,35.157037795554,129.143328681551,부산 해운대구 마린시티2로 38
1578,해운대아이파크(T3 1F 로비),051-744-8127,"부산광역시 해운대구 마린시티2로 38 (우동, 해운대아이파크)",부산광역시 해운대구 우동 1408 해운대아이파크,35.157037795554,129.143328681551,부산 해운대구 마린시티2로 38
1579,농심부산공장(생산2팀 2층 3과),051-366-5400,"부산광역시 사상구 사상로455번길 46, 농심(주) (모라동)",부산광역시 사상구 모라동 695-1 농심(주),35.1864562927085,128.984382019411,부산 사상구 사상로455번길 46
1580,농심부산공장(생산2팀 1층 2과),051-366-5400,"부산광역시 사상구 사상로455번길 46, 농심(주) (모라동)",부산광역시 사상구 모라동 695-1 농심(주),35.1864562927085,128.984382019411,부산 사상구 사상로455번길 46
1581,농심부산공장(생산1팀 사상1층 1과),051-366-5400,"부산광역시 사상구 사상로455번길 46, 농심(주) (모라동)",부산광역시 사상구 모라동 695-1 농심(주),35.1864562927085,128.984382019411,부산 사상구 사상로455번길 46
1582,농심부산공장(사상 보안실 1층),051-366-5400,"부산광역시 사상구 사상로455번길 46, 농심(주) (모라동)",부산광역시 사상구 모라동 695-1 농심(주),35.1864562927085,128.984382019411,부산 사상구 사상로455번길 46
1583,농심부산공장(삼락 2층 5과),051-366-5400,"부산광역시 사상구 사상로455번길 46, 농심(주) (모라동)",부산광역시 사상구 모라동 695-1 농심(주),35.1864562927085,128.984382019411,부산 사상구 사상로455번길 46
1584,기장군도시관리공단-정관체육시설(사무실 출입구),051-792-4840,"부산광역시 기장군 정관읍 정관중앙로 138-11, 소두방공원관리동",부산광역시 기장군 정관읍 방곡리 442 소두방공원관리동,35.3285363832996,129.183900672449,부산 기장군 정관읍 정관중앙로 138-11
1585,기장군도시관리공단-정관체육시설(테니스장 이용자 휴게실),051-792-4840,"부산광역시 기장군 정관읍 정관중앙로 138-11, 소두방공원관리동",부산광역시 기장군 정관읍 방곡리 442 소두방공원관리동,35.3285363832996,129.183900672449,부산 기장군 정관읍 정관중앙로 138-11
1586,기장군도시관리공단-정관스포츠힐링파크(축구장 본부석),051792,부산광역시 기장군 정관읍 모전리 676-1,부산광역시 기장군 정관읍 모전리 676-1,35.3410497951182,129.163907486901,부산 기장군 정관읍 모전리 676-1
1587,기장군도시관리공단-정관스포츠힐링파크(파크골프장 이용자 휴게실),051792,부산광역시 기장군 정관읍 모전로 7,부산광역시 기장군 정관읍 모전리 676-1,35.3413209714865,129.163150938554,부산 기장군 정관읍 모전로 7
1588,기장군도시관리공단-정관체육시설(철마체육시설 사무실),051-792-4840,부산광역시 기장군 철마면 철마로 543,부산광역시 기장군 철마면 연구리 566,35.2726796407047,129.155693392077,부산 기장군 철마면 철마로 543
1589,지에스25구포역점(편의점 내),051-332-1008,"부산광역시 북구 구포만세길 89, 1층 (구포동)",부산광역시 북구 구포동 1060-84,35.2059589391512,128.997129511085,부산 북구 구포만세길 89
1590,부산남산정복지관(1층 현관입구),051-342-8206,"부산광역시 북구 만덕대로155번길 86-9 (덕천동, 덕천2지구도개공아파트)",부산광역시 북구 덕천동 814번지 1호 덕천2지구도개공아파트,35.2180355880224,129.021109556679,부산 북구 만덕대로155번길 86-9
1591,부산북부경찰서(1층 현관),051-792-0321,"부산광역시 북구 화명신도시로 63, 북부경찰서 1층 (화명동)",부산광역시 북구 화명동 2303번지 북부경찰서,35.2296520615861,129.008724105255,부산 북구 화명신도시로 63
1592,안락뜨란채2단지아파트(관리사무소),051-525-0018,"부산광역시 동래구 연안로 74 (안락동, 안락뜨란채2단지아파트)",부산광역시 동래구 안락동 1242 안락뜨란채2단지아파트,35.1927417818779,129.110161293431,부산 동래구 연안로 74
1594,동래삼정그린코아포레스트(정문경비초소),051-505-1860,"부산광역시 동래구 쇠미로 153 (온천동, 동래삼정그린코아포레스트)","부산광역시 동래구 쇠미로 153 (온천동, 동래삼정그린코아포레스트)",35.2040856820899,129.060843563124,부산 동래구 쇠미로 153
1595,부산개성중학교(1층 로비),051-801-1119,"부산광역시 부산진구 엄광로 176-12, 부산개성중학교 (가야동)",부산광역시 부산진구 가야동 459-45 부산개성중학교,35.1443184545334,129.036309884005,부산 부산진구 엄광로 176
1596,센텀파크요양병원(3병동 간호사실),051-781-2600,부산광역시 해운대구 재반로 137 (재송동),부산광역시 해운대구 재송동 1043-2,35.1906023232436,129.127072909488,부산 해운대구 재반로 137
1597,서면비스타동원(관리사무소 앞),051-897-7574,"부산광역시 부산진구 마철로 114 (당감동, 서면비스타동원)",부산광역시 부산진구 당감동 573-89 서면비스타동원,35.1576900980268,129.038333034922,부산 부산진구 마철로 114
1598,해양환경교육원(본관 4층 엘리베이터 앞),051-400-7713,"부산광역시 영도구 해양로301번길 23, 해양환경교육원 (동삼동)",부산광역시 영도구 동삼동 1154 해양환경교육원,35.0802666361632,129.077926998684,부산 영도구 해양로301번길 23
1599,기장군도시관리공단-기장종합사회복지관(1층 엘리베이터 옆),051-792-4774,"부산광역시 기장군 기장읍 차성로 206, 기장종합사회복지관",부산광역시 기장군 기장읍 대라리 175-3 기장종합사회복지관,35.2359011727492,129.213634045247,부산 기장군 기장읍 차성로 206
1600,문현여자고등학교(4층 체육관 입구),051-630-1600,"부산광역시 남구 고동골로 86-41, 문현여자고등학교 (문현동)",부산광역시 남구 문현동 14-21 문현여자고등학교,35.144467708183,129.07185407663,부산 남구 고동골로 86
1601,양정자이더샵SKVIEW아파트(3단지 관리소앞),051-710-1690,"부산광역시 부산진구 진남로 554 (양정동, 양정자이더샵SKVIEW 2단지)",부산광역시 부산진구 양정동 44-9 양정자이더샵SKVIEW 2단지,35.1716287279998,129.075270843938,부산 부산진구 진남로 554
1602,양정자이더샵SKVIEW아파트(1단지 관리소앞),051-710-1690,"부산광역시 부산진구 진남로 554 (양정동, 양정자이더샵SKVIEW 2단지)",부산광역시 부산진구 양정동 44-9 양정자이더샵SKVIEW 2단지,35.1716287279998,129.075270843938,부산 부산진구 진남로 554
1603,양정자이더샵SKVIEW아파트(커뮤니티동 입구),051-710-1690,"부산광역시 부산진구 진남로 554 (양정동, 양정자이더샵SKVIEW 2단지)",부산광역시 부산진구 양정동 44-9 양정자이더샵SKVIEW 2단지,35.1716287279998,129.075270843938,부산 부산진구 진남로 554
1604,모라1동마을건강센터(모라1동 마을건강센터 출입구),051-310-5248,"부산광역시 사상구 학감대로 242, 사상구보건소 (감전동)",부산광역시 사상구 감전동 138-8 사상구보건소,35.1525507231581,128.991456131232,부산 사상구 학감대로 242
1605,부산대학교병원(장애인구강진료센터),051-240-8327,"부산광역시 서구 구덕로 179, 부산대학병원 (아미동1가)",부산광역시 서구 아미동1가 10-1 부산대학병원,35.1011288801696,129.019244318359,부산 서구 구덕로 179
1606,GS25사직스마일점(매장 내 ATM기 옆),010-****-****,부산광역시 동래구 사직로70번길 76 (사직동),부산광역시 동래구 사직동 43-1,35.1986159359775,129.05736830668,부산 동래구 사직로70번길 76
1607,사직한신아파트(관리사무소 내),-,"부산광역시 동래구 쇠미로81번길 33 (사직동, 한신아파트)","부산광역시 동래구 쇠미로81번길 33 (사직동, 한신아파트)",35.2015828613283,129.053592626104,부산 동래구 쇠미로81번길 33
1608,사직한신아파트(108동 앞 경비실 내),-,부산광역시 동래구 쇠미로81번길 33,"부산광역시 동래구 쇠미로81번길 33 (사직동, 한신아파트)",35.2015828613283,129.053592626104,부산 동래구 쇠미로81번길 33
1609,소상공인시장진흥공단부산울산경남지역본부(부울경지역본부 부산중부센터 출입구 앞 벽면),051-469-4681,"부산광역시 중구 중앙대로 63, 부산우체국 12층 (중앙동3가)",부산광역시 중구 중앙동3가 1 부산우체국,35.1033635843477,129.035976109264,부산 중구 중앙대로 63
1610,동래구청(동래구청 신청사 별관 입구),051-550-4000,"부산광역시 동래구 충렬대로237번길 93, 동래구청 (복천동)",부산광역시 동래구 복천동 381 동래구청,35.2050987539037,129.083723487687,부산 동래구 충렬대로237번길 93
1611,동래구청(동래구청 본관 1층),051-550-4000,"부산광역시 동래구 충렬대로237번길 93, 동래구청 (복천동)",부산광역시 동래구 복천동 381 동래구청,35.2050987539037,129.083723487687,부산 동래구 충렬대로237번길 93
1612,조리마을게이트볼장(클럽하우스),051-519-4127,부산광역시 금정구 두구로33번길 202 (두구동),부산광역시 금정구 두구동 1520-1,35.3027402926584,129.11062874857,부산 금정구 두구로33번길 202
1613,청룡동게이트볼장(클럽하우스),051-519-4127,부산광역시 금정구 청룡동 70-24,부산광역시 금정구 청룡동 70-24,35.2779629214333,129.089344839122,부산 금정구 청룡동 70-24
1614,노포동게이트볼장(클럽하우스),051-519-4127,부산광역시 금정구 노포동 233-1,부산광역시 금정구 노포동 233-1,35.2894765132796,129.097755314654,부산 금정구 노포동 233-1
1615,오륜동파크골프장(클럽하우스),051-519-4127,부산광역시 금정구 오륜동 657-2,부산광역시 금정구 오륜동 657-2,35.2513774623879,129.103049535997,부산 금정구 오륜동 657-2
1616,수영강상류게이트볼장(클럽하우스),051-519-4127,부산광역시 금정구 노포동 1112-9,부산광역시 금정구 노포동 1112-9,35.2842144020022,129.104341878196,부산 금정구 노포동 1112-9
1617,대방산업개발(주)(에코델타시티 공동31블럭 대방엘리움 현장 내 경비실),070-4117-8362,부산광역시 강서구 대저2동 5420-4,부산광역시 강서구 대저2동 5420-4,35.1409799104716,128.927786840704,부산 강서구 대저2동 5420-4
1618,대방산업개발(주)(에코델타시티 대방엘리움 공동31블럭 내 안전교육장),070-4117-8362,부산광역시 강서구 대저2동 5420-4,부산광역시 강서구 대저2동 5420-4,35.1409799104716,128.927786840704,부산 강서구 대저2동 5420-4
1619,기장지역자활센터(온푸드사업장 입구),051-724-3457,"부산광역시 기장군 기장읍 차성로 341, 유기농업회관",부산광역시 기장군 기장읍 동부리 113-5 유기농업회관,35.2480980031566,129.21358593276,부산 기장군 기장읍 차성로 341
1620,기장지역자활센터(올케어사업장 중앙),051-724-3457,부산광역시 기장군 기장읍 차성로 236,부산광역시 기장군 기장읍 대라리 147-20,35.238375144902,129.213637152903,부산 기장군 기장읍 차성로 236
1621,기장지역자활센터(우리동네호두과자 중앙),051-724-3457,부산광역시 기장군 일광읍 해송1로 36,부산광역시 기장군 일광읍 삼성리 880,35.2677888298068,129.230508920888,부산 기장군 일광읍 해송1로 36
1622,기장지역자활센터(다해냄사업장 1층),051-724-3457,부산광역시 기장군 기장읍 차성로397번길 1,부산광역시 기장군 기장읍 교리 326-2,35.2529111987349,129.213563808858,부산 기장군 기장읍 차성로397번길 1
1623,기장지역자활센터(샐러드와사업장 주방 입구),051-724-3457,부산광역시 기장군 기장읍 차성동로 88-7,부산광역시 기장군 기장읍 동부리 284-12,35.2457009302104,129.217640049032,부산 기장군 기장읍 차성동로 88-7
1624,기장지역자활센터(다올사업장 사무실 입구),051-724-3457,"부산광역시 기장군 정관읍 산단5로 100-108, (주)대경",부산광역시 기장군 정관읍 달산리 44-39 (주)대경,35.3156308588894,129.203462144011,부산 기장군 정관읍 산단5로 100-108
1625,파라다이스호텔부산(신관 1층 벨데스크),051-742-2121,"부산광역시 해운대구 해운대해변로 296, 파라다이스호텔부산 (중동)",부산광역시 해운대구 중동 1411-1 파라다이스호텔부산,35.1602212408572,129.165269043658,부산 해운대구 해운대해변로 296
1626,파라다이스호텔부산(본관 1층 프론트),051-742-2121,"부산광역시 해운대구 해운대해변로 296, 파라다이스호텔부산 (중동)",부산광역시 해운대구 중동 1411-1 파라다이스호텔부산,35.1602212408572,129.165269043658,부산 해운대구 해운대해변로 296
1627,대우건설(근로자 휴게실),070-8894-6357,부산광역시 기장군 장안읍 기장대로 1464-23,부산광역시 기장군 장안읍 좌동리 288-7,35.324843243476,129.246428081964,부산 기장군 장안읍 기장대로 1464-23
1630,부산도시가스(본사5층),051-607-1237,"부산광역시 해운대구 좌동순환로217번길 24, 부산도시가스 (좌동)",부산광역시 해운대구 좌동 1420 부산도시가스,35.17624804738,129.182286815586,부산 해운대구 좌동순환로217번길 24
1631,부산도시가스(본사1층),051-607-1237,"부산광역시 해운대구 좌동순환로217번길 24, 부산도시가스 (좌동)",부산광역시 해운대구 좌동 1420 부산도시가스,35.17624804738,129.182286815586,부산 해운대구 좌동순환로217번길 24
1634,부산본병원(2층내과외래),1599-8275,부산광역시 사하구 승학로 8 (당리동),부산광역시 사하구 당리동 302-1,35.1062818783161,128.969829423848,부산 사하구 승학로 8
1635,가마실복지센터(1층 식당입구 좌측벽),051-512-1455,"부산광역시 금정구 동부곡로19번길 50, 가마실복지센터 (부곡동)",부산광역시 금정구 부곡동 282-32 가마실복지센터,35.2278256904127,129.094281357642,부산 금정구 동부곡로19번길 50
1636,장전1동주민센터(2층 민원실),051-519-5283,"부산광역시 금정구 수림로71번길 36, 장전1동 행정복지센터 (장전동)",부산광역시 금정구 장전동 130-15 장전1동 행정복지센터,35.2381927674685,129.084485683532,부산 금정구 수림로71번길 36
1637,구서1동주민센터(민원실),051-519-5403,"부산광역시 금정구 수림로72번길 123, 구서1동 행정복지센터 (구서동)",부산광역시 금정구 구서동 1063 구서1동 행정복지센터,35.2451129975203,129.086897254409,부산 금정구 수림로72번길 123
1638,금정문화회관(금빛누리홀),051-519-5654,"부산광역시 금정구 체육공원로 7, 금정문화회관 (구서동)",부산광역시 금정구 구서동 481 금정문화회관,35.2459191517717,129.094474165688,부산 금정구 체육공원로 7
1639,금정문화회관(금샘미술관 2층),051-519-5654,"부산광역시 금정구 체육공원로 7, 금정문화회관 (구서동)",부산광역시 금정구 구서동 481 금정문화회관,35.2459191517717,129.094474165688,부산 금정구 체육공원로 7
1640,금정도서관(1층 안내실 앞),051-519-5603,"부산광역시 금정구 금정도서관로 33, 금정도서관 (청룡동)",부산광역시 금정구 청룡동 2-12 금정도서관,35.2726132136189,129.096181650772,부산 금정구 금정도서관로 33
1641,남산동주민센터(1층 민원실),051-519-5383,"부산광역시 금정구 중앙대로2097번길 4, 남산동 행정복지센터 (남산동)",부산광역시 금정구 남산동 21-5 남산동 행정복지센터,35.2716615423662,129.092261879359,부산 금정구 중앙대로2097번길 4
1642,금정구 종합사회 복지관(2층 사무실),051-532-0115,"부산광역시 금정구 반송로490번길 47, 금정구종합사회복지관 (금사동)",부산광역시 금정구 금사동 545-22 금정구종합사회복지관,35.2144258479136,129.118442169076,부산 금정구 반송로490번길 47
1643,금정구장애인복지관(1층 안내데스크),051-523-0100,부산광역시 금정구 서부로 77 (서동),부산광역시 금정구 서동 502-4,35.2196246383849,129.098919901977,부산 금정구 서부로 77
1644,(주)엘에스일렉트릭(사무동 3층 엘리베이터 앞),051-795-6117,부산광역시 강서구 화전산단5로117번길 35 (화전동),부산광역시 강서구 화전동 552-2,35.1115109572608,128.874916128736,부산 강서구 화전산단5로117번길 35
1645,(주)엘에스일렉트릭(HVDC동 1층),051-795-6117,부산광역시 강서구 화전산단5로117번길 35 (화전동),부산광역시 강서구 화전동 552-2,35.1115109572608,128.874916128736,부산 강서구 화전산단5로117번길 35
1646,(주)엘에스일렉트릭(초고압동 1층 휴게실 앞),051-795-6117,부산광역시 강서구 화전산단5로117번길 35 (화전동),부산광역시 강서구 화전동 552-2,35.1115109572608,128.874916128736,부산 강서구 화전산단5로117번길 35
1647,(주)엘에스일렉트릭(사무동 1층 엘리베이터 앞),051-795-6117,부산광역시 강서구 화전산단5로117번길 35 (화전동),부산광역시 강서구 화전동 552-2,35.1115109572608,128.874916128736,부산 강서구 화전산단5로117번길 35
1648,부산본병원(2층 영상의학과),1599-8275,부산광역시 사하구 승학로 8 (당리동),부산광역시 사하구 당리동 302-1,35.1062818783161,128.969829423848,부산 사하구 승학로 8
1649,구서2동주민센터(1층 민원실),051-519-5423,"부산광역시 금정구 금강로 584, 구서2동 행정복지센터 (구서동)",부산광역시 금정구 구서동 158-26 구서2동 행정복지센터,35.2595502384829,129.088035425399,부산 금정구 금강로 584
1650,한국보훈복지의료공단부산요양병원(3병동),051-601-8600,"부산광역시 사상구 백양대로 420, 보훈병원 (주례동)",부산광역시 사상구 주례동 235 보훈병원,35.1528918625836,129.008252267356,부산 사상구 백양대로 420
1651,기장군보건소(구급차(70더4067)),051-709-4797,"부산광역시 기장군 기장읍 기장대로 560, 기장군보건소",부산광역시 기장군 기장읍 신천리1,35.2434815827191,129.222956025904,부산 기장군 기장읍 기장대로 560
1652,w아파트(D동 1층 로비),051-621-6277,"부산광역시 남구 분포로 145 (용호동, 더블유)",부산광역시 남구 용호동 954 더블유,35.1342294576999,129.111216765972,부산 남구 분포로 145
1653,w아파트(C동 1층 로비),051-621-6277,"부산광역시 남구 분포로 145 (용호동, 더블유)",부산광역시 남구 용호동 954 더블유,35.1342294576999,129.111216765972,부산 남구 분포로 145
1654,w아파트(A동 1층 로비),051-621-6277,"부산광역시 남구 분포로 145 (용호동, 더블유)",부산광역시 남구 용호동 954 더블유,35.1342294576999,129.111216765972,부산 남구 분포로 145
1655,w아파트(B동 1층 로비),051-621-6277,"부산광역시 남구 분포로 145 (용호동, 더블유)",부산광역시 남구 용호동 954 더블유,35.1342294576999,129.111216765972,부산 남구 분포로 145
1656,동남권원자력의학원(연구센터 2층 로비),051-720-5372,"부산광역시 기장군 장안읍 좌동길 40, 동남권 원자력의학원",부산광역시 기장군 장안읍 좌동리 591 동남권 원자력의학원,35.3218426986741,129.2443306989,부산 기장군 장안읍 좌동길 40
1657,정관정형외과의원(원내(원무과 안)),051-727-8727,부산광역시 기장군 정관읍 정관로 581,부산광역시 기장군 정관읍 정관로 581,35.321247223795,129.177484908452,부산 기장군 정관읍 정관로 581
1658,우신네오빌아파트관리사무소(관리사무소 내),051-724-4066,부산광역시 기장군 기장읍 청강로 76 (우신네오빌아파트),부산광역시 기장군 기장읍 청강리 144 우신네오빌아파트,35.2384566947359,129.223023465193,부산 기장군 기장읍 청강로 76
1659,롯데낙천대아파트(남문경비실),051-333-2264,"부산광역시 북구 화명신도시로 156 (화명동, 롯데아파트낙천대)",부산광역시 북구 화명동 2264 롯데아파트낙천대,35.2374576879253,129.011867869707,부산 북구 화명신도시로 156
1660,롯데낙천대아파트(정문경비실),051-333-2264,"부산광역시 북구 화명신도시로 156 (화명동, 롯데아파트낙천대)",부산광역시 북구 화명동 2264 롯데아파트낙천대,35.2374576879253,129.011867869707,부산 북구 화명신도시로 156
1661,롯데낙천대아파트(서문경비실),051-333-2264,"부산광역시 북구 화명신도시로 156 (화명동, 롯데아파트낙천대)",부산광역시 북구 화명동 2264 롯데아파트낙천대,35.2374576879253,129.011867869707,부산 북구 화명신도시로 156
1662,금정시니어클럽(사무실(1층)),051-516-3045,"부산광역시 금정구 두실로7번길 115, 구서2동 행정복지센터 (구서동)",부산광역시 금정구 구서동 184-6 구서2동 행정복지센터,35.2551918441266,129.090587284975,부산 금정구 두실로7번길 115
1663,한신아파트관리사무소(관리사무소(105동 1층)입구),051-722-1020,부산광역시 기장군 기장읍 차성로344번길 13 (한신아파트),부산광역시 기장군 기장읍 동부리 151-5 한신아파트,35.2493631712845,129.215284345882,부산 기장군 기장읍 차성로344번길 13
1664,엘지메트로시티아파트(2단지 관리사무소 3층 입구 좌측),051-611-8901,"부산광역시 남구 분포로 111 (용호동, 엘지메트로시티)",부산광역시 남구 용호동 176-30 엘지메트로시티,35.126905677454,129.109566403886,부산 남구 분포로 111
1665,엘지메트로시티아파트(1단지 관리사무소 2층 입구 우측),051-611-8901,"부산광역시 남구 분포로 111 (용호동, 엘지메트로시티)",부산광역시 남구 용호동 176-30 엘지메트로시티,35.126905677454,129.109566403886,부산 남구 분포로 111
1666,금정시니어클럽(교육장(3층)),051-516-3045,"부산광역시 금정구 두실로7번길 115, 구서2동 행정복지센터 (구서동)",부산광역시 금정구 구서동 184-6 구서2동 행정복지센터,35.2551918441266,129.090587284975,부산 금정구 두실로7번길 115
1667,지하철2호선해운대역(해운대역(2호선)20번대 게이트 셔터 기둥 안쪽면),051-678-6248,"부산광역시 해운대구 양운로37번길 59, 해운대구보건소 (좌동)",부산광역시 해운대구 재송동 179-41,35.1641127009786,129.178659397782,부산 해운대구 양운로37번길 59
1668,지하철2호선장산역(장산역(2호선)대합실 화장실 입구 우측),051-678-6201,"부산광역시 해운대구 양운로37번길 59, 해운대구보건소 (좌동)",부산광역시 해운대구 재송동 179-41,35.1641127009786,129.178659397782,부산 해운대구 양운로37번길 59
1669,부산문화콘텐츠콤플렉스(5층 B동 엘리베이터 앞),051-749-9104,"부산광역시 해운대구 수영강변대로 140, 부산문화콘텐츠컴플렉스 (우동)",부산광역시 해운대구 우동 1466-1 부산문화콘텐츠컴플렉스,35.1727293737267,129.125609368833,부산 해운대구 수영강변대로 140
1670,부산문화콘텐츠콤플렉스(2층 넥슨 커뮤니케이션 앞),051-749-9104,"부산광역시 해운대구 수영강변대로 140, 부산문화콘텐츠컴플렉스 (우동)",부산광역시 해운대구 우동 1466-1 부산문화콘텐츠컴플렉스,35.1727293737267,129.125609368833,부산 해운대구 수영강변대로 140
1671,다대푸르지오아파트(관리사무소 앞),2652600,"부산광역시 사하구 윤공단로 123 (다대동, 부산다대푸르지오)",부산광역시 사하구 다대동 1667 부산다대푸르지오,35.0612770368886,128.974556555764,부산 사하구 윤공단로 123
1672,동국씨엠(주)부산공장(2CCL 출측),051-640-5114,"부산광역시 남구 신선로 102, 동국씨엠(주) 부산공장 (감만동)",부산광역시 남구 감만동 588-1 동국씨엠(주) 부산공장,35.1158189735817,129.074183872365,부산 남구 신선로 102
1673,동국씨엠(주)부산공장(7CCL 출측),051-640-5114,"부산광역시 남구 신선로 102, 동국씨엠(주) 부산공장 (감만동)",부산광역시 남구 감만동 588-1 동국씨엠(주) 부산공장,35.1158189735817,129.074183872365,부산 남구 신선로 102
1674,동국씨엠(주)부산공장(3CGL 출측),051-640-5114,"부산광역시 남구 신선로 102, 동국씨엠(주) 부산공장 (감만동)",부산광역시 남구 감만동 588-1 동국씨엠(주) 부산공장,35.1158189735817,129.074183872365,부산 남구 신선로 102
1675,동국씨엠(주)부산공장(4CGL 센터),051-640-5114,"부산광역시 남구 신선로 102, 동국씨엠(주) 부산공장 (감만동)",부산광역시 남구 감만동 588-1 동국씨엠(주) 부산공장,35.1158189735817,129.074183872365,부산 남구 신선로 102
1676,동국씨엠(주)부산공장(5CCL 출측),051-640-5114,"부산광역시 남구 신선로 102, 동국씨엠(주) 부산공장 (감만동)",부산광역시 남구 감만동 588-1 동국씨엠(주) 부산공장,35.1158189735817,129.074183872365,부산 남구 신선로 102
1677,동국씨엠(주)부산공장(송원교육관),051-640-5114,"부산광역시 남구 신선로 102, 동국씨엠(주) 부산공장 (감만동)",부산광역시 남구 감만동 588-1 동국씨엠(주) 부산공장,35.1158189735817,129.074183872365,부산 남구 신선로 102
1678,동국씨엠(주)부산공장(9CCL 출측),051-640-5114,"부산광역시 남구 신선로 102, 동국씨엠(주) 부산공장 (감만동)",부산광역시 남구 감만동 588-1 동국씨엠(주) 부산공장,35.1158189735817,129.074183872365,부산 남구 신선로 102
1679,동국씨엠(주)부산공장(ECL),051-640-5114,"부산광역시 남구 신선로 102, 동국씨엠(주) 부산공장 (감만동)",부산광역시 남구 감만동 588-1 동국씨엠(주) 부산공장,35.1158189735817,129.074183872365,부산 남구 신선로 102
1680,동국씨엠(주)부산공장(통합포장장),051-640-5114,"부산광역시 남구 신선로 102, 동국씨엠(주) 부산공장 (감만동)",부산광역시 남구 감만동 588-1 동국씨엠(주) 부산공장,35.1158189735817,129.074183872365,부산 남구 신선로 102
1681,동국씨엠(주)부산공장(2CGL센터),051-640-5114,"부산광역시 남구 신선로 102, 동국씨엠(주) 부산공장 (감만동)",부산광역시 남구 감만동 588-1 동국씨엠(주) 부산공장,35.1158189735817,129.074183872365,부산 남구 신선로 102
1682,동국씨엠(주)부산공장(2EGL 출측),051-640-5114,"부산광역시 남구 신선로 102, 동국씨엠(주) 부산공장 (감만동)",부산광역시 남구 감만동 588-1 동국씨엠(주) 부산공장,35.1158189735817,129.074183872365,부산 남구 신선로 102
1683,연산포레서희스타힐스아파트(관리사무소 내),051-868-6662,부산광역시 연제구 묘봉산로 30 (연산동),부산광역시 연제구 연산동 1135-227,35.1829012963577,129.089161019711,부산 연제구 묘봉산로 30
1684,부산진우체국(부산진우체국 영업과(1층)),051-810-0851,"부산광역시 부산진구 가야대로 579, 부산진우체국 (가야동)",부산광역시 부산진구 가야동 256-7 부산진우체국,35.1549125009265,129.035360461187,부산 부산진구 가야대로 579
1685,우신모라아파트(관리사무소),051-313-2355,부산광역시 사상구 백양대로 880,부산광역시 사상구 모라동 1362 우신모라아파트,35.1831129739702,128.991284797338,부산 사상구 백양대로 880
1686,영주어울림플랫폼(2층 현관 입구),051-600-4495,"부산광역시 중구 초량상로7번길 11-1, 영주어울림플랫폼 (영주동)",부산광역시 중구 영주동 62-71,35.1132148418875,129.034119929818,부산 중구 초량상로7번길 11
1687,부산시수영지역자활센터(2층 교육장 입구),051-757-4034,"부산광역시 수영구 구락로 150, 고려제강(주) (망미동)",부산광역시 수영구 망미동 191-1 고려제강(주),35.1806646976846,129.115850084901,부산 수영구 구락로 150
1688,수영구노인복지관(1층 현관 엘리베이터 앞),051-759-6070,"부산광역시 수영구 황령대로489번길 83, 수영구 노인복지관 (남천동)",부산광역시 수영구 남천동 552 수영구 노인복지관,35.1400499968592,129.111176547062,부산 수영구 황령대로489번길 83
1689,부산시여자단기청소년쉼터(사무실 내),051-756-0924,"부산광역시 수영구 광안해변로255번길 58, 여자단기청소년쉼터 (민락동)",부산광역시 수영구 민락동 165-7 여자단기청소년쉼터,35.1575711127284,129.120610498294,부산 수영구 광안해변로255번길 58
1690,gs25영도동삼로점(매장 내),070-7576-2627,"부산광역시 영도구 동삼로 110, 1층 (동삼동)",부산광역시 영도구 동삼동 240-21,35.0830254254489,129.071690876896,부산 영도구 동삼로 110
1691,화명푸르지오헤리센트(108동 3-4라인),051-925-3330,"부산광역시 북구 산성로 28 (화명동, 화명푸르지오 헤리센트)",부산광역시 북구 화명동 2341 화명푸르지오 헤리센트,35.2391676993315,129.016022012086,부산 북구 산성로 28
1692,대연6동행정복지센터(주차장 입구),051-607-6701,"부산광역시 남구 못골로 13, 대연6동주민센터 (대연동)",부산광역시 남구 대연동 1888 대연6동주민센터,35.1373080854025,129.083176301625,부산 남구 못골로 13
1693,몰운대종합사회복지관(별관1층),051-264-9033,"부산광역시 사하구 다대낙조2길 17, 몰운대종합사회복지관 (다대동)",부산광역시 사하구 다대동 1548-12 몰운대종합사회복지관,35.0512273180475,128.96354980601,부산 사하구 다대낙조2길 17
1694,노을이아름다운하단복합센터(2층 정수기옆),051-220-0161,부산광역시 사하구 하신번영로 245 (하단동),부산광역시 사하구 하단동 1172,35.103157614029,128.957645787527,부산 사하구 하신번영로 245
1695,세븐럭카지노부산롯데점(롯데호텔 3층 세븐럭카지노 영업장 내),051-665-6000,"부산광역시 부산진구 가야대로 772, 부산롯데호텔 3층 (부전동)",부산광역시 부산진구 부전동 503-15 부산롯데호텔,35.156789983664,129.056416218143,부산 부산진구 가야대로 772
1696,한우리요양원(9층입구),050-71331-7306,"부산광역시 사하구 원양로 400, 한우리요양병원 (감천동)",부산광역시 사하구 감천동 400-1 한우리요양병원,35.0862844618944,129.005708751655,부산 사하구 원양로 400
1697,해피빌요양원(1층로비),051-201-3471,부산광역시 사하구 다대로83번길 111 (괴정동),부산광역시 사하구 괴정동 645-2,35.0936022320242,128.983370858154,부산 사하구 다대로83번길 111
1698,환희노인요양원(1층로비),051-203-9461,부산광역시 사하구 제석로95번길 35 (당리동),부산광역시 사하구 당리동 39-14,35.1098665517762,128.976706893217,부산 사하구 제석로95번길 35
1699,다대레포츠광장(축구장),051-220-5851,부산광역시 사하구 다송로84번길 38 (다대동),부산광역시 사하구 다대동 1582-22,35.0600603231535,128.982301247069,부산 사하구 다송로84번길 38
1700,감내별마루체육센터(센터입구),051-220-5925,부산광역시 사하구 감내2로151번길 23 (감천동),부산광역시 사하구 감천동 5-8,35.0988613001648,129.008519228106,부산 사하구 감내2로151번길 23
1701,화명푸르지오헤리센트(102동 1-2라인),051-925-3330,"부산광역시 북구 산성로 28 (화명동, 화명푸르지오 헤리센트)",부산광역시 북구 화명동 2341 화명푸르지오 헤리센트,35.2391676993315,129.016022012086,부산 북구 산성로 28
1702,동래화목타운(관리사무실),051-521-5971,"부산광역시 동래구 충렬사로 39 (안락동, 동래화목타운)",부산광역시 동래구 안락동 962 동래화목타운,35.2028961368731,129.096894952043,부산 동래구 충렬사로 39
1703,의료법인 희경의료재단 한국요양병원(3병동 간호사실),051-328-8251,"부산광역시 사상구 광장로 33, 한국병원 (괘법동)",부산광역시 사상구 괘법동 532-32 한국병원,35.1632871299924,128.980438900404,부산 사상구 광장로 33
1704,동래우체국(1층 영업과),051-559-7072,"부산광역시 동래구 명륜로 169, 동래우체국 (명륜동)",부산광역시 동래구 명륜동 638-13 동래우체국,35.2084524121669,129.081936487151,부산 동래구 명륜로 169
1705,한국토지주택공사부산울산지역본부(10층 열다방),051-460-5907,부산광역시 동구 중앙대로 224 (초량동),부산광역시 동구 초량동 1199-1,35.1169403763706,129.041150876987,부산 동구 중앙대로 224
1706,한국토지주택공사부산울산지역본부(2층 마이홈센터 앞),051-460-5907,부산광역시 동구 중앙대로 224 (초량동),부산광역시 동구 초량동 1199-1,35.1169403763706,129.041150876987,부산 동구 중앙대로 224
1707,쿠팡로지스틱스서비스_부산5캠프(1층 사무실),010-****-****,부산광역시 기장군 장안읍 장안산단7로 114,부산광역시 기장군 장안읍 장안산단7로 114,35.3291396648174,129.25872309924,부산 기장군 장안읍 장안산단7로 114
1708,대방건설부산장안1차(안전교육장),051-728-5557,부산광역시 기장군 장안읍 좌천리 361-4,부산광역시 기장군 장안읍 좌천리 361-4,35.3174722267016,129.238632766731,부산 기장군 장안읍 좌천리 361-4
1709,덕천삼정그린코아아파트(정문 경비실 내),051-338-0971,"부산광역시 북구 만덕대로155번길 15 (덕천동, 삼정그린코아)",부산광역시 북구 덕천동 373-1 삼정그린코아,35.2140284510103,129.02011285035,부산 북구 만덕대로155번길 15
1710,부산대학교(대학본관 1층),051-510-1278,"부산광역시 금정구 부산대학로63번길 2, 부산대학교 (장전동)",부산광역시 금정구 장전동 40 부산대학교,35.2323326221566,129.083830815331,부산 금정구 부산대학로63번길 2
1711,부산대학교(인문관 1층 경비실),051-510-1278,"부산광역시 금정구 부산대학로63번길 2, 부산대학교 (장전동)",부산광역시 금정구 장전동 40 부산대학교,35.2323326221566,129.083830815331,부산 금정구 부산대학로63번길 2
1712,부산대학교(중앙도서관 1층 엘리베이터 옆),051-510-1278,"부산광역시 금정구 부산대학로63번길 2, 부산대학교 (장전동)",부산광역시 금정구 장전동 40 부산대학교,35.2323326221566,129.083830815331,부산 금정구 부산대학로63번길 2
1713,부산대학교(학생회관 1층 엘리베이터 옆),051-510-1278,"부산광역시 금정구 부산대학로63번길 2, 부산대학교 (장전동)",부산광역시 금정구 장전동 40 부산대학교,35.2323326221566,129.083830815331,부산 금정구 부산대학로63번길 2
1714,부산대학교(대운동장 입구 경비실),051-510-1278,"부산광역시 금정구 부산대학로63번길 2, 부산대학교 (장전동)",부산광역시 금정구 장전동 40 부산대학교,35.2323326221566,129.083830815331,부산 금정구 부산대학로63번길 2
1715,부산대학교(새벽벌도서관 1층 출입구),051-510-1278,"부산광역시 금정구 부산대학로63번길 2, 부산대학교 (장전동)",부산광역시 금정구 장전동 40 부산대학교,35.2323326221566,129.083830815331,부산 금정구 부산대학로63번길 2
1716,부산대학교(언어교육원 1층 입구),051-510-1278,"부산광역시 금정구 부산대학로63번길 2, 부산대학교 (장전동)",부산광역시 금정구 장전동 40 부산대학교,35.2323326221566,129.083830815331,부산 금정구 부산대학로63번길 2
1717,부산대학교(문창회관 402-1 보건실),051-510-1278,"부산광역시 금정구 부산대학로63번길 2, 부산대학교 (장전동)",부산광역시 금정구 장전동 40 부산대학교,35.2323326221566,129.083830815331,부산 금정구 부산대학로63번길 2
1718,백양문화예술회관(안내데스크 옆),051-806-0016,부산광역시 부산진구 당감서로94번길 8 (부암동),부산광역시 부산진구 부암동 507-2,35.168869229323,129.036185607964,부산 부산진구 당감서로94번길 8
1719,황령산레포츠공원(관리사무소 앞),051-605-6455,부산광역시 부산진구 진남로328번길 99 (전포동),부산광역시 부산진구 전포동 산 36,35.1570292164236,129.075382766793,부산 부산진구 진남로328번길 99
1720,부산진구생활체육센터(체육관 내),051-605-6455,부산광역시 부산진구 진남로328번길 99 (전포동),부산광역시 부산진구 전포동 산 36,35.1570292164236,129.075382766793,부산 부산진구 진남로328번길 99
1721,온천천관리사무소(관리사무실 내),051-550-6643,"부산광역시 동래구 온천천로 288, 온천천관리사무소 (수안동)",부산광역시 동래구 수안동 50번지 2호,35.1954663973933,129.085012770777,부산 동래구 온천천로 288
1722,주례열린도서관(지하1층 안내데스크 옆),051-310-8500,부산광역시 사상구 주례로 110 (주례동),부산광역시 사상구 주례동 536,35.1465812446278,129.004556726549,부산 사상구 주례로 110
1723,구포삼정그린코아경로당(경로당 내),051-338-3006,"부산광역시 북구 백양대로1016번길 10 (구포동, 삼정그린코아)",부산광역시 북구 구포동 1095-2 삼정그린코아,35.1955122900511,128.995071289777,부산 북구 백양대로1016번길 10
1724,화명종합사회복지관(1층 로비),051-338-2233,"부산광역시 북구 금곡대로199번길 21, 화명동종합사회복지관 (화명동)",부산광역시 북구 화명동 2310 화명동종합사회복지관,35.2268089144843,129.009781132169,부산 북구 금곡대로199번길 21
1725,청록행복재가센터(지하 1층 주간보호실),051-333-0741,"부산광역시 북구 중리로 32, 청록만덕실버센터 (만덕동)",부산광역시 북구 만덕동 376-35 청록만덕실버센터,35.2123359089537,129.040748609624,부산 북구 중리로 32
1726,부산실내빙상장(빙상장 입구),051-337-4087,"부산광역시 북구 금곡대로46번길 50, 부산북구문화빙상센터 (덕천동)",부산광역시 북구 덕천동 434 부산북구문화빙상센터,35.2134392294692,129.005751947368,부산 북구 금곡대로46번길 50
1727,지에스25화명도서관점(편의점 내),051-362-4916,부산광역시 북구 용당로 14 (화명동),부산광역시 북구 화명동 2020,35.2318621074761,129.008884809988,부산 북구 용당로 14
1728,만덕노인복지센터(1층 간호사실),051-337-1273,부산광역시 북구 상학산복길 145 (만덕동),부산광역시 북구 만덕동 814-94,35.2177587339831,129.037645938101,부산 북구 상학산복길 145
1729,장선종합사회복지관(본관 1층),051-336-7007,"부산광역시 북구 시랑로114번길 45, 장선종합사회복지관 (구포동)",부산광역시 북구 구포동 1255-2 장선종합사회복지관,35.1942692627747,129.008691896335,부산 북구 시랑로114번길 45
1730,드파인센텀(관리사무소 내),051-524-3001,"부산광역시 해운대구 선수촌로 30 (반여동, 드파인센텀)",부산광역시 해운대구 반여동 1349 드파인센텀,35.197076226816,129.118965848338,부산 해운대구 선수촌로 30
1731,서면동문굿모닝힐아파트(경비실),051-807-7801,"부산광역시 부산진구 신천대로220번길 65 (부암동, 부산서면 동문굿모닝힐)","부산광역시 부산진구 신천대로220번길 65 (부암동, 부산서면 동문굿모닝힐)",35.1617307022418,129.053101832092,부산 부산진구 신천대로220번길 65
1732,한국국토정보공사부산중부지사장(사무실 입구),051-794-5151,"부산광역시 연제구 중앙대로 1138, 중소기업중앙회 부산울산지역본부 7층 (연산동)","부산광역시 연제구 중앙대로 1138, 중소기업중앙회 부산울산지역본부 7층 (연산동)",35.1890778788691,129.08120934595,부산 연제구 중앙대로 1138
1733,낙동강관리본부(캠핑장사무실앞),051-310-6062,"부산광역시 강서구 공항로 1246, 대저생태공원 관리사무소 (대저1동)",부산광역시 강서구 대저1동 2314-11 대저생태공원 관리사무소,35.2098489215235,128.984556072976,부산 강서구 공항로 1246
1734,명지1동행정복지센터(1층 출입구),051-970-4924,"부산광역시 강서구 명지국제8로 131, 명지1동 행정복지센터 (명지동)",부산광역시 강서구 명지동 1996 명지1동 행정복지센터,35.1001292059369,128.907043580901,부산 강서구 명지국제8로 131
1735,부산시민공원푸르지오현장(부산시민공원푸르지오 현장 안전보건교육장),051-819-9490,"부산광역시 부산진구 시민공원로 30, 부산시민공원푸르지오 현장 (부암동)",부산광역시 부산진구 부암동 92-6 부산시민공원푸르지오 현장,35.162830637421,129.05318830381,부산 부산진구 시민공원로 30
1736,대저2동행정복지센터(대저2동 행정복지센터 입구),051-970-4922,"부산광역시 강서구 공항로811번가길 30-1, 대저2동 주민센터 (대저2동)",부산광역시 강서구 대저2동 2011-3 대저2동 주민센터,35.1785494122196,128.956483210498,부산 강서구 공항로811번가길 30-1
1737,화명푸르지오헤리센트(105동 1-2라인),051-925-3330,"부산광역시 북구 산성로 28 (화명동, 화명푸르지오 헤리센트)",부산광역시 북구 화명동 2341 화명푸르지오 헤리센트,35.2391676993315,129.016022012086,부산 북구 산성로 28
1738,화명푸르지오헤리센트(103동 3-4라인),051-925-3330,"부산광역시 북구 산성로 28 (화명동, 화명푸르지오 헤리센트)",부산광역시 북구 화명동 2341 화명푸르지오 헤리센트,35.2391676993315,129.016022012086,부산 북구 산성로 28
1739,화명푸르지오헤리센트(103동 1-2라인),051-925-3330,"부산광역시 북구 산성로 28 (화명동, 화명푸르지오 헤리센트)",부산광역시 북구 화명동 2341 화명푸르지오 헤리센트,35.2391676993315,129.016022012086,부산 북구 산성로 28
1740,화명푸르지오헤리센트(104동 1-5라인),051-925-3330,"부산광역시 북구 산성로 28 (화명동, 화명푸르지오 헤리센트)",부산광역시 북구 화명동 2341 화명푸르지오 헤리센트,35.2391676993315,129.016022012086,부산 북구 산성로 28
1741,화명푸르지오헤리센트(102동 3-4라인),051-925-3330,"부산광역시 북구 산성로 28 (화명동, 화명푸르지오 헤리센트)",부산광역시 북구 화명동 2341 화명푸르지오 헤리센트,35.2391676993315,129.016022012086,부산 북구 산성로 28
1742,화명푸르지오헤리센트(정문경비실 내),051-925-3330,"부산광역시 북구 산성로 28 (화명동, 화명푸르지오 헤리센트)",부산광역시 북구 화명동 2341 화명푸르지오 헤리센트,35.2391676993315,129.016022012086,부산 북구 산성로 28
1743,화명푸르지오헤리센트(105동 3-4라인),051-925-3330,"부산광역시 북구 산성로 28 (화명동, 화명푸르지오 헤리센트)",부산광역시 북구 화명동 2341 화명푸르지오 헤리센트,35.2391676993315,129.016022012086,부산 북구 산성로 28
1744,화명푸르지오헤리센트(107동 3-4라인),051-925-3330,"부산광역시 북구 산성로 28 (화명동, 화명푸르지오 헤리센트)",부산광역시 북구 화명동 2341 화명푸르지오 헤리센트,35.2391676993315,129.016022012086,부산 북구 산성로 28
1745,화명푸르지오헤리센트(108동 1-2라인),051-925-3330,"부산광역시 북구 산성로 28 (화명동, 화명푸르지오 헤리센트)",부산광역시 북구 화명동 2341 화명푸르지오 헤리센트,35.2391676993315,129.016022012086,부산 북구 산성로 28
1746,화명푸르지오헤리센트(109동 1-2라인),051-925-3330,"부산광역시 북구 산성로 28 (화명동, 화명푸르지오 헤리센트)",부산광역시 북구 화명동 2341 화명푸르지오 헤리센트,35.2391676993315,129.016022012086,부산 북구 산성로 28
1747,화명푸르지오헤리센트(107동 1-2라인),051-925-3330,"부산광역시 북구 산성로 28 (화명동, 화명푸르지오 헤리센트)",부산광역시 북구 화명동 2341 화명푸르지오 헤리센트,35.2391676993315,129.016022012086,부산 북구 산성로 28
1748,화명푸르지오헤리센트(106동 3-4라인),051-925-3330,"부산광역시 북구 산성로 28 (화명동, 화명푸르지오 헤리센트)",부산광역시 북구 화명동 2341 화명푸르지오 헤리센트,35.2391676993315,129.016022012086,부산 북구 산성로 28
1749,화명푸르지오헤리센트(106동 1-2라인),051-925-3330,"부산광역시 북구 산성로 28 (화명동, 화명푸르지오 헤리센트)",부산광역시 북구 화명동 2341 화명푸르지오 헤리센트,35.2391676993315,129.016022012086,부산 북구 산성로 28
1750,화명푸르지오헤리센트(101동 1-2라인),051-925-3330,"부산광역시 북구 산성로 28 (화명동, 화명푸르지오 헤리센트)",부산광역시 북구 화명동 2341 화명푸르지오 헤리센트,35.2391676993315,129.016022012086,부산 북구 산성로 28
1751,화명푸르지오헤리센트(109동 3-4라인),051-925-3330,"부산광역시 북구 산성로 28 (화명동, 화명푸르지오 헤리센트)",부산광역시 북구 화명동 2341 화명푸르지오 헤리센트,35.2391676993315,129.016022012086,부산 북구 산성로 28
1752,한국토지주택공사부산울산지역본부부산서부권주거복지지사(3층 마이홈센터),051-460-5401,"부산광역시 부산진구 범일로 181, 사학연금회관빌딩 3층 (범천동)",부산광역시 부산진구 범천동 877-2 사학연금회관빌딩,35.1462167578332,129.05885950665,부산 부산진구 범일로 181
1753,(주)태영건설사무실(차량(160호3833)),051-961-1102,"부산광역시 강서구 명지국제8로10번길 29, 6층, (주)태영건설 사무실 (명지동)","부산광역시 강서구 명지동 3588-6 6층, (주)태영건설 사무실",35.0931720901477,128.902808697586,부산 강서구 명지국제8로10번길 29
1754,수정산꿈자람터(사무실 내),051-440-4515,부산광역시 동구 수정동 721 수정산꿈자람터,부산광역시 동구 수정동 721 수정산꿈자람터,35.1360349357088,129.033309312072,부산 동구 수정동 721
1755,수남부녀경로당(1층 수남부녀경로당 내),051-645-8226,"부산광역시 동구 충장대로289번길 17, 수남문화센터 (좌천동)",부산광역시 동구 좌천동 1140-16 수남문화센터,35.1269851125114,129.051830155595,부산 동구 충장대로289번길 17
1756,이바구복합문화센터1층(1층 로비),051-603-0201,"부산광역시 동구 초량중로 113, 이바구복합문화체육센터 1층 (초량동)",부산광역시 동구 초량동 103-5 이바구복합문화체육센터,35.1217010539623,129.04051583118,부산 동구 초량중로 113
1757,조양경로당(경로당 내),051-468-3207,"부산광역시 동구 수정서로 20-1, 조양경로당 (수정동)",부산광역시 동구 수정동 650-7,35.130983571717,129.043011891669,부산 동구 수정서로 20-1
1758,동구장애인회관(회관 입구),051-440-4332,"부산광역시 동구 수정서로 4, 동구장애인회관 (수정동)",부산광역시 동구 수정동 795-34,35.1298591779614,129.04247240771,부산 동구 수정서로 4
1759,도시철도 부산역(역무실 입구),051-678-6113,"부산광역시 동구 중앙대로 지하200, 부산교통공사 부산역 (초량동)",부산광역시 동구 초량동 1206-1,35.1144392315358,129.039279645964,부산 동구 중앙대로 지하 200
1760,백양산롯데캐슬골드센트럴(관리사무소),051-807-1377,부산 부산진구 부암동 756,부산광역시 부산진구 부암동 567 롯데캐슬 라센트,35.1714866246576,129.034917433756,부산 부산진구 부암동 756
1761,이바구복합문화센터6층(6층 로비),051-440-4377,"부산광역시 동구 초량중로 113, 이바구복합문화체육센터 6층 (초량동)",부산광역시 동구 초량동 103-5 이바구복합문화체육센터,35.1217010539623,129.04051583118,부산 동구 초량중로 113
1762,이바구복합문화센터7층(7층 로비),051-440-4377,"부산광역시 동구 초량중로 113, 이바구복합문화체육센터 7층 (초량동)",부산광역시 동구 초량동 103-5 이바구복합문화체육센터,35.1217010539623,129.04051583118,부산 동구 초량중로 113
1763,장안지구B2블럭중흥S클래스신축공사(사무실 1층 보건관리실 옆),051-728-7306,부산광역시 기장군 장안읍 좌동리 463-3,부산광역시 기장군 장안읍 좌동리 463-3,35.3203612383762,129.240117313349,부산 기장군 장안읍 좌동리 463-3
1764,대림쌍용강변타운(관리실),3437330,"부산광역시 북구 화명신도시로 39 (화명동, 대림쌍용강변타운)",부산광역시 북구 화명동 2306 대림쌍용강변타운,35.2264392828181,129.00705947304,부산 북구 화명신도시로 39
1765,연산동한일유앤아이아파트(정문경비실),051-851-8617,"부산광역시 연제구 묘봉산로 4(연산동, 연산동한일유앤아이아파트)",부산광역시 연제구 연산동 1136-5 연산동한일유앤아이아파트,35.182527821509,129.087449584965,부산 연제구 묘봉산로 4
1766,센텀수영강푸르지오아파트(관리사무소 내),051-752-6434,"부산광역시 연제구 고분로 270 (연산동, 센텀수영강푸르지오아파트)",부산광역시 연제구 연산동 129 센텀수영강푸르지오아파트,35.1841843772232,129.112027364641,부산 연제구 고분로 270
1767,GS25연산신촌점(편의점 입구 왼편),010-****-****,부산광역시 연제구 신촌로 30(연산동),부산광역시 연제구 연산동 1498-52,35.1834193018939,129.075632341866,부산 연제구 신촌로 30
1768,거제유림노르웨이숲아파트(관리실 내),051-864-0195,"부산광역시 연제구 거제대로136번길 30 (거제동, 거제 유림노르웨이숲)",부산광역시 연제구 거제동 1503 거제 유림노르웨이숲,35.1803529316818,129.070922905755,부산 연제구 거제대로136번길 30
1769,연제구보건소(연제구건강관리센터 1층),051-665-5672,"부산광역시 연제구 중앙대로1038번길 40, 연제구건강관리센터 204동 (연산동)",부산광역시 연제구 연산동 2400,35.179254189421,129.078446100303,부산 연제구 중앙대로1038번길 40
1770,학장금강아파트(관리실),051-311-3078,"부산광역시 사상구 대동로64번길 25 (학장동, 금강아파트)",부산광역시 사상구 학장동 819 금강아파트,35.1358794055547,128.978779697713,부산 사상구 대동로64번길 25
1771,부산신항만주식회사(오퍼레이션빌딩#3 1층),051-601-8114,"부산광역시 강서구 신항남로 372, 부산신항만(주) (성북동)",부산광역시 강서구 성북동 1488 부산신항만(주),35.0779514386788,128.833356014903,부산 강서구 신항남로 372
1773,부산신항만주식회사(정비건물 1층),051-601-8114,"부산광역시 강서구 신항남로 372, 부산신항만(주) (성북동)",부산광역시 강서구 성북동 1488 부산신항만(주),35.0779514386788,128.833356014903,부산 강서구 신항남로 372
1774,부민e편한세상아파트(관리사무실 내),051-255-1603,"부산광역시 서구 해돋이로 313 (부민동3가, 부민 이 편한세상)",부산광역시 서구 부민동3가 76 부민 이 편한세상,35.1043130996166,129.016549041957,부산 서구 해돋이로 313
1775,센텀파크1차아파트(생활문화지원실),051-744-4747,"부산광역시 해운대구 센텀중앙로 145 (재송동, 더샵센텀파크1차아파트)",부산광역시 해운대구 재송동 1200 더샵센텀파크1차아파트,35.1767570378219,129.123591937256,부산 해운대구 센텀중앙로 145
1776,만덕동원아파트(관리사무소 내),051-335-1575,"부산광역시 북구 덕천로234번길 7 (만덕동, 동원아파트)",부산광역시 북구 만덕동 925-1 동원아파트,35.209485655516,129.030615805591,부산 북구 덕천로234번길 7
1777,두산위브더제니스센트럴사하(관리사무소),051-263-5888,부산광역시 사하구 장림로 199 (장림동),부산광역시 사하구 장림동 740,35.082895063328,128.972097096354,부산 사하구 장림로 199
1778,문현경동리인아파트(1단지 경비실),051-635-6651,"부산광역시 남구 문현로 36-1 (문현동, 문현경동리인 1단지)",부산광역시 남구 문현동 1244 문현경동리인 1단지,35.1409691251054,129.074276365533,부산 남구 문현로 36-1
1779,부산강서세무서(부산강서세무서 3층 로비),051-740-9200,"부산광역시 강서구 명지국제7로 44, 퍼스트월드 브라이튼 3층 (명지동)",부산광역시 강서구 명지동 3595-2 퍼스트월드 브라이튼,35.0966244030622,128.906158302943,부산 강서구 명지국제7로 44
1780,사상구보건소다누림센타(B1층 수영장),051-310-4833,"부산광역시 사상구 가야대로196번길 51, 사상구 다누림센터 (학장동)",부산광역시 사상구 학장동 288-12 사상구 다누림센터,35.1473813660731,128.995023021355,부산 사상구 가야대로196번길 51
1781,부산환경공단서부사업소(관리동 1층 출입구 좌측),051-972-0251,부산광역시 강서구 강동신덕1길 13 (강동동),부산광역시 강서구 강동동  1539 (강동동),35.1963288175156,128.930518091067,부산 강서구 강동신덕1길 13
1782,부산지방검찰청(부산고등지방검찰청 호송출장소 1층 복도),051-606-4576,"부산광역시 연제구 법원로 15, 부산 검찰청 청사 1층 (거제동)","부산광역시 연제구 법원로 15, 부산 검찰청 청사 1층 (거제동)",35.1914031903554,129.071975656665,부산 연제구 법원로 15
1783,부산환경공단명지사업소(1층 로비),051-888-6982,"부산광역시 강서구 명지오션시티13로 12-11, 명지사업소 (명지동)",부산광역시 강서구 명지동 3226-1,35.0907898932524,128.898829627171,부산 강서구 명지오션시티13로 12-11
1784,동해남부선 안락역(고객지원실 앞),051-440-2260,"부산광역시 동래구 안연로98번길 57, 동해남부선 안락역 (안락동)",부산광역시 동래구 안락동 201-2 동해남부선 안락역,35.1960206246922,129.100549414816,부산 동래구 안연로98번길 57
1785,한국국토정보공사부산남부지사(동구 사무실 8층),051-794-5180,"부산광역시 동구 중앙대로 193, 마린리더스타워 8층 (초량동)",부산광역시 동구 초량동 1209-14 마린리더스타워,35.1147093921219,129.039076795312,부산 동구 중앙대로 193
1786,파라다이스호텔(지하2층 직원대기실),051-749-3311,"부산광역시 해운대구 해운대해변로 296, 파라다이스호텔부산 (중동)",부산광역시 해운대구 중동 1411-1 파라다이스호텔부산,35.1602212408572,129.165269043658,부산 해운대구 해운대해변로 296
1787,조광요턴(주)(생산동 2층),051-797-6000,부산광역시 강서구 과학산단1로 96 (지사동),부산광역시 강서구 지사동 1205,35.1438281187103,128.824583258314,부산 강서구 과학산단1로 96
1788,조광요턴(주)(생산동 1층),051-797-6000,부산광역시 강서구 과학산단1로 96 (지사동),부산광역시 강서구 지사동 1205,35.1438281187103,128.824583258314,부산 강서구 과학산단1로 96
1789,조광요턴(주)(기술연구소),051-797-6000,부산광역시 강서구 과학산단1로 96 (지사동),부산광역시 강서구 지사동 1205,35.1438281187103,128.824583258314,부산 강서구 과학산단1로 96
1790,강서구보건소(강서구보건소 예방의약계 캐비닛 내-2),051-970-3415,"부산광역시 강서구 공항로811번길 10, 강서브라이트센터 (대저2동)",부산광역시 강서구 대저2동 1932-1 강서브라이트센터,35.1801905573425,128.957408226606,부산 강서구 공항로811번길 10
1791,강서구보건소(강서구보건소 예방의약계 캐비닛 내-1),051-970-3415,"부산광역시 강서구 공항로811번길 10, 강서브라이트센터 (대저2동)",부산광역시 강서구 대저2동 1932-1 강서브라이트센터,35.1801905573425,128.957408226606,부산 강서구 공항로811번길 10
1792,강서구보건소 대항보건진료소(진료소 안),051-972-7335,부산광역시 강서구 가덕해안로1208번길 9 (대항동),부산광역시 강서구 대항동 268번지,35.0125692746446,128.827689504338,부산 강서구 가덕해안로1208번길 9
1793,화명동원로얄듀크(관리실),051-333-6994,"부산광역시 북구 금곡대로 228 (화명동, 동원로얄듀크)",부산광역시 북구 화명동 1150 동원로얄듀크,35.2290967917765,129.014084050757,부산 북구 금곡대로 228
1794,화명롯데캐슬카이저(106동 경비실),051-365-4044,"부산광역시 북구 금곡대로 166 (화명동, 롯데캐슬카이저)",부산광역시 북구 화명동 2324 롯데캐슬카이저,35.2263603201003,129.012210130511,부산 북구 금곡대로 166
1795,화명롯데캐슬카이저(401동 경비실),051-365-4044,"부산광역시 북구 금곡대로 166 (화명동, 롯데캐슬카이저)",부산광역시 북구 화명동 2324 롯데캐슬카이저,35.2263603201003,129.012210130511,부산 북구 금곡대로 166
1796,(재)한호기독선교회정관일신기독병원(3층 내과),051-780-0671,부산광역시 기장군 정관읍 정관6로 31,부산광역시 기장군 정관읍 매학리 720-7,35.3196973562916,129.177451804668,부산 기장군 정관읍 정관6로 31
1797,화명롯데캐슬카이저(703동 경비실),051-365-4044,"부산광역시 북구 금곡대로 166 (화명동, 롯데캐슬카이저)",부산광역시 북구 화명동 2324 롯데캐슬카이저,35.2263603201003,129.012210130511,부산 북구 금곡대로 166
1798,지에스명지제나우스점(편의점 내부),010-****-****,"부산광역시 강서구 명지국제2로 16, 부산 명지 제나우스 블루오션 오피스텔 (명지동)","부산광역시 강서구 명지동 3604-2 108,109호, GS25 명지제나우스점",35.0921817433772,128.90856488516,부산 강서구 명지국제2로 16
1800,기장군보건소(대여사업용2),051-709-4797,"부산광역시 기장군 기장읍 기장대로 560, 기장군보건소",부산광역시 기장군 기장읍 신천리1,35.2434815827191,129.222956025904,부산 기장군 기장읍 기장대로 560
1801,롯데쇼핑(주)롯데몰동부산점(메종관 사무실 옆),051-901-1779,"부산광역시 기장군 기장읍 동부산관광로 8, 메종관",부산광역시 기장군 기장읍 시랑리 산 46,35.1928254119026,129.214956053184,부산 기장군 기장읍 동부산관광로 8
1802,다대삼환아파트(정문 경비실),051-264-6662,"부산광역시 사하구 다대로429번길 20 (다대동, 삼환아파트)",부산광역시 사하구 다대동 120-10 삼환아파트,35.0617575665852,128.981626579868,부산 사하구 다대로429번길 20
1803,기장읍경로식당(1층 현관 입구),051-709-2881,"부산광역시 기장군 기장읍 차성동로 88-6, (사)대한노인회기장군지회",부산광역시 기장군 기장읍 동부리 283-4 (사)대한노인회기장군지회,35.2456646981014,129.216927596529,부산 기장군 기장읍 차성동로 88
1804,기장지역자활센터(2층 복도),051-724-3457,"부산광역시 기장군 기장읍 차성로288번길 27, 동부산농협",부산광역시 기장군 기장읍 대라리 73-7 동부산농협,35.2432406014498,129.214959568459,부산 기장군 기장읍 차성로288번길 27
1805,GS25기장한길점(매장 내),010-****-****,부산광역시 기장군 기장읍 대변로 14 (해리빌라),부산광역시 기장군 기장읍 청강리 285-3 해리빌라,35.2346677269489,129.218302345011,부산 기장군 기장읍 대변로 14
1806,학마을목욕탕(2층 계단 입구),051-317-8387,"부산광역시 사상구 학감대로 52, 학마을목욕탕 (학장동)",부산광역시 사상구 학장동 171 학마을목욕탕,35.138148304228,128.993915509329,부산 사상구 학감대로 52
1807,부산김해경전철르네시떼역(르네시떼역 2층 고객지원실 앞),055-310-9602,"부산광역시 사상구 광장로 9, 괘법르네시떼 정거장 (괘법동)",부산광역시 사상구 괘법동 572-17 괘법르네시떼 정거장,35.1632615956026,128.977683601466,부산 사상구 광장로 9
1808,남광종합사회복지관(별관1 강당앞),051-508-1997,"부산광역시 금정구 중앙대로2349번길 3, 남광사회복지회 (노포동)",부산광역시 금정구 노포동 산 15-12 남광사회복지회,35.2933956335588,129.100009106372,부산 금정구 중앙대로2349번길 3
1809,하단도서관(하단도서관 4층 복도),051-220-0161,부산광역시 사하구 하신번영로 245 (하단동),부산광역시 사하구 하단동 1172,35.103157614029,128.957645787527,부산 사하구 하신번영로 245
1810,사상지역자활센터(4층 사무실 내),051-301-8681,부산광역시 사상구 모라로110번길 47 (모라동),부산광역시 사상구 모라동 422-3,35.1847787087592,128.993611475946,부산 사상구 모라로110번길 47
1811,반송큰시장(1층 아리따움 매장 기둥),051-749-4475,"부산광역시 해운대구 윗반송로 75, 1층 (반송동)",부산광역시 해운대구 반송동 70-18,35.2307195752065,129.15710725972,부산 해운대구 윗반송로 75
1812,동래구 국민체육센터(3층 헬스장),051-503-7612,"부산광역시 동래구 미남로 110, 동래구 국민체육센터 (온천동)",부산광역시 동래구 온천동 1448-2 동래구 국민체육센터,35.2035983429256,129.069836918781,부산 동래구 미남로 110
1813,블루포트2021(1층 사무실 입구),051-419-6334,부산광역시 영도구 봉래나루로 138 (봉래동1가),부산광역시 영도구 봉래동1가 202-1,35.0955506037473,129.041145184542,부산 영도구 봉래나루로 138
1814,대한제강(주)(녹산제강),010-****-****,부산광역시 강서구 녹산산업북로 333(송정동),부산광역시 강서구 송정동 1638-1,35.0995831601223,128.859637966272,부산 강서구 녹산산업북로 333
1817,한국마사회 부산경남지역본부(본관 1층 로비),051-901-7400,"부산광역시 강서구 가락대로 929, 부산경남경마공원 (범방동)","부산광역시 강서구 가락대로 929, 부산경남경마공원 (범방동)",35.1547434738895,128.881976082478,부산 강서구 가락대로 929
1818,한국마사회 부산경남지역본부(관람대 입구),051-901-7400,"부산광역시 강서구 가락대로 929, 부산경남경마공원 (범방동)","부산광역시 강서구 가락대로 929, 부산경남경마공원 (범방동)",35.1547434738895,128.881976082478,부산 강서구 가락대로 929
1819,한국마사회 부산경남지역본부(관람대 의무실),051-901-7400,"부산광역시 강서구 가락대로 929, 부산경남경마공원 (범방동)","부산광역시 강서구 가락대로 929, 부산경남경마공원 (범방동)",35.1547434738895,128.881976082478,부산 강서구 가락대로 929
1820,주식회사금양(경비실),051-310-5881,부산광역시 사상구 낙동대로960번길 77 (감전동),부산광역시 사상구 감전동 951-1,35.1451131532661,128.973986203414,부산 사상구 낙동대로960번길 77
1821,주식회사금양(본관1층로비),051-310-5881,부산광역시 사상구 낙동대로960번길 77 (감전동),부산광역시 사상구 감전동 951-1,35.1451131532661,128.973986203414,부산 사상구 낙동대로960번길 77
1822,금곡3단지주공아파트(관리동 1층),051-363-2126,"부산광역시 북구 효열로220번길 23 (금곡동, 금곡3단지주공아파트)",부산광역시 북구 금곡동 57-1 금곡3단지주공아파트,35.2645788964271,129.021859138241,부산 북구 효열로220번길 23
1823,사상구종합사회복지관(1층 주민쉼터 옆),051-314-8948,"부산광역시 사상구 백양대로 527, 사상구종합사회복지관 (주례동)",부산광역시 사상구 주례동 1006-5 사상구종합사회복지관,35.1554302845925,128.994783401706,부산 사상구 백양대로 527
1824,사상구종합사회복지관(3층 엘레베이터 옆),051-314-8948,"부산광역시 사상구 백양대로 527, 사상구종합사회복지관 (주례동)",부산광역시 사상구 주례동 1006-5 사상구종합사회복지관,35.1554302845925,128.994783401706,부산 사상구 백양대로 527
1825,부산광역시강서구청(구청사 1층 매점 앞),051-970-4151,"부산광역시 강서구 낙동북로 477, 강서구청 (대저1동)",부산광역시 강서구 대저1동 2300 강서구청,35.2122029412715,128.980585063107,부산 강서구 낙동북로 477
1826,선아의집(본관1층),051-582-0089,"부산광역시 금정구 금샘로 39, 부산선아원 (장전동)",부산광역시 금정구 장전동 503-79 부산선아원,35.2287164506914,129.076442393303,부산 금정구 금샘로 39
1827,"한국전기안전공사부산울산지역본부(2층  안내데스크 앞(소화전,혈압계사이))",051-960-5224,"부산광역시 중구 해관로 27, 한국전기안전공사 부산울산지역본부 (중앙동2가)",부산광역시 중구 중앙동2가 18-1,35.1013732015836,129.035528442409,부산 중구 해관로 27
1828,국립수산과학원(건강관리실  화장실 앞),051-720-2082,"부산광역시 기장군 기장읍 기장해안로 216, 수산과학원",부산광역시 기장군 기장읍 시랑리 408-1 수산과학원,35.1910952941451,129.222284055012,부산 기장군 기장읍 기장해안로 216
1829,국립수산과학원(해양환경연구동 1층 중앙현관),051-720-2082,"부산광역시 기장군 기장읍 기장해안로 216, 수산과학원",부산광역시 기장군 기장읍 시랑리 408-1 수산과학원,35.1910952941451,129.222284055012,부산 기장군 기장읍 기장해안로 216
1830,국립수산과학원(본관동 1층 중앙현관),051-720-2082,"부산광역시 기장군 기장읍 기장해안로 216, 수산과학원",부산광역시 기장군 기장읍 시랑리 408-1 수산과학원,35.1910952941451,129.222284055012,부산 기장군 기장읍 기장해안로 216
1831,국립수산과학원(진리관 1층 중앙현관),051-720-2082,"부산광역시 기장군 기장읍 기장해안로 216, 수산과학원",부산광역시 기장군 기장읍 시랑리 408-1 수산과학원,35.1910952941451,129.222284055012,부산 기장군 기장읍 기장해안로 216
1832,롯데글로벌로지스(주)(대기실 2층),051-290-1956,"부산광역시 강서구 신항남로 454, 에이치엠엠피에스에이신항만(주) 4층 롯데글로벌로지스(주) (성북동)",부산광역시 강서구 성북동 1522 에이치엠엠피에스에이신항만(주) 4층 롯데글로벌로지스(주),35.0707287072615,128.832893627806,부산 강서구 신항남로 454
1833,국립수산과학원(뱀장어친어관리동 1층 중앙현관),051-720-2082,"부산광역시 기장군 기장읍 기장해안로 216, 수산과학원",부산광역시 기장군 기장읍 시랑리 408-1 수산과학원,35.1910952941451,129.222284055012,부산 기장군 기장읍 기장해안로 216
1834,국립수산과학원(아라하우스A 2층 중앙),051-720-2082,"부산광역시 기장군 기장읍 기장해안로 216, 수산과학원",부산광역시 기장군 기장읍 시랑리 408-1 수산과학원,35.1910952941451,129.222284055012,부산 기장군 기장읍 기장해안로 216
1835,국립수산과학원(아라하우스B 1층 입구),051-720-2082,"부산광역시 기장군 기장읍 기장해안로 216, 수산과학원",부산광역시 기장군 기장읍 시랑리 408-1 수산과학원,35.1910952941451,129.222284055012,부산 기장군 기장읍 기장해안로 216
1836,부산영락공원장례식장(장제동 1층),051-790-5000,"부산광역시 금정구 금정도서관로 108, 영락공원 (두구동)",부산광역시 금정구 두구동 1494-1 영락공원,35.2737223263014,129.104209366299,부산 금정구 금정도서관로 108
1837,금정구지역자활센터(2층 교육장 입구),051-508-2163,"부산광역시 금정구 중앙대로1719번길 23, 우남빌딩 2층 202호 (부곡동)",부산광역시 금정구 부곡동 225-71 우남빌딩,35.2376451498935,129.090903294793,부산 금정구 중앙대로1719번길 23
1838,부산호반써밋스마트시티아파트(관리사무소),051-973-5580,"부산광역시 강서구 에코대로 243 (강동동, 호반써밋 스마트시티)",부산광역시 강서구 강동동 5076-5 호반써밋 스마트시티,35.1397424250911,128.907495574458,부산 강서구 에코대로 243
1839,영도병원(8병동),051-419-7650,"부산광역시 영도구 태종로 85, 영도병원 (대교동2가)",부산광역시 영도구 대교동2가 71 영도병원,35.0922419980986,129.040526440438,부산 영도구 태종로 85
1840,영도병원(재활치료실),051-419-7650,"부산광역시 영도구 태종로 85, 영도병원 (대교동2가)",부산광역시 영도구 대교동2가 71 영도병원,35.0922419980986,129.040526440438,부산 영도구 태종로 85
1841,영도병원(영상의학과실),051-419-7650,"부산광역시 영도구 태종로 85, 영도병원 (대교동2가)",부산광역시 영도구 대교동2가 71 영도병원,35.0922419980986,129.040526440438,부산 영도구 태종로 85
1842,영도병원(인공신장실 내부),051-419-7650,"부산광역시 영도구 태종로 85, 영도병원 (대교동2가)",부산광역시 영도구 대교동2가 71 영도병원,35.0922419980986,129.040526440438,부산 영도구 태종로 85
1843,부산종합버스터미널(2층 대합실),051-519-7300,"부산광역시 금정구 중앙대로 2238, 부산종합버스터미널 2층 (노포동)",부산광역시 금정구 노포동 133 부산종합버스터미널,35.2846866758906,129.095480074212,부산 금정구 중앙대로 2238
1844,부산본병원(6병동),1599-8275,부산광역시 사하구 승학로 8 (당리동),부산광역시 사하구 당리동 302-1,35.1062818783161,128.969829423848,부산 사하구 승학로 8
1845,부산노인전문제2병원(4병동(4층)),051-607-2076,"부산광역시 연제구 월드컵대로 359, 부산노인전문제2병원 (거제동)",부산광역시 연제구 거제동 1518 부산의료원,35.187431768268,129.060181218712,부산 연제구 월드컵대로 359
1846,부산신항만주식회사(본관 3층),051-601-8114,"부산광역시 강서구 신항남로 372, 부산신항만(주) (성북동)",부산광역시 강서구 성북동 1488 부산신항만(주),35.0779514386788,128.833356014903,부산 강서구 신항남로 372
1847,하이록코리아주식회사(4공장 사무동로비),051-970-0954,부산광역시 강서구 녹산산업중로61번길 33 (송정동),부산광역시 강서구 송정동 1471-3,35.0997967717623,128.830796088007,부산 강서구 녹산산업중로61번길 33
1848,e편한세상송도더퍼스트비치(107동 커뮤니티센터 L1층 인포메이션),051-246-2920,"부산광역시 서구 충무대로21번길 9 (암남동, e편한세상 송도 더퍼스트비치)",부산광역시 서구 암남동 778 e편한세상 송도 더퍼스트비치,35.0755106315152,129.015072978936,부산 서구 충무대로21번길 9
1849,천성보건진료소(진료소 안),051-971-7623,"부산광역시 강서구 가덕해안로821번길 100, 천성보건진료소 (천성동)",부산광역시 강서구 천성동 789번지 천성보건진료소,35.028815128929,128.816453319887,부산 강서구 가덕해안로821번길 100
1850,다대중학교(강당 무대 아래 좌측),051-260-6500,"부산광역시 사하구 다대로554번길 33, 다대중학교 (다대동)",부산광역시 사하구 다대동 945 다대중학교,35.057376492479,128.968254460479,부산 사하구 다대로554번길 33
1851,(의)센텀의료재단서부산센텀병원(6병동),051-329-3026,"부산광역시 사상구 새벽로 226, 서부산센텀병원 (괘법동)",부산광역시 사상구 괘법동 558-5 서부산센텀병원,35.1612120289821,128.984554292584,부산 사상구 새벽로 226
1852,(의)센텀의료재단서부산센텀병원(2층 내과),051-329-3026,"부산광역시 사상구 새벽로 226, 서부산센텀병원 (괘법동)",부산광역시 사상구 괘법동 558-5 서부산센텀병원,35.1612120289821,128.984554292584,부산 사상구 새벽로 226
1853,온천천관리사무소(관리사무소 외부 주차장),051-665-4982,"부산광역시 연제구 온천천남로 39, 온천천시민공원관리사무소 (연산동)",부산광역시 연제구 연산동 503-1 온천천시민공원관리사무소,35.1924816034476,129.095101427551,부산 연제구 온천천남로 39
1854,GS25연제롯데캐슬점(점포 내),051-868-7927,"부산광역시 연제구 월드컵대로 55, 302동 101~103호 (연산동, 연제 롯데캐슬&데시앙)",부산광역시 연제구 연산동 2341 연제 롯데캐슬&데시앙,35.1804004746119,129.083357974777,부산 연제구 월드컵대로 55
1855,연제구 국민체육센터(헬스장 내),051-665-5125,"부산광역시 연제구 쌍미천로 132, 연제구 국민체육센터 (연산동)",부산광역시 연제구 연산동 799 연제구 국민체육센터,35.1841534264288,129.087485352443,부산 연제구 쌍미천로 132
1856,부산광역시립반송도서관(1층 입구 왼쪽),051-545-0102,"부산광역시 해운대구 아랫반송로 22, 부산광역시립반송도서관 (반송동)",부산광역시 해운대구 반송동 717번지 8호 부산광역시립반송도서관,35.2250607085678,129.148330286799,부산 해운대구 아랫반송로 22
1857,삼성전기(주)부산사업장(한울림의원 앞),051-970-8630,"부산광역시 강서구 녹산산업중로 333, 삼성전기(주) 부산사업장 (송정동)","부산광역시 강서구 녹산산업중로 333, 삼성전기(주) 부산사업장 (송정동)",35.0961029679051,128.857751633716,부산 강서구 녹산산업중로 333
1858,명지호반베르디움1차아파트(관리사무소),051-271-8826,"부산광역시 강서구 명지국제5로 29 (명지동, 명지 국제신도시 호반베르디움 1차)",부산광역시 강서구 명지동 3415 명지 국제신도시 호반베르디움 1차,35.0961151515237,128.917897059642,부산 강서구 명지국제5로 29
1859,3호선강서구청역(4층 역무안전실 앞),051-678-6315,"부산광역시 강서구 낙동북로 485, 강서구청역 (대저1동)",부산광역시 강서구 대저1동 2300-3 강서구청역,35.2112192586654,128.981959188289,부산 강서구 낙동북로 485
1860,강동동행정복지센터(1층 로비),051-970-2932,"부산광역시 강서구 제도로 1171, 강동동 주민센터 (강동동)",부산광역시 강서구 강동동 135번지 1호 강동동 주민센터,35.2145245819962,128.935266648176,부산 강서구 제도로 1171
1861,롯데백화점 광복점(백화점 아쿠아몰 1층 안전실 앞),051-678-2117,"부산광역시 중구 중앙대로 2, 롯데백화점광복점 (중앙동7가)",부산광역시 중구 중앙동7가 20-1 롯데백화점광복점,35.0979848964696,129.036632251021,부산 중구 중앙대로 2
1862,해운대보건소치매센터(치매센터3층 출입문 입구),051-746-4000,"부산광역시 해운대구 양운로37번길 59, 해운대구보건소 치매센터 3층 (좌동)",부산광역시 해운대구 좌동 1339 해운대구보건소,35.1641127009786,129.178659397782,부산 해운대구 양운로37번길 59
1863,한국철도공사 부산역(2층 E/S 16호기 앞),051-440-2288,"부산광역시 동구 중앙대로 206, 한국철도공사부산지역본부 (초량동)",부산광역시 동구 초량동 1187번지 1호 한국철도공사부산지역본부,35.117605126596,129.045060216345,부산 동구 중앙대로 206
1864,한국철도공사 부산역(2층 8번 출입구 옆),051-440-2288,"부산광역시 동구 중앙대로 206, 한국철도공사부산지역본부 (초량동)",부산광역시 동구 초량동 1187번지 1호 한국철도공사부산지역본부,35.117605126596,129.045060216345,부산 동구 중앙대로 206
1865,한국철도공사 부산역(2층 7번 출입구 앞 기둥),051-440-2288,"부산광역시 동구 중앙대로 206, 한국철도공사부산지역본부 (초량동)",부산광역시 동구 초량동 1187번지 1호 한국철도공사부산지역본부,35.117605126596,129.045060216345,부산 동구 중앙대로 206
1866,한국철도공사 부산역(2층 맞이방 B&C 앞),051-440-2288,"부산광역시 동구 중앙대로 206, 한국철도공사부산지역본부 (초량동)",부산광역시 동구 초량동 1187-1 한국철도공사부산지역본부,35.117605126596,129.045060216345,부산 동구 중앙대로 206
1867,한국철도공사 부산역(9번 승강장 북쪽),051-440-2288,"부산광역시 동구 중앙대로 206, 한국철도공사부산지역본부 (초량동)",부산광역시 동구 초량동 1187-1 한국철도공사부산지역본부,35.117605126596,129.045060216345,부산 동구 중앙대로 206
1868,한국철도공사 부산역(10번 승강장 북쪽),051-440-2288,"부산광역시 동구 중앙대로 206, 한국철도공사부산지역본부 (초량동)",부산광역시 동구 초량동 1187-1 한국철도공사부산지역본부,35.117605126596,129.045060216345,부산 동구 중앙대로 206
1869,"한국철도공사 부산역(남쪽 5,6 타는곳 앞(바다 맞이방))",051-440-2288,부산광역시 동구 중앙대로 206 부산역 (초량동),부산광역시 동구 중앙대로 206  (초량동),35.117605126596,129.045060216345,부산 동구 중앙대로 206
1870,한국철도공사 부산역(철도경찰 옆(신원문고 앞)),051-440-2288,부산광역시 동구 중앙대로 206 부산역 (초량동),부산광역시 동구 중앙대로 206  (초량동),35.117605126596,129.045060216345,부산 동구 중앙대로 206
1871,한국철도공사 부산역(1층 5번출구 KTX특송 사무실 옆),051-440-2288,부산광역시 동구 중앙대로 206 부산역 (초량동),부산광역시 동구 중앙대로 206  (초량동),35.117605126596,129.045060216345,부산 동구 중앙대로 206
1872,"한국철도공사 부산역(1층 노조지부사무실 앞(E/S 8,28호기)앞)",051-440-2288,부산광역시 동구 중앙대로 206 부산역 (초량동),부산광역시 동구 중앙대로 206  (초량동),35.117605126596,129.045060216345,부산 동구 중앙대로 206
1873,"한국철도공사 부산역(2층 하늘맞이방 타는곳 8,9(E/S12호기)앞)",051-440-2288,부산광역시 동구 중앙대로 206 부산역 (초량동),부산광역시 동구 중앙대로 206  (초량동),35.117605126596,129.045060216345,부산 동구 중앙대로 206
1874,"한국철도공사 부산역(E/S 8호기 앞(북쪽 5,6 타는 곳))",051-440-2288,부산광역시 동구 중앙대로 206 부산역 (초량동),부산광역시 동구 중앙대로 206  (초량동),35.117605126596,129.045060216345,부산 동구 중앙대로 206
1875,"한국철도공사 부산역(E/S 7호기 앞(북쪽 3,4번 타는곳))",051-440-2288,부산광역시 동구 중앙대로 206 부산역 (초량동),부산광역시 동구 중앙대로 206  (초량동),35.117605126596,129.045060216345,부산 동구 중앙대로 206
1876,한국철도공사 부산역(E/S 6호기 앞(북쪽 1번 타는 곳)),051-440-2288,부산광역시 동구 중앙대로 206 부산역 (초량동),부산광역시 동구 중앙대로 206  (초량동),35.117605126596,129.045060216345,부산 동구 중앙대로 206
1877,거제유림아시아드아파트(관리사무소),051-506-7090,"부산광역시 연제구 해맞이로 23 관리사무소 (거제동, 거제유림아시아드)","부산광역시 연제구 해맞이로 23 관리사무소 (거제동, 거제유림아시아드)",35.1766936259166,129.067056005977,부산 연제구 해맞이로 23
1878,가덕도동노인복지관(가덕도동노인복지관 1층 로비),051-972-0048,"부산광역시 강서구 동선길 10, 가덕도동행정복지센터 (성북동)",부산광역시 강서구 성북동 229-1 가덕도동행정복지센터,35.056631433582,128.831718858015,부산 강서구 동선길 10
1879,롯데쇼핑(주)롯데백화점센텀시티점(1층 정문),051-730-2205,"부산광역시 해운대구 센텀남대로 59, 롯데백화점센텀시티점 (우동)",부산광역시 해운대구 우동 1496 롯데백화점센텀시티점,35.1698533549006,129.131069686974,부산 해운대구 센텀남대로 59
1880,우3동행정복지센터(민원실 내),051-749-6667,"부산광역시 해운대구 해운대해변로 104, 우3동 주민센터 (우동)",부산광역시 해운대구 우동 1404-2 우3동 주민센터,35.1597332354399,129.143307023246,부산 해운대구 해운대해변로 104
1881,청사포다릿돌전망관광안내소(안내소 내),051-749-7601,"부산광역시 해운대구 청사포로 167, 청사포 다릿돌전망대 관광안내소 (중동)",부산광역시 해운대구 중동 508-4 청사포 다릿돌전망대 관광안내소,35.1633065639801,129.195313050136,부산 해운대구 청사포로 167
1882,재송2동어르신일자리문화센터(2층 공동작업장 내),051-784-9141,"부산광역시 해운대구 재반로103번길 41, 재송2동 어르신일자리문화센터 (재송동)",부산광역시 해운대구 재송동 1056-25 재송2동 어르신일자리문화센터,35.1887430499987,129.124159646246,부산 해운대구 재반로103번길 41
1883,해운대관광시설관리사업소(해운대 관광안내소 1층),051-749-7611,부산광역시 해운대구 해운대해변로 264,부산광역시 해운대구 우동 620-3 해운대관광봉사센타,35.1591069824231,129.160283786856,부산 해운대구 해운대해변로 264
1884,지사보건진료소(지사문화회관출입구 안),051-971-3723,부산광역시 강서구 과학산단2로20번길 5 (지사동),부산광역시 강서구 지사동 1180번지 지사문화회관,35.1509310765961,128.831288775468,부산 강서구 과학산단2로20번길 5
1885,미남동의요양병원(8병동 간호사실),051-507-7714,"부산광역시 동래구 아시아드대로 239-1, 월드메디컬타워 8층 (온천동)",부산광역시 동래구 온천동 1248-4 월드메디컬타워,35.2055050061405,129.067385084252,부산 동래구 아시아드대로 239-1
1886,사상구노인복지관분관(5층 건강증진실),051-317-7555,"부산광역시 사상구 모라로 93, 모라1동 행정복지센터 (모라동)",부산광역시 사상구 모라동 453 모라1동 행정복지센터,35.1870032579336,128.989979384083,부산 사상구 모라로 93
1887,사상구노인복지회관(물리치료실),051-325-7555,"부산광역시 사상구 가야대로196번길 51, 사상구 다누림센터 (학장동)",부산광역시 사상구 학장동 288-12 사상구 다누림센터,35.1473813660731,128.995023021355,부산 사상구 가야대로196번길 51
1888,사상구노인복지관분관(4층 사상구노인복지관 분관 로비),051-317-7555,"부산광역시 사상구 모라로 93, 모라1동 행정복지센터 (모라동)",부산광역시 사상구 모라동 453 모라1동 행정복지센터,35.1870032579336,128.989979384083,부산 사상구 모라로 93
1889,조이효요양병원(2층 간호사실),2939500,부산광역시 사하구 감천로 55 (감천동),부산광역시 사하구 감천동 648-6,35.0905204036397,128.998751275794,부산 사하구 감천로 55
1890,쿠팡로지스틱스서비스유한회사LS_BSN3(사업장 입구),010-****-****,부산광역시 서구 원양로 203 (암남동),부산광역시 서구 암남동 633-26,35.0691592599893,129.007931525224,부산 서구 원양로 203
1891,만덕종합사회복지관(1층 로비),051-332-8004,"부산광역시 북구 함박봉로140번길 102, 만덕종합사회복지관 1층 (만덕동)",부산광역시 북구 만덕동 949-1 만덕종합사회복지관,35.2018587253128,129.035393326853,부산 북구 함박봉로140번길 102
1892,부산도시공사(13층),051-810-8584,부산광역시 부산진구 신천대로 156 (부전동),부산광역시 부산진구 부전동 384-7,35.1559150436068,129.051389503984,부산 부산진구 신천대로 156
1893,기장군보건소(물리치료실),051-709-4797,"부산광역시 기장군 기장읍 기장대로 560, 기장군보건소",부산광역시 기장군 기장읍 신천리1,35.2434815827191,129.222956025904,부산 기장군 기장읍 기장대로 560
1894,롯데쇼핑(주)롯데백화점센텀시티점(1층 안전실 앞),051-730-2205,"부산광역시 해운대구 센텀남대로 59, 롯데백화점센텀시티점 (우동)",부산광역시 해운대구 우동 1496 롯데백화점센텀시티점,35.1698533549006,129.131069686974,부산 해운대구 센텀남대로 59
1895,롯데쇼핑(주)롯데백화점센텀시티점(7층 전망홀),051-730-2205,"부산광역시 해운대구 센텀남대로 59, 롯데백화점센텀시티점 (우동)",부산광역시 해운대구 우동 1496 롯데백화점센텀시티점,35.1698533549006,129.131069686974,부산 해운대구 센텀남대로 59
1896,계룡건설(주)쿠팡부산FC신축공사현장(1층 현장사무실 입구),051-972-9590,부산광역시 강서구 송정국제1로 100 (구랑동),부산광역시 강서구 구랑동 1281-1,35.1174184691555,128.849857921811,부산 강서구 송정국제1로 100
1897,부산노인전문제2병원(2병동(2층)),051-607-2076,"부산광역시 연제구 월드컵대로 359, 부산노인전문제2병원 (거제동)",부산광역시 연제구 거제동 1518 부산의료원,35.187431768268,129.060181218712,부산 연제구 월드컵대로 359
1899,사단법인한국선급(공동훈련센터 2층 휴게실),070-8799-7942,"부산광역시 강서구 명지오션시티9로 36, (사)한국선급 (명지동)",부산광역시 강서구 명지동 3229-22 (사)한국선급,35.0873562892771,128.900849718041,부산 강서구 명지오션시티9로 36
1900,사단법인한국선급(별관2층 휴게실),070-8799-7942,"부산광역시 강서구 명지오션시티9로 36, (사)한국선급 (명지동)",부산광역시 강서구 명지동 3229-22 (사)한국선급,35.0873562892771,128.900849718041,부산 강서구 명지오션시티9로 36
1901,사단법인한국선급(1층 로비),070-8799-7942,"부산광역시 강서구 명지오션시티9로 36, (사)한국선급 (명지동)",부산광역시 강서구 명지동 3229-22 (사)한국선급,35.0873562892771,128.900849718041,부산 강서구 명지오션시티9로 36
1902,명지협성휴포레아파트(관리사무소 앞),051-292-2846,"부산광역시 강서구 명지국제5로 141 (명지동, 명지 협성휴포레)",부산광역시 강서구 명지동 3328 명지 협성휴포레,35.1075308265119,128.921120157931,부산 강서구 명지국제5로 141
1903,명지협성휴포레아파트(후문경비실 안),051-292-2846,"부산광역시 강서구 명지국제5로 141 (명지동, 명지 협성휴포레)",부산광역시 강서구 명지동 3328 명지 협성휴포레,35.1075308265119,128.921120157931,부산 강서구 명지국제5로 141
1904,명지협성휴포레아파트(정문경비실 안),051-292-2846,"부산광역시 강서구 명지국제5로 141 (명지동, 명지 협성휴포레)",부산광역시 강서구 명지동 3328 명지 협성휴포레,35.1075308265119,128.921120157931,부산 강서구 명지국제5로 141
1905,세동한신아파트(정문경비실),051-808-6105,"부산광역시 부산진구 새싹로 183 (연지동, 세동한신아파트 정문경비실)","부산광역시 부산진구 연지동  353-1 세동한신아파트 (연지동, 세동한신아파트 정문경비실)",35.1717840601458,129.048936674435,부산 부산진구 새싹로 183
1906,부산노인전문제2병원(3병동(3층)),051-607-2076,"부산광역시 연제구 월드컵대로 359, 부산노인전문제2병원 (거제동)",부산광역시 연제구 거제동 1518 부산의료원,35.187431768268,129.060181218712,부산 연제구 월드컵대로 359
1907,구포어린이교통공원(1층 E/V앞(휴게실 옆)),051-309-4805,"부산광역시 북구 낙동북로 687, 구포어린이교통공원 (구포동)",부산광역시 북구 구포동 976번지 구포어린이교통공원,35.2010200034456,128.999956410237,부산 북구 낙동북로 687
1908,명지롯데캐슬(108동 후문입구 경비실),051-206-3428,"부산광역시 강서구 명지오션시티11로 84 (명지동, 명지롯데캐슬)",부산광역시 강서구 명지동 3244 명지롯데캐슬,35.0839924873696,128.904987654806,부산 강서구 명지오션시티11로 84
1909,명지롯데캐슬(105동 정문입구 경비실),051-206-3428,"부산광역시 강서구 명지오션시티11로 84 (명지동, 명지롯데캐슬)",부산광역시 강서구 명지동 3244 명지롯데캐슬,35.0839924873696,128.904987654806,부산 강서구 명지오션시티11로 84
1910,명지한신휴플러스(경비실),051-271-2750,"부산광역시 강서구 명지오션시티1로 155(명지동, 명지오션시티 한신휴플러스)",부산광역시 강서구 명지동 3236 명지오션시티 한신휴플러스,35.0808140745239,128.901127762161,부산 강서구 명지오션시티1로 155
1911,대방건설(주)부산에코델타시티 대방디에트르아파트신축공사현장(13블럭 안전교육장),051-841-0862,부산광역시 강서구 강동동 4274,부산광역시 강서구 강동동 4274,35.1580275682226,128.916818707834,부산 강서구 강동동 4274
1912,(의)은성의료재단좋은삼선병원(본관2층),051-310-9406,"부산광역시 사상구 가야대로 326, 좋은삼선병원 (주례동)",부산광역시 사상구 주례동 193-5 좋은삼선병원,35.1501221994007,129.007692308874,부산 사상구 가야대로 326
1913,(의)은성의료재단좋은삼선병원(본관1층),051-310-9406,"부산광역시 사상구 가야대로 326, 좋은삼선병원 (주례동)",부산광역시 사상구 주례동 193-5 좋은삼선병원,35.1501221994007,129.007692308874,부산 사상구 가야대로 326
1914,부산북구장애인복지관(1층 로비),3627755,"부산광역시 북구 금곡대로616번길 145, 북구장애인종합복지관 1층 (금곡동)",부산광역시 북구 금곡동 54번지 3호 북구장애인종합복지관,35.2671189560241,129.017554481121,부산 북구 금곡대로616번길 145
1915,부산시설공단 스포원본부(스포원파크 워터파크 입구),051-550-1516,"부산광역시 금정구 체육공원로399번길 324, 금정체육공원 (두구동)",부산광역시 금정구 두구동 1641 금정체육공원,35.2891217351743,129.107042158715,부산 금정구 체육공원로399번길 324
1916,협성휴포레아파트(102동 1층 경비실 내),051-461-0311,"부산광역시 동구 중앙대로 357 (수정동, 협성휴포레부산진역)",부산광역시 동구 수정동 30번지 1호 협성휴포레부산진역,35.1273388202404,129.046454260579,부산 동구 중앙대로 357
1917,에코델타스마트시티수자인아파트(경비실(부출입구)),051-972-2920,"부산광역시 강서구 에코중앙1로 33 (강동동, 에코델타 스마트시티 수자인)",부산광역시 강서구 강동동 5058-9 에코델타 스마트시티 수자인,35.1396035183419,128.916467746097,부산 강서구 에코중앙1로 33
1918,에코델타스마트시티수자인아파트(경비실(정문)),051-972-2920,"부산광역시 강서구 에코중앙1로 33 (강동동, 에코델타 스마트시티 수자인)",부산광역시 강서구 강동동 5058-9 에코델타 스마트시티 수자인,35.1396035183419,128.916467746097,부산 강서구 에코중앙1로 33
1919,에코델타스마트시티수자인아파트(관리사무소 앞),051-972-2920,"부산광역시 강서구 에코중앙1로 33 (강동동, 에코델타 스마트시티 수자인)",부산광역시 강서구 강동동 5058-9 에코델타 스마트시티 수자인,35.1396035183419,128.916467746097,부산 강서구 에코중앙1로 33
1920,부산광역시 동래소방서(사직펌프차(998고4615)),051-760-4342,"부산광역시 연제구 고분로 216, 부산소방본부,동래소방서 (연산동)","부산광역시 연제구 연산동 243-24 부산소방본부,동래소방서",35.1834432601063,129.105747814753,부산 연제구 고분로 216
1921,부산광역시 동래소방서(양정펌프차(998주8328)),051-760-4342,"부산광역시 연제구 고분로 216, 부산소방본부,동래소방서 (연산동)","부산광역시 연제구 연산동 243-24 부산소방본부,동래소방서",35.1834432601063,129.105747814753,부산 연제구 고분로 216
1922,부산광역시 동래소방서(온천펌프차(999고4615)),051-760-4342,"부산광역시 연제구 고분로 216, 부산소방본부,동래소방서 (연산동)","부산광역시 연제구 연산동 243-24 부산소방본부,동래소방서",35.1834432601063,129.105747814753,부산 연제구 고분로 216
1923,부산광역시 동래소방서(연산펌프차(998고4632)),051-760-4342,"부산광역시 연제구 고분로 216, 부산소방본부,동래소방서 (연산동)","부산광역시 연제구 연산동 243-24 부산소방본부,동래소방서",35.1834432601063,129.105747814753,부산 연제구 고분로 216
1924,기장군도시관리공단-기장현대차드림볼파크월드컵빌리지(인조B구장),051-792-4861,"부산광역시 기장군 일광읍 체육공원1로 29, 기장국민체육공원",부산광역시 기장군 일광읍 원리 39 기장국민체육공원,35.3049746328707,129.242850043344,부산 기장군 일광읍 체육공원1로 29
1925,기장군도시관리공단-기장현대차드림볼파크월드컵빌리지(인조A구장),051-792-4861,"부산광역시 기장군 일광읍 체육공원1로 29, 기장국민체육공원",부산광역시 기장군 일광읍 원리 39 기장국민체육공원,35.3049746328707,129.242850043344,부산 기장군 일광읍 체육공원1로 29
1926,기장군도시관리공단-기장현대차드림볼파크월드컵빌리지(천연B구장),051-792-4861,"부산광역시 기장군 일광읍 체육공원1로 29, 기장국민체육공원",부산광역시 기장군 일광읍 원리 39 기장국민체육공원,35.3049746328707,129.242850043344,부산 기장군 일광읍 체육공원1로 29
1927,기장군도시관리공단-기장현대차드림볼파크월드컵빌리지(천연A구장),051-792-4861,"부산광역시 기장군 일광읍 체육공원1로 29, 기장국민체육공원",부산광역시 기장군 일광읍 원리 39 기장국민체육공원,35.3049746328707,129.242850043344,부산 기장군 일광읍 체육공원1로 29
1928,메가마트기장점(안내데스크),051-290-6000,"부산광역시 기장군 일광읍 기장대로 673, 메가마트",부산광역시 기장군 일광읍 삼성리 547-6 메가마트,35.254688609698,129.221857368122,부산 기장군 일광읍 기장대로 673
1929,기장군도시관리공단-장안읍노인회관(3층),051-792-4966,부산광역시 기장군 장안읍 좌천2길 43-3,부산광역시 기장군 장안읍 좌천리 328,35.3147456960838,129.242116282577,부산 기장군 장안읍 좌천2길 43-3
1930,기장군도시관리공단-장안읍노인회관(2층),051-792-4966,부산광역시 기장군 장안읍 좌천2길 43-3,부산광역시 기장군 장안읍 좌천리 328,35.3147456960838,129.242116282577,부산 기장군 장안읍 좌천2길 43-3
1933,동의대학교(본관 1층),051-890-1119,"부산광역시 부산진구 엄광로 176, 동의대학교 (가야동)",부산광역시 부산진구 가야동 467 동의대학교,35.1443184545334,129.036309884005,부산 부산진구 엄광로 176
1934,연산자이아파트(관리사무소),051-867-5959,"부산광역시 연제구 과정로343번길 43 (연산동, 연산 자이)",부산광역시 연제구 연산동 2262 연산 자이,35.1879047554378,129.089788256589,부산 연제구 과정로343번길 43
1935,거제2동행정복지센터(1층 민원실),051-665-5731,"부산광역시 연제구 아시아드대로22번길 19, 거제2동주민센터 1층 (거제동)",부산광역시 연제구 거제동 1180번지 8호 거제2동주민센터,35.1877619377944,129.070287340474,부산 연제구 아시아드대로22번길 19
1936,남부운전면허시험장(본관 1층 민원실),051-610-8028,"부산광역시 남구 용호로 16, 남부운전면허시험장 (용호동)",부산광역시 남구 용호동 179 남부운전면허시험장,35.1273793248364,129.103570229616,부산 남구 용호로 16
1937,신주례LG1차아파트(엘지신주례1단지 아파트),051-316-7705,"부산광역시 사상구 백양대로342번길 16 (주례동, 엘지신주례아파트)",부산광역시 사상구 주례동 3-16 엘지신주례아파트,35.1547989827619,129.015740088934,부산 사상구 백양대로342번길 16
1938,해운대경동리인뷰2차(상가 방재실(203동1층)),051-747-9912,부산광역시 해운대구 구남로 21 (우동),부산광역시 해운대구 우동 1565,35.1628612447531,129.160202145981,부산 해운대구 구남로 21
1939,(주)KT(13층쉼터 맞은편),051-639-9566,"부산광역시 동구 부산진성공원로 23, KT부산정보통신센터 (범일동)",부산광역시 동구 범일동 830-29 KT부산정보통신센터,35.1377085882932,129.062430383873,부산 동구 부산진성공원로 23
1940,남구건강생활지원센터(4층 엘레베이터 옆),051-607-6893,"부산광역시 남구 동제당로 368, 4층 (우암동)",부산광역시 남구 우암동 152-1,35.1250081628403,129.076912923306,부산 남구 동제당로 368
1941,기장군도시관리공단-기장군노인복지관(분관)(4층로비),051-792-4870,"부산광역시 기장군 일광읍 이천8길 13, 기장 일광읍 노인 복지관",부산광역시 기장군 일광읍 이천리 930-2 기장 일광읍 노인 복지관,35.2675406403873,129.236735491605,부산 기장군 일광읍 이천8길 13
1942,기장군도시관리공단-기장군노인복지관(분관)(3층로비),051-792-4870,"부산광역시 기장군 일광읍 이천8길 13, 기장 일광읍 노인 복지관",부산광역시 기장군 일광읍 이천리 930-2 기장 일광읍 노인 복지관,35.2675406403873,129.236735491605,부산 기장군 일광읍 이천8길 13
1943,기장군도시관리공단-기장군노인복지관(분관)(2층로비),051-792-4870,"부산광역시 기장군 일광읍 이천8길 13, 기장 일광읍 노인 복지관",부산광역시 기장군 일광읍 이천리 930-2 기장 일광읍 노인 복지관,35.2675406403873,129.236735491605,부산 기장군 일광읍 이천8길 13
1944,기장군도시관리공단-정관노인복지관(3층로비),051-792-4978,부산광역시 기장군 정관읍 정관중앙로 83-14,부산광역시 기장군 정관읍 용수리 1314-2,35.3247558260635,129.179084171952,부산 기장군 정관읍 정관중앙로 83-14
1945,기장군도시관리공단-기장군노인복지관(본관)(지하1층),051-792-4760,"부산광역시 기장군 기장읍 대청로22번길 61, 기장군노인복지회관",부산광역시 기장군 기장읍 대라리 186-8 기장군노인복지회관,35.2350959073436,129.21260083559,부산 기장군 기장읍 대청로22번길 61
1946,기장군도시관리공단-기장군노인복지관(본관)(3층 로비),051-792-4760,"부산광역시 기장군 기장읍 대청로22번길 61, 기장군노인복지회관",부산광역시 기장군 기장읍 대라리 186-8 기장군노인복지회관,35.2350959073436,129.21260083559,부산 기장군 기장읍 대청로22번길 61
1947,기장군도시관리공단-기장군노인복지관(본관)(2층),051-792-4760,"부산광역시 기장군 기장읍 대청로22번길 61, 기장군노인복지회관",부산광역시 기장군 기장읍 대라리 186-8 기장군노인복지회관,35.2350959073436,129.21260083559,부산 기장군 기장읍 대청로22번길 61
1948,스투트가르트스포츠카(주)부산지점(1F 전시장),051-749-0931,부산광역시 해운대구 해운대로 277 (우동),부산광역시 해운대구 우동 1229,35.175823774499,129.131174081528,부산 해운대구 해운대로 277
1949,홈플러스(주)동래점(지하 1층 고객센터 옆),051-890-8104,"부산광역시 동래구 중앙대로 1523, SKHUBSKY (온천동)",부산광역시 동래구 온천동 153번지 8호 SKHUBSKY,35.2211719490401,129.085522588953,부산 동래구 중앙대로 1523
1950,사직하늘채리센티아(관리사무소 내),010-****-****,"부산광역시 동래구 사직북로48번길 77 (사직동, 사직 하늘채 리센티아)",부산광역시 동래구 사직동 566-3 사직 하늘채 리센티아,35.2017861162457,129.060970332304,부산 동래구 사직북로48번길 77
1952,엄궁대림아파트(관리사무소),051-323-9114,"부산광역시 사상구 엄궁로 154, 엄궁대림아파트 (엄궁동)",부산광역시 사상구 엄궁동 669-2 엄궁대림아파트,35.1289355825243,128.978186476927,부산 사상구 엄궁로 154
1953,"포스코이앤씨,엄궁3구역주택재개발정비사업(GATE 1 경비실)",010-****-****,부산광역시 사상구 엄궁로 179 (엄궁동),부산광역시 사상구 엄궁동 40,35.1291947550941,128.97546960056,부산 사상구 엄궁로 179
1954,"포스코이앤씨,엄궁3구역주택재개발정비사업(안전교육장)",010-****-****,부산광역시 사상구 엄궁로 179 (엄궁동),부산광역시 사상구 엄궁동 40,35.1291947550941,128.97546960056,부산 사상구 엄궁로 179
1955,한국해양과학기술원(제4연구동 2층 E/V 옆),051-664-9161,"부산광역시 영도구 해양로 385, 한국해양과학기술원 (동삼동)",부산광역시 영도구 동삼동 1166 한국해양과학기술원,35.075783163218,129.078708873135,부산 영도구 해양로 385
1956,한국해양과학기술원(제3연구동 2층 E/V 옆),051-664-9161,"부산광역시 영도구 해양로 385, 한국해양과학기술원 (동삼동)",부산광역시 영도구 동삼동 1166 한국해양과학기술원,35.075783163218,129.078708873135,부산 영도구 해양로 385
1957,한국해양과학기술원(제2연구동 2층 E/V 옆),051-664-9161,"부산광역시 영도구 해양로 385, 한국해양과학기술원 (동삼동)",부산광역시 영도구 동삼동 1166 한국해양과학기술원,35.075783163218,129.078708873135,부산 영도구 해양로 385
1958,한국해양과학기술원(제1연구동 2층 E/V 옆),051-664-9161,"부산광역시 영도구 해양로 385, 한국해양과학기술원 (동삼동)",부산광역시 영도구 동삼동 1166 한국해양과학기술원,35.075783163218,129.078708873135,부산 영도구 해양로 385
1959,부산항터미널주식회사(감만 라싱대기실),051-620-0200,부산광역시 남구 신선로 294 (용당동),부산광역시 남구 용당동 123,35.1102477943227,129.095897270285,부산 남구 신선로 294
1960,부산항터미널주식회사(신선대 통합배차실),051-620-0200,부산광역시 남구 신선로 294 (용당동),부산광역시 남구 용당동 123,35.1102477943227,129.095897270285,부산 남구 신선로 294
1961,이진케스빌블루1차아파트(경비실),051-722-2373,부산광역시 기장군 기장읍 차성로 461 (이진캐스빌블루 1차아파트),부산광역시 기장군 기장읍 교리 2 이진캐스빌블루 1차아파트,35.2571375695048,129.218858580838,부산 기장군 기장읍 차성로 461
1962,일광신도시비스타동원1차아파트(커뮤니티 헬스장),051-722-6881,부산광역시 기장군 일광읍 해빛2로 24 (일광신도시 비스타 동원1차),부산광역시 기장군 일광읍 삼성리 820 일광신도시 비스타 동원1차,35.2686940584841,129.22713210067,부산 기장군 일광읍 해빛2로 24
1963,GS25연산힐스1단지점(GS25 연산힐스1단지점 내부),010-****-****,"부산광역시 연제구 봉수로 2 (연산동, 힐스테이트연산 1단지)",부산광역시 연제구 연산동 2382 힐스테이트연산 1단지,35.1733598113329,129.088872461001,부산 연제구 봉수로 2
1964,이마트트레이더스연산점(3층 무빙워크홀),051-968-5619,"부산광역시 연제구 좌수영로 241, 트레이더스 연산점 (연산동)",부산광역시 연제구 연산동 2374 트레이더스 연산점,35.1850939786146,129.111950912034,부산 연제구 좌수영로 241
1965,이마트트레이더스연산점(지하1층 고객만족센터 옆),051-968-5619,"부산광역시 연제구 좌수영로 241, 트레이더스 연산점 (연산동)",부산광역시 연제구 연산동 2374 트레이더스 연산점,35.1850939786146,129.111950912034,부산 연제구 좌수영로 241
1966,힐스테이트연산1단지(경비실 내),051-866-9773,"부산광역시 연제구 봉수로 2(연산동, 힐스테이트연산 1단지)",부산광역시 연제구 연산동 1875-8 힐스테이트연산 1단지,35.1733598113329,129.088872461001,부산 연제구 봉수로 2
1967,거제삼정그린코아아파트(관리사무소 입구),051-503-8542,"부산광역시 연제구 월드컵대로 325(거제동, 거제삼정그린코아)",부산광역시 연제구 거제동 1272 거제삼정그린코아,35.1889256007671,129.063526154033,부산 연제구 월드컵대로 325
1968,연제구보건소(보건소 1층(외부)),051-665-5672,"부산광역시 연제구 연제로 2, 연제구청 (연산동)",부산광역시 연제구 연산동 1555번지 연제구보건소,35.1762117404623,129.07974560596,부산 연제구 연제로 2
1969,서부시외버스터미널(터미널 1층 대합실),5591027,"부산광역시 사상구 사상로 201, 서부시외버스터미널 (괘법동)",부산광역시 사상구 괘법동 533-1 서부시외버스터미널,35.1631461622437,128.98098582427,부산 사상구 사상로 201
1971,부산교통공사노포차량사업소(노포차량사업소 임시검수고),051-509-4304,"부산광역시 금정구 중앙대로 2238, 부산종합버스터미널 (노포동)",부산광역시 금정구 노포동 133 부산종합버스터미널,35.2846866758906,129.095480074212,부산 금정구 중앙대로 2238
1972,에코아쿠아팜(주)(1층 엘리베이터 옆),02-2154-4748,"부산광역시 기장군 일광읍 일광로 474, 수산과학연구소",부산광역시 기장군 일광읍 동백리 256 수산과학연구소,35.2834686332113,129.259236778948,부산 기장군 일광읍 일광로 474
1975,동래구 국민체육센터(4층 수영장(수영코치실 앞)),051-503-7612,"부산광역시 동래구 미남로 110, 동래구 국민체육센터 (온천동)",부산광역시 동래구 온천동 1448-2 동래구 국민체육센터,35.2035983429256,129.069836918781,부산 동래구 미남로 110
1976,이마트연제점(2층 고객출입구),051-860-1119,"부산광역시 연제구 연수로 89, 신세계연제점E마트 (연산동)",부산광역시 연제구 연산동 822-7 신세계연제점E마트,35.1761555005315,129.08131410094,부산 연제구 연수로 89
1977,태광후지킨주식회사(C동 1층 로비 내부),051-899-6839,부산광역시 강서구 화전산단3로 32 (화전동),부산광역시 강서구 화전동 579-8,35.1080709478234,128.875814890578,부산 강서구 화전산단3로 32
1978,도시철도장전역(장전역 대합실 발매기 인근),051-678-6129,"부산광역시 금정구 장전온천천로 144, 장전 지하철 역 (장전동)",부산광역시 금정구 장전동 242 장전 지하철 역,35.2380895492619,129.088145804387,부산 금정구 장전온천천로 144
1979,도시철도부산대역(부산대역 역무안전실 인근),051-678-6128,"부산광역시 금정구 장전온천천로 48, 부산대지하철역 (장전동)",부산광역시 금정구 장전동 427 부산대지하철역,35.2296168581211,129.089342280899,부산 금정구 장전온천천로 48
1980,동대신역(역무안전실 인근),6786108,부산광역시 서구 구덕로 지하 290 (동대신2가 428-9),부산광역시 서구 동대신동2가  428-9 (동대신2가 428-9),35.1104877877446,129.017620766092,부산 서구 구덕로 지하 290
1981,고려해운(주)(고려에스엠 사무실),051-790-2422,"부산광역시 중구 충장대로 7, 교보생명빌딩 11층 (중앙동4가)",부산광역시 중구 중앙동4가 88번지 7호 교보생명빌딩,35.1056412181269,129.03725724154,부산 중구 충장대로 7
1982,고려해운(주)(고려에스엠 사무실),051-790-2422,"부산광역시 중구 충장대로 7, 교보생명빌딩 11층 (중앙동4가)",부산광역시 중구 중앙동4가 88번지 7호 교보생명빌딩,35.1056412181269,129.03725724154,부산 중구 충장대로 7
1983,쌍용더플래티넘거제아시아드(관리사무소 입구),051-503-1213,"부산광역시 연제구 아시아드대로 7 (거제동, 쌍용더플래티넘거제아시아드)",부산광역시 연제구 거제동 1530 쌍용더플래티넘거제아시아드,35.1860667163788,129.069078260326,부산 연제구 아시아드대로 7
1984,정관동일스위트2차아파트(커뮤니티 데스크 입구),051-728-6771,부산광역시 기장군 정관읍 정관3로 23 관리사무소 (정관동일스위트 2차),부산광역시 기장군 정관읍 정관3로 23 관리사무소 (정관동일스위트 2차),35.3284797639747,129.165298856214,부산 기장군 정관읍 정관3로 23
1985,울산해양경찰서기장파출소(기장파출소 연안구조정),052-230-2423,"부산광역시 기장군 기장읍 기장해안로 634, 울산해양경비안전서 기장해양경비안전센터",부산광역시 기장군 기장읍 대변리 304-22 울산해양경비안전서 기장해양경비안전센터,35.2219901093543,129.230586486168,부산 기장군 기장읍 기장해안로 634
1986,울산해양경찰서기장파출소(기장파출소 순찰차 내부),052-230-2423,"부산광역시 기장군 기장읍 기장해안로 634, 울산해양경비안전서 기장해양경비안전센터",부산광역시 기장군 기장읍 대변리 304-22 울산해양경비안전서 기장해양경비안전센터,35.2219901093543,129.230586486168,부산 기장군 기장읍 기장해안로 634
1987,더비치푸르지오써밋아파트(주민공동시설 지하2층 커뮤니티센터 입구),051-853-0630,부산광역시 남구 황령대로 504 (대연동),부산광역시 남구 대연동 1808,35.1358668649776,129.110083623465,부산 남구 황령대로 504
1988,오션라이프에일린의뜰1단지(경비실 내),051-404-0790,"부산광역시 영도구 태종로 611 (동삼동, 오션라이프 에일린의 뜰 1단지)",부산광역시 영도구 동삼동 383-1 오션라이프 에일린의 뜰 1단지,35.0755544541612,129.074599795214,부산 영도구 태종로 611
1989,오션라이프에일린의뜰2단지(경비실 내),051-404-0904,"부산광역시 영도구 태종로 675 (동삼동, 오션라이프 에일린의 뜰 2단지)",부산광역시 영도구 동삼동 383-1 오션라이프 에일린의 뜰 2단지,35.0726742258736,129.075878976908,부산 영도구 태종로 675
1990,정요양병원(5층 5병동 간호사실 좌측 입구),18990071,"부산광역시 영도구 절영로 32, 정요양병원 (대교동1가)",부산광역시 영도구 대교동1가 107-1 정요양병원,35.0916975681987,129.039071739163,부산 영도구 절영로 32
1992,정요양병원(8층 8병동 간호사실 입구 좌측),18990071,"부산광역시 영도구 절영로 32, 정요양병원 (대교동1가)",부산광역시 영도구 대교동1가 107-1 정요양병원,35.0916975681987,129.039071739163,부산 영도구 절영로 32
1993,영화의전당(더블콘 1층),051-780-6156,"부산광역시 해운대구 수영강변대로 120, 영화의전당 (우동)",부산광역시 해운대구 우동 1467 영화의전당,35.1710365257136,129.127084511585,부산 해운대구 수영강변대로 120
1994,영화의전당(비프힐 1층),051-780-6156,"부산광역시 해운대구 수영강변대로 120, 영화의전당 (우동)",부산광역시 해운대구 우동 1467 영화의전당,35.1710365257136,129.127084511585,부산 해운대구 수영강변대로 120
1996,부산시설공단태종대유원지사업소(태종대유원지 관리사무소 입구),051-860-7862,"부산광역시 영도구 전망로 24, 태종대유원지관리사무소 (동삼동)",부산광역시 영도구 동삼동 산 19-2 태종대유원지관리사무소,35.0596949578329,129.079805736256,부산 영도구 전망로 24
1998,동성초등학교(1층 중앙현관),051-803-8987,"부산광역시 부산진구 동성로 26, 동성초등학교 (전포동)",부산광역시 부산진구 전포동 358-56 동성초등학교,35.1526861540355,129.069501105149,부산 부산진구 동성로 26
1999,동성초등학교(3층 보건실),051-803-8987,"부산광역시 부산진구 동성로 26, 동성초등학교 (전포동)",부산광역시 부산진구 전포동 358-56 동성초등학교,35.1526861540355,129.069501105149,부산 부산진구 동성로 26
2000,부산지방보훈청(1층 로비),051-660-6323,"부산광역시 중구 중앙대로148번길 13, 부산지방보훈청 (중앙동4가)",부산광역시 중구 중앙동4가 74-11,35.1104946967862,129.039296593321,부산 중구 중앙대로148번길 13
2001,부산백병원(본관 1층),051-890-6504,"부산광역시 부산진구 복지로 75, 인제대학교 부산백병원 (개금동)",부산광역시 부산진구 개금동 633-165 인제대학교 부산백병원,35.1464534842515,129.020571153957,부산 부산진구 복지로 75
2002,부산백병원(본관 7층),051-890-6504,"부산광역시 부산진구 복지로 75, 인제대학교 부산백병원 (개금동)",부산광역시 부산진구 개금동 633-165 인제대학교 부산백병원,35.1464534842515,129.020571153957,부산 부산진구 복지로 75
2003,부산백병원(미래의 생명센터 3층),051-890-6504,"부산광역시 부산진구 복지로 75, 인제대학교 부산백병원 (개금동)",부산광역시 부산진구 개금동 633-165 인제대학교 부산백병원,35.1464534842515,129.020571153957,부산 부산진구 복지로 75
2004,부산백병원(청송관 지하3층),051-890-6504,"부산광역시 부산진구 복지로 75, 인제대학교 부산백병원 (개금동)",부산광역시 부산진구 개금동 633-165 인제대학교 부산백병원,35.1464534842515,129.020571153957,부산 부산진구 복지로 75
2005,부산백병원(본관 6층),051-890-6504,"부산광역시 부산진구 복지로 75, 인제대학교 부산백병원 (개금동)",부산광역시 부산진구 개금동 633-165 인제대학교 부산백병원,35.1464534842515,129.020571153957,부산 부산진구 복지로 75
2006,부산백병원(본관 지하1층),051-890-6504,"부산광역시 부산진구 복지로 75, 인제대학교 부산백병원 (개금동)",부산광역시 부산진구 개금동 633-165 인제대학교 부산백병원,35.1464534842515,129.020571153957,부산 부산진구 복지로 75
2007,부산백병원(임재관 7층),051-890-6504,"부산광역시 부산진구 복지로 75, 인제대학교 부산백병원 (개금동)",부산광역시 부산진구 개금동 633-165 인제대학교 부산백병원,35.1464534842515,129.020571153957,부산 부산진구 복지로 75
2008,부산백병원(청송관 5층),051-890-6504,"부산광역시 부산진구 복지로 75, 인제대학교 부산백병원 (개금동)",부산광역시 부산진구 개금동 633-165 인제대학교 부산백병원,35.1464534842515,129.020571153957,부산 부산진구 복지로 75
2009,부산백병원(본관 5층),051-890-6504,"부산광역시 부산진구 복지로 75, 인제대학교 부산백병원 (개금동)",부산광역시 부산진구 개금동 633-165 인제대학교 부산백병원,35.1464534842515,129.020571153957,부산 부산진구 복지로 75
2010,부산해양경찰서명지파출소(파출소 내 출입구 옆 선반),051-664-2234,"부산광역시 강서구 명지새동네길2번길 56-1, 부산해양경찰서 명지파출소 (명지동)",부산광역시 강서구 명지동 3221-4 부산해양경찰서 명지파출소,35.1065752357442,128.931346309486,부산 강서구 명지새동네길2번길 56
2011,부산본병원(3병동 간호사실),1599-8275,부산광역시 사하구 승학로 8 (당리동),부산광역시 사하구 당리동 302-1,35.1062818783161,128.969829423848,부산 사하구 승학로 8
2012,트레이더스 홀세일 클럽 서면점(2층 고객센터 앞),051-718-1112,"부산광역시 부산진구 시민공원로 31, 이마트트레이더스서면점 (부암동)",부산광역시 부산진구 부암동 93 이마트트레이더스서면점,35.1639044537017,129.05255094433,부산 부산진구 시민공원로 31
2013,빌라쥬드아난티(빌라쥬드 앳 부산XP팀 사무실),010-****-****,부산광역시 기장군 기장읍 기장해안로 267-7,부산광역시 기장군 기장읍 시랑리 733,35.1986613756611,129.221107738456,부산 기장군 기장읍 기장해안로 267-7
2014,빌라쥬드아난티(클리퍼A동 XP팀 사무실),010-****-****,부산광역시 기장군 기장읍 기장해안로 267-7,부산광역시 기장군 기장읍 시랑리 733,35.1986613756611,129.221107738456,부산 기장군 기장읍 기장해안로 267-7
2015,빌라쥬드아난티(LPC XP팀 사무실),010-****-****,부산광역시 기장군 기장읍 기장해안로 267-7,부산광역시 기장군 기장읍 시랑리 733,35.1986613756611,129.221107738456,부산 기장군 기장읍 기장해안로 267-7
2016,(주)하나종합관리(3층 출입문앞),051-637-4111,"부산광역시 동구 중앙대로226번길 7-3, 거영빌딩 3층 (초량동)",부산광역시 동구 초량동 1197-5 거영빌딩,35.1171085689857,129.041801394327,부산 동구 중앙대로226번길 7-3
2017,일혜의료재단행복한요양병원(행복한 요양병원 3층 데스크 옆),051-417-9400,"부산광역시 영도구 태종로372번길 41, 행복한요양병원 (청학동)",부산광역시 영도구 청학동 119-1 행복한요양병원,35.0919788263738,129.063739872693,부산 영도구 태종로372번길 41
2018,부산해양경찰서경비구조과(해운대출장소 내),051-664-2246,"부산광역시 해운대구 달맞이길62번길 42, 부산해양경찰서 송정파출소 해운대출장소 (중동)",부산광역시 해운대구 중동 957-20 부산해양경찰서 송정파출소 해운대출장소,35.1582399691132,129.171762026224,부산 해운대구 달맞이길62번길 42
2019,주례청구아파트(107동 경비실),051-311-4430,"부산광역시 사상구 백양대로494번길 38 (주례동, 주례청구아파트)",부산광역시 사상구 주례동 955-2 주례청구아파트,35.1552456958258,129.001149167372,부산 사상구 백양대로494번길 38
2020,동국씨엠(주)부산공장(TM),051-640-5114,"부산광역시 남구 신선로 102, 동국제강(주) 부산공장 (감만동)",부산광역시 남구 감만동 588-1 동국제강(주) 부산공장,35.1158189735817,129.074183872365,부산 남구 신선로 102
2021,동국씨엠(주)부산공장(3CCL 출측),051-640-5114,"부산광역시 남구 신선로 102, 동국제강(주) 부산공장 (감만동)",부산광역시 남구 감만동 588-1 동국제강(주) 부산공장,35.1158189735817,129.074183872365,부산 남구 신선로 102
2022,동국씨엠(주)부산공장(PLTCM 출측),051-640-5114,"부산광역시 남구 신선로 102, 동국제강(주) 부산공장 (감만동)",부산광역시 남구 감만동 588-1 동국제강(주) 부산공장,35.1158189735817,129.074183872365,부산 남구 신선로 102
2023,동국씨엠(주)부산공장(5CGL 센터),051-640-5114,"부산광역시 남구 신선로 102, 동국제강(주) 부산공장 (감만동)",부산광역시 남구 감만동 588-1 동국제강(주) 부산공장,35.1158189735817,129.074183872365,부산 남구 신선로 102
2024,동국씨엠(주)부산공장(6CCL 출측),051-640-5114,"부산광역시 남구 신선로 102, 동국제강(주) 부산공장 (감만동)",부산광역시 남구 감만동 588-1 동국제강(주) 부산공장,35.1158189735817,129.074183872365,부산 남구 신선로 102
2025,동국씨엠(주)부산공장(8CCL 출측),051-640-5114,"부산광역시 남구 신선로 102, 동국제강(주) 부산공장 (감만동)",부산광역시 남구 감만동 588-1 동국제강(주) 부산공장,35.1158189735817,129.074183872365,부산 남구 신선로 102
2026,동국씨엠(주)부산공장(4CCL 출측),051-640-5114,"부산광역시 남구 신선로 102, 동국제강(주) 부산공장 (감만동)",부산광역시 남구 감만동 588-1 동국제강(주) 부산공장,35.1158189735817,129.074183872365,부산 남구 신선로 102
2027,동국씨엠(주)부산공장(4ANN),051-640-5114,"부산광역시 남구 신선로 102, 동국제강(주) 부산공장 (감만동)",부산광역시 남구 감만동 588-1 동국제강(주) 부산공장,35.1158189735817,129.074183872365,부산 남구 신선로 102
2028,부산해양경찰서광안리파출소(연안구조정 내),051-664-2323,"부산광역시 수영구 민락수변로 92, 수산업협동조합 (민락동)",부산광역시 수영구 민락동 113-32 수산업협동조합,35.1544280878671,129.130898493596,부산 수영구 민락수변로 92
2029,(주)이마트해운대점(1층 보안실),051-608-1234,"부산광역시 해운대구 좌동순환로 511, 이마트해운대점 (중동)",부산광역시 해운대구 중동 1767 이마트해운대점,35.1660208153462,129.167373764158,부산 해운대구 좌동순환로 511
2030,이마트 문현점(1층 계산대 앞),051-609-1234,"부산광역시 남구 전포대로91번길 47, E마트 (문현동)",부산광역시 남구 문현동 751 E마트,35.1442717662962,129.064234227458,부산 남구 전포대로91번길 47
2031,기장교육행복타운(A동 2층 사무실앞),010-****-****,"부산광역시 기장군 기장읍 차성로417번길 11, 기장 교육행복타운",부산광역시 기장군 기장읍 교리 234-1 기장 교육행복타운,35.2552222235619,129.215526770437,부산 기장군 기장읍 차성로417번길 11
2032,기장교육행복타운(4층복도),010-****-****,"부산광역시 기장군 기장읍 차성로417번길 11, 기장 교육행복타운",부산광역시 기장군 기장읍 교리 234-1 기장 교육행복타운,35.2552222235619,129.215526770437,부산 기장군 기장읍 차성로417번길 11
2033,기장교육행복타운(B동 3층 도서관앞),010-****-****,"부산광역시 기장군 기장읍 차성로417번길 11, 기장 교육행복타운",부산광역시 기장군 기장읍 교리 234-1 기장 교육행복타운,35.2552222235619,129.215526770437,부산 기장군 기장읍 차성로417번길 11
2034,대원칸타빌멤버스(관리사무소),051-866-9230,"부산광역시 부산진구 거제대로 26 (양정동, 대원칸타빌멤버스)",부산광역시 부산진구 양정동 525 대원칸타빌멤버스,35.1715683917271,129.068601210916,부산 부산진구 거제대로 26
2035,한성기린프라자아파트(경비실2 입구),051-633-4597,"부산광역시 동구 중앙대로 514 (범일동, 한성기린프라자)",부산광역시 동구 범일동 62-720 한성기린프라자,35.1390138078844,129.056962489301,부산 동구 중앙대로 514
2036,동래구보건소(대여용)(보건소 정문 옆 기둥),051-555-4000,"부산광역시 동래구 명륜로187번길 56, 동래구보건소 (명륜동)","부산광역시 동래구 명륜로187번길 56, 동래구보건소 (명륜동)",35.2114125567364,129.07985326989,부산 동래구 명륜로187번길 56
2037,동래구보건소(대여용)(3층 의약계 보관),051-555-4000,"부산광역시 동래구 명륜로187번길 56, 동래구보건소 (명륜동)","부산광역시 동래구 명륜로187번길 56, 동래구보건소 (명륜동)",35.2114125567364,129.07985326989,부산 동래구 명륜로187번길 56
2038,남구보건소(보건소 1층 출입구),051-607-6431,부산광역시 남구 못골로 23,부산광역시 남구 대연동 1268-3 남구보건소,35.1360678406071,129.084950693807,부산 남구 못골로 23
2039,부산시설공단 스포원본부(서측(2-6)투표소 내),051-550-1516,"부산광역시 금정구 체육공원로399번길 324, 금정체육공원 (두구동)",부산광역시 금정구 두구동 1641 금정체육공원,35.2891217351743,129.107042158715,부산 금정구 체육공원로399번길 324
2040,한국보훈복지의료공단부산요양병원(2병동),051-601-8600,"부산광역시 사상구 백양대로 420, 보훈병원 (주례동)",부산광역시 사상구 주례동 235 보훈병원,35.1528918625836,129.008252267356,부산 사상구 백양대로 420
2041,한국보훈복지의료공단부산요양병원(1층 로비),051-601-8600,"부산광역시 사상구 백양대로 420, 보훈병원 (주례동)",부산광역시 사상구 주례동 235 보훈병원,35.1528918625836,129.008252267356,부산 사상구 백양대로 420
2042,한국보훈복지의료공단부산요양병원(직원식당 출입구),051-601-8600,"부산광역시 사상구 백양대로 420, 보훈병원 (주례동)",부산광역시 사상구 주례동 235 보훈병원,35.1528918625836,129.008252267356,부산 사상구 백양대로 420
2043,(주)대한항공테크센터 종합자재창고(JJ종합자재창고 무인기 사업부 직원휴게실(1층)),02-2656-5229,"부산광역시 강서구 테크센터로 55, JJ 종합 자재창고 (대저2동)",부산광역시 강서구 대저2동 103-1,35.1767269175092,128.934279540547,부산 강서구 테크센터로 55
2044,(주)비엠티(공장A동 3층),051-780-5032,부산광역시 기장군 장안읍 신소재산단2로 17,부산광역시 기장군 장안읍 반룡리 878-1,35.3417947158768,129.26689248965,부산 기장군 장안읍 신소재산단2로 17
2045,주식회사인터비즈시스템(사무실 출입구 옆),02-799-7979,"부산광역시 연제구 중앙대로 1242, 하이프라자 부산교대역점 3층 (거제동)",부산광역시 연제구 거제동 119-3 하이프라자 부산교대역점,35.1985920392354,129.079129722776,부산 연제구 중앙대로 1242
2046,양정포레힐즈스위첸(커뮤니티센터),051-853-1213,"부산광역시 부산진구 양연로 36 (양정동, 양정포레힐즈 스위첸 1단지)",부산광역시 부산진구 양정동 12-6 양정포레힐즈 스위첸 1단지,35.1723960004205,129.079723130345,부산 부산진구 양연로 36
2047,양정포레힐즈스위첸(1단지 관리실),051-853-1213,"부산광역시 부산진구 양연로 36 (양정동, 양정포레힐즈 스위첸 1단지)",부산광역시 부산진구 양정동 12-6 양정포레힐즈 스위첸 1단지,35.1723960004205,129.079723130345,부산 부산진구 양연로 36
2048,양정포레힐즈스위첸(2단지 관리실),051-853-1213,"부산광역시 부산진구 양연로 36 (양정동, 양정포레힐즈 스위첸 1단지)",부산광역시 부산진구 양정동 12-6 양정포레힐즈 스위첸 1단지,35.1723960004205,129.079723130345,부산 부산진구 양연로 36
2049,거제동월드메르디앙아파트(관리사무소),051-851-0241,"부산광역시 연제구 거제천로 233 (거제동, 거제동월드메르디앙아파트)",부산광역시 연제구 거제동 1468-1 거제동월드메르디앙아파트,35.1923989429261,129.082988250779,부산 연제구 거제천로 233
2050,동해선일광역(역무실앞),051-731-6952,"부산광역시 기장군 일광읍 일광로 111-10, 일광역","부산광역시 기장군 일광읍 일광로 111-10, 일광역",35.2663097491203,129.233369655531,부산 기장군 일광읍 일광로 111
2051,동해선오시리아역(역무실 앞 좌측 벽면),051-721-0659,"부산광역시 기장군 기장읍 동부산관광5로 14, 동해선 오시리아역",부산광역시 기장군 기장읍 당사리 261-8 동해선 오시리아역,35.1962172977472,129.208261122077,부산 기장군 기장읍 동부산관광5로 14
2052,롯데백화점 부산본점(8층 휴콥사무실),051-810-2117,"부산광역시 부산진구 가야대로 772, 롯데백화점부산본점 (부전동)",부산광역시 부산진구 부전동 503-15 롯데백화점부산본점,35.156789983664,129.056416218143,부산 부산진구 가야대로 772
2053,감천참편한요양병원(7층간호사실),2049971,"부산광역시 사하구 감천로 125, 우리빌딩 (감천동)",부산광역시 사하구 감천동 467-1 우리빌딩,35.0876977623413,129.005606646635,부산 사하구 감천로 125
2054,감천참편한요양병원(5층 간호사실),2049971,"부산광역시 사하구 감천로 125, 우리빌딩 (감천동)",부산광역시 사하구 감천동 467-1 우리빌딩,35.0876977623413,129.005606646635,부산 사하구 감천로 125
2055,대연동일스위트(1층 복도 비상 E/V 승강장 입구),051-628-5101,"부산광역시 남구 수영로 294 (대연동, 대연동동일스위트)",부산광역시 남구 대연동 74-2 대연동동일스위트,35.1362411288397,129.098649796796,부산 남구 수영로 294
2056,동해선월내역(화장실 옆 벽면),052-226-6244,"부산광역시 기장군 장안읍 해맞이로 351-31, 동해선 월내역",부산광역시 기장군 장안읍 월내리 234-2 동해선 월내역,35.3279031956242,129.276513273439,부산 기장군 장안읍 해맞이로 351-31
2057,부산도시공사(7층),051-810-8584,부산광역시 부산진구 신천대로 156 (부전동),부산광역시 부산진구 부전동 384-7,35.1559150436068,129.051389503984,부산 부산진구 신천대로 156
2058,부산광역시강서구청(송정동 1465(송정산림창고)),051-970-4125,부산광역시 강서구 녹산산단17로 152 (송정동),부산광역시 강서구 송정동 1466-2,35.0988734303685,128.833833749055,부산 강서구 녹산산단17로 152
2059,부산광역시강서구청(송정동 1465(송정산림창고)),051-970-4125,부산광역시 강서구 녹산산단17로 152 (송정동),부산광역시 강서구 송정동 1466-2,35.0988734303685,128.833833749055,부산 강서구 녹산산단17로 152
2060,레이카운티아파트(1단지 관리사무소 P1층),051-503-8512,"부산광역시 연제구 아시아드대로 39 (거제동, 레이카운티)",부산광역시 연제구 거제동 802 레이카운티,35.1899959215514,129.066108752828,부산 연제구 아시아드대로 39
2061,레이카운티아파트(2단지 커뮤니티센터),051-503-8512,"부산광역시 연제구 아시아드대로 39 (거제동, 레이카운티)",부산광역시 연제구 거제동 802 레이카운티,35.1899959215514,129.066108752828,부산 연제구 아시아드대로 39
2062,레이카운티아파트(2단지 관리사무소),051-503-8512,"부산광역시 연제구 아시아드대로 39 (거제동, 레이카운티)",부산광역시 연제구 거제동 802 레이카운티,35.1899959215514,129.066108752828,부산 연제구 아시아드대로 39
2063,레이카운티아파트(5단지 관리사무소),051-503-8512,"부산광역시 연제구 아시아드대로 39 (거제동, 레이카운티)",부산광역시 연제구 거제동 802 레이카운티,35.1899959215514,129.066108752828,부산 연제구 아시아드대로 39
2064,레이카운티아파트(1단지 관리사무소),051-503-8512,"부산광역시 연제구 아시아드대로 39 (거제동, 레이카운티)",부산광역시 연제구 거제동 802 레이카운티,35.1899959215514,129.066108752828,부산 연제구 아시아드대로 39
2065,레이카운티아파트(4단지 관리사무소),051-503-8512,"부산광역시 연제구 아시아드대로 39 (거제동, 레이카운티)",부산광역시 연제구 거제동 802 레이카운티,35.1899959215514,129.066108752828,부산 연제구 아시아드대로 39
2066,레이카운티아파트(3단지 커뮤니티센터),051-503-8512,"부산광역시 연제구 아시아드대로 39 (거제동, 레이카운티)",부산광역시 연제구 거제동 802 레이카운티,35.1899959215514,129.066108752828,부산 연제구 아시아드대로 39
2067,레이카운티아파트(3단지 관리사무소),051-503-8512,"부산광역시 연제구 아시아드대로 39 (거제동, 레이카운티)",부산광역시 연제구 거제동 802 레이카운티,35.1899959215514,129.066108752828,부산 연제구 아시아드대로 39
2068,동해선좌천역(맞이방(역무실입구)),052-226-6242,"부산광역시 기장군 장안읍 해맞이로 2, 동해선 좌천역",부산광역시 기장군 장안읍 좌천리 239-4 동해선 좌천역,35.3116946402652,129.245150308446,부산 기장군 장안읍 해맞이로 2
2069,부산원동역(2역사 2층 자동발매기 옆),051-440-2282,"부산광역시 동래구 수영강서자전거길 462, 부산 원동역 (안락동)",부산광역시 동래구 안락동 1063-1,35.1958684081998,129.113889960307,부산 동래구 수영강서자전거길 462
2070,부산원동역(1역시 1층 맞이방),051-440-2282,"부산광역시 동래구 수영강서자전거길 462, 부산 원동역 (안락동)",부산광역시 동래구 안락동 1063-1,35.1958684081998,129.113889960307,부산 동래구 수영강서자전거길 462
2071,대연3구역주택재개발정비사업(롯데건설)(Gate6 경비실),051-647-9337,부산광역시 남구 수영로172번길 40-2 (대연동),부산광역시 남구 대연동 1218-13 주택재개방정비사업 대연디아이엘 건설현장,35.1332416724217,129.086606886428,부산 남구 수영로172번길 40-2
2072,대연3구역주택재개발정비사업(롯데건설)(2단지 경비실),051-647-9337,부산광역시 남구 수영로172번길 40-2 (대연동),부산광역시 남구 대연동 1218-13 대연3구역 주택재개발정비사업 대연디아이엘 건설현장,35.1332416724217,129.086606886428,부산 남구 수영로172번길 40-2
2073,대연3구역주택재개발정비사업(롯데건설)(근린생활시설 1층 입구),051-647-9337,부산광역시 남구 수영로172번길 40-2 (대연동),부산광역시 남구 대연동 1218-13 대연3구역 주택재개발정비사업 대연디아이엘 건설현장,35.1332416724217,129.086606886428,부산 남구 수영로172번길 40-2
2074,부산에코델타시티 공동16BL 공동주택 신축공사현장(작은도서관 안쪽),051-972-9155,"부산광역시 강서구 에코대로 243, 호반써밋 스마트시티 (강동동)",부산광역시 강서구 강동동 4620-1,35.1397424250911,128.907495574458,부산 강서구 에코대로 243
2075,대저역부산3호선(역무안전실 입구),051-678-6317,"부산광역시 강서구 낙동북로 295, 대저역 (대저1동)",부산광역시 강서구 대저1동 1500-2 대저역,35.2133613094375,128.961049641838,부산 강서구 낙동북로 295
2076,거제롯데캐슬아파트(관리동 1층 복도),051-865-4556,"부산광역시 연제구 세병로 44 (거제동, 거제동 롯데캐슬아파트)",부산광역시 연제구 거제동 1467-1 거제동 롯데캐슬아파트,35.1933809649385,129.084588086837,부산 연제구 세병로 44
2077,신구덕우성아파트(관리사무소 내부),051-327-5318,부산광역시 사상구 학감대로 109-16,부산광역시 사상구 학장동 571-3 신구덕우성아파트,35.1400838571199,128.986955453872,부산 사상구 학감대로 109-16
2078,부곡SK아파트(후문초소),051-581-7453,"부산광역시 금정구 수림로 12 (부곡동, 에스케이아파트)",부산광역시 금정구 부곡동 63-11 에스케이아파트,35.2405697424458,129.09239314258,부산 금정구 수림로 12
2079,부곡SK아파트(정문초소),051-581-7453,"부산광역시 금정구 수림로 12 (부곡동, 에스케이아파트)",부산광역시 금정구 부곡동 63-11 에스케이아파트,35.2405697424458,129.09239314258,부산 금정구 수림로 12
2080,대연역(역무안전실 출입문(외부)옆),051-678-6213,"부산광역시 남구 수영로 지하 242, 대연역 (대연동)",부산광역시 남구 대연동 1756번지 27호 대연역,35.1351177024593,129.092296703101,부산 남구 수영로 지하 242
2081,영도국민체육센터(지하1층 로비),051-405-0050,"부산광역시 영도구 함지로79번길 6, 영도국민체육센터 (동삼동)",부산광역시 영도구 동삼동 516-1 영도국민체육센터,35.0752653795657,129.066858950494,부산 영도구 함지로79번길 6
2082,연지래미안어반파크(3초소),051-816-6777,"부산광역시 부산진구 성지로 37 (연지동, 래미안어반파크)",부산광역시 부산진구 연지동 250-76 래미안어반파크,35.17424270798,129.054541548223,부산 부산진구 성지로 37
2083,연지래미안어반파크(4초소),051-816-6777,"부산광역시 부산진구 성지로 37 (연지동, 래미안어반파크)",부산광역시 부산진구 연지동 250-76 래미안어반파크,35.17424270798,129.054541548223,부산 부산진구 성지로 37
2084,연지래미안어반파크(2초소),051-816-6777,"부산광역시 부산진구 성지로 37 (연지동, 래미안어반파크)",부산광역시 부산진구 연지동 250-76 래미안어반파크,35.17424270798,129.054541548223,부산 부산진구 성지로 37
2085,연지래미안어반파크(1초소),051-816-6777,"부산광역시 부산진구 성지로 37 (연지동, 래미안어반파크)",부산광역시 부산진구 연지동 250-76 래미안어반파크,35.17424270798,129.054541548223,부산 부산진구 성지로 37
2086,포레나부산덕천2차(관리사무소),051-343-3736,"부산광역시 북구 만덕대로 101 (덕천동, 포레나 부산덕천2차)",부산광역시 북구 덕천동 359-1 포레나 부산덕천2차,35.2135475612397,129.015417583227,부산 북구 만덕대로 101
2087,더존비즈온(헬스케어센터 인포데스크 옆),010-****-****,"부산광역시 해운대구 센텀중앙로 79, 센텀사이언스파크 15층 (우동)",부산광역시 해운대구 우동 1463-1 센텀사이언스파크,35.1740782852492,129.126513499207,부산 해운대구 센텀중앙로 79
2088,학장벽산아파트(관리사무실 내),051-323-3963,"부산광역시 사상구 학감대로 105-21 (학장동, 학장벽산아파트)",부산광역시 사상구 학장동 168 학장벽산아파트,35.1391755889233,128.989440944683,부산 사상구 학감대로 105-21
2089,괘법한신2차아파트(204동과205동 사이 경비초소),051-323-7440,"부산광역시 사상구 낙동대로1210번길 33 (괘법동, 괘법2차한신아파트)",부산광역시 사상구 괘법동 516-3 괘법2차한신아파트,35.1679724796601,128.978429393566,부산 사상구 낙동대로1210번길 33
2090,배산역(배산역 역무안전실 앞),051-678-6303,"부산광역시 연제구 연수로 지하229, 도시철도 배산역 (연산동)",부산광역시 연제구 연산동 1805-3 도시철도 배산역,35.1734597519057,129.09572992884,부산 연제구 연수로 지하 229
2091,(주)대우건설부산범일동주상복합현장(시험실 앞),051-647-9351,부산광역시 동구 범일로 38 (범일동),부산광역시 동구 범일동 330-226,35.1332720401572,129.060043225687,부산 동구 범일로 38
2092,(주)대우건설부산범일동주상복합현장(GATE#2 경비실),051-647-9351,부산광역시 동구 범일로 38 (범일동),부산광역시 동구 범일동 330-226,35.1332720401572,129.060043225687,부산 동구 범일로 38
2093,(주)대우건설부산범일동주상복합현장(GATE#4 경비실),051-647-9351,부산광역시 동구 범일로 38 (범일동),부산광역시 동구 범일동 330-226,35.1332720401572,129.060043225687,부산 동구 범일로 38
2094,(주)대우건설부산범일동주상복합현장(GATE#1 경비실),051-647-9351,부산광역시 동구 범일로 38 (범일동),부산광역시 동구 범일동 330-226,35.1332720401572,129.060043225687,부산 동구 범일로 38
2095,녹산동행정복지센터(1층 입구),051-970-4628,"부산광역시 강서구 가락대로900번가길 32, 녹산동 행정복지센터 (범방동)",부산광역시 강서구 범방동 1843-2 녹산동 행정복지센터,35.1535311640784,128.883809370204,부산 강서구 가락대로900번가길 32
2096,체육공원역부산3호선(역무안전실 입구),051-678-6316,"부산광역시 강서구 낙동북로 371, 체육공원역 (대저1동)",부산광역시 강서구 대저1동 2327-35 체육공원역,35.2125080419031,128.969459807101,부산 강서구 낙동북로 371
2097,코오롱아파트(관리사무소 내),051-747-7348,"부산광역시 해운대구 대천로 35 (좌동, 코오롱아파트)",부산광역시 해운대구 좌동 1348 코오롱아파트,35.1700062943164,129.168138360044,부산 해운대구 대천로 35
2098,(의)길정의료재단대남병원(2병동 간호사실),051-320-2227,"부산광역시 사상구 학감대로39번길 116, 대남병원 (학장동)",부산광역시 사상구 학장동 113-1 대남병원,35.1320144221308,128.996132843476,부산 사상구 학감대로39번길 116
2099,신익강변타운1차아파트(관리실),2923068,"부산광역시 사하구 하신중앙로 180 (신평동, 신익강변타운아파트)",부산광역시 사하구 신평동 408 신익강변타운아파트,35.0954286698909,128.962988469135,부산 사하구 하신중앙로 180
2100,의료법인백세의료재단백세요양병원(의료기관 내(2병동)),051-753-9595,"부산광역시 수영구 광일로43번길 25, 백세요양병원 (광안동)",부산광역시 수영구 광안동 533-16,35.1614647057123,129.109238590642,부산 수영구 광일로43번길 25
2101,영도구다목적실내체육관(2층 체육관 2층),051-419-4152,"부산광역시 영도구 함지로79번길 8, 영도구 다목적 실내체육관 (동삼동)",부산광역시 영도구 동삼동 516-100,35.074278424113,129.065853958966,부산 영도구 함지로79번길 8
2102,동삼2동마을건강센터(센터 내),051-419-5958,"부산광역시 영도구 본산남길 5, 동삼2동 마을건강센터 (동삼동)",부산광역시 영도구 동삼동 813 영도구자원봉사센터,35.067844011133,129.080670066325,부산 영도구 본산남길 5
2103,gs25영도미주점(편의점 매장 내),010-****-****,"부산광역시 영도구 일산봉로 64, 미주아파트 (청학동)",부산광역시 영도구 청학동 69-83 상가동 101호,35.0877964305585,129.064865463424,부산 영도구 일산봉로 64
2104,부산광역시금정구보건소(장전2동 건강생활지원센터 5층),051-519-5073,부산광역시 금정구 금정로 29-6 (장전동),부산광역시 금정구 장전동 343-4,35.2274744168793,129.085511272616,부산 금정구 금정로 29-6
2105,연산골목시장(연산골목시장 상인회 사무실 앞),010-****-****,부산광역시 연제구 월드컵대로19번길 8 (연산동),부산광역시 연제구 연산동 775-19,35.1763062286924,129.085286012495,부산 연제구 월드컵대로19번길 8
2106,물만골역(물만골역 역무안전실 앞),051-678-6304,"부산광역시 연제구 월드컵대로 지하23, 도시철도 물만골역 (연산동)",부산광역시 연제구 연산동 1515-11 도시철도 물만골역,35.1767585696312,129.085607407773,부산 연제구 월드컵대로 지하 23
2107,동래구보건소(1층 진료실 옆),051-550-6762,"부산광역시 동래구 명륜로187번길 56, 동래구보건소 (명륜동)",부산광역시 동래구 명륜동 702-54 동래구보건소,35.2114125567364,129.07985326989,부산 동래구 명륜로187번길 56
2108,부산시서구청(서구청 당직실 내),2404106,"부산광역시 서구 구덕로 120, 서구청 (토성동4가)",부산광역시 서구 토성동4가 2-3 서구청,35.0975389551605,129.023426203707,부산 서구 구덕로 120
2109,부산대학교병원(R동 1층),051-240-8327,"부산광역시 서구 구덕로 179, 부산대학병원 (아미동1가)",부산광역시 서구 아미동1가 10-1 부산대학병원,35.1011288801696,129.019244318359,부산 서구 구덕로 179
2110,재단법인부산광역시사회체육센터(1층 로비),051-744-1181,"부산광역시 해운대구 APEC로 68, 부산사회체육센타 (우동)",부산광역시 해운대구 우동 1127-37 부산사회체육센타,35.1674261079684,129.137695731337,부산 해운대구 APEC로 68
2111,GS25두실점(편의점 내부),051-513-3511,"부산광역시 금정구 중앙대로 1911, 1층 (구서동)",부산광역시 금정구 구서동 184-38,35.254932339688,129.091096743521,부산 금정구 중앙대로 1911
2112,한국전력공사남부산지사(1층 고객지원실),051-740-1228,"부산광역시 해운대구 해운대해변로 113, 한국전력남부산지점 (우동)",부산광역시 해운대구 우동 1388-8 한국전력남부산지점,35.1602312561361,129.144744737313,부산 해운대구 해운대해변로 113
2113,장애인종합복지관(복지관 1층),051-261-8701,"부산광역시 사하구 사하로68번길 65, 사하구장애인종합복지관 (구평동)",부산광역시 사하구 구평동 43 사하구장애인종합복지관,35.0854390183849,128.992997416372,부산 사하구 사하로68번길 65
2114,대우제약(1층 로비),051-204-3831,"부산광역시 사하구 다대로 153, (주)대우제약 (신평동)",부산광역시 사하구 신평동 579 (주)대우제약,35.0890545054094,128.97795414407,부산 사하구 다대로 153
2115,파크골프장(파크골프장 사무실 옆 천막),051-220-5852,부산광역시 사하구 을숙도대로 466 (신평동),부산광역시 사하구 신평동 659-2,35.0833429047028,128.956595102979,부산 사하구 을숙도대로 466
2116,훼미리식품(주)부산공장(경비실 내부),051-712-6222,부산광역시 사하구 하신중앙로 140 (신평동),부산광역시 사하구 신평동 467,35.0916492301404,128.965304100422,부산 사하구 하신중앙로 140
2117,자매정신요양원(자매정신요양원 1층 로비),051-207-3845,부산광역시 사하구 사리로 37 (괴정동),부산광역시 사하구 괴정동 245,35.1031495745081,128.998624948622,부산 사하구 사리로 37
2118,와이시피(주)다대공장(식당 옆 게시판),051-266-6233,부산광역시 사하구 다산로 74 (다대동),부산광역시 사하구 다대동 1519-2,35.0596155267033,128.959561749375,부산 사하구 다산로 74
2119,을숙도체육시설(축구장),051-220-5855,"부산광역시 사하구 낙동남로1233번길 34, 을숙도휴게소 (하단동)",부산광역시 사하구 하단동 1149-1 을숙도휴게소,35.1108946263862,128.946981470857,부산 사하구 낙동남로1233번길 34
2120,(주)동원수산(구내식당),051-290-0161,"부산광역시 사하구 을숙도대로 685, (주)동원수산 (신평동)",부산광역시 사하구 신평동 569-34 (주)동원수산,35.0852657100784,128.980858628822,부산 사하구 을숙도대로 685
2121,우암동복합청사(2층 민원실 출입구 부근),051-607-4814,부산광역시 남구 동제당로 368 (우암동),부산광역시 남구 우암동 152-1,35.1250081628403,129.076912923306,부산 남구 동제당로 368
2122,나사함발달장애인복지관(1층 입구),051-627-8521,"부산광역시 남구 못골번영로 70, 나사함 발달장애인 복지관 (대연동)",부산광역시 남구 대연동 1483-9 나사함 발달장애인 복지관,35.1413328327522,129.08906364859,부산 남구 못골번영로 70
2123,감만1동행정복지센터(1층 입구),051-607-6833,"부산광역시 남구 우암로 71-7, 감만1동주민센터 (감만동)",부산광역시 남구 감만동 141-3 감만1동주민센터,35.1167930775652,129.080882936385,부산 남구 우암로 71
2124,유엔평화기념관(1층 로비),051-901-1400,"부산광역시 남구 홍곡로320번길 106, UN평화기념관 (대연동)",부산광역시 남구 대연동 747-97 UN평화기념관,35.1247524714423,129.093256879368,부산 남구 홍곡로320번길 106
2125,GS25성소병원점(편의점 내),051-635-0606,부산광역시 남구 못골로12번길 29 (대연동),부산광역시 남구 대연동 1766-27,35.1354256924458,129.085431254846,부산 남구 못골로12번길 29
2126,남천2동행정복지센터(1층 민원실 내),051-610-5911,"부산광역시 수영구 광안해변로 99, 남천2동 행정복지센터 1층 (남천동)",부산광역시 수영구 남천동 148-75 남천2동 행정복지센터,35.1438149169744,129.114746791326,부산 수영구 광안해변로 99
2127,수영구구민체육센터(2층 복도 다목적실 앞),051-715-4211,"부산광역시 수영구 광남로257번길 12, 1층 (민락동)",부산광역시 수영구 민락동 3,35.160945157083,129.126938180392,부산 수영구 광남로257번길 12
2128,수영구가족센터(1층 사무실 입구),051-758-3073,"부산광역시 수영구 황령산로7번길 45 (남천동, 헤리티지 남천)",부산광역시 수영구 남천동 57-3 헤리티지 남천,35.1458595080131,129.108515125156,부산 수영구 황령산로7번길 45
2129,영어도시퀸덤1차 아인슈타인타운(정문경비실),051-271-7781,"부산광역시 강서구 명지오션시티11로 51 (명지동, 영어도시 퀸덤1차)",부산광역시 강서구 명지동 3232 영어도시 퀸덤1차,35.0863723143638,128.899846498513,부산 강서구 명지오션시티11로 51
2130,도시철도서동역(역무안전실 출입문 옆),051-605-0279,"부산광역시 금정구 반송로 387, 서동지하철역 (서동)",부산광역시 금정구 서동 241 서동지하철역,35.2130595998556,129.107418849359,부산 금정구 반송로 387
2131,도시철도금사역(역무안전실 왼쪽코너옆),051-605-0279,"부산광역시 금정구 반송로 465, 금사 지하철 역 (금사동)",부산광역시 금정구 금사동 154-1 금사 지하철 역,35.2157717462804,129.115091142891,부산 금정구 반송로 465
2132,부산교통공사남산정역(역무안전실 출입문(외부)옆),051-678-6311,"부산광역시 북구 만덕대로 지하179, 남산정역 (만덕동)",부산광역시 북구 만덕동 706-6 남산정역,35.2133300831394,129.024155946176,부산 북구 만덕대로 지하 179
2133,부산교통공사숙등역(역무안전실 출입문(외부)옆),051-678-6312,"부산광역시 북구 만덕대로 지하79, 숙등역 (덕천동)",부산광역시 북구 덕천동 462 숙등역,35.2121463367969,129.013468826688,부산 북구 만덕대로 지하 79
2134,부산교통공사구포역(역무안전실 출입문(외부)옆),051-678-6314,"부산광역시 북구 낙동대로 1697, 구포역 (구포동)",부산광역시 북구 구포동 1154-1 구포역,35.2066707011261,128.996412729158,부산 북구 낙동대로 1697
2135,덕천동롯데아파트(관리사무소),051-343-4574,"부산광역시 북구 함박봉로 26 (덕천동, 덕천동 롯데아파트)",부산광역시 북구 덕천동 132-65 덕천동 롯데아파트,35.2095334334768,129.021080144507,부산 북구 함박봉로 26
2136,부산교통공사만덕역(역무안전실 출입문(외부)옆),051-678-6310,"부산광역시 북구 만덕대로 지하291, 만덕역 (만덕동)",부산광역시 북구 만덕동 607-1 만덕역,35.2129568402206,129.036150805802,부산 북구 만덕대로 지하 291
2137,GS25기장희망협동조합점(매장 내),051-723-0905,"부산광역시 기장군 일광읍 일광로 517, 1층",부산광역시 기장군 일광읍 동백리 160-3,35.2887546152832,129.256404145378,부산 기장군 일광읍 일광로 517
2138,임랑해수욕장(행정봉사실 내),051-709-4426,"부산광역시 기장군 장안읍 임랑해안길 71, 비치팬션",부산광역시 기장군 장안읍 임랑리 1-34 비치팬션,35.3203441552305,129.265469969027,부산 기장군 장안읍 임랑해안길 71
2139,안평역(2층 출입문 입구),051-678-6414,"부산광역시 기장군 철마면 반송로 1101, 안평역",부산광역시 기장군 철마면 안평리 543-23 안평역,35.2375139330931,129.172045993745,부산 기장군 철마면 반송로 1101
2140,기장군농업기술센터(농업아카데미관 1층 로비),051-709-5302,"부산광역시 기장군 기장읍 반송로 1370-22, 농업기술센터",부산광역시 기장군 기장읍 만화리 333-28 농업기술센터,35.2525907575253,129.195309234128,부산 기장군 기장읍 반송로 1370-22
2141,기장군도시관리공단-물빛공원파크골프장(사무실 입구),051-792-4892,부산광역시 기장군 정관읍 모전로 29,부산광역시 기장군 정관읍 모전리 677,35.340932143526,129.166505372781,부산 기장군 정관읍 모전로 29
2142,동래역4호선(역무안전실 앞),051-678-6402,"부산광역시 동래구 충렬대로 지하147, 도시철도 4호선 동래역 (온천동)",부산광역시 동래구 온천동 1486-9 도시철도 4호선 동래역,35.2048073933041,129.077082014486,부산 동래구 충렬대로 지하 147
2143,온천장역(역무안전실 인근),051-678-6127,"부산광역시 동래구 중앙대로 1520, 도시철도온천장역 (온천동)",부산광역시 동래구 온천동 1750번지 1호 도시철도온천장역,35.2202759023492,129.086397604201,부산 동래구 중앙대로 1520
2144,주례반도보라매머드타운(관리사무소),051-312-2230,"부산광역시 사상구 백양대로 372-22 (주례동, 반도보라메머드타운)",부산광역시 사상구 주례동 10-21 반도보라메머드타운,35.1550766261996,129.013063989359,부산 사상구 백양대로 372-22
2145,부산우편집중국(1층 후문 엘레베이터),051-600-5510,"부산광역시 강서구 대저로49번길 22, 부산우편집중국 (대저1동)",부산광역시 강서구 대저1동 1549 부산우편집중국,35.2178337324827,128.957955639611,부산 강서구 대저로49번길 22
2146,"롯데캐슬골드2단지(615동 3,4라인옆 관리동 관리사무소내)",051-583-6810,"부산광역시 금정구 금강로 503 (구서동, 롯데캐슬골드2단지)",부산광역시 금정구 구서동 1049 롯데캐슬골드2단지,35.2527047089381,129.086499427303,부산 금정구 금강로 503
2148,감만현대1차아파트(관리사무소 앞),051-635-6855,"부산광역시 남구 우암로2번길 5  (감만동, 감만 현대1차아파트)",부산광역시 남구 감만동 225-2 감만 현대1차아파트,35.1116284133821,129.08278722916,부산 남구 우암로2번길 5
2150,금정국민체육센터(지하2층 로비),051-517-3693,"부산광역시 금정구 서부로 109, 금정국민체육센터 (부곡동)",부산광역시 금정구 부곡동 961 금정국민체육센터,35.219447403959,129.096142463588,부산 금정구 서부로 109
2151,구서쌍용예가2단지(관리사무소),051-515-2200,"부산광역시 금정구 금샘로 262 (구서동, 쌍용예가2단지)",부산광역시 금정구 구서동 1059 쌍용예가2단지,35.2456239111014,129.085885688406,부산 금정구 금샘로 262
2152,더샵센텀스타아파트(B동 2층),051-783-5500,"부산광역시 해운대구 센텀동로 123 (재송동, 더샵센텀스타아파트)",부산광역시 해운대구 재송동 1196 더샵센텀스타아파트,35.1773956856851,129.124998931426,부산 해운대구 센텀동로 123
2153,더샵센텀스타아파트(A동 1층),051-783-5500,"부산광역시 해운대구 센텀동로 123 (재송동, 더샵센텀스타아파트)",부산광역시 해운대구 재송동 1196 더샵센텀스타아파트,35.1773956856851,129.124998931426,부산 해운대구 센텀동로 123
2154,서면역부산2호선(역무안전실 인근),051-678-6119,"부산광역시 부산진구 중앙대로 지하730, 서면역 (부전동)",부산광역시 부산진구 부전동 573-1 서면역,35.157764059003,129.059035752371,부산 부산진구 중앙대로 지하 730
2155,GS2개금큰시장점(편의점 내),010-****-****,부산광역시 부산진구 엄광로 19 (개금동),부산광역시 부산진구 개금동 615-17,35.1483684416658,129.018302897923,부산 부산진구 엄광로 19
2156,전포역부산2호선(대합실 85번 보충기 옆),051-678-6218,"부산광역시 부산진구 전포대로 지하181, 전포역 (전포동)",부산광역시 부산진구 전포동 870-1 전포역,35.1528347392059,129.065363249745,부산 부산진구 전포대로 지하 181
2157,동의대역부산2호선(역무안전실 보충기 옆),051-678-6222,"부산광역시 부산진구 가야대로 지하554, 동의대역 (가야동)",부산광역시 부산진구 가야동 236-4 동의대역,35.1540395614292,129.032552773691,부산 부산진구 가야대로 지하 554
2158,양정역부산1호선(역무안전실 인근),051-678-6151,"부산광역시 부산진구 중앙대로 지하930, 양정역 (양정동)",부산광역시 부산진구 양정동 408-4 양정역,35.172966889552,129.071221709878,부산 부산진구 중앙대로 지하 930
2159,개금역부산2호선(대합길 길안내 키오스크 옆),051-678-6223,"부산광역시 부산진구 가야대로 지하442, 개금역 (개금동)",부산광역시 부산진구 개금동 487-2 개금역,35.1531942927238,129.020373573473,부산 부산진구 가야대로 지하 442
2160,가야역부산2호선(역무안전실 출입문(외부)옆),051-678-6221,"부산광역시 부산진구 가야대로 지하650, 가야역 (가야동)",부산광역시 부산진구 가야동 15-13 가야역,35.1558739907577,129.042819597165,부산 부산진구 가야대로 지하 650
2161,부암역부산2호선(대합실 85번 보충기 옆),051-678-6220,"부산광역시 부산진구 가야대로 지하719, 지하철 부암역 (부전동)",부산광역시 부산진구 부전동 368-12 지하철 부암역,35.1574359013428,129.050428497747,부산 부산진구 가야대로 지하 719
2162,낙동강관리본부(파크골프장 18홀 14번 여자화장실),051-310-6062,"부산광역시 북구 생태공원길 270, 파크골프장 (화명동)",부산광역시 북구 화명동 1718-14 파크골프장 여자화장실,35.2395857195123,129.007802918906,부산 북구 생태공원길 270
2163,사상중흥S-클래스그랜드센트럴(관리동내),051-305-2721,"부산광역시 사상구 사상로 300 (덕포동, 사상중흥S-클래스그랜드센트럴)",부산광역시 사상구 덕포동 220 사상중흥S-클래스그랜드센트럴,35.1716317464552,128.983687212587,부산 사상구 사상로 300
2164,지하철2호선센텀시티역(역무실안전실 앞),051-678-6206,"부산광역시 해운대구 센텀남대로 지하76, 부산지하철 센텀시티역 (우동)",부산광역시 해운대구 우동 1524 부산지하철 센텀시티역,35.1692784253147,129.13236458411,부산 해운대구 센텀남대로 지하 76
2165,사상구장애인근로작업장(2층 승강기 옆),051-304-9747,부산광역시 사상구 모라로192번길 2 (모라동),부산광역시 사상구 모라동 75-1,35.1854553747347,129.000338292204,부산 사상구 모라로192번길 2
2166,사상구청소년수련관(2층 프로그램실 앞),051-316-2214,"부산광역시 사상구 덕상로 129, 사상구청소년수련관 (모라동)",부산광역시 사상구 모라동 1365-1 사상구청소년수련관,35.1833170145427,128.990560489725,부산 사상구 덕상로 129
2167,사상구장애인복지관(복지관 1층),051-302-5533,"부산광역시 사상구 모라로192번길 21, 사상구장애인복지관 (모라동)",부산광역시 사상구 모라동 75-9 사상구장애인복지관,35.1848967764013,129.00092503007,부산 사상구 모라로192번길 21
2168,해운대수목원(해운대수목원 안내소),051-888-7136,"부산광역시 해운대구 양운로37번길 59, 해운대구보건소 (좌동)",부산광역시 해운대구 석대동 77,35.1641127009786,129.178659397782,부산 해운대구 양운로37번길 59
2169,삼락생태공원(삼락생태공원 파크골프장 8번홀(8번 주차장)연꽃구장),051-303-0048,"부산광역시 사상구 낙동대로 1231, 강변공원관리사무소 (삼락동)",부산광역시 사상구 삼락동 617-3 강변공원관리사무소,35.1700126498046,128.976569862855,부산 사상구 낙동대로 1231
2170,GS25송정중앙로점(매장 내),051-704-7805,"부산광역시 해운대구 송정중앙로 25, 송정 빌딩 (송정동)",부산광역시 해운대구 송정동 200-19 송정 빌딩,35.1828242966235,129.20352213739,부산 해운대구 송정중앙로 25
2171,삼락생태공원(파크골프장 장애인파크골프장 동호회사무실),051-303-0048,"부산광역시 사상구 낙동대로 1231, 강변공원관리사무소 (삼락동)",부산광역시 사상구 삼락동 617-3 강변공원관리사무소,35.1700126498046,128.976569862855,부산 사상구 낙동대로 1231
2172,더샵남천프레스티지아파트(정문경비실 내),051-911-0881,"부산광역시 수영구 수영로 389 (남천동, 더샵 남천프레스티지)",부산광역시 수영구 남천동 599 더샵 남천프레스티지,35.1423137657431,129.105669413733,부산 수영구 수영로 389
2174,좌4동행정복지센터(1층 화장실 앞),051-749-6811,"부산광역시 해운대구 좌동순환로 183, 좌4동주민센터 (좌동)",부산광역시 해운대구 좌동 1407-6 좌4동주민센터,35.1778884519542,129.176255550502,부산 해운대구 좌동순환로 183
2175,대신해모로센트럴아파트(관리사무소 옆),051-243-6011,"부산광역시 서구 대티로 178 (서대신동2가, 대신해모로센트럴아파트)",부산광역시 서구 서대신동2가 394-7 대신해모로센트럴아파트,35.1113590671005,129.011559245152,부산 서구 대티로 178
2176,한국해양과학기술원(제5연구동 1층),051-664-9161,"부산광역시 영도구 해양로 385, 한국해양과학기술원 (동삼동)",부산광역시 영도구 동삼동 1166 한국해양과학기술원,35.075783163218,129.078708873135,부산 영도구 해양로 385
2177,스투트가르트스포츠카(주)기장지점(1층),051-930-0430,부산광역시 기장군 일광읍 기장대로 1047-10,부산광역시 기장군 일광읍 화전리 35-1,35.2880764133801,129.233217071495,부산 기장군 일광읍 기장대로 1047-10
2178,문현3동행정복지센터(민원실 1층내부),051-607-6941,"부산광역시 남구 고동골로4번길 7-18, 문현3동주민센터 (문현동)",부산광역시 남구 문현동 205-44 문현3동주민센터,35.1381455685978,129.071687672744,부산 남구 고동골로4번길 7-18
2179,문현현대아파트(문현현대아파트 관리사무소 입구 옆),051-635-5288,부산광역시 남구 진남로198번길 9-1,부산광역시 남구 문현동  73-1 현대아파트,35.144451503065,129.079619953916,부산 남구 진남로198번길 9-1
2180,대연롯데캐슬레전드(관리사무소 내),051-647-8326,부산광역시 남구 수영로 135  (대연동),부산광역시 남구 대연동 1598-1,35.1351592669846,129.080302708807,부산 남구 수영로 135
2181,부산해양경찰서 경비구조과(송정파출소 청사 내),051-664-2246,"부산광역시 해운대구 송정해변로 1-23, 송정파출소 (송정동)",부산광역시 해운대구 송정동 산 52-1 송정파출소,35.1799192980989,129.206081583913,부산 해운대구 송정해변로 1-23
2182,도시철도 망미역(역무안전실 앞),051-678-6302,"부산광역시 수영구 연수로 지하 337, 도시철도 망미역 (망미동)",부산광역시 수영구 망미동 603번지 2호 도시철도 망미역,35.1714832685684,129.108466987369,부산 수영구 연수로 지하 337
2183,(주)휴넥트(사무실 내),051-850-2023,"부산광역시 연제구 중앙대로 1217, 국제문화센터 17층 (거제동)",부산광역시 연제구 거제동 76-2 국제문화센터,35.1959158710317,129.079314109005,부산 연제구 중앙대로 1217
2184,(주)비엠티(본관 1층),051-780-5032,부산광역시 기장군 장안읍 신소재산단2로 17,부산광역시 기장군 장안읍 반룡리 878-1,35.3417947158768,129.26689248965,부산 기장군 장안읍 신소재산단2로 17
2185,행복동구건강생활지원센터(행복동구 건강생활지원센터 1층 남자화장실 옆),051-440-6380,부산광역시 동구 안창로 90 (범일동),부산광역시 동구 범일동 1545번지 4호,35.1444901275321,129.039668083961,부산 동구 안창로 90
2186,대우그린아파트(아파트 경비실 내),051-621-3854,부산광역시 남구 황령대로319번가길 190-6,부산광역시 남구 황령대로319번가길 190-6,35.1510940817367,129.089006435989,부산 남구 황령대로319번가길 190-6
2187,대연파크푸르지오아파트(아파트 도서관 앞),051-627-8882,부산광역시 남구 홍곡로 360  (대연동),부산광역시 남구 대연동 1160-1,35.1253456097927,129.090820034146,부산 남구 홍곡로 360
2188,부산광역시서구보건소(3층 보건행정과(주민대여용)),051-240-4873,"부산광역시 서구 부용로 30, 서구보건소 부민노인복지관 (부용동2가)",부산광역시 서구 부용동2가 86 서구보건소 부민노인복지관,35.1074360292851,129.018038350622,부산 서구 부용로 30
2189,감천1동주민센터(감천1동 행정복지센터 출입구),051-220-5421,"부산광역시 사하구 감천로 97, 감천1동 행정복지센터 (감천동)",부산광역시 사하구 감천동 486-3 감천1동 행정복지센터,35.088418139666,129.002839583913,부산 사하구 감천로 97
2190,비치그린아파트(아파트 108동 앞 경비실),051-755-5826,"부산광역시 수영구 광일로 49  (광안동, 비치그린아파트)",부산광역시 수영구 광안동 529 비치그린아파트,35.163078915946,129.109265797747,부산 수영구 광일로 49
2191,대연푸르지오클라센트(1단지 생활지원센터 출입통로),051-626-7172,"부산광역시 남구 유엔로 81, 대연푸르지오클라센트 (대연동)",부산광역시 남구 대연동 1203-100,35.1290634154305,129.085064400067,부산 남구 유엔로 81
2192,대연푸르지오클라센트(커뮤니티 1층),051-626-7172,"부산광역시 남구 유엔로 81, 대연푸르지오클라센트 (대연동)",부산광역시 남구 대연동 1203-100,35.1290634154305,129.085064400067,부산 남구 유엔로 81
2193,현대비치아파트(관리사무소 내 2층 입구),051-611-1884,"부산광역시 남구 용호로42번길 14(용호동, 현대비치아파트)",부산광역시 남구 용호동 181-1 현대비치아파트,35.12695487974,129.108422424688,부산 남구 용호로42번길 14
2194,일신프리빌리지(아파트 출입구 주경비실 내),051-628-6714,"부산광역시 남구 용호로 34 (용호동, 일신프리빌리지)","부산광역시 남구 용호동  179-4 일신프리빌리지 (용호동, 일신프리빌리지)",35.1264844347542,129.107746359289,부산 남구 용호로 34
2195,GS25부경대점(매장 내),051-622-7445,"부산광역시 남구 용소로 46, GS25 (대연동)",부산광역시 남구 대연동 519-1 GS25,35.133361803986,129.100799098154,부산 남구 용소로 46
2196,"부산지방검찰청(검찰청 3층 5,6호기 엘리베이터 앞)",051-606-4576,"부산광역시 연제구 법원로 15, 부산 검찰청 청사 (거제동)",부산광역시 연제구 거제동 1501 부산 검찰청 청사,35.1914031903554,129.071975656665,부산 연제구 법원로 15
2197,"부산지방검찰청(검찰청 6층 5,6호기 엘리베이터 앞)",051-606-4576,"부산광역시 연제구 법원로 15, 부산 검찰청 청사 (거제동)",부산광역시 연제구 거제동 1501 부산 검찰청 청사,35.1914031903554,129.071975656665,부산 연제구 법원로 15
2198,"부산지방검찰청(검찰청 8층 5,6호기 엘리베이터 앞)",051-606-4576,"부산광역시 연제구 법원로 15, 부산 검찰청 청사 (거제동)",부산광역시 연제구 거제동 1501 부산 검찰청 청사,35.1914031903554,129.071975656665,부산 연제구 법원로 15
2199,부산지방검찰청(검찰청 1층 상황실 앞),051-606-4576,"부산광역시 연제구 법원로 15, 부산 검찰청 청사 (거제동)",부산광역시 연제구 거제동 1501 부산 검찰청 청사,35.1914031903554,129.071975656665,부산 연제구 법원로 15
2200,"부산지방검찰청(검찰청 10층 5,6호기 엘리베이터 앞)",051-606-4576,"부산광역시 연제구 법원로 15, 부산 검찰청 청사 (거제동)",부산광역시 연제구 거제동 1501 부산 검찰청 청사,35.1914031903554,129.071975656665,부산 연제구 법원로 15
2201,대우이안아파트(정문경비실),051-939-1600,"부산광역시 북구 화명신도시로 145 (화명동, 대우이안)",부산광역시 북구 화명동 2262 대우이안,35.2371706524696,129.009954863836,부산 북구 화명신도시로 145
2202,시청앞행복주택2단지(시청앞 행복주택 2단지 관리사무소),010-****-****,부산광역시 연제구 중앙대로1038번길 40 (연산동),부산광역시 연제구 연산동 1590-25,35.179254189421,129.078446100303,부산 연제구 중앙대로1038번길 40
2203,금정국민체육센터(2023.9.7.폐기.시스템 장비연번 오류로 직권 수정),051-517-3693,부산광역시 금정구 서부로 109 금정국민체육센터,부산광역시 금정구 부곡동  961 금정국민체육센터 금정국민체육센터,35.219447403959,129.096142463588,부산 금정구 서부로 109
2204,부산혜성학교(별관2층 급식실 앞),051-640-6700,"부산광역시 남구 진남로166번길 10-9, 부산혜성학교 (대연동)",부산광역시 남구 대연동 1573-8 부산혜성학교,35.1417836126229,129.079971918985,부산 남구 진남로166번길 10-9
2205,부산혜성학교(본관1층 현관),051-640-6700,"부산광역시 남구 진남로166번길 10-9, 부산혜성학교 (대연동)",부산광역시 남구 대연동 1573-8 부산혜성학교,35.1417836126229,129.079971918985,부산 남구 진남로166번길 10-9
2206,부산혜성학교(보건실 내),051-640-6700,"부산광역시 남구 진남로166번길 10-9, 부산혜성학교 (대연동)",부산광역시 남구 대연동 1573-8 부산혜성학교,35.1417836126229,129.079971918985,부산 남구 진남로166번길 10-9
2207,부산연제경찰서(1층민원실),051-750-0321,부산광역시 연제구 토곡로 26 1층 민원실,부산광역시 연제구 연산동 243-11 연제경찰서 1층 민원실,35.1822298170439,129.104511753661,부산 연제구 토곡로 26
2208,부산지방국토관리청(본관 1층 현관),051-660-1023,"부산광역시 동구 초량중로 67, 부산지방국토관리청 (초량동)",부산광역시 동구 초량동 296-3 부산지방국토관리청,35.1179340082503,129.038238625761,부산 동구 초량중로 67
2209,빌라쥬드아난티(스프링팰리스 의무실),010-****-****,부산광역시 기장군 기장읍 기장해안로 267-7,부산광역시 기장군 기장읍 시랑리 733,35.1986613756611,129.221107738456,부산 기장군 기장읍 기장해안로 267-7
2210,롯데월드어드벤쳐부산(파크내(로리캐슬)),051-794-5712,부산광역시 기장군 기장읍 동부산관광로 42,부산광역시 기장군 기장읍 시랑리 산 46,35.1961130003038,129.213344761055,부산 기장군 기장읍 동부산관광로 42
2211,빌라쥬드아난티(아난티 앳 부산 12층 의무실),010-****-****,부산광역시 기장군 기장읍 기장해안로 267-7,부산광역시 기장군 기장읍 시랑리 733,35.1986613756611,129.221107738456,부산 기장군 기장읍 기장해안로 267-7
2212,삼락생태공원오토캠핑장(삼락생태공원 오토캠핑장시설 사무실 앞),051-310-6062,"부산광역시 사상구 낙동대로 1231, 강변공원관리사무소 (삼락동)",부산광역시 사상구 삼락동 617-3 강변공원관리사무소,35.1700126498046,128.976569862855,부산 사상구 낙동대로 1231
2213,삼락생태공원수상레포츠시설(삼락생태공원 수상레포츠 시설 사무실 안),051-310-6062,"부산광역시 사상구 낙동대로 1231, 강변공원관리사무소 (삼락동)",부산광역시 사상구 삼락동 617-3 강변공원관리사무소,35.1700126498046,128.976569862855,부산 사상구 낙동대로 1231
2214,삼락생태공원(삼락생태공원  파크골프장 사무실(36홀)),051-303-0048,"부산광역시 사상구 낙동대로 1231, 강변공원관리사무소 (삼락동)",부산광역시 사상구 삼락동 617-3 강변공원관리사무소,35.1700126498046,128.976569862855,부산 사상구 낙동대로 1231
2215,조광요턴(주)(물류 사무실),051-797-6000,부산광역시 강서구 과학산단1로 96 (지사동),부산광역시 강서구 지사동 1205,35.1438281187103,128.824583258314,부산 강서구 과학산단1로 96
2216,조광요턴(주)(사무동 로비),051-797-6000,부산광역시 강서구 과학산단1로 96 (지사동),부산광역시 강서구 지사동 1205,35.1438281187103,128.824583258314,부산 강서구 과학산단1로 96
2217,정관박물관(1층 로비),051-720-6912,"부산광역시 기장군 정관읍 정관중앙로 122, 정관박물관",부산광역시 기장군 정관읍 방곡리 442 정관박물관,35.3271256208974,129.182956673957,부산 기장군 정관읍 정관중앙로 122
2218,롯데낙천대아파트(관리사무소 입구),051-333-2264,"부산광역시 북구 화명신도시로 156 (화명동, 롯데아파트낙천대)",부산광역시 북구 화명동 2264 롯데아파트낙천대,35.2374576879253,129.011867869707,부산 북구 화명신도시로 156
2219,"힐스테이트가야1,2차신축공사현장(현대건설 사무실)",051-898-5032,부산광역시 부산진구 냉정로 274 (가야동),부산광역시 부산진구 가야동 596-20,35.150943920024,129.029701664508,부산 부산진구 냉정로 274
2220,"힐스테이트가야1,2차신축공사현장(가야동 197번지 경비실 앞(현장))",051-898-5032,부산광역시 부산진구 냉정로 274 (가야동),부산광역시 부산진구 가야동 596-20,35.150943920024,129.029701664508,부산 부산진구 냉정로 274
2221,"힐스테이트가야1,2차신축공사현장(가야동 197번지 응급구조함)",051-898-5032,부산광역시 부산진구 냉정로 274 (가야동),부산광역시 부산진구 가야동 596-20,35.150943920024,129.029701664508,부산 부산진구 냉정로 274
2222,낙동강관리본부(탐방체엄장 1층 입구),051-310-6062,"부산광역시 사하구 낙동남로 1240-10, 낙동강하구에코센터탐방체험장 (하단동)",부산광역시 사하구 하단동 1211-1 낙동강하구에코센터탐방체험장,35.1044912547581,128.945980683959,부산 사하구 낙동남로 1240
2223,낙동강관리본부(화명파크골프장(13번 여자 화장실)),051-310-6062,부산광역시 북구 생태공원길 167 (화명동),부산광역시 북구 화명동 1718-8,35.2303383137962,129.00504472465,부산 북구 생태공원길 167
2224,낙동강관리본부(치료센터 사무실 옆),051-310-6062,"부산광역시 사하구 낙동남로 1240-2, 야생동물치료센터 (하단동)",부산광역시 사하구 하단동 1207-1 야생동물치료센터,35.1044912547581,128.945980683959,부산 사하구 낙동남로 1240
2225,낙동강관리본부(화명캠핑장(사무실 안)),051-310-6062,"부산광역시 북구 낙동강자전거길 1425, 화명캠핑장 (덕천동)",부산광역시 북구 덕천동 763,35.2163777948624,128.999546395503,부산 북구 낙동강자전거길 1425
2226,낙동강관리본부(대저생태공원관리사무소안),051-310-6062,"부산광역시 강서구 공항로 1246, 대저생태공원 관리사무소 (대저1동)",부산광역시 강서구 대저1동 2314-11 대저생태공원 관리사무소,35.2098489215235,128.984556072976,부산 강서구 공항로 1246
2227,부암3동주민센터(주민센터 1층 민원실 내),051-605-6722,부산광역시 부산진구 백양순환로110번길 25  (부암동),부산광역시 부산진구 부암동 441-7 부암3동 주민센터,35.1690160658878,129.039653178323,부산 부산진구 백양순환로110번길 25
2228,부산광역시상수도사업본부해운대사업소(청사 1층 현관),051-669-5354,부산광역시 해운대구 마린시티1로 7 (우동),부산광역시 해운대구 우동 1404,35.1595345710569,129.143192847214,부산 해운대구 마린시티1로 7
2229,의료법인영재의료재단큰솔2병원(인공신장실),051-322-0050,부산광역시 사상구 학장로 189 (학장동),부산광역시 사상구 학장동 400,35.1436526094493,128.987213806495,부산 사상구 학장로 189
2230,코스트코코리아부산점(1층 검품장 데스크),18999900,"부산광역시 수영구 구락로 137, 코스트코홀세일 부산점 (망미동)",부산광역시 수영구 망미동 195-1 코스트코홀세일 부산점,35.1785037434279,129.115262179836,부산 수영구 구락로 137
2231,코스트코코리아부산점(2층 엘리베이터홀 입구),18999900,"부산광역시 수영구 구락로 137, 코스트코홀세일 부산점 (망미동)",부산광역시 수영구 망미동 195-1 코스트코홀세일 부산점,35.1785037434279,129.115262179836,부산 수영구 구락로 137
2232,부산광역시상수도사업본부기장사업소(청사 내 로비),051-669-5551,부산광역시 기장군 기장읍 차성동로31번길 10,부산광역시 기장군 기장읍 대라리 121-1,35.2407652238986,129.215973147514,부산 기장군 기장읍 차성동로31번길 10
2234,하이록코리아주식회사(3공장 자재팀 사무실),051-970-0954,부산광역시 강서구 녹산산단27로 92 (송정동),부산광역시 강서구 송정동 1469-1,35.0991148434249,128.831075265404,부산 강서구 녹산산단27로 92
2235,e편한세상시민공원아파트(커뮤니티센터 안내데스크),051-816-3361,부산광역시 부산진구 진남로 455 (전포동),부산광역시 부산진구 전포동 15-2,35.1663369587468,129.068850570712,부산 부산진구 진남로 455
2236,대연동 푸르지오 아파트(104동 1층 입구),051-623-6802,"부산광역시 남구 수영로325번길 12 (대연동, 부산대연동푸르지오)",부산광역시 남구 대연동 93-3 부산대연동푸르지오,35.1387844865167,129.101979990195,부산 남구 수영로325번길 12
2237,수영구청광안2동(광안2동주민센타1층 민원실 입구),051-610-5961,부산광역시 수영구 광안로16번길 22 광안2동주민센타,부산광역시 수영구 광안동  509-19 광안2동주민센터 광안2동주민센타,35.1557622398665,129.113831837329,부산 수영구 광안로16번길 22
2238,금호센트럴베이행복주택일광관리사무소(관리사무소 내),010-****-****,부산광역시 기장군 일광읍 해빛1로 61 (금호 센트럴베이 행복주택 일광),부산광역시 기장군 일광읍 삼성리 853 금호 센트럴베이 행복주택 일광,35.2607952781356,129.224005976511,부산 기장군 일광읍 해빛1로 61
2239,금호센트럴베이행복주택일광관리사무소(정문 경비실 내),010-****-****,부산광역시 기장군 일광읍 해빛1로 61 (금호 센트럴베이 행복주택 일광),부산광역시 기장군 일광읍 삼성리 853 금호 센트럴베이 행복주택 일광,35.2607952781356,129.224005976511,부산 기장군 일광읍 해빛1로 61
2240,부산항만공사(부산항만공사 감천사업소),051-999-2137,"부산광역시 사하구 감천항로 35, 1층 (감천동)",부산광역시 사하구 감천동 441-15,35.0842603928192,128.999966280814,부산 사하구 감천항로 35
2241,해양환경공단부산지사(부산광역시 중구 중앙대로 63 11층 해양환경공단 부산지사 사무실),051-466-3916,"부산광역시 중구 중앙대로 63, 해양환경공단 부산지사 11층 (중앙동3가)",부산광역시 중구 중앙동3가 1 부산우체국,35.1033635843477,129.035976109264,부산 중구 중앙대로 63
2242,효성전기(주)(1층 로비),051-720-6300,"부산광역시 기장군 장안읍 장안산단9로 190, (주)효성전기",부산광역시 기장군 장안읍 반룡리 839-3 (주)효성전기,35.3247524191488,129.256589341971,부산 기장군 장안읍 장안산단9로 190
2243,효성전기(주)(3층 서버실 옆),051-720-6300,"부산광역시 기장군 장안읍 장안산단9로 190, (주)효성전기",부산광역시 기장군 장안읍 반룡리 839-3 (주)효성전기,35.3247524191488,129.256589341971,부산 기장군 장안읍 장안산단9로 190
2244,엄궁한신2차아파트(관리사무소),051-322-6710,"부산광역시 사상구 엄궁로 40 (엄궁동, 엄궁2차한신아파트)",부산광역시 사상구 엄궁동 683-3 엄궁2차한신아파트,35.1245195206599,128.96924125613,부산 사상구 엄궁로 40
2245,트레이더스 홀세일 클럽 서면점(매장 1층 정문),051-718-1112,"부산광역시 부산진구 시민공원로 31, 이마트트레이더스서면점 (부암동)",부산광역시 부산진구 부암동 93 이마트트레이더스서면점,35.1639044537017,129.05255094433,부산 부산진구 시민공원로 31
2246,SK브로드밴드(1층 로비),051-940-3000,부산광역시 연제구 반송로 29 (연산동),부산광역시 연제구 연산동 588-20,35.1881310318524,129.0838026714,부산 연제구 반송로 29
2247,한국마사회부산동구지사(한국마사회 부산동부지사 3층),051-999-1014,"부산광역시 동구 자성로 134, 눌원빌딩 3층 (범일동)",부산광역시 동구 범일동 825-3 눌원빌딩,35.1366343699642,129.065039961193,부산 동구 자성로 134
2248,창신Inc(A-1동 1층 현장내 출입구 앞),051-290-4505,부산광역시 사하구 장평로 242 (신평동),부산광역시 사하구 신평동 558,35.0884052728594,128.973332857586,부산 사하구 장평로 242
2249,화명2동행정복지센터(주민센터 내 민원실),051-309-6321,부산광역시 북구 양달로 58,부산광역시 북구 화명동 318-2 화명2동 주민센터,35.2435185530891,129.019843763482,부산 북구 양달로 58
2250,기장군도시관리공단-기장시장공영주차장(1층복도),051-851-2190,부산광역시 기장군 기장읍 읍내로94번길 9,부산광역시 기장군 기장읍 대라리 427,35.2441933560146,129.214934961569,부산 기장군 기장읍 읍내로94번길 9
2251,부산고등검찰청(부산고등검찰청 1층 종합민원실 앞),051-606-3284,"부산광역시 연제구 법원로 15, 부산 검찰청 청사 (거제동)",부산광역시 연제구 거제동 1501 부산 검찰청 청사,35.1914031903554,129.071975656665,부산 연제구 법원로 15
2252,부산광역시연제구청(1층 민원안내센터 옆),051-665-4262,"부산광역시 연제구 연제로 2, 연제구청 (연산동)",부산광역시 연제구 연산동 1555 연제구청,35.1762117404623,129.07974560596,부산 연제구 연제로 2
2253,금곡마을1단지아파트(금곡마을1단지아파트 103동 1층),051-363-2116,"부산광역시 북구 효열로 268 (금곡동, 금곡1단지주공아파트)",부산광역시 북구 금곡동 53번지 1호 금곡1단지주공아파트,35.2677341935495,129.018995206358,부산 북구 효열로 268
2254,금곡마을1단지아파트(105동 1층),051-363-2116,"부산광역시 북구 효열로 268 (금곡동, 금곡1단지주공아파트)",부산광역시 북구 금곡동 53번지 1호 금곡1단지주공아파트,35.2677341935495,129.018995206358,부산 북구 효열로 268
2255,금곡마을1단지아파트(공창종합사회복지관 1층 주택관리공단 금곡1단지 관리사무소 옆),051-363-2116,"부산광역시 북구 효열로 268 (금곡동, 금곡1단지주공아파트)",부산광역시 북구 금곡동 53번지 1호 금곡1단지주공아파트,35.2677341935495,129.018995206358,부산 북구 효열로 268
2256,낙동강관리본부(파크골프장 내),051-310-6062,"부산광역시 강서구 공항로 1246, 대저생태공원 관리사무소 (대저1동)",부산광역시 강서구 대저1동 2314-11 대저생태공원 관리사무소,35.2098489215235,128.984556072976,부산 강서구 공항로 1246
2257,부곡늘푸른아파트(116동A),051-516-1136,"부산광역시 금정구 동현로 89(부곡동, 늘푸른아파트)",부산광역시 금정구 부곡동 957 늘푸른아파트,35.2205328034478,129.095082785931,부산 금정구 동현로 89
2258,선두구동주민센터(민원실),051-519-5340,부산광역시 금정구 두구죽전1길 13,부산광역시 금정구 두구동  174-1 선두구동주민센터,35.2982730109872,129.113347172459,부산 금정구 두구죽전1길 13
2259,GS25사직야구장점(매장 내),051-507-2502,"부산광역시 동래구 사직로 48, 호영빌딩 1층 (사직동)",부산광역시 동래구 사직동 92-8 호영빌딩,35.1958421010722,129.060371341412,부산 동래구 사직로 48
2260,GS25부산수영현대점(매장 내 취식테이블 옆),010-****-****,"부산광역시 수영구 수영로 775, 1층 (수영동)",부산광역시 수영구 수영동 529,35.1663964208644,129.123346916268,부산 수영구 수영로 775
2261,정관동일스위트2차아파트(경로당),051-728-6771,부산광역시 기장군 정관읍 정관3로 23 관리사무소 (정관동일스위트 2차),부산광역시 기장군 정관읍 정관3로 23  (정관동일스위트 2차),35.3284797639747,129.165298856214,부산 기장군 정관읍 정관3로 23
2262,수영구정신건강복지센터(정신건강복지센터(수영구보건소 별관 2층)),051-610-5620,"부산광역시 수영구 수영로 637-5, 수영구 보건소 2층 (광안동)",부산광역시 수영구 광안동 661-1 수영구 보건소,35.1624774001588,129.113488239708,부산 수영구 수영로 637-5
2263,부산김해경전철공항역(공항역 2번출구 옆),055-310-9604,"부산광역시 강서구 공항진입로 165, 부산김해경전철 공항역 (대저2동)",부산광역시 강서구 대저2동 2353-1 부산김해경전철 공항역,35.1719068103559,128.948586846191,부산 강서구 공항진입로 165
2264,진각복지재단낙동종합사회복지관(1층 로비),051-271-0560,"부산광역시 강서구 순아강변길 5, 낙동사회복지관 (명지동)",부산광역시 강서구 명지동 627-28 낙동사회복지관,35.1197618601388,128.902819257797,부산 강서구 순아강변길 5
2265,영선동반도보라아파트(단지입구 관제실),051-418-8900,"부산광역시 영도구 해안산책길 30 영선동반도보라아파트 관리사무실 (영선동4가, 영선동반도보라아파트)",부산광역시 영도구 영선동4가 186-46 영선동반도보라아파트 영선동반도보라아파트 관리사무실,35.0824525021607,129.040431961441,부산 영도구 해안산책길 30
2266,가락동행정복지센터(행정복지센터 출입문 통로),051-970-2951,"부산광역시 강서구 가락대로 1476, 가락동 주민센터 (죽림동)",부산광역시 강서구 죽림동 716-3 가락동 주민센터,35.1964065782397,128.901807628802,부산 강서구 가락대로 1476
2267,태광후지킨주식회사(E동 3층 입구 인근),051-899-6839,부산광역시 강서구 화전산단3로 32 (화전동),부산광역시 강서구 화전동 579-8,35.1080709478234,128.875814890578,부산 강서구 화전산단3로 32
2268,동구치매안심센터(치매안심센터 6층),051-440-9011,"부산광역시 동구 구청로 14, 동구보훈회관 (수정동)",부산광역시 동구 수정동 819-54 동구보훈회관,35.1283311370056,129.04500561611,부산 동구 구청로 14
2269,부산교통공사대저차량사업소(종합관리동 1층 로비),051-979-0119,"부산광역시 강서구 낙동북로 236, 부산교통공사 대저차량사업소 (대저1동)",부산광역시 강서구 대저1동 1619,35.2122106583622,128.954081571258,부산 강서구 낙동북로 236
2270,와이케이스틸(주)(정문 보안실),051-260-2114,"부산광역시 사하구 을숙도대로 760, 와이케이스틸(주) (구평동)",부산광역시 사하구 구평동 136-1,35.0846722674781,128.990936832373,부산 사하구 을숙도대로 760
2271,부산시설공단 스포원본부(동측(2-1)투표소 내),051-550-1516,"부산광역시 금정구 체육공원로399번길 324, 금정체육공원 (두구동)","부산광역시 금정구 체육공원로399번길 324, 금정체육공원 (두구동)",35.2891217351743,129.107042158715,부산 금정구 체육공원로399번길 324
2275,부산교통공사수정역(역무안전실 출입문(외부)옆),051-678-6234,"부산광역시 북구 금곡대로 지하160, 수정역 (화명동)",부산광역시 북구 화명동 941-1 수정역,35.2230835573286,129.009148601943,부산 북구 금곡대로 지하 160
2276,부산진구보건소(B동 2층 행정실),051-645-4000,"부산광역시 부산진구 황령대로8번길 36, 부산진보건소 (범천동)",부산광역시 부산진구 범천동 849-10 부산진보건소,35.1461171387257,129.059720559969,부산 부산진구 황령대로8번길 36
2277,금곡조성협진아파트(관리사무소),051-361-4405,"부산광역시 북구 효열로162번길 39(금곡동, 조성아파트)",부산광역시 북구 금곡동 97-11 조성아파트,35.2619607013496,129.018771837451,부산 북구 효열로162번길 39
2278,금곡한솔아파트(아파트관리사무소),051-362-3254,"부산광역시 북구 효열로 265  (금곡동, 한솔아파트)",부산광역시 북구 금곡동 56-1 한솔아파트,35.2660364322743,129.018303147659,부산 북구 효열로 265
2279,벽산라인타운아파트(관리사무소 1층로비),051-335-0337,"부산광역시 북구 덕천로 182  (만덕동, 벽산라인타운)",부산광역시 북구 만덕동 774-7 벽산라인타운,35.2102722134884,129.023603697746,부산 북구 덕천로 182
2280,벽산라인타운아파트(8초소내),051-335-0337,"부산광역시 북구 덕천로 182  (만덕동, 벽산라인타운)",부산광역시 북구 만덕동 774-7 벽산라인타운,35.2102722134884,129.023603697746,부산 북구 덕천로 182
2281,화명코오롱하늘채1차아파트(관리동 1층),051-342-1922,"부산광역시 북구 화명신도시로 70  (화명동, 코오롱하늘채1차아파트)",부산광역시 북구 화명동 2290 코오롱하늘채1차아파트,35.2307920262206,129.011545185865,부산 북구 화명신도시로 70
2282,금곡2단지아파트(관리사무소 내),051-361-2010,"부산광역시 북구 금곡대로616번길 10-9 (금곡동, 금곡2단지주공아파트)",부산광역시 북구 금곡동 98번지 1호 금곡2단지주공아파트,35.2598827791739,129.015196459368,부산 북구 금곡대로616번길 10-9
2283,화명푸르지오헤리센트(관리실 입구),051-925-3330,"부산광역시 북구 산성로 28(화명동, 화명푸르지오 헤리센트)",부산광역시 북구 화명동 1554-4 화명푸르지오 헤리센트,35.2391676993315,129.016022012086,부산 북구 산성로 28
2284,그린숲속아파트(아파트 경비실 내),051-362-6813,부산광역시 북구 산성로 88,부산광역시 북구 화명동  512 그린숲속아파트,35.240429013506,129.02353823947,부산 북구 산성로 88
2285,경남아너스빌(아파트 관리동 1층 공부방옆),051-361-6423,"부산광역시 북구 대천천길 37  (화명동, 경남아너스빌)",부산광역시 북구 화명동 196 경남아너스빌,35.241106239451,129.015548138623,부산 북구 대천천길 37
2286,e편한세상화명힐스아파트(아파트 정문 경비실),051-362-1782,"부산광역시 북구 화명대로 68  (화명동, 이편한세상화명힐스)",부산광역시 북구 화명동 1293-1 이편한세상화명힐스,35.2341460173073,129.014088301293,부산 북구 화명대로 68
2287,상록한신휴플러스아파트(관리사무소 내),051-335-7194,부산광역시 북구 함박봉로140번길 20  (만덕동),부산광역시 북구 만덕동 943-1 상록한신휴플러스 아파트,35.2040785992004,129.032993871776,부산 북구 함박봉로140번길 20
2288,백양디이스트아파트(관리사무소 내),051-336-9886,부산광역시 북구 덕천로276번길 60,부산광역시 북구 만덕동  955 백양산동문굿모닝힐,35.2058687951711,129.033190025409,부산 북구 덕천로276번길 60
2289,이편한세상금정산(3번 게이트 경비초소),051-336-1663,"부산광역시 북구 상학로 36(만덕동, 이편한세상 금정산)",부산광역시 북구 만덕동 962 이편한세상 금정산,35.2157515534228,129.038054428315,부산 북구 상학로 36
2290,금강펜테리움더스퀘어(보안실 내),051-895-3032,"부산광역시 부산진구 가야대로 450  (개금동, 금강펜테리움더스퀘어아파트)",부산광역시 부산진구 개금동 875 금강펜테리움더스퀘어아파트,35.1528383260911,129.021227204738,부산 부산진구 가야대로 450
2291,금곡주공6단지아파트(관리사무소 입구 옆),051-362-2010,"부산광역시 북구 효열로 38 (금곡동, 금곡6단지주공아파트)",부산광역시 북구 금곡동 1110번지 금곡6단지주공아파트,35.2496129813396,129.01486232623,부산 북구 효열로 38
2292,신평사랑채노인복지관(신평사랑채노인복지관 1층 사무실 앞),051-207-9544,부산광역시 사하구 다대로130번길 34  (신평동),부산광역시 사하구 신평동 111-185 신평사랑채노인복지관,35.0915952979683,128.977247903955,부산 사하구 다대로130번길 34
2293,율리마을아파트(301동(1라인 1층)),051-361-8454,"부산광역시 북구 화명신도시로 255, 301동 (금곡동, 율리마을주공아파트)",부산광역시 북구 금곡동 1882 율리마을주공아파트,35.2453932447009,129.010592292094,부산 북구 화명신도시로 255
2294,"금곡주공8,9단지아파트(금곡주공8,9단지아파트 관리사무소)",051-362-2060,"부산광역시 북구 효열로 98  (금곡동, 주공아파트)",부산광역시 북구 금곡동 810 주공아파트,35.2557384263358,129.01428326256,부산 북구 효열로 98
2295,기장교리주공아파트(104동 경로당 입구),051-722-1623,부산광역시 기장군 기장읍 차성로397번길 7,부산광역시 기장군 기장읍 차성로397번길 7,35.2538802471508,129.213446474087,부산 기장군 기장읍 차성로397번길 7
2296,화명한일유앤아이아파트(108동 앞 제3경비실),3610444,"부산광역시 북구 화명신도시로 194 (금곡동, 화명한일유앤아이)","부산광역시 북구 화명신도시로 194 (금곡동, 화명한일유앤아이)",35.2425002245561,129.012496205717,부산 북구 화명신도시로 194
2297,삼동보건진료소(진료실 내부),051-709-5345,부산광역시 기장군 철마면 철마삼동로 94,부산광역시 기장군 철마면 철마삼동로 94,35.3129241615893,129.115042473386,부산 기장군 철마면 철마삼동로 94
2298,오리보건진료소(1층 진료실 내),051-709-5342,"부산광역시 기장군 장안읍 오리길 3-6, 장안오리보건진료소",부산광역시 기장군 장안읍 명례리 169-12 장안오리보건진료소,35.3717737591332,129.261814321969,부산 기장군 장안읍 오리길 3-6
2299,수민동 주민센터(민원실 내),051-550-6305,"부산광역시 동래구 온천천로339번길 48, 수민동주민센터 (낙민동)","부산광역시 동래구 온천천로339번길 48, 수민동주민센터 (낙민동)",35.1960047787461,129.091034300464,부산 동래구 온천천로339번길 48
2300,사직1동 주민센터(민원실 내),051-550-6441,"부산광역시 동래구 석사로 19, 사직제1동주민센터 (사직동)","부산광역시 동래구 석사로 19, 사직제1동주민센터 (사직동)",35.1989564152789,129.061948042041,부산 동래구 석사로 19
2301,케이에이치남해서비스주식회사(출입문 입구),051-941-2110,부산광역시 강서구 남해2지선고속도로 19(대저2동),부산광역시 강서구 대저2동 4032,35.1572887943106,128.948762482451,부산 강서구 남해2지선고속도로 19
2302,의료법인영재의료재단큰솔2병원(3층 내과 외래),051-322-0050,부산광역시 사상구 학장로 189 (학장동),부산광역시 사상구 학장동 400,35.1436526094493,128.987213806495,부산 사상구 학장로 189
2303,의료법인영재의료재단큰솔2병원(6층 6병동),051-322-0050,부산광역시 사상구 학장로 189 (학장동),부산광역시 사상구 학장동 400,35.1436526094493,128.987213806495,부산 사상구 학장로 189
2304,부산광역시서구보건소(3층 보건행정과(주민대여용)),051-240-4873,"부산광역시 서구 부용로 30, 서구보건소 부민노인복지관 (부용동2가)",부산광역시 서구 부용동2가 86 서구보건소 부민노인복지관,35.1074360292851,129.018038350622,부산 서구 부용로 30
2306,해운대보건소(본소)(1층 물리치료실 앞),051-746-4000,"부산광역시 해운대구 양운로37번길 59, 해운대구보건소 (좌동)",부산광역시 해운대구 좌동 1339번지 해운대구보건소,35.1641127009786,129.178659397782,부산 해운대구 양운로37번길 59
2307,부산정관행복주택(관리사무소 앞),051-728-5851,부산광역시 기장군 정관읍 정관1로 51,부산광역시 기장군 정관읍 모전리 717번지,35.3419618136679,129.161652328411,부산 기장군 정관읍 정관1로 51
2308,거제2차현대홈타운아파트(정문 보안실내),051-504-0447,"부산광역시 연제구 법원북로 16 (거제동, 거제2차 현대홈타운)",부산광역시 연제구 거제동 1479번지 거제2차 현대홈타운,35.1925483818455,129.068128525269,부산 연제구 법원북로 16
2309,구서선경3차아파트(정문경비실측면),051-517-2151,부산광역시 금정구 두실로45번길 46 구서선경3차아파트,부산광역시 금정구 구서동  1014 선경3차아파트 구서선경3차아파트,35.2595143732317,129.085826182589,부산 금정구 두실로45번길 46
2310,세븐럭카지노부산롯데점(롯데호텔 3층 카지노 안내데스크 옆 사무실),051-665-6000,부산광역시 부산진구 가야대로 772 3층 (부전동),부산광역시 부산진구 가야대로 772 3층 (부전동),35.156789983664,129.056416218143,부산 부산진구 가야대로 772
2311,세븐럭카지노부산롯데점(부산롯데호텔 5층 직원복도),051-665-6000,"부산광역시 부산진구 가야대로 772, 부산롯데호텔 5층 (부전동)",부산광역시 부산진구 부전동 503-15 부산롯데호텔,35.156789983664,129.056416218143,부산 부산진구 가야대로 772
2312,동부아파트(관리사무소 옆 노인정 입구),051-701-0326,"부산광역시 해운대구 세실로 158  (좌동, 동부아파트)",부산광역시 해운대구 좌동 1412 동부아파트,35.1781816864775,129.178750414799,부산 해운대구 세실로 158
2313,부산남부경찰서(1층 로비 민원인 쉼터 옆),051-610-8370,부산광역시 남구 황령대로319번가길 81,부산광역시 남구 대연동 243-29 부산남부경찰서,35.1530077327294,129.089656871378,부산 남구 황령대로319번가길 81
2314,센텀트루엘아파트(2단지 경비실),051-524-2007,"부산광역시 해운대구 삼어로133번나길 18(반여동, 해운대 센텀트루엘 2단지)",부산광역시 해운대구 반여동 1676 해운대 센텀트루엘 2단지,35.2075988641233,129.118046154002,부산 해운대구 삼어로133번나길 18
2315,화명2차현대아파트(전기실 입구),051-364-2111,"부산광역시 북구 화명신도시로 48 (화명동, 화명2차현대아파트)",부산광역시 북구 화명동 2307번지 화명2차현대아파트,35.227309697318,129.01001401447,부산 북구 화명신도시로 48
2316,화명유림아파트(관리사무소 올라오는 계단),051-363-8100,부산 북구 화명동 749,부산광역시 북구 화명동 749번지 화명유림아파트,35.2348586252776,129.020646052987,부산 북구 화명동 749
2317,화명롯데캐슬카이저(커뮤니티),051-365-4044,"부산광역시 북구 금곡대로 166(화명동, 롯데캐슬카이저)",부산광역시 북구 화명동 2324 롯데캐슬카이저,35.2263603201003,129.012210130511,부산 북구 금곡대로 166
2318,화명롯데캐슬카이저(아파트 정문 보안실),051-365-4044,"부산광역시 북구 금곡대로 166(화명동, 롯데캐슬카이저)",부산광역시 북구 화명동 2324 롯데캐슬카이저,35.2263603201003,129.012210130511,부산 북구 금곡대로 166
2319,화명롯데캐슬카이저(관리사무실),051-365-4044,부산광역시 북구 금곡대로 166 (화명동) 화명롯데캐슬카이저,부산광역시 북구 금곡대로 166 (화명동) 화명롯데캐슬카이저,35.2263603201003,129.012210130511,부산 북구 금곡대로 166
2322,부산북구치매안심센터(4층 로비),051-309-5291,"부산광역시 북구 덕천로 123, 덕천3동공영주차장 (덕천동)",부산광역시 북구 덕천동 139-3 덕천3동공영주차장,35.2105402968495,129.018131881921,부산 북구 덕천로 123
2323,만덕3동행정복지센터(만덕3동주민센터 민원실),051-309-6461,부산광역시 북구 만덕3로 52,부산광역시 북구 만덕동  916-3 만덕3동 주민센터,35.2113813546701,129.029153343055,부산 북구 만덕3로 52
2325,주례1동행정복지센터(주례1동주민센터 내),051-310-3141,"부산광역시 사상구 가야대로255번길 17, 주례1동 행정복지센터 (주례동)",부산광역시 사상구 주례동 437-1 주례1동 행정복지센터,35.1513390383255,129.001098791036,부산 사상구 가야대로255번길 17
2326,거제1차현대홈타운(관리사무소앞),051-501-9153,"부산광역시 연제구 법원북로 34 관리사무소 앞 (거제동, 거제1차 현대홈타운)",부산광역시 연제구 거제동 1481 거제1차 현대홈타운 관리사무소 앞,35.1924298960748,129.071121435861,부산 연제구 법원북로 34
2327,도시철도연산역(역무안전실 인근),051-678-6305,"부산광역시 연제구 중앙대로 지하 1101, 도시철도연산역 지하층 (연산동)","부산광역시 연제구 중앙대로 지하 1101, 도시철도연산역 (연산동)",35.1860724027287,129.081505014634,부산 연제구 중앙대로 지하 1101
2328,만덕2동행정복지센터(만덕2동주민센터 민원실),051-309-6441,부산광역시 북구 만덕2로44번길 10,부산광역시 북구 만덕동  289-1 만덕2동주민센터,35.2101850982419,129.037203085361,부산 북구 만덕2로44번길 10
2329,사상스마트병원(의료기관 내 4층 병동),051-322-3000,부산광역시 사상구 학감대로 269 (감전동),부산광역시 사상구 감전동 118-10,35.1550682180232,128.990515024369,부산 사상구 학감대로 269
2330,다대자유아파트(아파트입구 관리사무소 맞은편 경비실내),051-263-7746,"부산광역시 사하구 다대로 617 (다대동, 다대자유아파트)","부산광역시 사하구 다대동  382-3 다대자유아파트 (다대동, 다대자유아파트)",35.0516153734285,128.971564860205,부산 사하구 다대로 617
2331,부산시각장애인복지관부설주간보호센터(부산시각장애인복지관 신관 3층),3381494,"부산광역시 북구 시랑로132번길 38, 부산시각장애인복지관 1층 (구포동)",부산광역시 북구 구포동 1254번지 3호 부산시각장애인복지관,35.1950651326195,129.007901306742,부산 북구 시랑로132번길 38
2332,구포1동행정복지센터(2층 민원실),051-309-6201,"부산광역시 북구 낙동대로1762번길 75, 구포1동 행정복지센터 (구포동)",부산광역시 북구 구포동 430-1 구포1동 행정복지센터,35.2064124197259,129.00111165101,부산 북구 낙동대로1762번길 75
2333,좋은리버뷰요양병원(3병동),051-995-0900,부산광역시 북구 금곡대로 586 (금곡동),부산광역시 북구 금곡대로 586,35.2595911258874,129.013802805167,부산 북구 금곡대로 586
2334,사회복지법인동남복지재단부산은빛요양병원(3층 간호사실),051-333-0707,부산광역시 북구 백양대로1048번길 10 (구포동),부산광역시 북구 구포동 914,35.19835046916,128.996621292186,부산 북구 백양대로1048번길 10
2335,의료법인인당의료재단부민병원(본관 2층 소아과 외래 앞),051-330-3129,"부산광역시 북구 만덕대로 59, 부민병원 (덕천동)",부산광역시 북구 덕천동 380-4 부민병원,35.2119644521641,129.011215981209,부산 북구 만덕대로 59
2336,의료법인인당의료재단부민병원(본관 1층 입원계 앞),051-330-3129,"부산광역시 북구 만덕대로 59, 부민병원 (덕천동)",부산광역시 북구 덕천동 380-4 부민병원,35.2119644521641,129.011215981209,부산 북구 만덕대로 59
2337,금곡7단지주공아파트(관리사무소  정문옆),051-362-2602,"부산광역시 북구 금곡대로550번길 23 (금곡동, 금곡7단지주공아파트)",부산광역시 북구 금곡대로550번길 23 관리사무소 내,35.2567697648929,129.013284080271,부산 북구 금곡대로550번길 23
2338,주례경동리인아파트(관리사무소 내),051-715-2990,"부산광역시 사상구 백양대로 526  (주례동, 경동 리인)",부산광역시 사상구 주례동 1288 경동 리인,35.1557931167053,128.995991051558,부산 사상구 백양대로 526
2339,광안정다운요양병원(기관 내 4병동),051-710-0119,"부산광역시 수영구 광안해변로 292, 마린랜드 3~6층 (민락동)",부산광역시 수영구 민락동 181번지 97호 마린랜드,35.1560475580496,129.125590268191,부산 수영구 광안해변로 292
2340,수영구청(수영구청1층 민원실),051-610-4642,부산광역시 수영구 남천동로 100 (남천동),부산광역시 수영구 남천동  148-15 수영구청 (남천동),35.145370159138,129.112369419599,부산 수영구 남천동로 100
2341,도시철도 민락역(대합실 화장실 입구),051-678-6207,"부산광역시 수영구 수영로 지하 769, 도시철도 민락역 (민락동)",부산광역시 수영구 민락동 345-1 도시철도 민락역,35.1670658260717,129.122101093096,부산 수영구 수영로 지하 769
2342,덕포지하철역(역무안전실 출입문 우측),051-678-6228,"부산광역시 사상구 사상로 지하 320-1, 덕포역 (덕포동)",부산광역시 사상구 덕포동 430번지 7호 덕포역,35.1739522585751,128.983968484563,부산 사상구 사상로 지하 320-1
2343,부산광역시립중앙도서관(1층 복도),051-250-0305,"부산광역시 중구 망양로193번길 146, 중앙도서관 (보수동1가)",부산광역시 중구 보수동1가 산 3번지 41호 중앙도서관,35.1100240694058,129.027068872805,부산 중구 망양로193번길 146
2344,부산시설공단광복사업소(4층 객장내),051-242-2811,"부산광역시 중구 광복로 88, 하모니 4층 (광복동1가)",부산광역시 중구 광복동1가 45번지 하모니,35.098391287837,129.034547369149,부산 중구 광복로 88
2345,건강만세365병원(병원 내 6층 사무실),051-711-0365,부산광역시 중구 대청로 105 (대청동2가),부산광역시 중구 대청동2가 8번지 11호,35.1031729604398,129.031396895956,부산 중구 대청로 105
2346,만덕3휴먼시아아파트(관리사무소 내),051-333-1110,"부산광역시 북구 만덕1로51번길 11  (만덕동, 만덕3휴먼시아)",부산광역시 북구 만덕동 954 만덕3휴먼시아,35.2135120517582,129.031393827958,부산 북구 만덕1로51번길 11
2347,금곡도서관(1층 카페옆),051-309-6184,부산광역시 북구 효열로203번길 34  (금곡동),부산광역시 북구 금곡동 92-2 금곡도서관,35.2632329598898,129.016718776208,부산 북구 효열로203번길 34
2348,만덕디지털도서관(1층 로비),051-309-2094,부산광역시 북구 은행나무로 26  (만덕동),부산광역시 북구 만덕동 843 북구디지털도서관,35.2072412658823,129.037798081522,부산 북구 은행나무로 26
2349,부산뇌병변복지관(1층 계단),051-333-3888,"부산광역시 북구 학사로 246, 부산뇌병변장애인복지관 (금곡동)",부산광역시 북구 금곡동 1883번지 부산뇌병변장애인복지관,35.2444514312917,129.010066918218,부산 북구 학사로 246
2350,부산시각장애인복지관(1층 로비),3380133,"부산광역시 북구 시랑로132번길 38, 부산시각장애인복지관 (구포동)",부산광역시 북구 구포동 1254번지 3호 부산시각장애인복지관,35.1950651326195,129.007901306742,부산 북구 시랑로132번길 38
2351,부산광역시립구포도서관(1층 안내실),051-330-6344,"부산광역시 북구 백양대로1016번다길 43, 부산광역시립구포도서관 (구포동)",부산광역시 북구 구포동 1139번지 1호 부산광역시립구포도서관,35.1939785999683,128.99601093427,부산 북구 백양대로1016번다길 43
2352,광원아파트(광원아파트 관리사무소),051-758-3190,"부산광역시 수영구 광일로 63 관리사무소 (광안동, 광원아파트)",부산광역시 수영구 광안동 526-1 광원아파트 관리사무소,35.1614978181642,129.107336656838,부산 수영구 광일로 63
2353,SKVIEW아파트(관리사무소 내),051-704-4008,"부산광역시 해운대구 청사포로 12  (좌동, 에스케이뷰아파트)",부산광역시 해운대구 좌동 1450 에스케이뷰아파트,35.1651320342948,129.183384115577,부산 해운대구 청사포로 12
2354,남천엑슬루타워아파트(남천엑슬루타워아파트 1층 로비 안내데스크 옆),051-621-3553,"부산광역시 수영구 황령대로473번길 15  (남천동, 남천 엑슬루타워)",부산광역시 수영구 남천동 323 남천 엑슬루타워,35.1399316610651,129.106487767528,부산 수영구 황령대로473번길 15
2355,도시철도 남천역(역무안전실 맞은편 보충기 옆),051-678-6211,"부산광역시 수영구 수영로 지하 410, 도시철도 남천역 (남천동)",부산광역시 수영구 남천동 78번지 도시철도 남천역,35.1421527230017,129.107970121975,부산 수영구 수영로 지하 410
2356,도시철도금련산역(역무안전실 출입문(외부)옆),051-678-6210,"부산광역시 수영구 수영로 지하 482, 도시철도 금련산역 (남천동)",부산광역시 수영구 남천동 78 도시철도 금련산역,35.1497439256787,129.110957301775,부산 수영구 수영로 지하 482
2357,수영구육아종합지원센터(1층 여자화장실 앞),051-756-3700,부산광역시 수영구 장대골로 20-14 (광안동),부산광역시 수영구 광안동 738-1,35.1596987360005,129.111512818527,부산 수영구 장대골로 20-14
2358,수영구국민체육센터(헬스장 및 다목적실 앞),051-711-2340,"부산광역시 수영구 수영로521번길 77, 수영구 스포츠문화타운 (광안동)",부산광역시 수영구 광안동 1268-4 수영구 스포츠문화타운,35.1529382417657,129.10745948362,부산 수영구 수영로521번길 77
2359,수영구국민체육센터(지하1층 출입문 옆(수영장 입구 맞은편)),051-711-2340,부산광역시 수영구 수영로521번길 77 (광안동),부산광역시 수영구 광안동 1268번지 4호,35.1529382417657,129.10745948362,부산 수영구 수영로521번길 77
2360,해운대센트럴파크아파트(관리동 복도 입구),051-704-2017,"부산광역시 해운대구 좌동순환로 118  (좌동, 해운대센트럴파크아파트)",부산광역시 해운대구 좌동 1282 해운대센트럴파크아파트,35.1757077373221,129.170676568788,부산 해운대구 좌동순환로 118
2361,해운대롯데4차아파트(입구 경비실),051-703-7311,"부산광역시 해운대구 좌동순환로217번길 8  (좌동, 롯데4차아파트)",부산광역시 해운대구 좌동 1419 롯데4차아파트,35.1756278882584,129.181136503358,부산 해운대구 좌동순환로217번길 8
2362,부산시설공단 스포원본부(실내체육관 배드민턴장 입구),051-550-1516,"부산광역시 금정구 체육공원로399번길 324, 금정체육공원 (두구동)","부산광역시 금정구 체육공원로399번길 324, 금정체육공원 (두구동)",35.2891217351743,129.107042158715,부산 금정구 체육공원로399번길 324
2363,부산시설공단 스포원본부(재난안전체험관 내(지하1층)),051-550-1516,"부산광역시 금정구 체육공원로399번길 324, 금정체육공원 (두구동)","부산광역시 금정구 체육공원로399번길 324, 금정체육공원 (두구동)",35.2891217351743,129.107042158715,부산 금정구 체육공원로399번길 324
2364,"부산시설공단 스포원본부(풋살,축구장)",051-550-1516,"부산광역시 금정구 체육공원로399번길 324, 금정체육공원 (두구동)",부산광역시 금정구 두구동 1641 금정체육공원,35.2891217351743,129.107042158715,부산 금정구 체육공원로399번길 324
2365,부산시설공단 스포원본부(실내테니스장),051-550-1516,"부산광역시 금정구 체육공원로399번길 324, 금정체육공원 (두구동)",부산광역시 금정구 두구동 1641 금정체육공원,35.2891217351743,129.107042158715,부산 금정구 체육공원로399번길 324
2366,센텀대림아파트(노인정 내),051-524-9427,"부산광역시 해운대구 선수촌로 95  (반여동, 센텀대림아파트)",부산광역시 해운대구 반여동 1199-11 센텀대림아파트,35.2006488722715,129.117222167006,부산 해운대구 선수촌로 95
2367,다대건강생활지원센터(4층 복도),051-220-5727,부산광역시 사하구 다대로530번길 7 (다대동),부산광역시 사하구 다대동 933-1,35.0591698406982,128.971329378319,부산 사하구 다대로530번길 7
2368,센텀스카이비즈(1층 로비),051-784-9393,부산광역시 해운대구 센텀중앙로 97  (재송동),부산광역시 해운대구 재송동 1208-2 센텀스카이비즈,35.1751629116698,129.124506074509,부산 해운대구 센텀중앙로 97
2369,중2동주민센터(1층 민원 대기실),051-749-5841,"부산광역시 해운대구 좌동순환로433번길 34, 중2동 주민자치센터 (중동)",부산광역시 해운대구 중동 1812 중2동 주민자치센터,35.1620052831324,129.17929130919,부산 해운대구 좌동순환로433번길 34
2370,반여4동행정복지센터(1층 민원실),051-749-5931,"부산광역시 해운대구 삼어로133번길 50, 반여4동주민센터 (반여동)",부산광역시 해운대구 반여동 1122 반여4동주민센터,35.2092388167769,129.117090476233,부산 해운대구 삼어로133번길 50
2371,반여1동행정복지센터(1층 민원실 안),051-749-6334,"부산광역시 해운대구 선수촌로 85, 반여1동주민센터 (반여동)",부산광역시 해운대구 반여동 1441-34 반여1동주민센터,35.2011463254487,129.118930636771,부산 해운대구 선수촌로 85
2372,우1동행정복지센터(민원실 내부),051-749-5814,"부산광역시 해운대구 해운대로 612, 우1동주민센터,역전치안센터 (우동)","부산광역시 해운대구 우동 539-4 우1동주민센터,역전치안센터",35.1628730672992,129.158098734726,부산 해운대구 해운대로 612
2373,부산시립정신병원(구급차(75나9975)),051-312-2288,"부산광역시 사상구 학감대로39번길 104-36, 부산시립정신병원 (학장동)",부산광역시 사상구 학장동 산 62번지 2호 부산시립정신병원,35.1329094433878,128.995051350112,부산 사상구 학감대로39번길 104-36
2374,센텀롯데캐슬3차아파트(정문 경비실 내),051-521-8851,부산광역시 해운대구 반여로 83,부산광역시 해운대구 반여동 1641 센텀롯데캐슬3차아파트,35.1993678928106,129.121211096777,부산 해운대구 반여로 83
2375,반여3동행정복지센터(1층민원실),051-749-6401,부산광역시 해운대구 재반로256번길 29-70  (반여동),부산광역시 해운대구 반여동 1591-4 반여3동 주민센터,35.2009939252515,129.133505492023,부산 해운대구 재반로256번길 29-70
2376,메가센텀꿈에그린아파트(정문초소 경비실),051-531-1630,부산광역시 해운대구 반여로 67 관리사무소,부산광역시 해운대구 반여로 67 관리사무소,35.198078585653,129.122082174336,부산 해운대구 반여로 67
2377,오륙도sk뷰아파트(아파트 관리사무소 내(출입구 옆)),051-611-4411,부산광역시 남구 오륙도로 85,부산광역시 남구 용호동  944 오륙도 에스케이뷰 아파트,35.1022182321497,129.116767665805,부산 남구 오륙도로 85
2378,대림문현시티프라자(1층 경비실내),051-631-9921,부산광역시 남구 수영로 26,부산광역시 남구 문현동 363-1 대림문현시티프라자,35.1362909579584,129.070460615253,부산 남구 수영로 26
2379,문현삼성아파트(아파트 관리동 건물 내),051-647-0935,부산광역시 남구 전포대로20번길 15,부산광역시 남구 문현동 395 문현동삼성아파트,35.1384099080591,129.069055005484,부산 남구 전포대로20번길 15
2380,지하철경성대부경대역(고객센터(역무실)앞),051-678-6212,부산광역시 남구 수영로 지하 324,부산광역시 남구 대연동 77 경성대 부경대역,35.1375576616452,129.100441683595,부산 남구 수영로 지하 324
2381,대연SK뷰힐스아파트(아파트 정문 경비실),051-624-0831,부산광역시 남구 수영로 261  (대연동),부산광역시 남구 대연동 1346-3,35.13824171926,129.093430256325,부산 남구 수영로 261
2382,용당동행정복지센터(용당동 행정복지센터 1층),051-607-3522,"부산광역시 남구 신선로 396, 용당동복합청사 1층 (용당동)",부산광역시 남구 용당동 460-6 용당동복합청사,35.1204259087324,129.098508142216,부산 남구 신선로 396
2383,용호3동행정복지센터(입구),051-607-6764,"부산광역시 남구 동명로145번길 33, 용호3동주민센터 (용호동)",부산광역시 남구 용호동 371번지 2호 용호3동주민센터,35.1210195116483,129.112808390165,부산 남구 동명로145번길 33
2384,문현베스티움아파트(경로당 입구 오른쪽),051-647-9037,"부산광역시 남구 고동골로 29 (문현동, 국제금융시티 문현베스티움 아파트)",부산광역시 남구 문현동 1234번지 국제금융시티 문현베스티움 아파트,35.1390189910716,129.070427032654,부산 남구 고동골로 29
2385,부산남구문화재단(출입구 옆),051-607-4000,"부산광역시 남구 수영로 155, 1층 (대연동)",부산광역시 남구 대연동 1768번지 3호,35.1349553105516,129.083555031047,부산 남구 수영로 155
2386,남구장애인복지관(입구 맞은편),051-626-6990,"부산광역시 남구 조각공원로11번길 38, 남구장애인복지관 (대연동)",부산광역시 남구 대연동 567-16 남구장애인복지관,35.1292368245421,129.099214695484,부산 남구 조각공원로11번길 38
2387,남구종합사회복지관(지게골복지관 1층 로비),051-647-0136,"부산광역시 남구 지게골로 139-33, 지게골복지관 (문현동)",부산광역시 남구 문현동 271-16 지게골복지관,35.1342642528915,129.076036149382,부산 남구 지게골로 139-33
2388,이바구캠프(이바구캠프),051-440-4287,부산광역시 동구 망양로525번길 22,부산광역시 동구 초량동  847-41,35.1191506042481,129.028523638372,부산 동구 망양로525번길 22
2389,자성대노인복지관(1층 홀),051-632-7597,부산광역시 동구 자성로140번길 32,부산광역시 동구 범일동  825-88 동구자성대노인복지회관,35.1356421592743,129.064846067518,부산 동구 자성로140번길 32
2390,부산교통공사범일역(역무 안전실 인근),051-678-6117,부산광역시 동구 범일로 108,부산광역시 동구 범일동  833-11,35.1396099265942,129.059672634351,부산 동구 범일로 108
2391,수정4동행정복지센터(민원실),051-440-6222,부산광역시 동구 망양로685번길 2  (수정동),부산광역시 동구 수정동 1172-2 수정4동 주민자치센터,35.1271106507419,129.040683934627,부산 동구 망양로685번길 2
2392,초량2동행정복지센터(민원실),051-440-6136,부산광역시 동구 중앙대로209번길 30  (초량동),부산광역시 동구 초량동 444-1 초량2동 주민자치센터,35.1165422370051,129.038485156046,부산 동구 중앙대로209번길 30
2393,부산광역시립중앙도서관 수정분관(1층 복도),051-440-0371,"부산광역시 동구 홍곡로 53, 부산광역시립중앙도서관 수정분관 (수정동)",부산광역시 동구 수정동 1032번지 21호 부산광역시립중앙도서관 수정분관,35.1244480014464,129.040446272447,부산 동구 홍곡로 53
2394,도시철도 부산진역(대합실 보충기인근),051-678-6115,"부산광역시 동구 중앙대로 지하 350, 부산진역 (초량동)",부산광역시 동구 초량동 1170 부산진역,35.1277608563561,129.047877083539,부산 동구 중앙대로 지하 350
2395,부산소망종합지원센터(센터 입구),051-463-7707,부산광역시 동구 중앙대로260번길 3-9 (초량동),부산광역시 동구 초량동 1169-5,35.120554145899,129.043188871794,부산 동구 중앙대로260번길 3-9
2396,도시철도 좌천역(역무안전실 앞(맞은편 통합발매기91 우측)),051-678-6116,부산광역시 동구 중앙대로 지하 446 (좌천동),부산광역시 동구 좌천동 236,35.1343024702659,129.054309788509,부산 동구 중앙대로 지하 446
2397,부산동구보건소(4층 보건행정과(무료대여용)),051-440-4500,부산광역시 동구 구청로 1,부산광역시 동구 수정동 806-74,35.1292975675514,129.045298203371,부산 동구 구청로 1
2398,부산동구보건소(4층 보건행정과(무료대여용)),051-440-4500,부산광역시 동구 구청로 1,부산광역시 동구 수정동 806-74,35.1292975675514,129.045298203371,부산 동구 구청로 1
2399,오션브릿지아파트(오션브릿지아파트 경비실 옆),6477531,"부산광역시 동구 범일로 41  (범일동, 범일엘에이치오션브릿지)",부산광역시 동구 범일동 252-753 범일엘에이치오션브릿지,35.1334492882699,129.059079172546,부산 동구 범일로 41
2400,부산대학교(경암체육관 체육교육학과 행정실(203호)),051-510-1278,"부산광역시 금정구 부산대학로63번길 2, 부산대학교 (장전동)",부산광역시 금정구 장전동 40번지 부산대학교,35.2323326221566,129.083830815331,부산 금정구 부산대학로63번길 2
2401,부곡SK아파트(관리사무소 안),051-581-7453,"부산광역시 금정구 수림로 12  (부곡동, 에스케이아파트)",부산광역시 금정구 부곡동 63-11 에스케이아파트,35.2405697424458,129.09239314258,부산 금정구 수림로 12
2402,부곡동푸르지오아파트(경비실),051-903-0005,"부산광역시 금정구 중앙대로 1617-12  (부곡동, 푸르지오아파트)",부산광역시 금정구 부곡동 268-2 푸르지오아파트,35.2297455147788,129.090585521926,부산 금정구 중앙대로 1617-12
2403,부곡늘푸른뉴그린아파트(부곡뉴그린아파트 관리사무소 안),051-516-1136,"부산광역시 금정구 동현로 90  (부곡동, 뉴그린아파트)",부산광역시 금정구 부곡동 964 뉴그린아파트,35.2195286662721,129.09436372312,부산 금정구 동현로 90
2404,구서SK뷰1단지(관리사무소 내),051-514-7288,"부산광역시 금정구 금샘로246번길 18  (구서동, 구서에스케이뷰1단지)",부산광역시 금정구 구서동 1074 구서에스케이뷰1단지,35.2438418119491,129.085571678272,부산 금정구 금샘로246번길 18
2405,래미안장전아파트(커뮤니티 안내데스크 앞),051-515-7010,"부산광역시 금정구 금정로 20  (장전동, 래미안장전)",부산광역시 금정구 장전동 745 래미안장전,35.2275922774064,129.086740141721,부산 금정구 금정로 20
2406,부산대학교(문창회관보건진료소),051-510-1278,"부산광역시 금정구 부산대학로63번길 2, 부산대학교 (장전동)",부산광역시 금정구 장전동 40번지 부산대학교,35.2323326221566,129.083830815331,부산 금정구 부산대학로63번길 2
2407,대동타운(대동타운아파트 3경비실),051-701-6461,부산광역시 해운대구 대천로103번길 29,부산광역시 해운대구 좌동 1288 대동타운,35.1765713115698,129.17149491438,부산 해운대구 대천로103번길 29
2408,연산2동행정복지센터(연산2동행정복지센터),051-665-5821,"부산광역시 연제구 중앙대로1038번길 39, 연산2동주민센터 (연산동)",부산광역시 연제구 연산동 1597-12 연산2동주민센터,35.1799737889769,129.079294758227,부산 연제구 중앙대로1038번길 39
2409,연산6동행정복지센터(행정복지센터 2층),051-665-5891,"부산광역시 연제구 쌍미천로52번길 2, 연산6동 주민센터 (연산동)",부산광역시 연제구 연산동 2149-2 연산6동 주민센터,35.1774279441904,129.089725874828,부산 연제구 쌍미천로52번길 2
2410,거제현대아파트(관리사무소 내),051-852-8071,"부산광역시 연제구 거제대로 198 관리사무소 내 (거제동, 현대아파트)",부산광역시 연제구 거제동 840 현대아파트 관리사무소 내,35.1844844030634,129.072701135557,부산 연제구 거제대로 198
2411,좌4동문화센터(1층현관입구),051-749-5885,"부산광역시 해운대구 양운로 186, 좌4동 문화센터 (좌동)",부산광역시 해운대구 좌동 1393번지 3호,35.1784998798493,129.169466799851,부산 해운대구 양운로 186
2412,부산송정2휴먼시아아파트(관리사무소 내),051-702-0596,부산광역시 해운대구 해운대로 1188,부산광역시 해운대구 해운대로 1188,35.1924127653793,129.206015784853,부산 해운대구 해운대로 1188
2413,부산송정2휴먼시아아파트(주공 2단지 2초소),051-702-0596,부산광역시 해운대구 해운대로 1188,부산광역시 해운대구 해운대로 1188,35.1924127653793,129.206015784853,부산 해운대구 해운대로 1188
2414,해운대센텀두산위브아파트(해운대센텀두산위브아파트 103동 B2층  관리사무소),051-743-6477,부산광역시 해운대구 해운대로383번길 93,부산광역시 해운대구 우동 1105 해운대센텀두산위브,35.1747772240517,129.140586355823,부산 해운대구 해운대로383번길 93
2415,반송보건지소(2층민원실입구),051-544-4000,"부산광역시 해운대구 반송로 853, 반송보건지소 (반송동)",부산광역시 해운대구 반송동 683번지 48호 반송보건지소,35.2300460281409,129.147895718325,부산 해운대구 반송로 853
2416,신해운대역(신해운대역 맞이방 입구),051-440-2271,"부산광역시 해운대구 장산로 427, 신해운대역 (좌동)",부산광역시 해운대구 좌동 132번지 신해운대역,35.1816946779862,129.177032074409,부산 해운대구 장산로 427
2417,반송주공아파트(관리소 내),051-542-7784,부산광역시 해운대구 신반송로 200,부산광역시 해운대구 신반송로 200,35.2302888952927,129.158665042853,부산 해운대구 신반송로 200
2418,반송주공아파트(104동경비실),051-542-7784,부산광역시 해운대구 신반송로 200,부산광역시 해운대구 신반송로 200,35.2302888952927,129.158665042853,부산 해운대구 신반송로 200
2419,반송주공아파트(106동 경비실),051-542-7784,"부산광역시 해운대구 신반송로 200 (반송동, 주공아파트)",부산광역시 해운대구 반송동 77번지 주공아파트,35.2302888952927,129.158665042853,부산 해운대구 신반송로 200
2420,반송주공아파트(102동 경비실),051-542-7784,"부산광역시 해운대구 신반송로 200 (반송동, 주공아파트)",부산광역시 해운대구 반송동 77번지 주공아파트,35.2302888952927,129.158665042853,부산 해운대구 신반송로 200
2421,"해운대장애인복지관(1층 로비,3층 복도)",051-521-5200,"부산광역시 해운대구 선수촌로207번길 81, 해운대구장애인복지관 (반여동)",부산광역시 해운대구 반여동 1502번지 147호 해운대구장애인복지관,35.210858669705,129.121934881037,부산 해운대구 선수촌로207번길 81
2422,부산광역시립해운대도서관우동본관(1층로비 책소독기 옆),051-709-0987,"부산광역시 해운대구 우동1로 89, 부산광역시시립해운대도서관(우동분관) (우동)",부산광역시 해운대구 우동 379번지 부산광역시시립해운대도서관(우동분관),35.1688588366082,129.155967711966,부산 해운대구 우동1로 89
2423,바른길병원(병원 스테이션 실내),051-525-0058,"부산광역시 해운대구 선수촌로 144, 바른길병원 (반여동)",부산광역시 해운대구 반여동 1026번지 15호 바른길병원,35.2059002624579,129.121736985926,부산 해운대구 선수촌로 144
2424,해운대비스타동원아파트(101동 1층로비),051-744-9790,"부산광역시 해운대구 해운대로 663 (우동, 해운대비스타동원)",부산광역시 해운대구 우동 1549 해운대비스타동원,35.1659202892898,129.162169592708,부산 해운대구 해운대로 663
2425,해운대비스타동원아파트(102동 1층 로비),051-744-9790,"부산광역시 해운대구 해운대로 663 (우동, 해운대비스타동원)",부산광역시 해운대구 우동 1549 해운대비스타동원,35.1659202892898,129.162169592708,부산 해운대구 해운대로 663
2426,엘시티더샵아파트(A동 3층 로비데스크),051-746-1900,"부산광역시 해운대구 달맞이길 30 (중동, 엘시티)",부산광역시 해운대구 중동 1829번지 엘시티,35.1613327099223,129.168013841974,부산 해운대구 달맞이길 30
2427,엘시티더샵아파트(B동 3층 로비데스크),051-746-1900,"부산광역시 해운대구 달맞이길 30 (중동, 엘시티)",부산광역시 해운대구 중동 1829번지 엘시티,35.1613327099223,129.168013841974,부산 해운대구 달맞이길 30
2428,엘시티더샵아파트(7층 로비데스크),051-746-1900,"부산광역시 해운대구 달맞이길 30 (중동, 엘시티)",부산광역시 해운대구 중동 1829번지 엘시티,35.1613327099223,129.168013841974,부산 해운대구 달맞이길 30
2429,요트경기장(본관 입구),7402280,부산광역시 해운대구 해운대해변로 84,부산광역시 해운대구 우동 1393,35.1597985733539,129.141957071839,부산 해운대구 해운대해변로 84
2430,요트경기장(요트경기장 4초소),7402280,부산광역시 해운대구 해운대해변로 84,부산광역시 해운대구 우동 1393,35.1597985733539,129.141957071839,부산 해운대구 해운대해변로 84
2431,삼호가든아파트(관리사무소(지하)앞),051-743-5120,부산광역시 해운대구 해운대로349번길 24,부산광역시 해운대구 우동 1104-1 삼호가든아파트,35.1749283317367,129.139725587321,부산 해운대구 해운대로349번길 24
2432,해운대대림1차아파트(관리사무소 1층 입구 벽면),051-701-6041,"부산광역시 해운대구 대천로103번길 47  (좌동, 대림1차아파트)",부산광역시 해운대구 좌동 1396 대림1차아파트,35.1793143508119,129.174046968666,부산 해운대구 대천로103번길 47
2433,해운대대림1차아파트(113동 3·4라인 입구),051-701-6041,"부산광역시 해운대구 대천로103번길 47  (좌동, 대림1차아파트)",부산광역시 해운대구 좌동 1396 대림1차아파트,35.1793143508119,129.174046968666,부산 해운대구 대천로103번길 47
2434,트럼프월드센텀(생활지원센터내 입구),051-744-5703,"부산광역시 해운대구 센텀동로 9  (우동, 트럼프월드센텀아파트)",부산광역시 해운대구 우동 1498 트럼프월드센텀아파트,35.1698704966296,129.132455662366,부산 해운대구 센텀동로 9
2435,센텀삼환아파트(관리사무소),051-747-0147,"부산광역시 해운대구 해운대로 361  (우동, 센텀삼환아파트)",부산광역시 해운대구 우동 1100 센텀삼환아파트,35.1724804660659,129.138756330029,부산 해운대구 해운대로 361
2436,건영2차아파트(2초소(102동 104동사이)),051-703-0123,"부산광역시 해운대구 세실로 126  (좌동, 건영2차아파트)",부산광역시 해운대구 좌동 1298 건영2차아파트,35.1756250422471,129.176858428194,부산 해운대구 세실로 126
2437,반여2동행정복지센터(1층 민원실 입구),051-749-6362,부산광역시 해운대구 재반로211번길 9  (반여동),부산광역시 해운대구 반여동 1291-836 반여2동주민센터,35.1958884008419,129.130139355611,부산 해운대구 재반로211번길 9
2438,좌3동주민센터(1층 민원실),051-749-6781,부산광역시 해운대구 좌동순환로 65  (좌동),부산광역시 해운대구 좌동 1341-3 좌3동주민센터,35.1722643646471,129.166613254324,부산 해운대구 좌동순환로 65
2439,e편한세상부산항아파트관리사무소(정문 주경비실),051-469-9507,"부산광역시 동구 홍곡로 50 (초량동, 이편한세상부산항)",부산광역시 동구 초량동 1206번지 이편한세상부산항,35.1230980159299,129.039977255617,부산 동구 홍곡로 50
2440,청십자요양병원(병원 1층 로비),051-469-1011,"부산광역시 동구 중앙대로 364, 청십자병원 (수정동)","부산광역시 동구 중앙대로 364, 청십자병원 (수정동)",35.1277990154369,129.048375813321,부산 동구 중앙대로 364
2441,범양레우스센트럴베이아파트(관리사무소 앞),051-469-8892,부산광역시 동구 초량중로 114,부산광역시 동구 초량동 43-4 범양레우스센트럴베이,35.121213153349,129.041661018536,부산 동구 초량중로 114
2442,안락1동주민센터(안락1동주민센터),051-550-6503,"부산광역시 동래구 안연로110번길 9, 안락제1동주민센터 (안락동)",부산광역시 동래구 안락동 433번지 24호 안락제1동주민센터,35.1971115185969,129.098582547181,부산 동래구 안연로110번길 9
2443,명장2동주민센터(명장2동 주민센터 안),051-550-6563,"부산광역시 동래구 명서로 168, 명장제2동주민센터 (명장동)","부산광역시 동래구 명서로 168, 명장제2동주민센터 (명장동)",35.2079714946994,129.102416730914,부산 동래구 명서로 168
2444,안락경동리인아파트(2단지 입구초소 내),051-532-9655,"부산광역시 동래구 충렬대로446번길 67 (안락동, 안락경동리인아파트)",부산광역시 동래구 안락동 1258번지 안락경동리인아파트,35.1924490602956,129.105831629648,부산 동래구 충렬대로446번길 67
2445,SK아담경로당(관리사무소 1층 경로당 입구),051-529-7353,"부산광역시 동래구 삼어로 12, 관리사무소동 1층 (안락동, 안락에스케이쁘띠메종아파트)","부산광역시 동래구 삼어로 12, 관리사무소동 1층 (안락동, 안락에스케이쁘띠메종아파트)",35.198921678749,129.113693540349,부산 동래구 삼어로 12
2446,쌍용더플래티넘사직아시아드(관리사무소 내),051-506-7333,"부산광역시 동래구 아시아드대로134번길 14 (사직동, 쌍용더플래티넘사직아시아드아파트)",부산광역시 동래구 사직동 117-42 쌍용더플래티넘사직아시아드아파트,35.1962681907372,129.067235902175,부산 동래구 아시아드대로134번길 14
2447,새힘병원(7층 간호사실),1522-4854,부산광역시 동래구 아시아드대로 261 (온천동),부산광역시 동래구 온천동 1339-1,35.2070094011473,129.068729477818,부산 동래구 아시아드대로 261
2448,부산송정1단지 주공아파트(관리사무소 입구 여자화장실 옆 벽면),051-702-2830,부산광역시 해운대구 송정1로 20,부산광역시 해운대구 송정1로 20,35.1833811765998,129.197981278833,부산 해운대구 송정1로 20
2449,부산송정1단지 주공아파트(송정1단지아파트 제1경비실),051-702-2830,"부산광역시 해운대구 송정1로 20 (송정동, 송정1단지주공아파트)",부산광역시 해운대구 송정동 929번지 송정1단지주공아파트,35.1833811765998,129.197981278833,부산 해운대구 송정1로 20
2450,마린시티자이(관리사무소),051-714-6720,"부산광역시 해운대구 마린시티1로 9, 마린시티자이 (우동)",부산광역시 해운대구 우동 1405번지 1호,35.1590105586735,129.143314832388,부산 해운대구 마린시티1로 9
2451,라비드아틀란호텔(1층방재실),051-760-9435,"부산광역시 해운대구 구남로 37, 라비드아틀란호텔 (중동)",부산광역시 해운대구 중동 1392번지 166호 라비드아틀란호텔,35.1611299333954,129.161492010876,부산 해운대구 구남로 37
2452,엘리움병원(구급차내),051-791-1006,"부산광역시 해운대구 해운대로 794, 엘리움 (좌동)",부산광역시 해운대구 좌동 1473-2 엘리움,35.1687943257268,129.175740730506,부산 해운대구 해운대로 794
2453,지사휴먼시아아파트(관리사무실 출입구 옆 벽면),051-832-5121,부산광역시 강서구 과학산단2로20번길 35,부산광역시 강서구 지사동  1183-1 부산지사휴먼시아,35.1510227579519,128.835734190368,부산 강서구 과학산단2로20번길 35
2454,영어도시 퀸덤1차(관리사무소 내),051-271-7170,"부산광역시 강서구 명지오션시티10로 16 (명지동, 영어도시 퀸덤1차)","부산광역시 강서구 명지동 3231 영어도시 퀸덤1차 (명지동, 영어도시 퀸덤1차)",35.0863938157981,128.896787329086,부산 강서구 명지오션시티10로 16
2455,명지오션시티삼정그린코아(관리사무소 내),051-293-6668,부산광역시 강서구 명지오션시티10로 114 관리사무소,부산광역시 강서구 명지동  3246 명지오션시티삼정그린코아 관리사무소,35.0863305505833,128.908179867156,부산 강서구 명지오션시티10로 114
2456,부산김해경전철 대저역(고객센터 앞),055-310-9607,부산광역시 강서구 낙동북로 294 부산김해경전철 대저역,부산광역시 강서구 대저1동 1536-2 부산김해경전철 대저역,35.2130661412997,128.960562245274,부산 강서구 낙동북로 294
2457,강서구보건소(1층 진료실 앞 복도),051-970-3415,"부산광역시 강서구 공항로811번길 10, 강서브라이트센터 (대저2동)",부산광역시 강서구 대저2동 1932번지 1호 강서브라이트센터,35.1801905573425,128.957408226606,부산 강서구 공항로811번길 10
2458,더힐시그니처(관리동 출입구),051-271-3577,"부산광역시 강서구 명지국제7로 110(명지동, 더 힐 시그니처)",부산광역시 강서구 명지동 3404 더 힐 시그니처,35.0959304769464,128.913268117194,부산 강서구 명지국제7로 110
2459,강서구보건소 녹산보건지소(지소 안),051-970-4778,부산광역시 강서구 생곡로 17 (녹산동),부산광역시 강서구 녹산동 14번지 6호,35.1234718209525,128.895528407107,부산 강서구 생곡로 17
2460,명지스위트팰리스(관리사무소 내),051-201-0062,"부산광역시 강서구 명지국제5로 165 (명지동, 스위트팰리스)",부산광역시 강서구 명지동 3325번지 스위트팰리스,35.1099782684915,128.921377322155,부산 강서구 명지국제5로 165
2461,명지2동행정복지센터(1층 로비),051-970-2984,"부산광역시 강서구 명지오션시티11로 35, 명지2동행정복지센터 (명지동)",부산광역시 강서구 명지동 3232번지 5호 명지2동행정복지센터,35.0845630003953,128.900068971723,부산 강서구 명지오션시티11로 35
2462,대저1동행정복지센터(1층 로비),051-970-4409,부산광역시 강서구 대저로221번길 19 (대저1동),부산광역시 강서구 대저1동 684번지 2호,35.215465931246,128.976840442253,부산 강서구 대저로221번길 19
2463,명지오션척병원(6층 병동),051-710-8899,"부산광역시 강서구 명지오션시티4로 88, 성원메디칼빌딩 4~7층 (명지동)",부산광역시 강서구 명지동 3237-14,35.0811615591484,128.90328272876,부산 강서구 명지오션시티4로 88
2464,도시철도다대포항역(역무안전실 앞),051-678-6196,"부산광역시 사하구 다대로 지하 548, 다대포항역 (다대동)",부산광역시 사하구 다대동 909-2 다대포항역,35.0577117929185,128.971280072357,부산 사하구 다대로 지하 548
2466,부산노인전문제4병원(구급차),051-202-1370,부산광역시 사하구 동매로44번길 4 부산노인전문제4병원,부산광역시 사하구 동매로44번길 4 부산노인전문제4병원,35.102424125836,128.963061805684,부산 사하구 동매로44번길 4
2467,부산노인전문제4병원(5층간호사실),051-202-1370,부산광역시 사하구 동매로44번길 4 부산노인전문제4병원,부산광역시 사하구 동매로44번길 4 부산노인전문제4병원,35.102424125836,128.963061805684,부산 사하구 동매로44번길 4
2468,영도구청(구청 청사내 1층),051-416-4000,"부산광역시 영도구 태종로 423, 영도구보건소 (청학동)",부산광역시 영도구 청학동 48번지 3호 영도구청,35.0912174458851,129.067910492443,부산 영도구 태종로 423
2469,영도구청(구청 청사내 4층(동편 엘레베이터 앞)),051-416-4000,"부산광역시 영도구 태종로 423, 영도구보건소 (청학동)",부산광역시 영도구 청학동 48번지 3호 영도구청,35.0912174458851,129.067910492443,부산 영도구 태종로 423
2470,대연힐스테이트푸르지오(아파트 관리사무소 내),051-612-2710,부산광역시 남구 수영로 345,부산광역시 남구 대연동  1858 대연힐스테이트푸르지오,35.1398875289479,129.103520204194,부산 남구 수영로 345
2471,장기려기념더나눔센터(행정사무실),051-468-1248,부산광역시 동구 영초윗길 48  (초량동),부산광역시 동구 초량동 856-31 더나눔,35.1185377883997,129.03265449563,부산 동구 영초윗길 48
2472,더힐러스병원(간호사실),051-715-1144,부산광역시 동구 범일로 112 (범일동),부산광역시 동구 범일동 833번지 10호,35.1399381704354,129.05966499853,부산 동구 범일로 112
2473,명지화전우방아이유쉘(관리사무소 내),051-974-1246,"부산광역시 강서구 화전산단4로 74 (화전동, 우방아이유쉘)[*미고시]",부산광역시 강서구 화전동 558번지 우방아이유쉘,35.1107280033447,128.885585412422,부산 강서구 화전산단4로 74
2474,서대신1동(1층 민원창구 맞은편 벽),051-240-6462,부산광역시 서구 구덕로315번길 49,부산광역시 서구 서대신동2가  179-1 서대신1동주민센터,35.1110828629103,129.014417765653,부산 서구 구덕로315번길 49
2475,해운대보건소치매센터(보건소 내 구급차),051-746-4000,"부산광역시 해운대구 양운로37번길 59, 해운대구보건소 (좌동)",부산광역시 해운대구 좌동 1339번지 해운대구보건소,35.1641127009786,129.178659397782,부산 해운대구 양운로37번길 59
2476,다대1동주민센터(다대1동주민센터),051-220-5331,부산광역시 사하구 다대로530번길 7,부산광역시 사하구 다대동 933-1 다대1동주민센터,35.0591698406982,128.971329378319,부산 사하구 다대로530번길 7
2477,괴정2동주민센터(괴정2동주민센터),051-220-5031,부산광역시 사하구 까치고개로 14-1,부산광역시 사하구 괴정동 354-22 괴정2동주민센터,35.103398421837,129.004025566746,부산 사하구 까치고개로 14-1
2478,괴정1동주민센터(괴정1동주민센터),051-220-5001,부산광역시 사하구 낙동대로250번안길 3,부산광역시 사하구 괴정동 820-3 괴정1동주민센터,35.0997607969135,128.989317249944,부산 사하구 낙동대로250번안길 3
2479,대연자이아파트(관리사무소 입구),051-714-6422,부산광역시 남구 유엔로 246 (대연동),부산광역시 남구 대연동 630번지 1호,35.1297154922914,129.101975964378,부산 남구 유엔로 246
2480,하단지하철역(역무안전실 앞(화장실 인근)),051-678-6102,부산광역시 사하구 낙동남로 지하 1415  (하단동),부산광역시 사하구 하단동 491 하단역,35.1061809647053,128.96623783418,부산 사하구 낙동남로 지하 1415
2481,대신대우푸르지오아파트(현관 로비),051-257-8652,"부산광역시 서구 대영로38번길 11  (서대신동1가, 대신 푸르지오)",부산광역시 서구 서대신동1가 212 대신 푸르지오,35.1073974230548,129.01613473633,부산 서구 대영로38번길 11
2482,대남초등학교(대남초등학교 1층 중앙현관),051-622-9434,"부산광역시 남구 황령대로353번길 9-55 (대연동, 대남초등학교)","부산광역시 남구 대연동  238-38 대남초등학교 (대연동, 대남초등학교)",35.1488577703736,129.097510619548,부산 남구 황령대로353번길 9-55
2484,분포문화체육센터(4층 체력단련장),051-607-3360,부산광역시 남구 분포로 97  (용호동),부산광역시 남구 용호동 176-87 분포문화체육센터,35.1320548883202,129.115219850505,부산 남구 분포로 97
2485,지게골역(역무안전실 출입문(외부)옆),051-678-6216,"부산광역시 남구 수영로 지하 70, 지게골역 (문현동)",부산광역시 남구 문현동 254번지 2호 지게골역,35.1356276790372,129.074233626935,부산 남구 수영로 지하 70
2486,못골역(역무안전실 출입문(외부)옆),051-678-6214,"부산광역시 남구 수영로 지하 170, 못골역 (대연동)",부산광역시 남구 대연동 1756번지 27호 못골역,35.1347220937699,129.084843311728,부산 남구 수영로 지하 170
2487,용호3동마을건강센터(마을건강센터 출입구 옆),051-607-3337,부산광역시 남구 동명로164번길 40 (용호동),부산광역시 남구 용호동 389번지 51호 고성전기철물,35.1173352133436,129.11412111848,부산 남구 동명로164번길 40
2488,국제금융센터역(대합실 게이트(G-10)안쪽),051-678-6218,"부산광역시 남구 전포대로 지하 97, 국제금융센터.부산은행역 (문현동)",부산광역시 남구 문현동 728번지 3호 국제금융센터.부산은행역,35.1457331120762,129.066743215179,부산 남구 전포대로 지하 97
2489,문현역(역무안전실 출입문(외부)옆),051-678-6216,"부산광역시 남구 전포대로 지하 17, 문현역 (문현동)",부산광역시 남구 문현동 651번지 1호 문현역,35.13915817492,129.067279721594,부산 남구 전포대로 지하 17
2490,강동병원(4병동간호사실),2921940,"부산광역시 사하구 다대로 145, 강동병원 (신평동)","부산광역시 사하구 다대로 145, 강동병원 (신평동)",35.0896328311426,128.978277847379,부산 사하구 다대로 145
2491,다대포해수욕장역(고객센터앞),051-678-6195,부산광역시 사하구 다대로 지하 692  (다대동),부산광역시 사하구 다대로 지하 692  (다대동),35.0481940896552,128.965824285746,부산 사하구 다대로 지하 692
2492,괴정지하철역(역무안전실 앞),051-678-6105,부산광역시 사하구 낙동대로 지하 221  (괴정동),부산광역시 사하구 괴정동 934-3 괴정역,35.0998988696447,128.992503863017,부산 사하구 낙동대로 지하 221
2493,부산교통공사광안역(역무안전실 출입문(외부)옆),051-678-6209,부산광역시 수영구 수영로 지하 576 (광안동),부산광역시 수영구 광안동  205 도시철도 광안역 (광안동),35.1579209174973,129.113172707591,부산 수영구 수영로 지하 576
2494,거제4동행정복지센터(주민센터 입구),051-665-5774,"부산광역시 연제구 해맞이로 53, 거제4동 주민센터 1층 (거제동)",부산광역시 연제구 거제동 676번지 316호 거제4동 주민센터,35.179185304331,129.067780407776,부산 연제구 해맞이로 53
2495,연산1동행정복지센터(1층 출입구),051-665-5794,"부산광역시 연제구 연동로8번길 66, 연산1동주민센터 1층 (연산동)",부산광역시 연제구 연산동 313번지 10호 연산1동주민센터,35.1899872657814,129.090422848207,부산 연제구 연동로8번길 66
2496,부산동구보건소(1층민원실),051-440-4500,"부산광역시 동구 구청로 1, 동구보건소 (수정동)",부산광역시 동구 수정동 806번지 74호 동구보건소,35.1292975675514,129.045298203371,부산 동구 구청로 1
2497,부산진구보건소치매안심센터(1층 민원실 내),051-605-6217,부산광역시 부산진구 새싹로 253 (초읍동),부산광역시 부산진구 초읍동 278번지 8호,35.1787090685371,129.047549958348,부산 부산진구 새싹로 253
2498,경남정보대학교(학생회관 1층(보건실 옆)),051-320-1484,"부산광역시 사상구 주례로 45, 경남정보대학교 (주례동)",부산광역시 사상구 주례동 81번지 경남정보대학교,35.1464508547704,129.009070654332,부산 사상구 주례로 45
2499,부산시설공단 스포원본부(스포원 스포츠센터 수영강사실 내),051-550-1516,"부산광역시 금정구 체육공원로399번길 324, 금정체육공원 (두구동)",부산광역시 금정구 두구동 1641번지 금정체육공원,35.2891217351743,129.107042158715,부산 금정구 체육공원로399번길 324
2500,부산시설공단 스포원본부(스포원체력인증센터(테니스경기장1층)),051-550-1516,"부산광역시 금정구 체육공원로399번길 324, 금정체육공원 (두구동)",부산광역시 금정구 두구동 1641번지 금정체육공원,35.2891217351743,129.107042158715,부산 금정구 체육공원로399번길 324
2501,부산시설공단 스포원본부(스포원 북1문 매표소 내),051-550-1516,"부산광역시 금정구 체육공원로399번길 324, 금정체육공원 (두구동)",부산광역시 금정구 두구동 1641번지 금정체육공원,35.2891217351743,129.107042158715,부산 금정구 체육공원로399번길 324
2502,부산지방법원(5층 대강당 및 체력단련실 사이 중앙 복도),051-590-1522,"부산광역시 연제구 법원로 31, 부산법원종합청사 (거제동)",부산광역시 연제구 거제동 1500번지 부산법원종합청사,35.1925353129809,129.073265087905,부산 연제구 법원로 31
2503,동구종합사회복지관(복지관 2층 입구 복도),051-633-3367,"부산광역시 동구 안창로 57, 동구종합사회복지관 (범일동)",부산광역시 동구 범일동 1542번지 1호 동구종합사회복지관,35.1456302487777,129.042429744193,부산 동구 안창로 57
2504,수정2동행정복지센터(주민센터안),051-440-6207,"부산광역시 동구 수정중로11번길 23, 수정2동주민센터 (수정동)",부산광역시 동구 수정동 795번지 35호 수정2동주민센터,35.1299517298877,129.0426273029,부산 동구 수정중로11번길 23
2505,좌천동행정복지센터(주민센터안),051-440-6268,"부산광역시 동구 좌천남로 19, 좌천동 주민센터 (좌천동)",부산광역시 동구 좌천동 684번지 5호 좌천동 주민센터,35.1313895526841,129.049153003372,부산 동구 좌천남로 19
2506,부산광역시립시민도서관(4층 성인열람실 입구 오른쪽 벽면),051-810-8200,"부산광역시 부산진구 월드컵대로 462, 부산광역시립시민도서관 (초읍동)",부산광역시 부산진구 초읍동 산 52번지 1호 부산광역시립시민도서관,35.182806226472,129.050141657905,부산 부산진구 월드컵대로 462
2507,동구노인복지관분관(B1층),051-714-6092,부산광역시 동구 초량남로 12,부산광역시 동구 초량동  820-20 동구노인복지관 분관 (노유자시설),35.1195620330778,129.034841291416,부산 동구 초량남로 12
2508,동구청(민원여권과 앞),051-440-4264,부산광역시 동구 구청로 1 민원봉사과,부산광역시 동구 수정동  806-74 동구청 민원봉사과,35.1292975675514,129.045298203371,부산 동구 구청로 1
2509,부산동구보건소(보건소 구급차내),051-440-4500,부산광역시 동구 구청로 1,부산광역시 동구 수정동 806-74,35.1292975675514,129.045298203371,부산 동구 구청로 1
2510,동구장애인복지관(복지관 2층),070-7854-2642,부산광역시 동구 망양로 748,부산광역시 동구 수정동  767-7 동구 장애인복지관,35.1309188678769,129.040418521981,부산 동구 망양로 748
2511,부산광역시립해운대도서관(1층 로비 안내실옆),7090921,"부산광역시 해운대구 양운로 183, 해운대도서관 (좌동)",부산광역시 해운대구 좌동 1385번지 해운대도서관,35.1779456167071,129.168907024399,부산 해운대구 양운로 183
2512,노블레스요양병원(노블레스요양병원 5층 간호사실),051-532-1005,"부산광역시 동래구 충렬대로 437, 안락동 요양병원 5층 (안락동)",부산광역시 동래구 안락동 293-4 안락동 요양병원,35.196678397027,129.106278400456,부산 동래구 충렬대로 437
2513,괴정3동주민센터(1층민원실내),051-220-5062,부산광역시 사하구 낙동대로171번길 30-5 괴정3동주민센터,부산광역시 사하구 괴정동  404-2 괴정3동주민센터 괴정3동주민센터,35.1003417999666,128.998092662462,부산 사하구 낙동대로171번길 30-5
2514,동대신3동주민센터(민원실),2406447,"부산광역시 서구 대영로73번길 92, 동대신3동주민센터 (동대신동3가)",부산광역시 서구 동대신동3가 329번지 1호 동대신3동주민센터,35.1144172409615,129.017260220773,부산 서구 대영로73번길 92
2515,남부민1동주민센터(민원실),2406605,"부산광역시 서구 충무대로255번길 5-26, 남부민1동주민센터 (남부민동)",부산광역시 서구 남부민동 643번지 16호 남부민1동주민센터,35.092747761662,129.023312509658,부산 서구 충무대로255번길 5-26
2516,수영구보건소(수영구보건소 별관 치매안심센터 1층 쉼터입구 우측벽면),051-610-5607,부산광역시 수영구 수영로 637-5 수영구보건소 별관 치매안심센터 (광안동),부산광역시 수영구 광안동 661-1 수영구 보건소 수영구보건소 별관 치매안심센터,35.1624774001588,129.113488239708,부산 수영구 수영로 637-5
2517,삼익비치아파트(아파트 관리사무소 입구),051-623-5977,"부산광역시 수영구 광안해변로 100 관리사무소 (남천동, 비치아파트)",부산광역시 수영구 남천동 148-4 비치아파트 관리사무소,35.1437530945303,129.115366260128,부산 수영구 광안해변로 100
2518,더샵파크리치아파트(정문경비실 내),051-752-5969,"부산광역시 수영구 연수로315번길 16 관리사무소 (망미동, 더샵파크리치)",부산광역시 수영구 망미동 693-1 더샵파크리치 관리사무소,35.1736824174031,129.107339690735,부산 수영구 연수로315번길 16
2519,센텀수영강변3차 e편한세상아파트(관리동 1층로비),051-757-2552,"부산광역시 수영구 좌수영로 192 관리사무소 (망미동, 수영강변3차e편한세상)",부산광역시 수영구 망미동 1136 수영강변3차e편한세상 관리사무소,35.1820724535399,129.116974870884,부산 수영구 좌수영로 192
2520,부곡대우아파트(관리사무소1층복고),051-517-1172,"부산광역시 금정구 부산대학로 10  (부곡동, 대우아파트)",부산광역시 금정구 부곡동 244-7 대우아파트,35.2330659140749,129.08997847798,부산 금정구 부산대학로 10
2521,부곡시영아파트(도시공사)(기관실안(bmc121동)),051-516-1136,부산광역시 금정구 동현로 77 부곡시영아파트(도시공사),부산광역시 금정구 부곡동 957 시영아파트 부곡시영아파트(도시공사),35.2229201910639,129.098204553398,부산 금정구 동현로 77
2522,센텀비치푸르지오아파트(관리사무실 입구 촤측),051-754-4431,"부산광역시 수영구 광안해변로 418 (민락동,센텀비치푸르지오 관리사무실)","부산광역시 수영구 민락동  108-1 센텀비치푸르지오 (민락동,센텀비치푸르지오 관리사무실)",35.1599861941994,129.131517870961,부산 수영구 광안해변로 418
2523,부산광역시금정구보건소(금정구보건소 건강생활지원센터1층),051-519-5073,"부산광역시 금정구 서동로175번길 41-5, 건강생활지원센터 1층 (서동)",부산광역시 금정구 서동 122번지 6호 건강생활지원센터,35.2154475924611,129.107447212062,부산 금정구 서동로175번길 41-5
2524,부산광역시금정구보건소(금정구보건소 치매안심센터 별관4층),051-519-5073,"부산광역시 금정구 중앙대로 1777, 금정구청 (부곡동)",부산광역시 금정구 부곡동 78번지 금정구청,35.2420597812695,129.092455927374,부산 금정구 중앙대로 1777
2525,부산광역시금정구보건소(보건소 구급차량(75저 7602)),051-519-5073,"부산광역시 금정구 중앙대로 1777, 금정구청 (부곡동)",부산광역시 금정구 부곡동 78번지 금정구청,35.2420597812695,129.092455927374,부산 금정구 중앙대로 1777
2526,사직종합운동장 실내체육관(사직실내수영장 수영강사실 내),051-500-2358,"부산광역시 동래구 종합운동장로 29, 사직종합운동장 실내수영장 (사직동)","부산광역시 동래구 종합운동장로 29, 사직실내수영장 (사직동)",35.1927709858009,129.063411773396,부산 동래구 종합운동장로 29
2527,덕천주공2단지아파트(206동),051-331-6454,"부산광역시 북구 덕천로 74 (덕천동, 주공아파트2단지)",부산광역시 북구 덕천동 808번지 주공아파트2단지,35.2090145018988,129.01715015865,부산 북구 덕천로 74
2528,정관LH7단지아파트(1초소 정문 경비실 내부),051-727-6434,부산광역시 기장군 정관읍 모전로 41 관리사무소 (정관신도시 엘에이치 7단지 아파트),부산광역시 기장군 정관읍 모전로 41 관리사무소 (정관신도시 엘에이치 7단지 아파트),35.3369209641856,129.168752600504,부산 기장군 정관읍 모전로 41
2529,정관LH7단지아파트(2초소 후문 경비실 내부),051-727-6434,부산광역시 기장군 정관읍 모전로 41 관리사무소 (정관신도시 엘에이치 7단지 아파트),부산광역시 기장군 정관읍 모전로 41 관리사무소 (정관신도시 엘에이치 7단지 아파트),35.3369209641856,129.168752600504,부산 기장군 정관읍 모전로 41
2530,정관LH7단지아파트(경로당 내부),051-727-6434,부산광역시 기장군 정관읍 모전로 41 관리사무소 (정관신도시 엘에이치 7단지 아파트),부산광역시 기장군 정관읍 모전로 41 관리사무소 (정관신도시 엘에이치 7단지 아파트),35.3369209641856,129.168752600504,부산 기장군 정관읍 모전로 41
2533,동삼주공아파트 2단지 관리사무소(202동 A),051-403-5583,"부산광역시 영도구 상리로 1, 202동 (동삼동, 주공아파트, 동삼그린힐아파트)","부산광역시 영도구 동삼동 1123번지 주공아파트, 동삼그린힐아파트",35.0856395176363,129.069877449987,부산 영도구 상리로 1
2534,우신뉴타운(103동 앞 경비실 내),051-517-5203,"부산광역시 금정구 중앙대로1667번길 8  (부곡동, 우신뉴타운아파트)",부산광역시 금정구 부곡동 235-5 우신뉴타운아파트,35.2340611704664,129.090096714769,부산 금정구 중앙대로1667번길 8
2535,감천문화마을안내센터(감천문화마을안내센터),051-204-1444,부산광역시 사하구 감내2로 203 감천문화마을 안내센터 1층로비,부산광역시 사하구 감천동  1-14 감천문화마을안내센터 감천문화마을 안내센터 1층로비,35.0974881365854,129.010608479318,부산 사하구 감내2로 203
2537,서면2차봄여름가을겨울아파트(105동 경비실 입구),051-891-8471,"부산광역시 부산진구 신천대로197번길 15 (당감동, 서면2차봄여름가을겨울)",부산광역시 부산진구 당감동 1024번지 서면2차봄여름가을겨울,35.1586192511082,129.049074269119,부산 부산진구 신천대로197번길 15
2538,부산기독교종합사회복지관(1층 현관),2579404,"부산광역시 서구 까치고개로229번길 40, 부산기독교종합사회복지관 (토성동2가)",부산광역시 서구 토성동2가 4번지 1호 부산기독교종합사회복지관,35.101580299073,129.021146137314,부산 서구 까치고개로229번길 40
2539,남부민2동주민센터(주민센터 내),051-240-6622,"부산광역시 서구 천마로 87, 남부민2동 주민센터 (남부민동)",부산광역시 서구 남부민동 456번지 6호 남부민2동 주민센터,35.0845084101834,129.020544529705,부산 서구 천마로 87
2540,초장동주민센터(초장동 주민센터 내),2406566,"부산광역시 서구 초장로27번길 32, 초장동주민센터 (초장동)",부산광역시 서구 초장동 75번지 483호 초장동주민센터,35.0959797385609,129.020287585507,부산 서구 초장로27번길 32
2541,부민동주민센터(부민동 주민센터 내),2406535,"부산광역시 서구 임시수도기념로 22-11, 부민동주민센터 (부민동3가)",부산광역시 서구 부민동3가 29번지 1호 부민동주민센터,35.1034567882395,129.018828573524,부산 서구 임시수도기념로 22
2542,동대신2동주민센터(주민센터 입구),2406422,"부산광역시 서구 보동길275번길 9, 동대신2동주민센터 (동대신동2가)",부산광역시 서구 동대신동2가 144번지 3호 동대신2동주민센터,35.1129629761154,129.023224460914,부산 서구 보동길275번길 9
2543,서대신4동주민센터(서대신4동 주민센터 입구),2406505,"부산광역시 서구 꽃마을로 58, 서대신4동주민센터 (서대신동3가)",부산광역시 서구 서대신동3가 769번지 2호 서대신4동주민센터,35.1192256383452,129.011775271003,부산 서구 꽃마을로 58
2544,동대신1동주민센터(주민센터 입구),2406407,"부산광역시 서구 구덕로280번길 32, 동대신1동주민센터 (동대신동1가)",부산광역시 서구 동대신동1가 202번지 동대신1동주민센터,35.1096296287557,129.020220635328,부산 서구 구덕로280번길 32
2545,장림동원로얄듀크(관리사무소내),2649720,"부산광역시 사하구 하신중앙로 2 (장림동, 동원로얄듀크)",부산광역시 사하구 장림동 875번지 동원로얄듀크,35.077318017704,128.963794294477,부산 사하구 하신중앙로 2
2546,서울우리요양병원(7층 간호사실),051-361-3500,"부산광역시 북구 화명대로 42, 우리메디컬센터 (화명동)",부산광역시 북구 화명대로 42 서울우리요양병원,35.2344055329003,129.012675985546,부산 북구 화명대로 42
2547,서부산권장애인스포츠센터(서부산권장애인스포츠센터),051-203-9670,부산광역시 사하구 낙동남로1233번길 20 (하단동),부산광역시 사하구 하단동 1149번지 5호,35.1094202906351,128.946941566346,부산 사하구 낙동남로1233번길 20
2548,센텀동국아파트(정문 경비실),051-784-1063,"부산광역시 해운대구 재송2로 91  (재송동, 센텀동국아파트)",부산광역시 해운대구 재송동 1182-1 센텀동국아파트,35.1933696300285,129.133924534696,부산 해운대구 재송2로 91
2549,중흥S클래스프라디움(관리사무실 출입구),051-271-1202,"부산광역시 강서구 명지국제7로 133 (명지동, 중흥S클래스프라디움)","부산광역시 강서구 명지동  3400 중흥 S-클래스 프라디움 (명지동, 중흥S클래스프라디움)",35.0964045540988,128.916710287675,부산 강서구 명지국제7로 133
2550,협성 DS엘리시안(관리사무소 앞),051-941-2725,"부산광역시 강서구 과학산단로306번길 10 (지사동, 협성 ？ DS 엘리시안)","부산광역시 강서구 과학산단로306번길 10 (지사동, 협성 ？ DS 엘리시안)",35.1495640564902,128.836603021997,부산 강서구 과학산단로306번길 10
2551,부산광역시영도구보건소(보건소 신관 1층 입구 좌측),051-419-4921,"부산광역시 영도구 태종로 423, 영도구보건소 치매안심센터 내 (청학동)",부산광역시 영도구 청학동 48번지 3호 영도구보건소 치매안심센터 내,35.0912174458851,129.067910492443,부산 영도구 태종로 423
2552,영도 도서관(영도 도서관 내),051-419-4821,부산광역시 영도구 함지로79번길 6 영도 도서관 (동삼동),부산광역시 영도구 동삼동 516-1 영도어울림문화공원 영도 도서관,35.0752653795657,129.066858950494,부산 영도구 함지로79번길 6
2553,영선2동 주민센터(영선2동 주민센터 내),051-419-5541,부산광역시 영도구 영선대로 65 영선2동 주민센터 (영선동3가),부산광역시 영도구 영선동3가 35-1 영선2동주민센터 영선2동 주민센터,35.0869868683143,129.041319723044,부산 영도구 영선대로 65
2554,부산환경공단자원순환사업소(자원순환사업소 자원순환협력센터 1층로비),051-309-7171,"부산광역시 강서구 생곡산단1로24번길 58, 부산자원순환협력센터 (생곡동)",부산광역시 강서구 생곡동 1532-1 부산자원순환협력센터,35.133125627949,128.88231448914,부산 강서구 생곡산단1로24번길 58
2555,명지금강펜테리움센트럴파크3차아파트(관리동 관리사무소 옆 복도),051-201-4521,"부산광역시 강서구 명지국제5로 110  (명지동, 금강펜테리움 센트럴파크 3차)",부산광역시 강서구 명지동 3347 금강펜테리움 센트럴파크 3차,35.1040778310702,128.921442769417,부산 강서구 명지국제5로 110
2556,명지금강펜테리움센트럴파크3차아파트(커뮤니티 내 휘트니스센터 복도),051-201-4521,"부산광역시 강서구 명지국제5로 110  (명지동, 금강펜테리움 센트럴파크 3차)",부산광역시 강서구 명지동 3347 금강펜테리움 센트럴파크 3차,35.1040778310702,128.921442769417,부산 강서구 명지국제5로 110
2557,신선동 주민센터(신선동 주민센터 내),051-419-5601,부산광역시 영도구 하나길 317 신선동 주민센터 (신선동3가),부산광역시 영도구 신선동3가 84-3 신선동주민센터 신선동 주민센터,35.0833820427577,129.045160468452,부산 영도구 하나길 317
2559,동삼그린힐아파트(동삼그린힐 아파트 관리사무소 내),051-403-8754,부산광역시 영도구 상리로 1,"부산광역시 영도구 동삼동  1123 주공아파트, 동삼그린힐아파트",35.0856395176363,129.069877449987,부산 영도구 상리로 1
2560,다대도서관(2층 정문 로비 엘리베이터 앞),051-220-5861,부산광역시 사하구 다대낙조2길 9 다대도서관 2층 로비,부산광역시 사하구 다대동  1548-14 다대도서관 다대도서관2층로비,35.0504281551354,128.964672802058,부산 사하구 다대낙조2길 9
2561,사하국민생활체육센터(1층 입구),051-220-4125,부산광역시 사하구 감천로 68 사하국민생활체육센터,부산광역시 사하구 감천동  702-1 사하국민체육센터 사하국민생활체육센터,35.0894350085711,128.998877621366,부산 사하구 감천로 68
2562,낙조분수대(분수대관리동 1층 입구안 계단벽),051-220-5891,부산광역시 사하구 몰운대1길 14 낙조분수대관리동,부산광역시 사하구 다대동  1674 낙조분수 관리동 낙조분수대관리동,35.046379810293,128.968007746434,부산 사하구 몰운대1길 14
2563,괴정4동주민센터(1층민원실내),051-220-5095,부산광역시 사하구 낙동대로309번길 9 괴정4동주민센터,부산광역시 사하구 괴정동  571-2 괴정4동주민센터 괴정4동주민센터,35.0991447388595,128.983159069975,부산 사하구 낙동대로309번길 9
2564,당리동 복합센터(당리동 복합센터),051-220-5122,"부산광역시 사하구 낙동대로398번길 21, 당리동 복합센터 (당리동)",부산광역시 사하구 당리동 317-52 당리동 복합센터,35.1039849536902,128.974540950914,부산 사하구 낙동대로398번길 21
2565,신개금LG아파트(백양대로 300번길 20),051-895-8586,"부산광역시 부산진구 백양대로300번길 20  (개금동, 신개금엘지아파트)",부산광역시 부산진구 개금동 455 신개금엘지아파트,35.1550481097082,129.019243033247,부산 부산진구 백양대로300번길 20
2566,화승삼성아파트(관리사무소),051-816-4931,"부산광역시 부산진구 당감로 79 관리사무소 (부암동, 화승삼성아파트)",부산광역시 부산진구 부암동 500 화승삼성아파트 관리사무소,35.1684027431243,129.037323992928,부산 부산진구 당감로 79
2567,타워베르빌(2타워 경비실 내),051-913-5800,부산광역시 부산진구 시민공원로19번길 65,부산광역시 부산진구 부암동  48-3 타워베르빌,35.1659444088819,129.050902545964,부산 부산진구 시민공원로19번길 65
2568,연지2차청구아파트(101동 지하 관리사무소내),051-804-6474,부산광역시 부산진구 동평로291번길 30-17,부산광역시 부산진구 연지동  23-17 연지2차청구아파트,35.174113118202,129.05714237943,부산 부산진구 동평로291번길 30-17
2569,가야벽산아파트(경비실본부),1487-1801-0022,"부산광역시 부산진구 엄광로 68  (가야동, 벽산아파트)",부산광역시 부산진구 가야동 669-9 벽산아파트,35.1466134423697,129.026989438444,부산 부산진구 엄광로 68
2571,부산광역시남구도서관(도서관 1층 로비 안내실 옆),051-607-6551,부산광역시 남구 수영로267번길 61,부산광역시 남구 대연동 317-56 남구도서관,35.1376966788941,129.094567843567,부산 남구 수영로267번길 61
2572,부산여객터미널(부산항만공사)(대합실 3층 의무대기실),051-966-3068,"부산광역시 동구 충장대로 206 (초량동, 부산여객터미널)","부산광역시 동구 초량동  45-39 부산항 국제여객터미널 (초량동, 부산여객터미널)",35.1175129767356,129.049383440539,부산 동구 충장대로 206
2573,당감4동주민센터(민원실),051-605-6801,부산광역시 부산진구 백양순환로 40  (당감동),부산광역시 부산진구 당감동 696-1,35.1682222164506,129.033422339184,부산 부산진구 백양순환로 40
2574,거제1동행정복지센터(출입구 우측 벽면(외부)),051-665-5711,부산광역시 연제구 법원북로 88  (거제동),부산광역시 연제구 거제동 1485-1 거제1동 주민센터,35.1918532011854,129.075638338535,부산 연제구 법원북로 88
2575,서면동일파크스위트3차(304동 관리사무소 내),051-802-1620,"부산광역시 부산진구 동평로 162  (부암동, 서면동일파크스위트 3차)",부산광역시 부산진구 부암동 746 서면동일파크스위트 3차,35.165417735262,129.045944837845,부산 부산진구 동평로 162
2576,두산위브포세이돈2아파트(아파트 정문 경비실),051-646-7060,"부산광역시 동구 자성로116번길 2  (범일동, 두산위브포세이돈Ⅱ)",부산광역시 동구 범일동 825-7 두산위브포세이돈Ⅱ,35.1362311780235,129.063459403768,부산 동구 자성로116번길 2
2577,부산보훈병원(동관7층),051-601-6355,"부산광역시 사상구 백양대로 420, 보훈병원 (주례동)",부산광역시 사상구 주례동 235 보훈병원,35.1528918625836,129.008252267356,부산 사상구 백양대로 420
2578,영도구노인복지관(영도구노인복지관 1층로비),051-417-6344,부산광역시 영도구 절영로29번길 14 영도구노인복지관 (대교동2가),부산광역시 영도구 대교동2가 159-10 노인복지관 영도구노인복지관,35.0913300208287,129.040097492103,부산 영도구 절영로29번길 14
2579,부산진지역자활센터(부산진지역자활센터 1층),051-816-9633,"부산광역시 부산진구 새싹로 251, 1층 (초읍동)",부산광역시 부산진구 초읍동 273-1,35.1784940645387,129.047714360734,부산 부산진구 새싹로 251
2580,한국철도공사부전역(2층 역무실),051-440-2610,부산광역시 부산진구 부전로 181 2층 (부전동),부산광역시 부산진구 부전동 280-76 부전역사 2층,35.1640421327974,129.060506292678,부산 부산진구 부전로 181
2581,안창마을통합회관(안창마을통합회관 내),010-****-****,부산광역시 부산진구 안창로72번길 17  (범천동),부산광역시 부산진구 범천동 1540-1,35.146025252736,129.040738927117,부산 부산진구 안창로72번길 17
2582,망미삼성아파트(4동앞 경비실내),051-758-2157,"부산광역시 수영구 망미로30번길 23 관리사무소 (망미동, 삼성아파트)",부산광역시 수영구 망미동 777 삼성아파트 관리사무소,35.1686144727757,129.100818604991,부산 수영구 망미로30번길 23
2583,개금우드빌아파트(1층 출입구 안 로비),051-896-7286,"부산광역시 부산진구 백양관문로77번길 81  (개금동, 개금우드빌)",부산광역시 부산진구 개금동 1-7 개금우드빌,35.1626663435084,129.026379748422,부산 부산진구 백양관문로77번길 81
2584,한신혜성아파트(한신혜성아파트 정문경비실),051-203-9882,"부산광역시 사하구 동매로 120  (하단동, 한신혜성아파트)",부산광역시 사하구 하단동 277-2 한신혜성아파트,35.1012889287059,128.971520894865,부산 사하구 동매로 120
2585,모라주공4단지아파트(관리동 관리사무실 입구),051-304-3227,"부산광역시 사상구 모라로192번길 50  (모라동, 주공아파트4단지)",부산광역시 사상구 모라동 75 주공아파트4단지,35.1837852373414,129.001554178679,부산 사상구 모라로192번길 50
2586,동원화인패밀리타운(관리동 정문경비실 내),051-896-0257,"부산광역시 부산진구 백양관문로77번길 55  (개금동, 동원화인패밀리타운)",부산광역시 부산진구 개금동 1-12 동원화인패밀리타운,35.1639281330622,129.02850740693,부산 부산진구 백양관문로77번길 55
2587,자유아파트(관리사무소 내),051-303-4000,"부산광역시 사상구 백양대로 820  (덕포동, 자유아파트)",부산광역시 사상구 덕포동 761-1 자유아파트,35.1800236911017,128.988750208023,부산 사상구 백양대로 820
2588,신다대아파트(아파트 관리사무소 입구),051-993-3283,"부산광역시 사하구 다대로 400  (다대동, 신다대아파트)",부산광역시 사하구 다대동 113-6 신다대아파트,35.0677788241625,128.97774328445,부산 사하구 다대로 400
2589,다대코오롱아파트(아파트 정문 경비실),051-263-2643,"부산광역시 사하구 다송로 36  (다대동, 다대코오롱맨션)",부산광역시 사하구 다대동 37 다대코오롱맨션,35.064090656245,128.98184158244,부산 사하구 다송로 36
2590,신세대지큐빌아파트(관리사무실내),051-265-5092,"부산광역시 사하구 다대로277번길 85  (장림동, 신세대지큐빌)",부산광역시 사하구 장림동 16 신세대지큐빌,35.0761221202712,128.981429998763,부산 사하구 다대로277번길 85
2591,부산지방검찰청동부지청(1층),051-780-4546,부산광역시 해운대구 재반로112번길 19  (재송동),부산광역시 해운대구 재송동 1133 부산지방검찰청동부지청 ,35.1899386428032,129.129245554374,부산 해운대구 재반로112번길 19
2592,서면DS협성엘리시안아파트(관리소 앞),051-633-0573,부산광역시 부산진구 만리산로 11 서면 DS 협성 엘리시안 아파트 (범천동),부산광역시 부산진구 범천동 1647 서면 DS 협성 엘리시안 아파트,35.1447760706214,129.053401969117,부산 부산진구 만리산로 11
2593,사하뷰웰아파트(아파트내 제1경비실),051-294-8601,"부산광역시 사하구 신산북로43번길 59  (신평동, 신평엘에이치천년나무)",부산광역시 사하구 신평동 669 신평엘에이치천년나무,35.0948561325281,128.97132365794,부산 사하구 신산북로43번길 59
2594,모라동원타운(모라동원타운 관리사무소 내),051-327-7888,"부산광역시 사상구 백양대로 879  (모라동, 동원아파트)",부산광역시 사상구 모라동 1361 동원아파트,35.1840225616711,128.989928866593,부산 사상구 백양대로 879
2595,양정현대2차아파트(양정현대2차아파트 관리사무소),051-866-9474,"부산광역시 부산진구 거제대로 37 양정현대2차아파트 관리사무소 (양정동, 현대아파트)",부산광역시 부산진구 양정동 458-20 현대아파트 양정현대2차아파트 관리사무소,35.1707552940831,129.066457433194,부산 부산진구 거제대로 37
2596,국제마마뉴비치타운관리사무소(국제마마뉴비치타운관리사무소 내),051-405-7282,"부산광역시 영도구 중리로 32 관리사무소 (동삼동, 국제마마 뉴비치타운)",부산광역시 영도구 동삼동 510-33 국제마마 뉴비치타운 관리사무소,35.0724791628311,129.069240000023,부산 영도구 중리로 32
2597,부산도시공사동삼2지구영구임대아파트(부산도시공사동삼2지구영구임대아파트 통합초소),051-403-4223,"부산광역시 영도구 함지로79번길 40 관리사무소 (동삼동, 동삼2지구영구임대아파트)",부산광역시 영도구 동삼동 510 동삼2지구영구임대아파트 관리사무소,35.0749668613043,129.064804725106,부산 영도구 함지로79번길 40
2598,부산김해경전철사상역(대합실 2층 고객지원실 앞),055-310-9601,부산광역시 사상구 광장로 83,부산광역시 사상구 괘법동 572-1 사상정거장,35.1623018019972,128.985940757007,부산 사상구 광장로 83
2599,주례2동행정복지센터(민원실 내),051-310-3163,부산광역시 사상구 주례로10번길 15,부산광역시 사상구 주례동 154-1 주례2동주민센터,35.1500655900195,129.010420557503,부산 사상구 주례로10번길 15
2600,엄궁동행정복지센터(엄궁동주민센터 민원실 내),051-310-3223,부산광역시 사상구 엄궁북로 15,부산광역시 사상구 엄궁동 618-31 엄궁동주민센터,35.1286923082076,128.972202867856,부산 사상구 엄궁북로 15
2601,사상강변동원아파트(관리사무소 내),051-327-6722,부산광역시 사상구 낙동대로1210번길 34,부산광역시 사상구 괘법동 519-1 사상강변동원아파트,35.1666822659555,128.978103908759,부산 사상구 낙동대로1210번길 34
2602,현대무지개타운아파트(105동 경비실 내),051-323-5861,부산광역시 사상구 주례로 93,부산광역시 사상구 주례동 530-5 현대무지개타운,35.144962255294,129.004988674681,부산 사상구 주례로 93
2603,신주례LG1차아파트(관리사무소 1층 현관),051-316-7705,부산광역시 사상구 백양대로342번길 16 (주례동) 엘지신주례아파트,부산광역시 사상구 주례동 3-16 엘지신주례아파트,35.1547989827619,129.015740088934,부산 사상구 백양대로342번길 16
2604,구학마을아파트(104동 경비실 내),051-322-8812,"부산광역시 사상구 학감대로49번길 28-19 (학장동,구학마을아파트)","부산광역시 사상구 학장동  168-8 구학마을아파트 (학장동,구학마을아파트)",35.1369601745874,128.991692452782,부산 사상구 학감대로49번길 28-19
2605,부영벽산파라빌아파트(정문경비실실내),051-294-8087,"부산광역시 사하구 감천로21번길 35 감천동, 부영벽산파라빌","부산광역시 사하구 감천동 567 부영벽산파라빌 감천동, 부영벽산파라빌",35.0942185295071,128.995549749053,부산 사하구 감천로21번길 35
2606,다대3지구도개공아파트(통합경비실),051-264-3282,"부산광역시 사하구 다대로 430 다대동, 다대3지구도개공아파트","부산광역시 사하구 다대동 113-13 다대3지구도개공아파트 다대동, 다대3지구도개공아파트",35.0660282039576,128.979149742815,부산 사하구 다대로 430
2607,부산진구보건소(구청 의회동 2층),051-645-4000,"부산광역시 부산진구 시민공원로 30, 부산진구청 3층 (부암동)",부산광역시 부산진구 부암동 666번지 16호 부산진구청,35.162830637421,129.05318830381,부산 부산진구 시민공원로 30
2608,"부산여객터미널(부산항만공사)(2층갱웨이(선박,대합실 사이 통로))",051-966-3068,"부산광역시 동구 충장대로 206 (초량동, 부산여객터미널)","부산광역시 동구 초량동  45-39 부산항 국제여객터미널 (초량동, 부산여객터미널)",35.1175129767356,129.049383440539,부산 동구 충장대로 206
2609,동래우성아파트(관리사무소),051-529-0540,"부산광역시 동래구 안남로 9 (낙민동, 동래우성아파트)",부산광역시 동래구 낙민동 83번지 1호 동래우성아파트,35.1949681839736,129.093401358964,부산 동래구 안남로 9
2610,육아종합지원센터(육아종합지원센터 2층 엘리베이터 앞),051-526-0756,부산광역시 동래구 시실로 129 (명장동),부산광역시 동래구 명장동 530번지 13호,35.2115077152213,129.095650268009,부산 동래구 시실로 129
2611,부산희망등대종합지원센터(2층 응급잠자리),051-463-1127,부산광역시 부산진구 가야대로587번길 8 (가야동),부산광역시 부산진구 가야동 82-15,35.1551616503635,129.036198182185,부산 부산진구 가야대로587번길 8
2612,가야1동주민센터(가야1동주민센터 1층 입구),051-605-6878,부산광역시 부산진구 가야대로572번길 22 가야1동주민센터,부산광역시 부산진구 가야동  296-1 가야1동주민센터 가야1동주민센터,35.1532452545829,129.034287509892,부산 부산진구 가야대로572번길 22
2613,국민체육문예센터(체육센터 내),051-440-9031,부산광역시 동구 구청로 1,부산광역시 동구 수정동  806-74 동구청,35.1292975675514,129.045298203371,부산 동구 구청로 1
2614,해운대LG아파트(122동 경비실),051-701-9198,부산광역시 해운대구 대천로103번길 61,부산광역시 해운대구 좌동 1398 엘지아파트,35.1806671446303,129.173865905375,부산 해운대구 대천로103번길 61
2615,전포LH아파트(아파트내 관리사무소),051-803-7739,부산광역시 부산진구 중앙대로 862,부산광역시 부산진구 중앙대로 862 관리사무소,35.1668703124502,129.067481222144,부산 부산진구 중앙대로 862
2616,범천LH 아파트(건물1층로비),051-637-0095,부산광역시 부산진구 신암로 66,부산광역시 부산진구 신암로 66 1층 경비실 앞,35.1474350919207,129.054658772275,부산 부산진구 신암로 66
2618,일신님2차아파트(일신님2차아파트 관리사무소 내),051-622-7901,"부산광역시 남구 용호로 38-17 (용호동, 일신님2차아파트)","부산광역시 남구 용호동  179-9 일신님2차아파트 (용호동, 일신님2차아파트)",35.1262774834291,129.106655784244,부산 남구 용호로 38-17
2619,다대4지구아파트(도개공영구임대)(다대4지구아파트(도개공영구임대)통합경비실 입구),051-261-2316,"부산광역시 사하구 다송로 59 (다대동, 다대4지구도개공영구임대아파트)","부산광역시 사하구 다대동  96-1 다대4지구도개공영구임대아파트 (다대동, 다대4지구도개공영구임대아파트)",35.0627448302499,128.985476627903,부산 사하구 다송로 59
2620,두산1차아파트(관리사무소(2층)출입구 밖 벽면),051-701-2243,부산광역시 해운대구 양운로 182 관리사무소(2층),부산광역시 해운대구 좌동  1394 두산1차아파트 관리사무소(2층),35.1787081580615,129.169943078852,부산 해운대구 양운로 182
2621,백양뜨란채아파트(백양뜨란채아파트 관리사무소 현관),051-896-8584,부산광역시 부산진구 백양산로53번길 125,부산광역시 부산진구 당감동  797 백양뜨란채,35.1711519461034,129.026345604739,부산 부산진구 백양산로53번길 125
2622,일동미라주아파트(104동 1~2라인앞 경비실(2초소)입구),051-526-3988,"부산광역시 해운대구 삼어로 77 반여동, 일동미라주아파트","부산광역시 해운대구 반여동 1192-3 일동미라주아파트 반여동, 일동미라주아파트",35.2053128310828,129.117825261561,부산 해운대구 삼어로 77
2623,대신여자중학교(1층 중앙현관 교육정보실 옆 벽면),051-244-1812,부산광역시 서구 보동길 268,부산광역시 서구 동대신동2가  87-9 대신여자중학교,35.1134646595408,129.024805279248,부산 서구 보동길 268
2624,안락2동주민센터(안락2동주민센터),051-550-6521,"부산광역시 동래구 명안로18번길 103, 안락제2동주민센터 (안락동)",부산광역시 동래구 안락동 464번지 38호 안락제2동주민센터,35.1977620067167,129.110072159013,부산 동래구 명안로18번길 103
2625,사직2동 주민센터(사직2동 주민센터 입구),051-550-6461,"부산광역시 동래구 사직북로63번길 22, 사직제2동주민센터, 치안센터 (사직동)","부산광역시 동래구 사직동 29번지 8호 사직제2동주민센터, 치안센터",35.1991857754564,129.057514534893,부산 동래구 사직북로63번길 22
2626,모라3동행정복지센터(민원실),051-310-3041,부산광역시 사상구 모라로110번길 99 (모라동),부산광역시 사상구 모라동  551-1 모라3동 주민센터 (모라동),35.1846544637518,128.996060106382,부산 사상구 모라로110번길 99
2627,환경공단해운대사업소(환경공단해운대사업소 1층 현관),7018380,부산광역시 해운대구 해운대로 898,부산광역시 해운대구 좌동 1425,35.175825819719,129.184303186306,부산 해운대구 해운대로 898
2628,부산진구보건소(부산진구보건소 민원실 앞),051-645-4000,"부산광역시 부산진구 황령대로8번길 36, 부산진보건소 (범천동)",부산광역시 부산진구 황령대로8번길 36 A동 1층,35.1461171387257,129.059720559969,부산 부산진구 황령대로8번길 36
2629,기장군도시관리공단-기장군청소년수련관(기장군청소년수련관 2층 중앙로비(정문근처)),051-792-4710,부산광역시 기장군 정관면 달음산길 106 기장군청소년수련관,부산광역시 기장군 정관면 달산리 417-22 기장군청소년수련관,35.3110860103841,129.199761136601,부산 기장군 정관읍 달음산길 106
2630,(의)센텀의료재단서부산센텀병원(7병동),051-329-3026,부산광역시 사상구 새벽로 226 (괘법동),부산광역시 사상구 새벽로 226 (괘법동),35.1612120289821,128.984554292584,부산 사상구 새벽로 226
2631,더샵센트럴스타(아파트 관리사무소),051-819-1091,부산광역시 부산진구 중앙대로666번길 50 (부전동) 더샵 센트럴스타,부산광역시 부산진구 부전동 537-9 더샵 센트럴스타,35.151843130536,129.060303359759,부산 부산진구 중앙대로666번길 50
2632,남부공항서비스(주)(김해국제공항 국내선 동력동 1층),051-974-2062,부산광역시 강서구 공항진입로 108 (대저2동),부산광역시 강서구 대저2동 2350-1 김해국제공항 국내화물청사 219호,35.1719452056834,128.947707113959,부산 강서구 대저2동 2350-1
2633,남부공항서비스(주)(김해국제공항 항공유저장소 관리동 1층),051-974-2062,부산광역시 강서구 공항진입로 108 (대저2동),부산광역시 강서구 대저2동 2350-1 김해국제공항 국내화물청사 219호,35.1719452056834,128.947707113959,부산 강서구 대저2동 2350-1
2634,남부공항서비스(주)(김해국제공항국제선 지하전력중앙통제소),051-974-2062,부산광역시 강서구 공항진입로 108 (대저2동),부산광역시 강서구 대저2동 2350-1 김해국제공항 국내화물청사 219호,35.1719452056834,128.947707113959,부산 강서구 대저2동 2350-1
2635,남부공항서비스(주)(김해국제공항 건축사무실건물 1층),051-974-2062,부산광역시 강서구 공항진입로 108 (대저2동),부산광역시 강서구 대저2동 2350-1 김해국제공항 국내화물청사 219호,35.1719452056834,128.947707113959,부산 강서구 대저2동 2350-1
2636,남부공항서비스(주)(김해국제공항 항공등화관리동 2층),051-974-2062,부산광역시 강서구 공항진입로 108 (대저2동),부산광역시 강서구 대저2동 2350-1 김해국제공항 국내화물청사 219호,35.1719452056834,128.947707113959,부산 강서구 대저2동 2350-1
2637,동삼주공아파트 2단지 관리사무소(관리사무소 내),051-403-5583,부산광역시 영도구 상리로 1 2단지 관리사무소,부산광역시 영도구 상리로 1 2단지 관리사무소,35.0856395176363,129.069877449987,부산 영도구 상리로 1
2638,라인업치과병원(3층 대기실),010-****-****,"부산광역시 부산진구 서면문화로 26, 3,4층 (부전동)",부산광역시 부산진구 부전동 398-8,35.1597025166584,129.05632747244,부산 부산진구 서면문화로 26
2639,부산교도소부속의원(부산교도소 내 의료과 사무실),051-718-1675,부산광역시 강서구 대저중앙로29번길 62(대저1동),부산광역시 강서구 대저1동 1028-2,35.2196995364963,128.950185845598,부산 강서구 대저1동 1028-2
2640,"부산구치소(수용1,2팀)",051-324-5501,부산광역시 사상구 학장로 268(주례동),부산광역시 사상구 주례동 666,35.145931046324,128.996978844836,부산 사상구 주례동 666
2641,부산문현1BL민간공동현장(안전교육장),051-647-8921,부산광역시 남구 돌산4길 37(문현동),부산광역시 남구 문현동 산 22-1,35.1493836312483,129.07332343701,부산 남구 문현동 산 22-1
2642,부산신호사랑으로부영1차(관리사무소),051-971-2563,"부산광역시 강서구 신호산단3로 27(신호동, 부산신호사랑으로부영1차)",부산광역시 강서구 신호동 296-1 부산신호사랑으로부영1차,35.0880980012314,128.875297557032,부산 강서구 신호동 296-1
2643,엄궁롯데캐슬리버아파트(아파트 정문 경비실 안),051-314-3358,부산광역시 사상구 엄궁북로4번가길 62 (엄궁동),부산광역시 사상구 엄궁동 산 89-11,35.1262059542202,128.971604327524,부산 사상구 엄궁동 산 89-11
2644,한국공항공사김해공항(국제선2층 격리대합실(경복궁면세점 건너편)),051-974-3975,부산광역시 강서구 공항진입로 108 (대저2동),부산광역시 강서구 대저2동 2350-1,35.1719452056834,128.947707113959,부산 강서구 대저2동 2350-1
2645,한국공항공사김해공항(국제선1층 격리대합실(5번게이트 입국장)),051-974-3975,부산광역시 강서구 공항진입로 108 (대저2동),부산광역시 강서구 대저2동 2350-1,35.1719452056834,128.947707113959,부산 강서구 대저2동 2350-1
2646,한국공항공사김해공항(국제선1층 격리대합실(A입국장/검역소사이)),051-974-3975,부산광역시 강서구 공항진입로 108 (대저2동),부산광역시 강서구 대저2동 2350-1,35.1719452056834,128.947707113959,부산 강서구 대저2동 2350-1
2647,한국공항공사김해공항(국제선 2층 격리대합실(직원전용통로앞)),051-974-3975,부산광역시 강서구 공항진입로 108 (대저2동),부산광역시 강서구 대저2동 2350-1,35.1719452056834,128.947707113959,부산 강서구 대저2동 2350-1
2648,한국공항공사김해공항(국제선 1층 일반대합실(출발 5번 도착장 중앙)),051-974-3975,부산광역시 강서구 공항진입로 108 (대저2동),부산광역시 강서구 대저2동 2350-1,35.1719452056834,128.947707113959,부산 강서구 대저2동 2350-1
2649,한국공항공사김해공항(국내선2층 일반대합실(gate4번 앞)),051-974-3975,부산 강서구 공항진입로108,부산광역시 강서구 대저2동 2350-1,35.1719452056834,128.947707113959,부산 강서구 대저2동 2350-1
2650,한국공항공사김해공항(국내선2층 격리대합실 탑승구35번 앞),051-974-3975,부산광역시 강서구 공항진입로 108 (대저2동),부산광역시 강서구 대저2동 2350-1,35.1719452056834,128.947707113959,부산 강서구 대저2동 2350-1
2651,한국공항공사김해공항(국제선3층 일반대합실(복도 벽면)),051-974-3975,부산광역시 강서구 공항진입로 108 (대저2동),부산광역시 강서구 대저2동 2350-1,35.1719452056834,128.947707113959,부산 강서구 대저2동 2350-1
2652,한국공항공사김해공항(국제선1층 일반대합실(3번게이트 에스컬레이터 옆)),051-974-3975,부산광역시 강서구 공항진입로 108 (대저2동),부산광역시 강서구 대저2동 2350-1,35.1719452056834,128.947707113959,부산 강서구 대저2동 2350-1
2653,한국공항공사김해공항(국제선2층 격리대합실(8번 게이트 앞)),051-974-3975,부산광역시 강서구 공항진입로 108 (대저2동),부산광역시 강서구 대저2동 2350-1,35.1719452056834,128.947707113959,부산 강서구 대저2동 2350-1
2654,한국공항공사김해공항(국제선1층 격리대합실(1번 수하물벨트 앞)),051-974-3975,부산광역시 강서구 공항진입로 108 (대저2동),부산광역시 강서구 대저2동 2350-1,35.1719452056834,128.947707113959,부산 강서구 대저2동 2350-1
2655,한국공항공사김해공항(국제선2층 격리대합실(10A 게이트앞)),051-974-3975,부산광역시 강서구 공항진입로 108 (대저2동),부산광역시 강서구 대저2동 2350-1,35.1719452056834,128.947707113959,부산 강서구 대저2동 2350-1
2656,한국공항공사김해공항(국제선3층 중앙격리대합실(복도벽면)),051-974-3975,부산광역시 강서구 공항진입로 108 (대저2동),부산광역시 강서구 대저2동 2350-1,35.1719452056834,128.947707113959,부산 강서구 대저2동 2350-1
2657,한국공항공사김해공항(국내선3층 중앙(전시관앞)),051-974-3975,부산 강서구 공항진입로108,부산광역시 강서구 대저2동 2350-1,35.1719452056834,128.947707113959,부산 강서구 대저2동 2350-1
2658,한국공항공사김해공항(국내선1층 격리대합실 중앙),051-974-3975,부산 강서구 공항진입로108,부산광역시 강서구 대저2동 2350-1,35.1719452056834,128.947707113959,부산 강서구 대저2동 2350-1
2659,한국수력원자력(주)고리본부(특수구급차(717라6907)),051-726-3118,부산광역시 기장군 장안읍 길천길 96-1,부산광역시 기장군 장안읍 고리 81,35.3211212332641,129.290678089903,부산 기장군 장안읍 고리 81
2660,한국전력공사동부산전력지사(전력지사 사옥내 1층현관),051-559-5341,부산광역시 기장군 철마면 반송로 1136,부산광역시 기장군 철마면 안평리 284,35.2403234568209,129.179027265206,부산 기장군 철마면 안평리 284
2661,한국전력공사부산울산본부신대연변전소(변전소 1층),051-604-5293,부산광역시 남구 황령대로 328(대연동),부산광역시 남구 대연동 234,35.1477411244855,129.093522198376,부산 남구 대연동 234
2662,한국전력공사북부산전력지사(사옥 1층 현관),051-330-2317,부산광역시 북구 와석장터로 77(화명동),부산광역시 북구 화명동 539,35.2363275670368,129.024394986366,부산 북구 화명동 539
2663,한국전력공사서부산전력지사(1층 로비 엘리베이터옆),051-794-8311,"부산광역시 사하구 감천항로 7, 한국전력공사 서부산전력지사 (감천동)",부산광역시 사하구 감천동 759,35.0870025754175,128.998935342888,부산 사하구 감천동 759
2664,한국전력공사서부산전력지사신녹산변전소(4층 감시실 입구),051-794-8311,"부산광역시 강서구 녹산화전로 107, 한국전력공사 서부산전력지사 신녹산변전소 (송정동)",부산광역시 강서구 송정동 1638-5 한국전력공사 서부산전력지사 신녹산변전소,35.0986536783709,128.865108605337,부산 강서구 송정동 1638-5
2665,현대건설(주)PUS05현장(현장 GATE 2 경비실),051-974-0727,"부산광역시 강서구 송정국제1로 197, 현대건설(주) PUS05 현장 (구랑동)",부산광역시 강서구 구랑동 1278-5 현대건설(주) PUS05 현장,35.1213883976739,128.856438142498,부산 강서구 구랑동 1278-5
2666,현대건설(주)PUS05현장(가설사무실 메인 입구),051-974-0727,부산광역시 강서구 송정국제1로 197(구랑동),부산광역시 강서구 구랑동 1278-5,35.1213883976739,128.856438142498,부산 강서구 구랑동 1278-5
2667,연제구청(창조도시과)(금련로38번나길21(전신주0493W951옆)),051-665-4294,부산광역시 연제구 금련로38번나길 21 (연산동),부산광역시 연제구 연산동 1824-19,35.1711590100179,129.094032336158,부산 연제구 연산동 1824-19
2668,(주)대우건설서면써밋더뉴현장(경비실 내부),010-****-****,부산광역시 부산진구 동천로 92 (전포동),부산광역시 부산진구 전포동 668-1,35.1570461030876,129.063134145437,부산 부산진구 전포동 668-1
2669,동성하이타운정비사업현장(두산건설)(동성하이타운 현장 내 안전교육장),051-626-8471,"부산광역시 남구 천제등로 11 (대연동, 동성하이타운)",부산광역시 남구 대연동 1756-9 동성하이타운,35.1336053241976,129.087504604723,부산 남구 대연동 1756-9
2670,남해지방해양경찰청 부산항공대(항공대 격납고),051-663-2178,"부산광역시 강서구 공항진입로 108, 남해지방해양경찰청 부산항공대 (대저2동)",부산광역시 강서구 대저2동 2350-1,35.1719452056834,128.947707113959,부산 강서구 대저2동 2350-1
2671,구포2동행정복지센터(구포2동주민센터 민원실),051-309-6221,부산광역시 북구 낙동북로663번길 23,부산광역시 북구 구포동  1030-68 구포2동 주민센터,35.202725933478,128.99799080859,부산 북구 구포동 1030-68
2672,한국공사김해공항관리동(관리동 1층(민원실 앞)),051-974-3703,부산광역시 강서구 공항진입로 108 (대저2동),부산광역시 강서구 대저2동 2350-1,35.1719452056834,128.947707113959,부산 강서구 대저2동 2350-1
2673,부산신호사랑으로부영3차(관리사무소 내),051-831-4560,"부산광역시 강서구 신호산단5로 31 (신호동, 부산신호사랑으로부영3차)",부산광역시 강서구 신호동 300-1 부산신호사랑으로부영3차,35.0844830083443,128.875966562314,부산 강서구 신호동 300-1
2674,한국공항공사김해공항(국제선 2층 일반 대합실(5번게이트앞)),051-974-3975,부산광역시 강서구 공항진입로 108 (대저2동),부산광역시 강서구 대저2동 2350-1,35.1719452056834,128.947707113959,부산 강서구 대저2동 2350-1
2675,부산신호사랑으로부영5차(관리동 입구),051-972-6996,"부산광역시 강서구 신호산단1로 101 (신호동, 부산신호사랑으로부영5차)",부산광역시 강서구 신호동 302-2 부산신호사랑으로부영5차,35.0823954518728,128.874964835384,부산 강서구 신호동 302-2
2676,기운찬한방병원(5층 원무과 데스크 내),051-501-5551,"부산광역시 동래구 충렬대로 152, 5,6층 (온천동)",부산광역시 동래구 온천동 1441-13,35.2046130923837,129.076599575529,부산 동래구 충렬대로 152
2677,남부공항서비스(주)(김해국제공항 토목장비고 1층 복도),051-974-2062,부산광역시 강서구 공항진입로 108 (대저2동),부산광역시 강서구 대저2동 2350-1,35.1719452056834,128.947707113959,부산 강서구 대저2동 2350-1
2678,롯데건설(주)해운대센텀복합개발사업현장(2gate),051-744-5397,부산광역시 해운대구 센텀동로 210 (재송동),부산광역시 해운대구 재송동 856-1,35.1871879950792,129.119689018902,부산 해운대구 재송동 856-1
2679,롯데건설(주)해운대센텀복합개발사업현장(2bl꿀잠방),051-744-5397,부산광역시 해운대구 센텀동로 210 (재송동),부산광역시 해운대구 재송동 856-1,35.1871879950792,129.119689018902,부산 해운대구 재송동 856-1
2680,부산신호사랑으로부영2차(관리동 앞),051-832-6111,"부산광역시 강서구 신호산단4로 27 (신호동, 부산신호사랑으로부영2차)",부산광역시 강서구 신호동 298-1 부산신호사랑으로부영2차,35.0865544155948,128.875297626795,부산 강서구 신호동 298-1
2681,부산광역시강서구청(평생학습관 사무실 앞),051-970-4125,"부산광역시 강서구 신호산단1로 60, 부경신항수협 수산물 위판장 (신호동)",부산광역시 강서구 신호동 318-2 평생학습관,35.0830918477365,128.87165009052,부산 강서구 신호동 318-2
2682,신호동행정복지센터(민원실 내),051-970-2369,부산광역시 강서구 신호산단1로144번길 60 (신호동),부산광역시 강서구 신호동 259번지 1호,35.0811354588414,128.879546107448,부산 강서구 신호동 259
2683,신호윌더하임아파트(관리사무소),051-831-8285,"부산광역시 강서구 신호산단3로 55 (신호동, 부산신호윌더하임아파트)",부산광역시 강서구 신호동 205-1 부산신호윌더하임아파트,35.0887604302612,128.879740054881,부산 강서구 신호동 205
2684,DL건설범일3구역(2gate경비실),070-4660-3127,"부산광역시 동구 조방로16번길 17 (범일동, 범일한양아파트)",부산광역시 동구 범일동 830-90 e편한세상 범일국제금융시티,35.1400545673254,129.064230399133,부산 동구 범일동 830-90
2685,DL건설범일3구역(근로자휴게실),070-4660-3127,"부산광역시 동구 조방로16번길 17 (범일동, 범일한양아파트)",부산광역시 동구 범일동 830-90 e편한세상 범일국제금융시티,35.1400545673254,129.064230399133,부산 동구 범일동 830-90
2686,부산구치소(의료과 내),051-324-5501,부산광역시 사상구 학장로 268 (주례동),부산광역시 사상구 주례동 666,35.145931046324,128.996978844836,부산 사상구 주례동 666
2687,남부공항서비스(주)(김해국제공항 국내선 여객청사 지하1층),051-974-2062,부산광역시 강서구 공항진입로 108 (대저2동),부산광역시 강서구 대저2동 2350-1,35.1719452056834,128.947707113959,부산 강서구 대저2동 2350-1
2688,장대현중고등학교(장대현중고등학교 3층 입구),051-261-0199,부산광역시 강서구 신호산단4로76번길 71 (신호동),부산광역시 강서구 신호동 246-6,35.082491268698,128.881292536691,부산 강서구 신호동 246-6
2689,장대현중고등학교(장대현중고등학교 1층 입구),051-261-0199,부산광역시 강서구 신호산단4로76번길 71 (신호동),부산광역시 강서구 신호동 246-6,35.082491268698,128.881292536691,부산 강서구 신호동 246-6
2690,한국공항공사김해공항(국제선 1층 격리대합실(수하물벨트 중앙)),051-974-3975,부산광역시 강서구 공항진입로 108 (대저2동),부산광역시 강서구 대저2동 2350-1,35.1719452056834,128.947707113959,부산 강서구 대저2동 2350-1
2691,SK에코플랜트드파인광안(1게이트 경비실),051-710-1733,부산광역시 수영구 호암로 31 (광안동),부산광역시 수영구 광안동 731-2,35.1566914346321,129.109241291981,부산 수영구 광안동 731-2
2692,SK에코플랜트드파인광안(안전교육장 앞),051-710-1733,부산광역시 수영구 호암로 31 (광안동),부산광역시 수영구 광안동 731-2,35.1566914346321,129.109241291981,부산 수영구 광안동 731-2
2693,장림1구역주택재개발정비사업(부산광역시 남구 천제등로 11),051-266-7942,"부산광역시 남구 천제등로 11 (대연동, 동성하이타운)",부산광역시 남구 대연동 1756-9 동성하이타운,35.1336053241976,129.087504604723,부산 남구 대연동 1756-9
2694,부산소년원(2층 생활관),051-515-7389,부산광역시 금정구 오륜대로126번길 62 (오륜동),부산광역시 금정구 오륜동 625번지,35.2468524678666,129.10490959155,부산 금정구 오륜동 625
2695,한국공항공사김해공항(국제선2층 일반대합실(3번게이트 에스컬레이터 옆)),051-974-3975,부산광역시 강서구 공항진입로 108 (대저2동),부산광역시 강서구 대저2동 2350-1,35.1719452056834,128.947707113959,부산 강서구 대저2동 2350-1
2696,"부산구치소(부산구치소 수용3,4팀 사무실)",051-324-5501,부산광역시 사상구 학장로 268 (주례동),부산광역시 사상구 주례동 666번지,35.145931046324,128.996978844836,부산 사상구 주례동 666
2697,부산구치소(부산구치소 의료과 진료실),051-324-5501,부산광역시 사상구 학장로 268 (주례동),부산광역시 사상구 주례동 666번지,35.145931046324,128.996978844836,부산 사상구 주례동 666
2698,부산소년원(여생활관),051-515-7389,부산광역시 금정구 오륜대로126번길 62(오륜동),부산광역시 금정구 오륜동 625,35.2468524678666,129.10490959155,부산 금정구 오륜동 625
2699,부산소년원(청사1층),051-515-7389,부산광역시 금정구 오륜대로126번길 62(오륜동),부산광역시 금정구 오륜동 625,35.2468524678666,129.10490959155,부산 금정구 오륜동 625
2700,부산소년원(1층 생활관),051-515-7389,부산광역시 금정구 오륜대로126번길 62 (오륜동),부산광역시 금정구 오륜동 625번지,35.2468524678666,129.10490959155,부산 금정구 오륜동 625
2701,한국공항공사 김해공항(하늘관(구장비고)),051-974-3975,부산광역시 강서구 공항진입로 108 (대저2동),부산광역시 강서구 대저2동 2350번지,35.1728739832702,128.945800032246,부산 강서구 대저2동 2350
2702,소화영아재활원(2층 복도 중앙),051-644-1729,부산광역시 남구 무민사로 19  (감만동),부산광역시 남구 감만동 491-1 소화영아재활원,35.1124402191695,129.080382459764,부산 남구 감만동 491-1
2703,동삼주공아파트 2단지 관리사무소(203동 A),051-403-5583,부산광역시 영도구 상리로 1 2단지 관리사무소,부산광역시 영도구 상리로 1 2단지 관리사무소,35.0856395176363,129.069877449987,부산 영도구 상리로 1
2704,동삼주공아파트 2단지 관리사무소(207동 A),051-403-5583,부산광역시 영도구 상리로 1 2단지 관리사무소,부산광역시 영도구 상리로 1 2단지 관리사무소,35.0856395176363,129.069877449987,부산 영도구 상리로 1
2705,사하구청제1별관(사하구청제1별관),051-220-4154,부산광역시 사하구 낙동대로398번길 12 제1별관(1층),부산광역시 사하구 당리동  317-16 사하구청 제1별관(1층),35.1045019580248,128.974790181016,부산 사하구 낙동대로398번길 12
2706,암남동 주민센터(1층 현관문과 중문 사이),051-240-6662,부산광역시 서구 충무대로 85 (암남동),부산광역시 서구 암남동  676-1 암남동주민센터 (암남동),35.079995328935,129.02115926406,부산 서구 암남동 676
2707,가족사랑요양병원(7층 간호사실),051-806-1190,부산광역시 부산진구 새싹로 286 4~9층 (초읍동),부산광역시 부산진구 초읍동 291-19 4~9층,35.1816739245694,129.047297470806,부산 부산진구 새싹로 286
2708,주공아파트 1단지 관리사무소(관리사무실 앞),051-403-6546,부산광역시 영도구 동삼북로 2 1단지 관리사무소,부산광역시 영도구 동삼북로 2,35.0827747930031,129.066771719936,부산 영도구 동삼북로 2
2709,한국공항공사 김해공항(국내선1층 일반대합실(도착 출입구 중앙)),051-974-3975,부산광역시 강서구 공항진입로 108 (대저2동),부산광역시 강서구 공항진입로 108 (대저2동),35.1719452056834,128.947707113959,부산광역시 강서구 공항진입로 108 (대저2동)
2710,부산구치소(여수용동 진료실),051-324-5501,부산광역시 사상구 학장로 268 (주례동),부산광역시 사상구 주례3동 부산구치소,35.145931046324,128.996978844836,주소:부산광역시 사상구 학장로 268 | 주소:부산광역시 사상구 주례동 666
2711,부산구치소(구급차(74보0417)내),051-324-5501,부산광역시 사상구 학장로 268 (주례동),부산광역시 사상구 주례3동 부산구치소,35.145931046324,128.996978844836,주소:부산광역시 사상구 학장로 268 | 주소:부산광역시 사상구 주례동 666
2712,부산구치소(부산구치소 수용5팀),051-324-5501,부산광역시 사상구 학장로 268 (주례동),부산광역시 사상구 주례3동 부산구치소,35.145931046324,128.996978844836,주소:부산광역시 사상구 학장로 268 | 주소:부산광역시 사상구 주례동 666
2713,덕천2동행정복지센터(덕천2동 행정복지센터),051-309-6384,"부산광역시 북구 금곡대로20번길 60, 덕천2동 주민센터 (덕천동)",부산광역시 북구 덕천동 346번지 2호 덕천2동 주민센터,35.2123661255685,129.007833249184,주소:부산광역시 북구 금곡대로20번길 60 | 주소:부산광역시 북구 덕천동 346-2
2714,(주)협성종합건업(1층 안전교육장),051-469-8556,부산광역시 동구 초량동 부산광역시 동구 초량동 1185-46 부산항(북항) 재개발 사업 C-1BL 환승센터,부산광역시 동구 초량동 부산광역시 동구 초량동 1185-46 부산항(북항) 재개발 사업 C-1BL 환승센터,,,
