od_id,origin_name,origin_lat,origin_lng,origin_district,dest_name,dest_lat,dest_lng,dest_district,straight_line_km,distance_band,situation_id,weather,departure_at,carry_luggage,stroller,shade_priority,minimize_transfers,avoid_stairs,low_floor_priority,source_kind
od-25ff4ea42e9db5b0f6ca,꼬지와 친구들 (사하구),35.0613025,128.9832548,사하구,근대화체인중리점 (영도구),35.071328,129.0681569,영도구,7.8071,medium_4_to_12km,stroller_daytime,normal,2026-08-03T11:00:00+09:00,false,true,false,false,true,true,synthetic_od_from_public_poi
od-ca21eb819a1a907a58d9,더우드 (동구),35.1351467,129.0555497,동구,대성탕 (동구),35.119322,129.033655,동구,2.6573,short_1_5_to_4km,coldwave_morning,coldwave,2026-12-07T08:30:00+09:00,false,false,false,false,false,false,synthetic_od_from_public_poi
od-131ef07e7fa7fae01dbe,갤럭시당구장 (해운대구),35.1984036,129.1314055,해운대구,고래야 참치야 (해운대구),35.1728193,129.1753934,해운대구,4.9065,medium_4_to_12km,coldwave_morning,coldwave,2026-12-07T08:30:00+09:00,false,false,false,false,false,false,synthetic_od_from_public_poi
od-f89a42cc8701cf0992da,광명당약국 (사상구),35.156823,128.9870173,사상구,문토스트(송도점) (서구),35.0738452,129.0158209,서구,9.5915,medium_4_to_12km,transfer_min_evening,normal,2026-08-03T17:30:00+09:00,false,false,false,true,false,false,synthetic_od_from_public_poi
od-ef9476fbd6a92b8b0d2d,비오비(BOB)영어교습소 (연제구),35.1813465,129.0863489,연제구,제일횟집 (동래구),35.2053782,129.0805535,동래구,2.7236,short_1_5_to_4km,heat_shade_midday,heatwave,2026-08-03T14:30:00+09:00,false,false,true,false,false,false,synthetic_od_from_public_poi
od-b8ce866e168554958586,(주)영남교통 (남구),35.1509659,129.0911678,남구,남산뭉티기 (금정구),35.2725508,129.0891738,금정구,13.5209,long_12_to_25km,heat_shade_midday,heatwave,2026-08-03T14:30:00+09:00,false,false,true,false,false,false,synthetic_od_from_public_poi
od-2fdfb5c2b9fff50c1293,봄토끼 (부산진구),35.1568434,129.0468963,부산진구,소림각 (동구),35.1432378,129.0486635,동구,1.5214,short_1_5_to_4km,rain_evening,rain,2026-08-03T17:30:00+09:00,false,false,false,true,false,false,synthetic_od_from_public_poi
od-2eb78eb9af1528d0f140,구룡포 해풍국수 (기장군),35.2395897,129.1711088,기장군,동래 도미다리 횟집 (동래구),35.2110518,129.0744758,동래구,9.3336,medium_4_to_12km,luggage_midday,normal,2026-08-03T12:30:00+09:00,true,false,false,true,false,false,synthetic_od_from_public_poi
od-495cca0d051e74038a4e,카페린 (금정구),35.2478707,129.1139616,금정구,유부부 구서점 (금정구),35.2456528,129.0885932,금정구,2.3169,short_1_5_to_4km,bad_air_midday,dust,2026-08-03T12:30:00+09:00,false,false,false,false,false,false,synthetic_od_from_public_poi
od-0aaea3e08b66e3b0e6af,마린분식 (중구),35.1052319,129.0356089,중구,잔나비부부 (영도구),35.087731,129.0457644,영도구,2.1542,short_1_5_to_4km,transfer_min_evening,normal,2026-08-03T17:30:00+09:00,false,false,false,true,false,false,synthetic_od_from_public_poi
od-323b8586c91968749b23,33참숯갈비 (기장군),35.3057493,129.1133453,기장군,녹원집 (북구),35.2137763,129.0462806,북구,11.9025,medium_4_to_12km,transfer_min_evening,normal,2026-08-03T17:30:00+09:00,false,false,false,true,false,false,synthetic_od_from_public_poi
od-e321b16c73f9da307c9d,시골 (서구),35.1095812,129.0155451,서구,고려치과의원 (남구),35.1346938,129.0923826,남구,7.5256,medium_4_to_12km,rain_evening,rain,2026-08-03T17:30:00+09:00,false,false,false,true,false,false,synthetic_od_from_public_poi
od-91787c7af21a3cb1b6d7,광명당약국 (사상구),35.156823,128.9870173,사상구,그린조이대연점 (남구),35.1346732,129.0876635,남구,9.4767,medium_4_to_12km,transfer_min_evening,normal,2026-08-03T17:30:00+09:00,false,false,false,true,false,false,synthetic_od_from_public_poi
od-9c2fc166c3cbac57fe86,구우당남포점 (중구),35.0978723,129.0345954,중구,건우푸드 (강서구),35.2156378,128.979932,강서구,14.0062,long_12_to_25km,luggage_midday,normal,2026-08-03T12:30:00+09:00,true,false,false,true,false,false,synthetic_od_from_public_poi
od-7c083f569a1628b32357,웰메이드 올리비아로렌 동래점 (동래구),35.2030324,129.0856759,동래구,쑥쑥식물병원 (강서구),35.1999699,128.9013637,강서구,16.7502,long_12_to_25km,stroller_daytime,normal,2026-08-03T11:00:00+09:00,false,true,false,false,true,true,synthetic_od_from_public_poi
od-5ce8aa1dc78806577b75,시골 (서구),35.1095812,129.0155451,서구,릴리뷰티 (영도구),35.0941709,129.0451137,영도구,3.1893,short_1_5_to_4km,rain_evening,rain,2026-08-03T17:30:00+09:00,false,false,false,true,false,false,synthetic_od_from_public_poi
od-1c90e01d10a20526d720,이 집 고기 (동구),35.130275,129.0484007,동구,하나인터내셔날(아이#) (중구),35.0983356,129.0318856,중구,3.8561,short_1_5_to_4km,transfer_min_evening,normal,2026-08-03T17:30:00+09:00,false,false,false,true,false,false,synthetic_od_from_public_poi
od-224e58ae0ce1e5a7fb9d,그라운디댄스학원 (남구),35.1385968,129.0804313,남구,T_해지_(부산)개인_37바3953 (서구),35.1121341,129.0121461,서구,6.8721,medium_4_to_12km,transfer_min_evening,normal,2026-08-03T17:30:00+09:00,false,false,false,true,false,false,synthetic_od_from_public_poi
od-ab5e57578b9e60f8f867,지니키즈스윔스쿨 (동래구),35.2083498,129.0630034,동래구,동래한바퀴 (동래구),35.2107483,129.0818204,동래구,1.7302,short_1_5_to_4km,balanced_morning,normal,2026-08-03T08:30:00+09:00,false,false,false,false,false,false,synthetic_od_from_public_poi
od-610eb57b27c0e80a56a3,유가방 (동래구),35.1936752,129.102761,동래구,대진소방 (남구),35.1447436,129.0671194,남구,6.3324,medium_4_to_12km,luggage_midday,normal,2026-08-03T12:30:00+09:00,true,false,false,true,false,false,synthetic_od_from_public_poi
od-6fee3610dc0541a638d2,다교천연염색 (해운대구),35.1611826,129.1736976,해운대구,강순옥성형외과 (수영구),35.167843,129.115119,수영구,5.3762,medium_4_to_12km,transfer_min_evening,normal,2026-08-03T17:30:00+09:00,false,false,false,true,false,false,synthetic_od_from_public_poi
od-bdd413d6cc1885d53027,고은치과의원 (동래구),35.2052326,129.0674583,동래구,제일정화(주) (부산진구),35.180873,129.049999,부산진구,3.1391,short_1_5_to_4km,balanced_morning,normal,2026-08-03T08:30:00+09:00,false,false,false,false,false,false,synthetic_od_from_public_poi
od-508d7d5b3ecf84d4dc48,떡나라 (북구),35.197099,129.0090154,북구,간이역 (사상구),35.184338,128.9946322,사상구,1.9292,short_1_5_to_4km,heat_shade_midday,heatwave,2026-08-03T14:30:00+09:00,false,false,true,false,false,false,synthetic_od_from_public_poi
od-26554ad95229475f8462,성진상회 (사상구),35.1428681,128.9858243,사상구,편의방만두집 (서구),35.1186145,129.0176037,서구,3.9529,short_1_5_to_4km,heat_shade_midday,heatwave,2026-08-03T14:30:00+09:00,false,false,true,false,false,false,synthetic_od_from_public_poi
od-37a0c6a28afa490cfcf7,달인 주차장 (강서구),35.1763396,128.9538345,강서구,자갈치브라더스 사하구평점 (사하구),35.081481,128.9876082,사하구,10.9859,medium_4_to_12km,rain_evening,rain,2026-08-03T17:30:00+09:00,false,false,false,true,false,false,synthetic_od_from_public_poi
od-7d051632a546c75cc92d,FM정진정보통신 (사하구),35.1040116,128.9745013,사하구,경화화장품 (서구),35.1137225,129.0166728,서구,3.9852,short_1_5_to_4km,bad_air_midday,dust,2026-08-03T12:30:00+09:00,false,false,false,false,false,false,synthetic_od_from_public_poi
od-05cb8f38d0d3777d4b6e,묘음종합학원 (동구),35.1250201,129.0355665,동구,땡꼬김빱 (중구),35.1030106,129.0350675,중구,2.4478,short_1_5_to_4km,coldwave_morning,coldwave,2026-12-07T08:30:00+09:00,false,false,false,false,false,false,synthetic_od_from_public_poi
od-aff6a3e8a5ed6a6fd589,이에스아이(ESI)어학원 (금정구),35.2257675,129.0825067,금정구,사시사철 (동래구),35.1974658,129.1101988,동래구,4.029,medium_4_to_12km,rain_evening,rain,2026-08-03T17:30:00+09:00,false,false,false,true,false,false,synthetic_od_from_public_poi
od-4d4066eefa0c2cdfaa2c,공백커피 (동래구),35.2012017,129.0735428,동래구,녹원집 (북구),35.2137763,129.0462806,북구,2.8443,short_1_5_to_4km,balanced_morning,normal,2026-08-03T08:30:00+09:00,false,false,false,false,false,false,synthetic_od_from_public_poi
od-d92b3e9d1a0219820e29,헤일리 영어 공부방 (수영구),35.1636192,129.1131572,수영구,꽈다당 (기장군),35.2965028,129.2587506,기장군,19.8294,long_12_to_25km,luggage_midday,normal,2026-08-03T12:30:00+09:00,true,false,false,true,false,false,synthetic_od_from_public_poi
od-4983113be9f423bf3594,공백커피 (동래구),35.2012017,129.0735428,동래구,구룡포 해풍국수 (기장군),35.2395897,129.1711088,기장군,9.8372,medium_4_to_12km,luggage_midday,normal,2026-08-03T12:30:00+09:00,true,false,false,true,false,false,synthetic_od_from_public_poi
od-898e5e1097fa396e40e3,황금어장 (영도구),35.0889605,129.0627737,영도구,카페리고러 (영도구),35.0929,129.0393812,영도구,2.173,short_1_5_to_4km,transfer_min_evening,normal,2026-08-03T17:30:00+09:00,false,false,false,true,false,false,synthetic_od_from_public_poi
od-0a60cb9e1240c49f82af,가마꽃돼지 (동래구),35.2089686,129.1016606,동래구,동백약국 (해운대구),35.1597296,129.1507049,해운대구,7.06,medium_4_to_12km,stroller_daytime,normal,2026-08-03T11:00:00+09:00,false,true,false,false,true,true,synthetic_od_from_public_poi
od-e27e7352234668bbd2c0,댕겨올개 (연제구),35.1752903,129.0866203,연제구,가야반점 (부산진구),35.1524175,129.0356764,부산진구,5.2834,medium_4_to_12km,transfer_min_evening,normal,2026-08-03T17:30:00+09:00,false,false,false,true,false,false,synthetic_od_from_public_poi
od-d93dc3c4bf301ef51549,웰메이드 올리비아로렌 동래점 (동래구),35.2030324,129.0856759,동래구,댕겨올개 (연제구),35.1752903,129.0866203,연제구,3.086,short_1_5_to_4km,coldwave_morning,coldwave,2026-12-07T08:30:00+09:00,false,false,false,false,false,false,synthetic_od_from_public_poi
od-41709b174bb85517031b,(주)SMH스포츠 롯데아울렛 동부산점 (기장군),35.192323,129.2124953,기장군,고래야 참치야 (해운대구),35.1728193,129.1753934,해운대구,4.0091,medium_4_to_12km,heat_shade_midday,heatwave,2026-08-03T14:30:00+09:00,false,false,true,false,false,false,synthetic_od_from_public_poi
od-56154e5aa01044a41471,노튼어학원 (해운대구),35.1745575,129.1282222,해운대구,(주)영남교통 (남구),35.1509659,129.0911678,남구,4.2694,medium_4_to_12km,transfer_min_evening,normal,2026-08-03T17:30:00+09:00,false,false,false,true,false,false,synthetic_od_from_public_poi
od-9c97bfee26c74d00f1b6,제비표페인트동구대리점형제상사 (동구),35.1345164,129.0453068,동구,SBS프로샵 (연제구),35.19184,129.0648204,연제구,6.6163,medium_4_to_12km,bad_air_midday,dust,2026-08-03T12:30:00+09:00,false,false,false,false,false,false,synthetic_od_from_public_poi
od-bf436a15a0036e19b502,로코네일 (사상구),35.1662116,128.9831602,사상구,메종 사도 (부산진구),35.1578842,129.0237363,부산진구,3.803,short_1_5_to_4km,coldwave_morning,coldwave,2026-12-07T08:30:00+09:00,false,false,false,false,false,false,synthetic_od_from_public_poi
od-9875d696095c77a3effd,강순옥성형외과 (수영구),35.167843,129.115119,수영구,과수원집 (금정구),35.2495078,129.0569513,금정구,10.5065,medium_4_to_12km,balanced_morning,normal,2026-08-03T08:30:00+09:00,false,false,false,false,false,false,synthetic_od_from_public_poi
od-e178fde6794be8a92914,강대감손칼국수 (북구),35.2075792,129.0031379,북구,해광횟집 (남구),35.1293392,129.0913222,남구,11.8297,medium_4_to_12km,bad_air_midday,dust,2026-08-03T12:30:00+09:00,false,false,false,false,false,false,synthetic_od_from_public_poi
od-ad6c159156a8f8a679e9,퀸스데이테라피 (사하구),35.0867243,129.0057957,사하구,소호식육식당 (영도구),35.0919621,129.0428843,영도구,3.4244,short_1_5_to_4km,coldwave_morning,coldwave,2026-12-07T08:30:00+09:00,false,false,false,false,false,false,synthetic_od_from_public_poi
od-31a2dc00226f4ca1a1be,목화탕 (동구),35.1387334,129.0487528,동구,간이역 (사상구),35.184338,128.9946322,사상구,7.0654,medium_4_to_12km,luggage_midday,normal,2026-08-03T12:30:00+09:00,true,false,false,true,false,false,synthetic_od_from_public_poi
od-7d393fa6a011c75cf3fd,헤일리 영어 공부방 (수영구),35.1636192,129.1131572,수영구,댕겨올개 (연제구),35.1752903,129.0866203,연제구,2.7391,short_1_5_to_4km,rain_evening,rain,2026-08-03T17:30:00+09:00,false,false,false,true,false,false,synthetic_od_from_public_poi
od-6e4ccaef59367f73d8b9,애니플러스 컴퓨터 (북구),35.2414642,129.0181767,북구,댄스온컴퍼니 (부산진구),35.1654104,129.0399354,부산진구,8.6848,medium_4_to_12km,balanced_morning,normal,2026-08-03T08:30:00+09:00,false,false,false,false,false,false,synthetic_od_from_public_poi
od-a7663baac47ccdc7150f,포차천국 서동점 (금정구),35.2144979,129.1064042,금정구,맛있는 달 (동래구),35.2164972,129.0783901,동래구,2.5546,short_1_5_to_4km,bad_air_midday,dust,2026-08-03T12:30:00+09:00,false,false,false,false,false,false,synthetic_od_from_public_poi
od-8280ec2cd5776a2c0220,Anna (부산진구),35.150992,129.0270851,부산진구,우리동네갈비살 덕천점 (북구),35.2090431,129.0085634,북구,6.6709,medium_4_to_12km,transfer_min_evening,normal,2026-08-03T17:30:00+09:00,false,false,false,true,false,false,synthetic_od_from_public_poi
od-23dcc0f712352990e368,귀빈미용실 (동구),35.1404907,129.0554709,동구,김종구 식맛치킨 옛날통닭 정관점 (기장군),35.3237221,129.1768552,기장군,23.1661,long_12_to_25km,balanced_morning,normal,2026-08-03T08:30:00+09:00,false,false,false,false,false,false,synthetic_od_from_public_poi
od-977a346216c6a9c7d920,진토베기 (서구),35.0958035,129.0239914,서구,오륙도 수족관 (중구),35.1116808,129.0307904,중구,1.8707,short_1_5_to_4km,bad_air_midday,dust,2026-08-03T12:30:00+09:00,false,false,false,false,false,false,synthetic_od_from_public_poi
od-965c1f2a68a0b431fd5d,영해횟집 (해운대구),35.2253023,129.1491056,해운대구,제일횟집 (동래구),35.2053782,129.0805535,동래구,6.61,medium_4_to_12km,stroller_daytime,normal,2026-08-03T11:00:00+09:00,false,true,false,false,true,true,synthetic_od_from_public_poi
od-943dc6294eb91b56a74f,강대감손칼국수 (북구),35.2075792,129.0031379,북구,건우푸드 (강서구),35.2156378,128.979932,강서구,2.2908,short_1_5_to_4km,balanced_morning,normal,2026-08-03T08:30:00+09:00,false,false,false,false,false,false,synthetic_od_from_public_poi
od-2c0a564361d84150ada5,상구A&P (사상구),35.1608904,128.9802243,사상구,씨유(CU)온천아시아드점 (동래구),35.2207737,129.0820982,동래구,11.4036,medium_4_to_12km,heat_shade_midday,heatwave,2026-08-03T14:30:00+09:00,false,false,true,false,false,false,synthetic_od_from_public_poi
od-3e94bdc4296fdd23403a,디케이 동키치킨 신평점 (사하구),35.0973883,128.9595663,사하구,다이닝도안 (사하구),35.1121086,128.9635787,사하구,1.677,short_1_5_to_4km,heat_shade_midday,heatwave,2026-08-03T14:30:00+09:00,false,false,true,false,false,false,synthetic_od_from_public_poi
od-8ea7e8801e04f5626fb2,문토스트(송도점) (서구),35.0738452,129.0158209,서구,디케이 동키치킨 신평점 (사하구),35.0973883,128.9595663,사하구,5.7492,medium_4_to_12km,transfer_min_evening,normal,2026-08-03T17:30:00+09:00,false,false,false,true,false,false,synthetic_od_from_public_poi
od-be98d57c9b00d929f0a3,승인식품 제1공장 (강서구),35.1154026,128.9264065,강서구,대호막창 (사상구),35.1631415,128.9859208,사상구,7.5805,medium_4_to_12km,coldwave_morning,coldwave,2026-12-07T08:30:00+09:00,false,false,false,false,false,false,synthetic_od_from_public_poi
od-8fa5f74ffa33c91642d8,60계 부산해운대점 (해운대구),35.1622638,129.1619528,해운대구,오땅콩빵 (해운대구),35.169473,129.1384185,해운대구,2.2845,short_1_5_to_4km,rain_evening,rain,2026-08-03T17:30:00+09:00,false,false,false,true,false,false,synthetic_od_from_public_poi
od-8f1bf9868ca08fd24752,동래 도미다리 횟집 (동래구),35.2110518,129.0744758,동래구,진일당 (남구),35.1149482,129.0816986,남구,10.7064,medium_4_to_12km,coldwave_morning,coldwave,2026-12-07T08:30:00+09:00,false,false,false,false,false,false,synthetic_od_from_public_poi
od-372a9b2ce0de57c06e36,댕겨올개 (연제구),35.1752903,129.0866203,연제구,동래한바퀴 (동래구),35.2107483,129.0818204,동래구,3.9668,short_1_5_to_4km,bad_air_midday,dust,2026-08-03T12:30:00+09:00,false,false,false,false,false,false,synthetic_od_from_public_poi
od-12dce1cb3d3619446b29,봄토끼 (부산진구),35.1568434,129.0468963,부산진구,아카이브(Archive) (연제구),35.1830027,129.0735545,연제구,3.7858,short_1_5_to_4km,heat_shade_midday,heatwave,2026-08-03T14:30:00+09:00,false,false,true,false,false,false,synthetic_od_from_public_poi
od-88044d765452b805bb61,(주)제이에스두드림 (중구),35.1036656,129.0258764,중구,지니키즈스윔스쿨 (동래구),35.2083498,129.0630034,동래구,12.1199,long_12_to_25km,transfer_min_evening,normal,2026-08-03T17:30:00+09:00,false,false,false,true,false,false,synthetic_od_from_public_poi
od-d3c18db83fc2a6c20c41,간이역 (사상구),35.184338,128.9946322,사상구,언덕집 (사상구),35.1487332,129.0001693,사상구,3.9909,short_1_5_to_4km,luggage_midday,normal,2026-08-03T12:30:00+09:00,true,false,false,true,false,false,synthetic_od_from_public_poi
od-afd7cb0480d56838a55b,씨유(CU) 하단나산점 (사하구),35.1059139,128.9604999,사하구,고은헤어&바디 (강서구),35.0975155,128.9220869,강서구,3.6171,short_1_5_to_4km,luggage_midday,normal,2026-08-03T12:30:00+09:00,true,false,false,true,false,false,synthetic_od_from_public_poi
od-6a29303cb258e5623c1b,난정 (강서구),35.0596482,128.8321643,강서구,왕이 드신 닭개장 (강서구),35.0318917,128.8132098,강서구,3.536,short_1_5_to_4km,rain_evening,rain,2026-08-03T17:30:00+09:00,false,false,false,true,false,false,synthetic_od_from_public_poi
od-420f9d748be6bc8906b4,강호마라 (해운대구),35.1910771,129.2047199,해운대구,초원식당 (수영구),35.1724383,129.1008988,수영구,9.6605,medium_4_to_12km,transfer_min_evening,normal,2026-08-03T17:30:00+09:00,false,false,false,true,false,false,synthetic_od_from_public_poi
od-e0bab78282addcc819a4,경화화장품 (서구),35.1137225,129.0166728,서구,미미당 (중구),35.0975596,129.0296103,중구,2.1483,short_1_5_to_4km,stroller_daytime,normal,2026-08-03T11:00:00+09:00,false,true,false,false,true,true,synthetic_od_from_public_poi
od-bbe8896cd5002847642b,쿄다이 떡 (기장군),35.2887703,129.1670111,기장군,닥터핏24 (금정구),35.2570093,129.0892089,금정구,7.8967,medium_4_to_12km,transfer_min_evening,normal,2026-08-03T17:30:00+09:00,false,false,false,true,false,false,synthetic_od_from_public_poi
od-f27d4fa1b83b554eff2a,역전할머니맥주 부산동삼점 (영도구),35.0803191,129.0702855,영도구,릴리뷰티 (영도구),35.0941709,129.0451137,영도구,2.7601,short_1_5_to_4km,bad_air_midday,dust,2026-08-03T12:30:00+09:00,false,false,false,false,false,false,synthetic_od_from_public_poi
od-84255ac596fd98e4719c,대신상회 (서구),35.1103293,129.0197017,서구,으뜸병원 (동래구),35.2059627,129.0734652,동래구,11.7034,medium_4_to_12km,rain_evening,rain,2026-08-03T17:30:00+09:00,false,false,false,true,false,false,synthetic_od_from_public_poi
od-73df38fe2ccf16dd84f5,세영공조 (서구),35.114075,129.0224514,서구,아카이브(Archive) (연제구),35.1830027,129.0735545,연제구,8.9628,medium_4_to_12km,rain_evening,rain,2026-08-03T17:30:00+09:00,false,false,false,true,false,false,synthetic_od_from_public_poi
od-d63ce2d32cfc500f1946,다락국밥 (남구),35.117549,129.1120972,남구,동백약국 (해운대구),35.1597296,129.1507049,해운대구,5.8586,medium_4_to_12km,coldwave_morning,coldwave,2026-12-07T08:30:00+09:00,false,false,false,false,false,false,synthetic_od_from_public_poi
od-06cb0e9b523648973800,허준보건탕 (금정구),35.2273716,129.1185276,금정구,명륜진사갈비 부산기장점 (기장군),35.2497395,129.2151317,기장군,9.1193,medium_4_to_12km,stroller_daytime,normal,2026-08-03T11:00:00+09:00,false,true,false,false,true,true,synthetic_od_from_public_poi
od-8e67fa627e1970d45942,맑은피부사랑 (북구),35.2466345,129.013119,북구,사임당화장품구포지사 (북구),35.2125125,129.0074093,북구,3.8295,short_1_5_to_4km,transfer_min_evening,normal,2026-08-03T17:30:00+09:00,false,false,false,true,false,false,synthetic_od_from_public_poi
od-80bd5537a3850f35429c,메종 사도 (부산진구),35.1578842,129.0237363,부산진구,유가방 (동래구),35.1936752,129.102761,동래구,8.2114,medium_4_to_12km,bad_air_midday,dust,2026-08-03T12:30:00+09:00,false,false,false,false,false,false,synthetic_od_from_public_poi
od-acc2f6ccb442b2e18625,블리스헤어 (북구),35.2118935,129.028617,북구,커피구단 대연점 (남구),35.1381886,129.0894729,남구,9.8875,medium_4_to_12km,balanced_morning,normal,2026-08-03T08:30:00+09:00,false,false,false,false,false,false,synthetic_od_from_public_poi
od-e2f9e01e71f42c2557a2,그린조이대연점 (남구),35.1346732,129.0876635,남구,성진상회 (사상구),35.1428681,128.9858243,사상구,9.3051,medium_4_to_12km,balanced_morning,normal,2026-08-03T08:30:00+09:00,false,false,false,false,false,false,synthetic_od_from_public_poi
od-5a7bf05872c5c8776841,파로스커피 (서구),35.0839198,129.0237555,서구,아카이브(Archive) (연제구),35.1830027,129.0735545,연제구,11.9119,medium_4_to_12km,coldwave_morning,coldwave,2026-12-07T08:30:00+09:00,false,false,false,false,false,false,synthetic_od_from_public_poi
od-b4b0739e74d7889c45d6,대성금속 (강서구),35.1855088,128.9198896,강서구,문아트 (사상구),35.1539143,128.9994194,사상구,8.0374,medium_4_to_12km,bad_air_midday,dust,2026-08-03T12:30:00+09:00,false,false,false,false,false,false,synthetic_od_from_public_poi
od-c0047a9dbd8e867df61f,합천식당 (북구),35.2022379,128.9968558,북구,근대화체인중리점 (영도구),35.071328,129.0681569,영도구,15.9352,long_12_to_25km,transfer_min_evening,normal,2026-08-03T17:30:00+09:00,false,false,false,true,false,false,synthetic_od_from_public_poi
od-f66dc2f96cdf6c9245fb,GS25금정구청 (금정구),35.2430819,129.0940917,금정구,강대감손칼국수 (북구),35.2075792,129.0031379,북구,9.1564,medium_4_to_12km,bad_air_midday,dust,2026-08-03T12:30:00+09:00,false,false,false,false,false,false,synthetic_od_from_public_poi
od-371cf98996da2e66c9d5,왕이 드신 닭개장 (강서구),35.0318917,128.8132098,강서구,섬마을장어구이 (강서구),35.0124357,128.8288688,강서구,2.5911,short_1_5_to_4km,luggage_midday,normal,2026-08-03T12:30:00+09:00,true,false,false,true,false,false,synthetic_od_from_public_poi
od-57b03edd1fd1dc2afaa4,강호마라 (해운대구),35.1910771,129.2047199,해운대구,파자나라치킨공주 (기장군),35.2654974,129.2328958,기장군,8.6619,medium_4_to_12km,heat_shade_midday,heatwave,2026-08-03T14:30:00+09:00,false,false,true,false,false,false,synthetic_od_from_public_poi
od-012446f41d5f8f0fbde0,돌렘 (사하구),35.1011445,128.9817357,사하구,웰메이드 올리비아로렌 동래점 (동래구),35.2030324,129.0856759,동래구,14.7531,long_12_to_25km,balanced_morning,normal,2026-08-03T08:30:00+09:00,false,false,false,false,false,false,synthetic_od_from_public_poi
od-fc07f692b9bdf7786f70,금명상사 (북구),35.2356473,129.0150993,북구,싸다마트 (해운대구),35.209299,129.123287,해운대구,10.2549,medium_4_to_12km,bad_air_midday,dust,2026-08-03T12:30:00+09:00,false,false,false,false,false,false,synthetic_od_from_public_poi
od-cf82a73af8cbb3af5cf7,로코네일 (사상구),35.1662116,128.9831602,사상구,부산시요가협회 (서구),35.0798135,129.0157928,서구,10.055,medium_4_to_12km,rain_evening,rain,2026-08-03T17:30:00+09:00,false,false,false,true,false,false,synthetic_od_from_public_poi
od-45cd2e110fae3c7cabda,결아트뷰티 (강서구),35.0863305,128.9081799,강서구,진주슈퍼 (동구),35.1311015,129.053955,동구,14.1641,long_12_to_25km,coldwave_morning,coldwave,2026-12-07T08:30:00+09:00,false,false,false,false,false,false,synthetic_od_from_public_poi
od-c6296a0782033b4f1253,동남인테리어 (영도구),35.09342,129.0652988,영도구,하츠나츠 (수영구),35.1592985,129.1272271,수영구,9.2402,medium_4_to_12km,luggage_midday,normal,2026-08-03T12:30:00+09:00,true,false,false,true,false,false,synthetic_od_from_public_poi
od-8f54f637912dfafc2426,가락타운주유소 (사상구),35.1286946,128.9722013,사상구,쑥쑥식물병원 (강서구),35.1999699,128.9013637,강서구,10.2116,medium_4_to_12km,stroller_daytime,normal,2026-08-03T11:00:00+09:00,false,true,false,false,true,true,synthetic_od_from_public_poi
od-f727f36b36771285c862,헤일리 영어 공부방 (수영구),35.1636192,129.1131572,수영구,다온약국 (연제구),35.1734662,129.0942248,연제구,2.0397,short_1_5_to_4km,stroller_daytime,normal,2026-08-03T11:00:00+09:00,false,true,false,false,true,true,synthetic_od_from_public_poi
od-42f6f8344c616e9177ce,MY커뮤니티 (남구),35.123393,129.0857279,남구,꼬르꼬르 헤어(Cor cor hair) (부산진구),35.1526197,129.0667004,부산진구,3.6817,short_1_5_to_4km,luggage_midday,normal,2026-08-03T12:30:00+09:00,true,false,false,true,false,false,synthetic_od_from_public_poi
od-b4cccf3d0fbc9f799669,광안돼지국밥 (수영구),35.1587893,129.1145113,수영구,범일 하누소 (동구),35.1399521,129.0602637,동구,5.3585,medium_4_to_12km,luggage_midday,normal,2026-08-03T12:30:00+09:00,true,false,false,true,false,false,synthetic_od_from_public_poi
od-52803ace5290e9ef6334,닥터핏24 (금정구),35.2570093,129.0892089,금정구,맛있는 달 (동래구),35.2164972,129.0783901,동래구,4.6107,medium_4_to_12km,stroller_daytime,normal,2026-08-03T11:00:00+09:00,false,true,false,false,true,true,synthetic_od_from_public_poi
od-83e65b0bc690898d7de8,롭다pjy (금정구),35.2311251,129.0863332,금정구,부산탁구마트 (금정구),35.2186077,129.1125187,금정구,2.7559,short_1_5_to_4km,transfer_min_evening,normal,2026-08-03T17:30:00+09:00,false,false,false,true,false,false,synthetic_od_from_public_poi
od-e9b19535a1b6a97a4fde,달인 주차장 (강서구),35.1763396,128.9538345,강서구,하와수포차 (강서구),35.1501097,128.8341024,강서구,11.2681,medium_4_to_12km,transfer_min_evening,normal,2026-08-03T17:30:00+09:00,false,false,false,true,false,false,synthetic_od_from_public_poi
od-d7fdbbf83d194ff086d7,메라키(MERAKI) (연제구),35.1874494,129.106479,연제구,역전할머니맥주 부산동삼점 (영도구),35.0803191,129.0702855,영도구,12.3587,long_12_to_25km,rain_evening,rain,2026-08-03T17:30:00+09:00,false,false,false,true,false,false,synthetic_od_from_public_poi
od-1528773c856b31abc66e,왕이 드신 닭개장 (강서구),35.0318917,128.8132098,강서구,(주)녹채원 (강서구),35.0934558,128.8442162,강서구,7.4045,medium_4_to_12km,rain_evening,rain,2026-08-03T17:30:00+09:00,false,false,false,true,false,false,synthetic_od_from_public_poi
od-fc018fb813be75ca8c22,삼성 (북구),35.201876,129.0048641,북구,담다 (부산진구),35.1717493,129.0684633,부산진구,6.6804,medium_4_to_12km,transfer_min_evening,normal,2026-08-03T17:30:00+09:00,false,false,false,true,false,false,synthetic_od_from_public_poi
od-beb86fbd25da9218fb11,경북산꼼장어2호점 (동구),35.1198411,129.0394347,동구,청가옥숯불갈비 (강서구),35.0849057,128.8779469,강서구,15.1957,long_12_to_25km,bad_air_midday,dust,2026-08-03T12:30:00+09:00,false,false,false,false,false,false,synthetic_od_from_public_poi
od-83c0a6611b56337a79d4,일광떡방앗간 (기장군),35.2851326,129.2275965,기장군,자연정 (기장군),35.2383911,129.2445049,기장군,5.4194,medium_4_to_12km,balanced_morning,normal,2026-08-03T08:30:00+09:00,false,false,false,false,false,false,synthetic_od_from_public_poi
od-40ab07817eed8d0edb19,와니라이프 (기장군),35.3367045,129.1702544,기장군,꽈다당 (기장군),35.2965028,129.2587506,기장군,9.1899,medium_4_to_12km,stroller_daytime,normal,2026-08-03T11:00:00+09:00,false,true,false,false,true,true,synthetic_od_from_public_poi
od-7b74c5c4ce2c1dccc94e,윤진상사 (해운대구),35.1858973,129.1248491,해운대구,강대감손칼국수 (북구),35.2075792,129.0031379,북구,11.3192,medium_4_to_12km,coldwave_morning,coldwave,2026-12-07T08:30:00+09:00,false,false,false,false,false,false,synthetic_od_from_public_poi
od-66ed46fc0a898ddbe1a9,합천식당 (북구),35.2022379,128.9968558,북구,쉐이드(SHADE) (금정구),35.2797214,129.0761085,금정구,11.2265,medium_4_to_12km,heat_shade_midday,heatwave,2026-08-03T14:30:00+09:00,false,false,true,false,false,false,synthetic_od_from_public_poi
od-2ce5acc2e67da39b6467,진주슈퍼 (동구),35.1311015,129.053955,동구,싸다마트 (해운대구),35.209299,129.123287,해운대구,10.7388,medium_4_to_12km,stroller_daytime,normal,2026-08-03T11:00:00+09:00,false,true,false,false,true,true,synthetic_od_from_public_poi
od-3ce46e8ed142bbb928a0,펀라이더스 (사하구),35.103218,129.0016031,사하구,으뜸병원 (동래구),35.2059627,129.0734652,동래구,13.1608,long_12_to_25km,luggage_midday,normal,2026-08-03T12:30:00+09:00,true,false,false,true,false,false,synthetic_od_from_public_poi
od-1d96e659d3eb6c83ad78,메이(MAY) (기장군),35.2724898,129.1524567,기장군,법원 열무 (연제구),35.1885606,129.0702981,연제구,11.9491,medium_4_to_12km,stroller_daytime,normal,2026-08-03T11:00:00+09:00,false,true,false,false,true,true,synthetic_od_from_public_poi
od-a5aa775f7c955f56b48f,SLB도시락 (수영구),35.1610535,129.1092556,수영구,대진소방 (남구),35.1447436,129.0671194,남구,4.2384,medium_4_to_12km,rain_evening,rain,2026-08-03T17:30:00+09:00,false,false,false,true,false,false,synthetic_od_from_public_poi
od-705f41d176396864724e,메라키(MERAKI) (연제구),35.1874494,129.106479,연제구,동구여성인력개발센터 (동구),35.1252462,129.0447879,동구,8.9048,medium_4_to_12km,stroller_daytime,normal,2026-08-03T11:00:00+09:00,false,true,false,false,true,true,synthetic_od_from_public_poi
od-2578327c8b2649538fc9,강호마라 (해운대구),35.1910771,129.2047199,해운대구,씨유(CU) 하단나산점 (사하구),35.1059139,128.9604999,사하구,24.1395,long_12_to_25km,transfer_min_evening,normal,2026-08-03T17:30:00+09:00,false,false,false,true,false,false,synthetic_od_from_public_poi
od-de45b9718cc412b8546c,달구뷰티(dalgu beauty) (부산진구),35.1480098,129.056653,부산진구,영해횟집 (해운대구),35.2253023,129.1491056,해운대구,12.019,long_12_to_25km,stroller_daytime,normal,2026-08-03T11:00:00+09:00,false,true,false,false,true,true,synthetic_od_from_public_poi
od-e421a4327c69c006dee7,노튼어학원 (해운대구),35.1745575,129.1282222,해운대구,디아이클린홈케어 (사하구),35.0685078,128.9794498,사하구,17.9483,long_12_to_25km,balanced_morning,normal,2026-08-03T08:30:00+09:00,false,false,false,false,false,false,synthetic_od_from_public_poi
od-7241632070d4fc615a9e,법률사무소 다인 (연제구),35.1918406,129.0746908,연제구,남천골프스스크린연습장 (수영구),35.1425919,129.1093006,수영구,6.3156,medium_4_to_12km,rain_evening,rain,2026-08-03T17:30:00+09:00,false,false,false,true,false,false,synthetic_od_from_public_poi
od-2ff482cc1696b88d999c,가온밀면 (강서구),35.1054358,128.924606,강서구,수곡집 (부산진구),35.1496969,129.0201154,부산진구,9.9834,medium_4_to_12km,bad_air_midday,dust,2026-08-03T12:30:00+09:00,false,false,false,false,false,false,synthetic_od_from_public_poi
od-fa3e850821bac61aa8f2,우리2주유소 (강서구),35.2153284,128.9441417,강서구,오브네일 (사상구),35.150215,129.0128273,사상구,9.5597,medium_4_to_12km,luggage_midday,normal,2026-08-03T12:30:00+09:00,true,false,false,true,false,false,synthetic_od_from_public_poi
od-2c2676ef9cf04289a606,윤진상사 (해운대구),35.1858973,129.1248491,해운대구,가마꽃돼지 (동래구),35.2089686,129.1016606,동래구,3.3198,short_1_5_to_4km,coldwave_morning,coldwave,2026-12-07T08:30:00+09:00,false,false,false,false,false,false,synthetic_od_from_public_poi
od-433c7c2ad07668e0de40,릴리뷰티 (영도구),35.0941709,129.0451137,영도구,고슴도치프롤노의원 (부산진구),35.1618376,129.0618755,부산진구,7.6771,medium_4_to_12km,stroller_daytime,normal,2026-08-03T11:00:00+09:00,false,true,false,false,true,true,synthetic_od_from_public_poi
od-111b1b932347662ff325,고래야 참치야 (해운대구),35.1728193,129.1753934,해운대구,노튼어학원 (해운대구),35.1745575,129.1282222,해운대구,4.2918,medium_4_to_12km,stroller_daytime,normal,2026-08-03T11:00:00+09:00,false,true,false,false,true,true,synthetic_od_from_public_poi
od-a13b41cd6dbe51ed5e43,성진상회 (사상구),35.1428681,128.9858243,사상구,서금진헤어# (사상구),35.1492464,129.0059821,사상구,1.9652,short_1_5_to_4km,transfer_min_evening,normal,2026-08-03T17:30:00+09:00,false,false,false,true,false,false,synthetic_od_from_public_poi
od-0bad64fe5fb1c1a2ebaa,파자나라치킨공주 (기장군),35.2654974,129.2328958,기장군,버블헤어샵 (기장군),35.2404744,129.2152348,기장군,3.2115,short_1_5_to_4km,transfer_min_evening,normal,2026-08-03T17:30:00+09:00,false,false,false,true,false,false,synthetic_od_from_public_poi
od-63b6612a234f6a26e62e,미미당 (중구),35.0975596,129.0296103,중구,잔나비부부 (영도구),35.087731,129.0457644,영도구,1.8315,short_1_5_to_4km,bad_air_midday,dust,2026-08-03T12:30:00+09:00,false,false,false,false,false,false,synthetic_od_from_public_poi
od-6e3ff5b9e3f9b1e57327,합천식당 (북구),35.2022379,128.9968558,북구,웰메이드 올리비아로렌 동래점 (동래구),35.2030324,129.0856759,동래구,8.0706,medium_4_to_12km,coldwave_morning,coldwave,2026-12-07T08:30:00+09:00,false,false,false,false,false,false,synthetic_od_from_public_poi
od-d8b8e2e23106939465aa,으뜸병원 (동래구),35.2059627,129.0734652,동래구,경동나비엔부산영도대리점 (영도구),35.0850934,129.0411569,영도구,13.7574,long_12_to_25km,rain_evening,rain,2026-08-03T17:30:00+09:00,false,false,false,true,false,false,synthetic_od_from_public_poi
od-60b096e00612b6645ffe,강호마라 (해운대구),35.1910771,129.2047199,해운대구,명품학장소갈비찜탕 연산점 (연제구),35.1901688,129.0823069,연제구,11.1245,medium_4_to_12km,transfer_min_evening,normal,2026-08-03T17:30:00+09:00,false,false,false,true,false,false,synthetic_od_from_public_poi
od-f39cdd2fd239a37b6349,성진상회 (사상구),35.1428681,128.9858243,사상구,V(브이)모텔 (부산진구),35.1597627,129.0565217,부산진구,6.6965,medium_4_to_12km,luggage_midday,normal,2026-08-03T12:30:00+09:00,true,false,false,true,false,false,synthetic_od_from_public_poi
od-aac363d7b10a06021141,우리집밥 (서구),35.0931858,129.0228765,서구,가이헤어 (사하구),35.0970843,128.9901096,사하구,3.0125,short_1_5_to_4km,bad_air_midday,dust,2026-08-03T12:30:00+09:00,false,false,false,false,false,false,synthetic_od_from_public_poi
od-f3f4f4de3f6bb679d6a9,씨유(CU) 하단나산점 (사하구),35.1059139,128.9604999,사하구,결아트뷰티 (강서구),35.0863305,128.9081799,강서구,5.2344,medium_4_to_12km,coldwave_morning,coldwave,2026-12-07T08:30:00+09:00,false,false,false,false,false,false,synthetic_od_from_public_poi
od-5247cec0c2b38b1a34e3,자연정 (기장군),35.2383911,129.2445049,기장군,성화뷰티 (북구),35.1966955,128.9937655,북구,23.2449,long_12_to_25km,luggage_midday,normal,2026-08-03T12:30:00+09:00,true,false,false,true,false,false,synthetic_od_from_public_poi
od-48a8b71b24ee75771926,하나인터내셔날(아이#) (중구),35.0983356,129.0318856,중구,커피구단 대연점 (남구),35.1381886,129.0894729,남구,6.8609,medium_4_to_12km,coldwave_morning,coldwave,2026-12-07T08:30:00+09:00,false,false,false,false,false,false,synthetic_od_from_public_poi
od-6e55e955fe778b768b75,법원 열무 (연제구),35.1885606,129.0702981,연제구,제일횟집 (동래구),35.2053782,129.0805535,동래구,2.0894,short_1_5_to_4km,stroller_daytime,normal,2026-08-03T11:00:00+09:00,false,true,false,false,true,true,synthetic_od_from_public_poi
od-b418d10617b33f78d09f,마음성장심리상담센터 (북구),35.2116277,129.014117,북구,예천집 (서구),35.1283899,129.0081894,서구,9.2713,medium_4_to_12km,stroller_daytime,normal,2026-08-03T11:00:00+09:00,false,true,false,false,true,true,synthetic_od_from_public_poi
od-28cd2c786a6afb107834,유부부 구서점 (금정구),35.2456528,129.0885932,금정구,부갈집 (수영구),35.1466787,129.1114979,수영구,11.2005,medium_4_to_12km,coldwave_morning,coldwave,2026-12-07T08:30:00+09:00,false,false,false,false,false,false,synthetic_od_from_public_poi
od-0f900bac41aa937a9fd6,성화뷰티 (북구),35.1966955,128.9937655,북구,국수명가 (수영구),35.1717989,129.1100761,수영구,10.9268,medium_4_to_12km,stroller_daytime,normal,2026-08-03T11:00:00+09:00,false,true,false,false,true,true,synthetic_od_from_public_poi
od-c374fd5e0e46824d4bc1,진주식당 (영도구),35.0911741,129.034636,영도구,매직카주차장 (동구),35.1224473,129.0422826,동구,3.5463,short_1_5_to_4km,bad_air_midday,dust,2026-08-03T12:30:00+09:00,false,false,false,false,false,false,synthetic_od_from_public_poi
od-872089b680dcff06c6a6,MY커뮤니티 (남구),35.123393,129.0857279,남구,제비표페인트동구대리점형제상사 (동구),35.1345164,129.0453068,동구,3.8785,short_1_5_to_4km,rain_evening,rain,2026-08-03T17:30:00+09:00,false,false,false,true,false,false,synthetic_od_from_public_poi
od-8c9e7ebc010a5d175dd0,가야포차(연산점) (연제구),35.187913,129.1005343,연제구,헤이!티(HEY!TEA) (기장군),35.320157,129.1839107,기장군,16.5393,long_12_to_25km,stroller_daytime,normal,2026-08-03T11:00:00+09:00,false,true,false,false,true,true,synthetic_od_from_public_poi
od-0d72d1aad965a4966628,부산유창주방 (강서구),35.1435785,128.9401384,강서구,(주)영남교통 (남구),35.1509659,129.0911678,남구,13.7564,long_12_to_25km,heat_shade_midday,heatwave,2026-08-03T14:30:00+09:00,false,false,true,false,false,false,synthetic_od_from_public_poi
od-9ee51fb75f2fa130a595,고은헤어&바디 (강서구),35.0975155,128.9220869,강서구,가원조명 (강서구),35.1122721,128.8836495,강서구,3.8625,short_1_5_to_4km,coldwave_morning,coldwave,2026-12-07T08:30:00+09:00,false,false,false,false,false,false,synthetic_od_from_public_poi
od-5fda7e0d47dd72767a3a,라파온누리약국 (남구),35.1372227,129.0708741,남구,용궁도매횟집 (남구),35.1237274,129.0972961,남구,2.8329,short_1_5_to_4km,transfer_min_evening,normal,2026-08-03T17:30:00+09:00,false,false,false,true,false,false,synthetic_od_from_public_poi
od-426450e9f51cbe069762,댕겨올개 (연제구),35.1752903,129.0866203,연제구,SBS프로샵 (연제구),35.19184,129.0648204,연제구,2.704,short_1_5_to_4km,heat_shade_midday,heatwave,2026-08-03T14:30:00+09:00,false,false,true,false,false,false,synthetic_od_from_public_poi
od-d1435ef16504b17f1065,손영환 비빔국수 (기장군),35.2202175,129.226523,기장군,자연정 (기장군),35.2383911,129.2445049,기장군,2.5983,short_1_5_to_4km,bad_air_midday,dust,2026-08-03T12:30:00+09:00,false,false,false,false,false,false,synthetic_od_from_public_poi
od-7a029061e67406de604f,GS25금정구청 (금정구),35.2430819,129.0940917,금정구,아이씨옵틱스 (남구),35.1431847,129.0751643,남구,11.2405,medium_4_to_12km,transfer_min_evening,normal,2026-08-03T17:30:00+09:00,false,false,false,true,false,false,synthetic_od_from_public_poi
od-840417b9422fc18dcb73,오브네일 (사상구),35.150215,129.0128273,사상구,청가옥숯불갈비 (강서구),35.0849057,128.8779469,강서구,14.2563,long_12_to_25km,bad_air_midday,dust,2026-08-03T12:30:00+09:00,false,false,false,false,false,false,synthetic_od_from_public_poi
od-48de33d58b8fe9a58481,동래한바퀴 (동래구),35.2107483,129.0818204,동래구,메이(MAY) (기장군),35.2724898,129.1524567,기장군,9.396,medium_4_to_12km,coldwave_morning,coldwave,2026-12-07T08:30:00+09:00,false,false,false,false,false,false,synthetic_od_from_public_poi
od-5eb68f2a127b63bf495c,간이역 (사상구),35.184338,128.9946322,사상구,고은헤어&바디 (강서구),35.0975155,128.9220869,강서구,11.6926,medium_4_to_12km,heat_shade_midday,heatwave,2026-08-03T14:30:00+09:00,false,false,true,false,false,false,synthetic_od_from_public_poi
od-3de1560e18124df4a01a,꼬르꼬르 헤어(Cor cor hair) (부산진구),35.1526197,129.0667004,부산진구,다온약국 (연제구),35.1734662,129.0942248,연제구,3.4108,short_1_5_to_4km,bad_air_midday,dust,2026-08-03T12:30:00+09:00,false,false,false,false,false,false,synthetic_od_from_public_poi
od-395fb0adda20b6b0af23,모모 (해운대구),35.1926512,129.1289534,해운대구,제비표페인트동구대리점형제상사 (동구),35.1345164,129.0453068,동구,9.9802,medium_4_to_12km,balanced_morning,normal,2026-08-03T08:30:00+09:00,false,false,false,false,false,false,synthetic_od_from_public_poi
od-8dcfdec25916f1b9a01e,동구여성인력개발센터 (동구),35.1252462,129.0447879,동구,그라운디댄스학원 (남구),35.1385968,129.0804313,남구,3.5651,short_1_5_to_4km,bad_air_midday,dust,2026-08-03T12:30:00+09:00,false,false,false,false,false,false,synthetic_od_from_public_poi
od-91f831b627bf2aeecaee,하나인터내셔날(아이#) (중구),35.0983356,129.0318856,중구,옥사이드 (영도구),35.0758736,129.0674327,영도구,4.0865,medium_4_to_12km,rain_evening,rain,2026-08-03T17:30:00+09:00,false,false,false,true,false,false,synthetic_od_from_public_poi
od-d47aaf2961a362f915b7,댕겨올개 (연제구),35.1752903,129.0866203,연제구,세화당한의원 (동구),35.1171081,129.0400812,동구,7.7305,medium_4_to_12km,stroller_daytime,normal,2026-08-03T11:00:00+09:00,false,true,false,false,true,true,synthetic_od_from_public_poi
od-eb8290cc5ad19fa1444a,(주)영남교통 (남구),35.1509659,129.0911678,남구,대륙전기철물 (수영구),35.155136,129.1180291,수영구,2.4857,short_1_5_to_4km,rain_evening,rain,2026-08-03T17:30:00+09:00,false,false,false,true,false,false,synthetic_od_from_public_poi
od-d744a6e76490a2810550,사시사철 (동래구),35.1974658,129.1101988,동래구,제비표페인트동구대리점형제상사 (동구),35.1345164,129.0453068,동구,9.1537,medium_4_to_12km,heat_shade_midday,heatwave,2026-08-03T14:30:00+09:00,false,false,true,false,false,false,synthetic_od_from_public_poi
od-1c47f5cba95b6df40945,예천집 (서구),35.1283899,129.0081894,서구,(주)제이에스두드림 (중구),35.1036656,129.0258764,중구,3.1853,short_1_5_to_4km,bad_air_midday,dust,2026-08-03T12:30:00+09:00,false,false,false,false,false,false,synthetic_od_from_public_poi
od-df487fa4ede5fda377cc,광안돼지국밥 (수영구),35.1587893,129.1145113,수영구,강대감손칼국수 (북구),35.2075792,129.0031379,북구,11.484,medium_4_to_12km,heat_shade_midday,heatwave,2026-08-03T14:30:00+09:00,false,false,true,false,false,false,synthetic_od_from_public_poi
od-c62e164c4255208ed69a,뚜레쥬르 부산중앙대로점 (중구),35.1105525,129.0373585,중구,쑥쑥식물병원 (강서구),35.1999699,128.9013637,강서구,15.8656,long_12_to_25km,bad_air_midday,dust,2026-08-03T12:30:00+09:00,false,false,false,false,false,false,synthetic_od_from_public_poi
od-694d2636baf3ea7279e5,다교천연염색 (해운대구),35.1611826,129.1736976,해운대구,자연정 (기장군),35.2383911,129.2445049,기장군,10.7284,medium_4_to_12km,heat_shade_midday,heatwave,2026-08-03T14:30:00+09:00,false,false,true,false,false,false,synthetic_od_from_public_poi
od-e5965c9d172c81f8d200,부산에듀팜 (금정구),35.2700007,129.1086199,금정구,부산탁구마트 (금정구),35.2186077,129.1125187,금정구,5.7256,medium_4_to_12km,stroller_daytime,normal,2026-08-03T11:00:00+09:00,false,true,false,false,true,true,synthetic_od_from_public_poi
od-0ff753c5b63fbf446695,자갈치브라더스 사하구평점 (사하구),35.081481,128.9876082,사하구,씨유(CU) 하단나산점 (사하구),35.1059139,128.9604999,사하구,3.6693,short_1_5_to_4km,transfer_min_evening,normal,2026-08-03T17:30:00+09:00,false,false,false,true,false,false,synthetic_od_from_public_poi
od-af1ff4d4e26206ce0509,왕이 드신 닭개장 (강서구),35.0318917,128.8132098,강서구,청가옥숯불갈비 (강서구),35.0849057,128.8779469,강서구,8.3349,medium_4_to_12km,coldwave_morning,coldwave,2026-12-07T08:30:00+09:00,false,false,false,false,false,false,synthetic_od_from_public_poi
od-9b17d6e098f7fceca751,옥사이드 (영도구),35.0758736,129.0674327,영도구,경북산꼼장어2호점 (동구),35.1198411,129.0394347,동구,5.5127,medium_4_to_12km,heat_shade_midday,heatwave,2026-08-03T14:30:00+09:00,false,false,true,false,false,false,synthetic_od_from_public_poi
od-6650938ac04c85942eb2,땡꼬김빱 (중구),35.1030106,129.0350675,중구,가이헤어 (사하구),35.0970843,128.9901096,사하구,4.1428,medium_4_to_12km,heat_shade_midday,heatwave,2026-08-03T14:30:00+09:00,false,false,true,false,false,false,synthetic_od_from_public_poi
od-e3d13a9fc698d4e52eb6,오륙도 수족관 (중구),35.1116808,129.0307904,중구,소호식육식당 (영도구),35.0919621,129.0428843,영도구,2.4532,short_1_5_to_4km,rain_evening,rain,2026-08-03T17:30:00+09:00,false,false,false,true,false,false,synthetic_od_from_public_poi
od-1cdb1b28e2e6c28c9a19,꼬르꼬르 헤어(Cor cor hair) (부산진구),35.1526197,129.0667004,부산진구,라파온누리약국 (남구),35.1372227,129.0708741,남구,1.7536,short_1_5_to_4km,stroller_daytime,normal,2026-08-03T11:00:00+09:00,false,true,false,false,true,true,synthetic_od_from_public_poi
od-25b7932c6eae466095a0,모모 (해운대구),35.1926512,129.1289534,해운대구,매직카주차장 (동구),35.1224473,129.0422826,동구,11.0915,medium_4_to_12km,bad_air_midday,dust,2026-08-03T12:30:00+09:00,false,false,false,false,false,false,synthetic_od_from_public_poi
od-f5b9b5f21b3d8bb237fb,소영 청바지전문 (사하구),35.0807184,128.9667569,사하구,오브네일 (사상구),35.150215,129.0128273,사상구,8.7907,medium_4_to_12km,balanced_morning,normal,2026-08-03T08:30:00+09:00,false,false,false,false,false,false,synthetic_od_from_public_poi
od-d861eda53ba7355a911b,귀빈미용실 (동구),35.1404907,129.0554709,동구,수곡집 (부산진구),35.1496969,129.0201154,부산진구,3.3737,short_1_5_to_4km,balanced_morning,normal,2026-08-03T08:30:00+09:00,false,false,false,false,false,false,synthetic_od_from_public_poi
od-29817dc92f49db991399,더우드 (동구),35.1351467,129.0555497,동구,초원식당 (수영구),35.1724383,129.1008988,수영구,5.8475,medium_4_to_12km,transfer_min_evening,normal,2026-08-03T17:30:00+09:00,false,false,false,true,false,false,synthetic_od_from_public_poi
od-d190393cb6bae421fe67,공백커피 (동래구),35.2012017,129.0735428,동래구,늘품수학교습소 (서구),35.1178205,129.0118337,서구,10.8366,medium_4_to_12km,luggage_midday,normal,2026-08-03T12:30:00+09:00,true,false,false,true,false,false,synthetic_od_from_public_poi
od-97aadc6506103210cf56,가원조명 (강서구),35.1122721,128.8836495,강서구,제일통닭 (동래구),35.2161267,129.0858449,동래구,21.7068,long_12_to_25km,stroller_daytime,normal,2026-08-03T11:00:00+09:00,false,true,false,false,true,true,synthetic_od_from_public_poi
od-df89ff90a0218aa981dd,문토스트(송도점) (서구),35.0738452,129.0158209,서구,싱싱야채부식 (부산진구),35.1679641,129.0502292,부산진구,10.9234,medium_4_to_12km,luggage_midday,normal,2026-08-03T12:30:00+09:00,true,false,false,true,false,false,synthetic_od_from_public_poi
od-76ae4192b167e150b580,꼬르꼬르 헤어(Cor cor hair) (부산진구),35.1526197,129.0667004,부산진구,(주)고리길천주유소 (기장군),35.3137252,129.2440443,기장군,24.0907,long_12_to_25km,coldwave_morning,coldwave,2026-12-07T08:30:00+09:00,false,false,false,false,false,false,synthetic_od_from_public_poi
od-f8b3ddb0f775436388b1,GS25부산메리놀병원점 (중구),35.1076506,129.0329882,중구,이 집 고기 (동구),35.130275,129.0484007,동구,2.8799,short_1_5_to_4km,balanced_morning,normal,2026-08-03T08:30:00+09:00,false,false,false,false,false,false,synthetic_od_from_public_poi
od-0559af80334ddac8a9ea,대성금속 (강서구),35.1855088,128.9198896,강서구,쑥쑥식물병원 (강서구),35.1999699,128.9013637,강서구,2.328,short_1_5_to_4km,bad_air_midday,dust,2026-08-03T12:30:00+09:00,false,false,false,false,false,false,synthetic_od_from_public_poi
od-2387b3d0dba3514d618f,진주슈퍼 (동구),35.1311015,129.053955,동구,성진상회 (사상구),35.1428681,128.9858243,사상구,6.332,medium_4_to_12km,balanced_morning,normal,2026-08-03T08:30:00+09:00,false,false,false,false,false,false,synthetic_od_from_public_poi
od-3d34a34829fb4fa893a3,동구여성인력개발센터 (동구),35.1252462,129.0447879,동구,수미쌈밥 (영도구),35.090005,129.0390151,영도구,3.9537,short_1_5_to_4km,balanced_morning,normal,2026-08-03T08:30:00+09:00,false,false,false,false,false,false,synthetic_od_from_public_poi
od-a9746493200a6fdcb7b2,편의방만두집 (서구),35.1186145,129.0176037,서구,대정양곱창신관 (중구),35.1001609,129.0261173,중구,2.1932,short_1_5_to_4km,stroller_daytime,normal,2026-08-03T11:00:00+09:00,false,true,false,false,true,true,synthetic_od_from_public_poi
od-22917d4d3608490ac4b2,이 집 고기 (동구),35.130275,129.0484007,동구,고등어연구소 부산역점 (동구),35.1139978,129.0386257,동구,2.0165,short_1_5_to_4km,coldwave_morning,coldwave,2026-12-07T08:30:00+09:00,false,false,false,false,false,false,synthetic_od_from_public_poi
od-a70321c95e4e5a13f4be,우리집밥 (서구),35.0931858,129.0228765,서구,빅부즈 2호점 (서구),35.0781235,129.021647,서구,1.6786,short_1_5_to_4km,stroller_daytime,normal,2026-08-03T11:00:00+09:00,false,true,false,false,true,true,synthetic_od_from_public_poi
od-c5b8a8b0a12ae555534c,대정양곱창신관 (중구),35.1001609,129.0261173,중구,대륙전기철물 (수영구),35.155136,129.1180291,수영구,10.3555,medium_4_to_12km,coldwave_morning,coldwave,2026-12-07T08:30:00+09:00,false,false,false,false,false,false,synthetic_od_from_public_poi
od-e98f0b892ee0d304a6d3,늘품수학교습소 (서구),35.1178205,129.0118337,서구,황금어장 (영도구),35.0889605,129.0627737,영도구,5.6367,medium_4_to_12km,balanced_morning,normal,2026-08-03T08:30:00+09:00,false,false,false,false,false,false,synthetic_od_from_public_poi
od-e557df1ff55e01b13669,GS25부산메리놀병원점 (중구),35.1076506,129.0329882,중구,(주)녹채원 (강서구),35.0934558,128.8442162,강서구,17.2456,long_12_to_25km,rain_evening,rain,2026-08-03T17:30:00+09:00,false,false,false,true,false,false,synthetic_od_from_public_poi
od-90ef9d70ac9da3e3e846,노튼어학원 (해운대구),35.1745575,129.1282222,해운대구,유가방 (동래구),35.1936752,129.102761,동래구,3.1422,short_1_5_to_4km,heat_shade_midday,heatwave,2026-08-03T14:30:00+09:00,false,false,true,false,false,false,synthetic_od_from_public_poi
od-7e65b1fa35153641570d,대도상사 (영도구),35.0848061,129.0721383,영도구,자갈치브라더스 사하구평점 (사하구),35.081481,128.9876082,사하구,7.7005,medium_4_to_12km,heat_shade_midday,heatwave,2026-08-03T14:30:00+09:00,false,false,true,false,false,false,synthetic_od_from_public_poi
od-794065459f50b4c107f2,옥사이드 (영도구),35.0758736,129.0674327,영도구,삼호골프골프 (해운대구),35.1931777,129.1194759,해운대구,13.8757,long_12_to_25km,balanced_morning,normal,2026-08-03T08:30:00+09:00,false,false,false,false,false,false,synthetic_od_from_public_poi
od-349bb6bc935bfbef3cf6,젓가락질 잘해야만 밥을 먹나요 (남구),35.1352191,129.0988728,남구,가야포차(연산점) (연제구),35.187913,129.1005343,연제구,5.8612,medium_4_to_12km,rain_evening,rain,2026-08-03T17:30:00+09:00,false,false,false,true,false,false,synthetic_od_from_public_poi
od-38ddff6b601ee471dcc7,토우카페 (기장군),35.3446271,129.2552032,기장군,일광떡방앗간 (기장군),35.2851326,129.2275965,기장군,7.0738,medium_4_to_12km,heat_shade_midday,heatwave,2026-08-03T14:30:00+09:00,false,false,true,false,false,false,synthetic_od_from_public_poi
od-b6fd932a033b9a2108a6,모모 (해운대구),35.1926512,129.1289534,해운대구,공백커피 (동래구),35.2012017,129.0735428,동래구,5.1239,medium_4_to_12km,balanced_morning,normal,2026-08-03T08:30:00+09:00,false,false,false,false,false,false,synthetic_od_from_public_poi
od-c7181de3486350f1824d,까꼬뽀꼬 (수영구),35.1762903,129.1063031,수영구,한국가스산업(주)사상영업소 (사상구),35.1502231,128.990053,사상구,10.9579,medium_4_to_12km,balanced_morning,normal,2026-08-03T08:30:00+09:00,false,false,false,false,false,false,synthetic_od_from_public_poi
od-c20325f530a0702922a8,합천식당 (북구),35.2022379,128.9968558,북구,꼬지와 친구들 (사하구),35.0613025,128.9832548,사하구,15.7201,long_12_to_25km,rain_evening,rain,2026-08-03T17:30:00+09:00,false,false,false,true,false,false,synthetic_od_from_public_poi
od-fe8dcf9a3391a33ea76d,중화1983 (동구),35.1370709,129.0627411,동구,가원조명 (강서구),35.1122721,128.8836495,강서구,16.5196,long_12_to_25km,bad_air_midday,dust,2026-08-03T12:30:00+09:00,false,false,false,false,false,false,synthetic_od_from_public_poi
od-976a1ee1a223fd95c2dc,메라키(MERAKI) (연제구),35.1874494,129.106479,연제구,광안동자기주도학습 (수영구),35.1541971,129.1124715,수영구,3.7374,short_1_5_to_4km,heat_shade_midday,heatwave,2026-08-03T14:30:00+09:00,false,false,true,false,false,false,synthetic_od_from_public_poi
od-8a5d072b99996c4cbb02,빅부즈 2호점 (서구),35.0781235,129.021647,서구,시장머리방 (영도구),35.089029,129.0414665,영도구,2.1732,short_1_5_to_4km,bad_air_midday,dust,2026-08-03T12:30:00+09:00,false,false,false,false,false,false,synthetic_od_from_public_poi
od-0a754396373fbbabf81c,카페린 (금정구),35.2478707,129.1139616,금정구,영해횟집 (해운대구),35.2253023,129.1491056,해운대구,4.0602,medium_4_to_12km,bad_air_midday,dust,2026-08-03T12:30:00+09:00,false,false,false,false,false,false,synthetic_od_from_public_poi
od-1af793c5b4f9f2705546,상구A&P (사상구),35.1608904,128.9802243,사상구,동남인테리어 (영도구),35.09342,129.0652988,영도구,10.7771,medium_4_to_12km,transfer_min_evening,normal,2026-08-03T17:30:00+09:00,false,false,false,true,false,false,synthetic_od_from_public_poi
od-4061ca5e8c5fe921f351,대륙전기철물 (수영구),35.155136,129.1180291,수영구,고려치과의원 (남구),35.1346938,129.0923826,남구,3.2565,short_1_5_to_4km,stroller_daytime,normal,2026-08-03T11:00:00+09:00,false,true,false,false,true,true,synthetic_od_from_public_poi
od-dd949fd0a0cbfd9db52d,삼성종합상사 (동래구),35.1982417,129.089692,동래구,굿프렌즈스포츠센터 (부산진구),35.1685456,129.0333607,부산진구,6.092,medium_4_to_12km,coldwave_morning,coldwave,2026-12-07T08:30:00+09:00,false,false,false,false,false,false,synthetic_od_from_public_poi
od-400c4d565c5a7865c5b8,대진소방 (남구),35.1447436,129.0671194,남구,양평칼국수 (사하구),35.0484435,128.9669832,사하구,14.0591,long_12_to_25km,luggage_midday,normal,2026-08-03T12:30:00+09:00,true,false,false,true,false,false,synthetic_od_from_public_poi
od-fa979fa33ff44eff0fa7,피트니스모건PT거제시청점 (연제구),35.1798605,129.0700358,연제구,남부반점 (서구),35.0882101,129.0234669,서구,11.0359,medium_4_to_12km,coldwave_morning,coldwave,2026-12-07T08:30:00+09:00,false,false,false,false,false,false,synthetic_od_from_public_poi
od-a8f75450ac18a6cf5665,놀이터과일 (동래구),35.2008631,129.063818,동래구,계란조심 (부산진구),35.1752186,129.0740359,부산진구,2.9989,short_1_5_to_4km,coldwave_morning,coldwave,2026-12-07T08:30:00+09:00,false,false,false,false,false,false,synthetic_od_from_public_poi
od-3b6d0f1544ae7dcb1194,사임당화장품구포지사 (북구),35.2125125,129.0074093,북구,잔나비부부 (영도구),35.087731,129.0457644,영도구,14.3066,long_12_to_25km,balanced_morning,normal,2026-08-03T08:30:00+09:00,false,false,false,false,false,false,synthetic_od_from_public_poi
od-064bdca23d77b8b8da80,미리내 (북구),35.2129568,129.0361508,북구,시골 (서구),35.1095812,129.0155451,서구,11.6465,medium_4_to_12km,transfer_min_evening,normal,2026-08-03T17:30:00+09:00,false,false,false,true,false,false,synthetic_od_from_public_poi
od-1be33ed53af0a57225dd,성진상회 (사상구),35.1428681,128.9858243,사상구,상구A&P (사상구),35.1608904,128.9802243,사상구,2.0676,short_1_5_to_4km,balanced_morning,normal,2026-08-03T08:30:00+09:00,false,false,false,false,false,false,synthetic_od_from_public_poi
od-86192642d005edc6e014,이 집 고기 (동구),35.130275,129.0484007,동구,60계부산감천점 (사하구),35.0906019,128.9971968,사하구,6.4152,medium_4_to_12km,balanced_morning,normal,2026-08-03T08:30:00+09:00,false,false,false,false,false,false,synthetic_od_from_public_poi
od-7d470b86afbc97e68346,토우카페 (기장군),35.3446271,129.2552032,기장군,지니모터스 (기장군),35.3253811,129.2060862,기장군,4.9428,medium_4_to_12km,balanced_morning,normal,2026-08-03T08:30:00+09:00,false,false,false,false,false,false,synthetic_od_from_public_poi
od-5f7c4dcb70f6c5db2ba3,그린조이대연점 (남구),35.1346732,129.0876635,남구,계란조심 (부산진구),35.1752186,129.0740359,부산진구,4.6756,medium_4_to_12km,luggage_midday,normal,2026-08-03T12:30:00+09:00,true,false,false,true,false,false,synthetic_od_from_public_poi
od-deba2e904bf15cec5ff9,백마상회 (부산진구),35.1433201,129.0604233,부산진구,비오비(BOB)영어교습소 (연제구),35.1813465,129.0863489,연제구,4.8408,medium_4_to_12km,stroller_daytime,normal,2026-08-03T11:00:00+09:00,false,true,false,false,true,true,synthetic_od_from_public_poi
od-6b7deb9932b73c038416,중화1983 (동구),35.1370709,129.0627411,동구,지니모터스 (기장군),35.3253811,129.2060862,기장군,24.6569,long_12_to_25km,bad_air_midday,dust,2026-08-03T12:30:00+09:00,false,false,false,false,false,false,synthetic_od_from_public_poi
od-44f67efd4d2ff9b669e7,33참숯갈비 (기장군),35.3057493,129.1133453,기장군,부산에듀팜 (금정구),35.2700007,129.1086199,금정구,3.9981,short_1_5_to_4km,bad_air_midday,dust,2026-08-03T12:30:00+09:00,false,false,false,false,false,false,synthetic_od_from_public_poi
od-37244c72a19ba614f441,명륜진사갈비 부산기장점 (기장군),35.2497395,129.2151317,기장군,MY커뮤니티 (남구),35.123393,129.0857279,남구,18.3214,long_12_to_25km,heat_shade_midday,heatwave,2026-08-03T14:30:00+09:00,false,false,true,false,false,false,synthetic_od_from_public_poi
od-4a4dc9f20fb03d034cf5,명륜진사갈비 부산기장점 (기장군),35.2497395,129.2151317,기장군,삼호골프골프 (해운대구),35.1931777,129.1194759,해운대구,10.7266,medium_4_to_12km,luggage_midday,normal,2026-08-03T12:30:00+09:00,true,false,false,true,false,false,synthetic_od_from_public_poi
od-dbde98c2ca3ec994d4b0,부산에듀팜 (금정구),35.2700007,129.1086199,금정구,바로바로물횟집 (금정구),35.22088,129.0886434,금정구,5.7554,medium_4_to_12km,transfer_min_evening,normal,2026-08-03T17:30:00+09:00,false,false,false,true,false,false,synthetic_od_from_public_poi
od-f98771ee86984779bae0,모모 (해운대구),35.1926512,129.1289534,해운대구,부산탁구마트 (금정구),35.2186077,129.1125187,금정구,3.2496,short_1_5_to_4km,rain_evening,rain,2026-08-03T17:30:00+09:00,false,false,false,true,false,false,synthetic_od_from_public_poi
od-6cb9c90b7bdc19d19362,건우푸드 (강서구),35.2156378,128.979932,강서구,언덕집 (사상구),35.1487332,129.0001693,사상구,7.6634,medium_4_to_12km,transfer_min_evening,normal,2026-08-03T17:30:00+09:00,false,false,false,true,false,false,synthetic_od_from_public_poi
od-70084cb0eee0eabf1192,가온밀면 (강서구),35.1054358,128.924606,강서구,샤넬헤어 (동래구),35.2032073,129.1042965,동래구,19.6232,long_12_to_25km,coldwave_morning,coldwave,2026-12-07T08:30:00+09:00,false,false,false,false,false,false,synthetic_od_from_public_poi
od-4d8f6c092b542669d821,브라이튼 (동래구),35.1968895,129.06852,동래구,부갈집 (수영구),35.1466787,129.1114979,수영구,6.8141,medium_4_to_12km,bad_air_midday,dust,2026-08-03T12:30:00+09:00,false,false,false,false,false,false,synthetic_od_from_public_poi
od-88ef75520b737e1e00b9,지아헤어 (사하구),35.0572609,128.9705106,사하구,청학시장 오돌오돌수육 (영도구),35.0963208,129.0604507,영도구,9.2656,medium_4_to_12km,rain_evening,rain,2026-08-03T17:30:00+09:00,false,false,false,true,false,false,synthetic_od_from_public_poi
od-90df37ea3d401e9a07dd,우리집밥 (서구),35.0931858,129.0228765,서구,손영환 비빔국수 (기장군),35.2202175,129.226523,기장군,23.2869,long_12_to_25km,heat_shade_midday,heatwave,2026-08-03T14:30:00+09:00,false,false,true,false,false,false,synthetic_od_from_public_poi
od-6c9ee1a2481579afae1f,그라운디댄스학원 (남구),35.1385968,129.0804313,남구,제비표페인트동구대리점형제상사 (동구),35.1345164,129.0453068,동구,3.2261,short_1_5_to_4km,stroller_daytime,normal,2026-08-03T11:00:00+09:00,false,true,false,false,true,true,synthetic_od_from_public_poi
od-e544aa875eaa31c92393,FM정진정보통신 (사하구),35.1040116,128.9745013,사하구,난이네옷집 (금정구),35.2162622,129.1013578,금정구,16.9936,long_12_to_25km,transfer_min_evening,normal,2026-08-03T17:30:00+09:00,false,false,false,true,false,false,synthetic_od_from_public_poi
od-c1e453d9aed5e7cc015b,산청한방오리불고기 (남구),35.111458,129.1114319,남구,과일나라 커피공장 (중구),35.1026311,129.0232538,중구,8.0811,medium_4_to_12km,coldwave_morning,coldwave,2026-12-07T08:30:00+09:00,false,false,false,false,false,false,synthetic_od_from_public_poi
od-35750b7957ea82333bfd,쉐이드(SHADE) (금정구),35.2797214,129.0761085,금정구,건우푸드 (강서구),35.2156378,128.979932,강서구,11.2718,medium_4_to_12km,heat_shade_midday,heatwave,2026-08-03T14:30:00+09:00,false,false,true,false,false,false,synthetic_od_from_public_poi
od-9a36b5d7bf8d55fbb5f2,애니플러스 컴퓨터 (북구),35.2414642,129.0181767,북구,법률사무소 다인 (연제구),35.1918406,129.0746908,연제구,7.5369,medium_4_to_12km,bad_air_midday,dust,2026-08-03T12:30:00+09:00,false,false,false,false,false,false,synthetic_od_from_public_poi
od-becdf94627b79bfe993b,부곡약국 (금정구),35.2272073,129.0921195,금정구,부산유창주방 (강서구),35.1435785,128.9401384,강서구,16.6506,long_12_to_25km,coldwave_morning,coldwave,2026-12-07T08:30:00+09:00,false,false,false,false,false,false,synthetic_od_from_public_poi
od-f4d0b918d60531f01d82,세화당한의원 (동구),35.1171081,129.0400812,동구,청학시장 오돌오돌수육 (영도구),35.0963208,129.0604507,영도구,2.9625,short_1_5_to_4km,luggage_midday,normal,2026-08-03T12:30:00+09:00,true,false,false,true,false,false,synthetic_od_from_public_poi
od-21bc7903e852bd47a196,유가방 (동래구),35.1936752,129.102761,동래구,예촌삼계탕 (연제구),35.19625,129.0787306,연제구,2.2023,short_1_5_to_4km,balanced_morning,normal,2026-08-03T08:30:00+09:00,false,false,false,false,false,false,synthetic_od_from_public_poi
od-44f685cbb4c72d5324a3,댄스온컴퍼니 (부산진구),35.1654104,129.0399354,부산진구,포차천국 서동점 (금정구),35.2144979,129.1064042,금정구,8.1411,medium_4_to_12km,bad_air_midday,dust,2026-08-03T12:30:00+09:00,false,false,false,false,false,false,synthetic_od_from_public_poi
od-618cc268ca5bdb9f98ed,고은치과의원 (동래구),35.2052326,129.0674583,동래구,사시사철 (동래구),35.1974658,129.1101988,동래구,3.9783,short_1_5_to_4km,transfer_min_evening,normal,2026-08-03T17:30:00+09:00,false,false,false,true,false,false,synthetic_od_from_public_poi
od-c474779d9577cf464951,문토스트(송도점) (서구),35.0738452,129.0158209,서구,씨유(CU)온천아시아드점 (동래구),35.2207737,129.0820982,동래구,17.4136,long_12_to_25km,luggage_midday,normal,2026-08-03T12:30:00+09:00,true,false,false,true,false,false,synthetic_od_from_public_poi
od-7a6cf3139f573b486e69,수곡집 (부산진구),35.1496969,129.0201154,부산진구,(주)부영에너지 (사상구),35.1542462,128.9794104,사상구,3.7352,short_1_5_to_4km,coldwave_morning,coldwave,2026-12-07T08:30:00+09:00,false,false,false,false,false,false,synthetic_od_from_public_poi
od-bebbecf3b9f06617dc5d,싱싱야채부식 (부산진구),35.1679641,129.0502292,부산진구,블리스헤어 (북구),35.2118935,129.028617,북구,5.2648,medium_4_to_12km,transfer_min_evening,normal,2026-08-03T17:30:00+09:00,false,false,false,true,false,false,synthetic_od_from_public_poi
od-264dc8c8ce6e66bb6e03,차이나궁 (부산진구),35.1576783,129.0665673,부산진구,경원한복 (동구),35.1355934,129.0587967,동구,2.5553,short_1_5_to_4km,luggage_midday,normal,2026-08-03T12:30:00+09:00,true,false,false,true,false,false,synthetic_od_from_public_poi
od-0bc5dbe5845a4d61f58c,식사한끼 (기장군),35.3695534,129.2529779,기장군,토우카페 (기장군),35.3446271,129.2552032,기장군,2.779,short_1_5_to_4km,rain_evening,rain,2026-08-03T17:30:00+09:00,false,false,false,true,false,false,synthetic_od_from_public_poi
od-c7f4b5390251ad1be98e,(주)고리길천주유소 (기장군),35.3137252,129.2440443,기장군,버블헤어샵 (기장군),35.2404744,129.2152348,기장군,8.5547,medium_4_to_12km,heat_shade_midday,heatwave,2026-08-03T14:30:00+09:00,false,false,true,false,false,false,synthetic_od_from_public_poi
od-4a5abf859d8c1456c0ea,으뜸병원 (동래구),35.2059627,129.0734652,동래구,갤럭시당구장 (해운대구),35.1984036,129.1314055,해운대구,5.3311,medium_4_to_12km,rain_evening,rain,2026-08-03T17:30:00+09:00,false,false,false,true,false,false,synthetic_od_from_public_poi
od-9f72a655d7a9665737ea,법원 열무 (연제구),35.1885606,129.0702981,연제구,지니키즈스윔스쿨 (동래구),35.2083498,129.0630034,동래구,2.2981,short_1_5_to_4km,stroller_daytime,normal,2026-08-03T11:00:00+09:00,false,true,false,false,true,true,synthetic_od_from_public_poi
od-4e59a173a10d07728bff,펀라이더스 (사하구),35.103218,129.0016031,사하구,마음성장심리상담센터 (북구),35.2116277,129.014117,북구,12.1082,long_12_to_25km,bad_air_midday,dust,2026-08-03T12:30:00+09:00,false,false,false,false,false,false,synthetic_od_from_public_poi
od-f6c46ef8d0765fe82877,소호식육식당 (영도구),35.0919621,129.0428843,영도구,커피구단 대연점 (남구),35.1381886,129.0894729,남구,6.6617,medium_4_to_12km,balanced_morning,normal,2026-08-03T08:30:00+09:00,false,false,false,false,false,false,synthetic_od_from_public_poi
od-7eb0ec36ef4db0e7fdf5,샤넬헤어 (동래구),35.2032073,129.1042965,동래구,3H컨설팅 (연제구),35.1817532,129.0786868,연제구,3.3327,short_1_5_to_4km,rain_evening,rain,2026-08-03T17:30:00+09:00,false,false,false,true,false,false,synthetic_od_from_public_poi
od-c365a247f0da852bab22,쿄다이 떡 (기장군),35.2887703,129.1670111,기장군,메이(MAY) (기장군),35.2724898,129.1524567,기장군,2.2411,short_1_5_to_4km,heat_shade_midday,heatwave,2026-08-03T14:30:00+09:00,false,false,true,false,false,false,synthetic_od_from_public_poi
od-3188d96a1d71f09d9ec1,Izakaya 石 (수영구),35.1582208,129.1208183,수영구,제니스파크요양병원 (남구),35.1259995,129.0745478,남구,5.5261,medium_4_to_12km,balanced_morning,normal,2026-08-03T08:30:00+09:00,false,false,false,false,false,false,synthetic_od_from_public_poi
od-77d8be30243afa01ed5b,V(브이)모텔 (부산진구),35.1597627,129.0565217,부산진구,경원한복 (동구),35.1355934,129.0587967,동구,2.6955,short_1_5_to_4km,transfer_min_evening,normal,2026-08-03T17:30:00+09:00,false,false,false,true,false,false,synthetic_od_from_public_poi
od-d95757667fd78d703609,(주)SMH스포츠 롯데아울렛 동부산점 (기장군),35.192323,129.2124953,기장군,메르엣(meret) (해운대구),35.1751452,129.1964779,해운대구,2.4015,short_1_5_to_4km,bad_air_midday,dust,2026-08-03T12:30:00+09:00,false,false,false,false,false,false,synthetic_od_from_public_poi
od-28e5952e8d5d48911ea4,초원식당 (수영구),35.1724383,129.1008988,수영구,오땅콩빵 (해운대구),35.169473,129.1384185,해운대구,3.4263,short_1_5_to_4km,rain_evening,rain,2026-08-03T17:30:00+09:00,false,false,false,true,false,false,synthetic_od_from_public_poi
od-93890f0b407f862776af,수미쌈밥 (영도구),35.090005,129.0390151,영도구,가이헤어 (사하구),35.0970843,128.9901096,사하구,4.5186,medium_4_to_12km,coldwave_morning,coldwave,2026-12-07T08:30:00+09:00,false,false,false,false,false,false,synthetic_od_from_public_poi
od-68d7f60ef4e87331e0e3,간이역 (사상구),35.184338,128.9946322,사상구,한국가스산업(주)사상영업소 (사상구),35.1502231,128.990053,사상구,3.8162,short_1_5_to_4km,stroller_daytime,normal,2026-08-03T11:00:00+09:00,false,true,false,false,true,true,synthetic_od_from_public_poi
od-55cb4ba8614dde39f278,웰메이드 올리비아로렌 동래점 (동래구),35.2030324,129.0856759,동래구,포차천국 서동점 (금정구),35.2144979,129.1064042,금정구,2.2742,short_1_5_to_4km,transfer_min_evening,normal,2026-08-03T17:30:00+09:00,false,false,false,true,false,false,synthetic_od_from_public_poi
od-6dc008e18322bbddd6b6,허준보건탕 (금정구),35.2273716,129.1185276,금정구,부곡약국 (금정구),35.2272073,129.0921195,금정구,2.3988,short_1_5_to_4km,coldwave_morning,coldwave,2026-12-07T08:30:00+09:00,false,false,false,false,false,false,synthetic_od_from_public_poi
od-c7202bccf0791a7c24df,카페린 (금정구),35.2478707,129.1139616,금정구,포차천국 서동점 (금정구),35.2144979,129.1064042,금정구,3.7738,short_1_5_to_4km,bad_air_midday,dust,2026-08-03T12:30:00+09:00,false,false,false,false,false,false,synthetic_od_from_public_poi
od-2e091e81690497f20027,블랙바디PT GYM (금정구),35.2379862,129.0871627,금정구,언더라인 (사하구),35.0778119,128.9759767,사하구,20.4789,long_12_to_25km,coldwave_morning,coldwave,2026-12-07T08:30:00+09:00,false,false,false,false,false,false,synthetic_od_from_public_poi
od-dbafad3cdaa3040f3784,예강헤어 (금정구),35.2652464,129.0894704,금정구,롭다pjy (금정구),35.2311251,129.0863332,금정구,3.8048,short_1_5_to_4km,luggage_midday,normal,2026-08-03T12:30:00+09:00,true,false,false,true,false,false,synthetic_od_from_public_poi
od-1a04d6be3ca683d30098,지아헤어 (사하구),35.0572609,128.9705106,사하구,광안돼지국밥 (수영구),35.1587893,129.1145113,수영구,17.2927,long_12_to_25km,transfer_min_evening,normal,2026-08-03T17:30:00+09:00,false,false,false,true,false,false,synthetic_od_from_public_poi
od-41aa95fc209be5cc3279,삼호골프골프 (해운대구),35.1931777,129.1194759,해운대구,진주식당 (영도구),35.0911741,129.034636,영도구,13.717,long_12_to_25km,heat_shade_midday,heatwave,2026-08-03T14:30:00+09:00,false,false,true,false,false,false,synthetic_od_from_public_poi
od-aabf6a9f2960bcd697c6,배대포차 (부산진구),35.1561536,129.0613994,부산진구,결아트뷰티 (강서구),35.0863305,128.9081799,강서구,15.9523,long_12_to_25km,heat_shade_midday,heatwave,2026-08-03T14:30:00+09:00,false,false,true,false,false,false,synthetic_od_from_public_poi
od-9de0002e90e58f92c39f,(주)녹채원 (강서구),35.0934558,128.8442162,강서구,문아트 (사상구),35.1539143,128.9994194,사상구,15.6345,long_12_to_25km,balanced_morning,normal,2026-08-03T08:30:00+09:00,false,false,false,false,false,false,synthetic_od_from_public_poi
od-65bfba8dfba33f636996,하빈상회 (사상구),35.1741169,128.9875619,사상구,제니스파크요양병원 (남구),35.1259995,129.0745478,남구,9.5485,medium_4_to_12km,luggage_midday,normal,2026-08-03T12:30:00+09:00,true,false,false,true,false,false,synthetic_od_from_public_poi
od-f72ae1f66c8195a6d708,진토베기 (서구),35.0958035,129.0239914,서구,중화1983 (동구),35.1370709,129.0627411,동구,5.7861,medium_4_to_12km,transfer_min_evening,normal,2026-08-03T17:30:00+09:00,false,false,false,true,false,false,synthetic_od_from_public_poi
od-697580d4978bf7ab03fd,Izakaya 石 (수영구),35.1582208,129.1208183,수영구,그린조이대연점 (남구),35.1346732,129.0876635,남구,3.9929,short_1_5_to_4km,bad_air_midday,dust,2026-08-03T12:30:00+09:00,false,false,false,false,false,false,synthetic_od_from_public_poi
od-16691722407ec8abaab8,사시사철 (동래구),35.1974658,129.1101988,동래구,오륙도 수족관 (중구),35.1116808,129.0307904,중구,11.9628,medium_4_to_12km,coldwave_morning,coldwave,2026-12-07T08:30:00+09:00,false,false,false,false,false,false,synthetic_od_from_public_poi
od-a935de7c401c5367ee50,치유 (해운대구),35.1682486,129.1689406,해운대구,브이아이피휘트니스 (해운대구),35.201579,129.1194195,해운대구,5.8301,medium_4_to_12km,balanced_morning,normal,2026-08-03T08:30:00+09:00,false,false,false,false,false,false,synthetic_od_from_public_poi
od-64710e0a84ee764d7a22,백마상회 (부산진구),35.1433201,129.0604233,부산진구,담다 (부산진구),35.1717493,129.0684633,부산진구,3.2446,short_1_5_to_4km,balanced_morning,normal,2026-08-03T08:30:00+09:00,false,false,false,false,false,false,synthetic_od_from_public_poi
od-15fb8c2a7c0a2afa5e29,왕이 드신 닭개장 (강서구),35.0318917,128.8132098,강서구,난정 (강서구),35.0596482,128.8321643,강서구,3.536,short_1_5_to_4km,balanced_morning,normal,2026-08-03T08:30:00+09:00,false,false,false,false,false,false,synthetic_od_from_public_poi
od-6de3c83e3cb6bba5f848,경북산꼼장어2호점 (동구),35.1198411,129.0394347,동구,제일정화(주) (부산진구),35.180873,129.049999,부산진구,6.8541,medium_4_to_12km,coldwave_morning,coldwave,2026-12-07T08:30:00+09:00,false,false,false,false,false,false,synthetic_od_from_public_poi
od-c133e4db795b4090b3b8,신발찜 (중구),35.1030315,129.0303233,중구,까꼬뽀꼬 (수영구),35.1762903,129.1063031,수영구,10.6813,medium_4_to_12km,transfer_min_evening,normal,2026-08-03T17:30:00+09:00,false,false,false,true,false,false,synthetic_od_from_public_poi
od-21aecfcbb90a12575f7c,가이헤어 (사하구),35.0970843,128.9901096,사하구,꼬마김밥 다락 (서구),35.1024337,129.0195362,서구,2.7424,short_1_5_to_4km,stroller_daytime,normal,2026-08-03T11:00:00+09:00,false,true,false,false,true,true,synthetic_od_from_public_poi
od-ceec1b7117ed4d1d8f2d,명륜진사갈비 부산기장점 (기장군),35.2497395,129.2151317,기장군,봄동떡방 (동구),35.1291644,129.0461386,동구,20.3862,long_12_to_25km,balanced_morning,normal,2026-08-03T08:30:00+09:00,false,false,false,false,false,false,synthetic_od_from_public_poi
od-bbaa7838510cff473ea6,3H지압침대 괴정센터 (사하구),35.1000774,128.9944922,사하구,피트니스모건PT거제시청점 (연제구),35.1798605,129.0700358,연제구,11.22,medium_4_to_12km,coldwave_morning,coldwave,2026-12-07T08:30:00+09:00,false,false,false,false,false,false,synthetic_od_from_public_poi
od-bfa7ef9551643cf378f9,청림숯불갈비 (중구),35.1126049,129.0356176,중구,역전할머니맥주 부산동삼점 (영도구),35.0803191,129.0702855,영도구,4.7787,medium_4_to_12km,stroller_daytime,normal,2026-08-03T11:00:00+09:00,false,true,false,false,true,true,synthetic_od_from_public_poi
od-fafbe9ef0f5a798a97b6,그린플러스 방충망 (북구),35.2557384,129.0142833,북구,대동장터국수 (동래구),35.1977616,129.0595256,동래구,7.6451,medium_4_to_12km,coldwave_morning,coldwave,2026-12-07T08:30:00+09:00,false,false,false,false,false,false,synthetic_od_from_public_poi
od-480560a92e2a728b6daf,(주)고리길천주유소 (기장군),35.3137252,129.2440443,기장군,손영환 비빔국수 (기장군),35.2202175,129.226523,기장군,10.5186,medium_4_to_12km,luggage_midday,normal,2026-08-03T12:30:00+09:00,true,false,false,true,false,false,synthetic_od_from_public_poi
od-867e151b2a255dda095e,왕이 드신 닭개장 (강서구),35.0318917,128.8132098,강서구,신발찜 (중구),35.1030315,129.0303233,중구,21.2842,long_12_to_25km,luggage_midday,normal,2026-08-03T12:30:00+09:00,true,false,false,true,false,false,synthetic_od_from_public_poi
od-0b502b3b15602f9f261d,건우푸드 (강서구),35.2156378,128.979932,강서구,대진소방 (남구),35.1447436,129.0671194,남구,11.1773,medium_4_to_12km,heat_shade_midday,heatwave,2026-08-03T14:30:00+09:00,false,false,true,false,false,false,synthetic_od_from_public_poi
od-5e701c6b7525e146925a,대성탕 (동구),35.119322,129.033655,동구,성진상회 (사상구),35.1428681,128.9858243,사상구,5.0769,medium_4_to_12km,luggage_midday,normal,2026-08-03T12:30:00+09:00,true,false,false,true,false,false,synthetic_od_from_public_poi
od-d421a2100b09cc129cb5,광안사카바 (수영구),35.1565061,129.1244825,수영구,와니라이프 (기장군),35.3367045,129.1702544,기장군,20.4638,long_12_to_25km,coldwave_morning,coldwave,2026-12-07T08:30:00+09:00,false,false,false,false,false,false,synthetic_od_from_public_poi
od-3785546fb54c38e69159,플레뉴 플라워 (수영구),35.1696293,129.1183655,수영구,갤럭시당구장 (해운대구),35.1984036,129.1314055,해운대구,3.412,short_1_5_to_4km,luggage_midday,normal,2026-08-03T12:30:00+09:00,true,false,false,true,false,false,synthetic_od_from_public_poi
od-93485aade58831051ea7,부산탁구마트 (금정구),35.2186077,129.1125187,금정구,간이역 (사상구),35.184338,128.9946322,사상구,11.3689,medium_4_to_12km,stroller_daytime,normal,2026-08-03T11:00:00+09:00,false,true,false,false,true,true,synthetic_od_from_public_poi
od-a2e1c6c9b54be067c246,그린유통 (사상구),35.1361506,128.9929039,사상구,수곡집 (부산진구),35.1496969,129.0201154,부산진구,2.8967,short_1_5_to_4km,balanced_morning,normal,2026-08-03T08:30:00+09:00,false,false,false,false,false,false,synthetic_od_from_public_poi
od-4e3a7abc233aacecbfa2,헤일리 영어 공부방 (수영구),35.1636192,129.1131572,수영구,다교천연염색 (해운대구),35.1611826,129.1736976,해운대구,5.5101,medium_4_to_12km,bad_air_midday,dust,2026-08-03T12:30:00+09:00,false,false,false,false,false,false,synthetic_od_from_public_poi
od-8a37823c89cb6e283dee,달구뷰티(dalgu beauty) (부산진구),35.1480098,129.056653,부산진구,MY커뮤니티 (남구),35.123393,129.0857279,남구,3.8056,short_1_5_to_4km,coldwave_morning,coldwave,2026-12-07T08:30:00+09:00,false,false,false,false,false,false,synthetic_od_from_public_poi
od-84284d37a864f9f8d407,대성금속 (강서구),35.1855088,128.9198896,강서구,굿프렌즈스포츠센터 (부산진구),35.1685456,129.0333607,부산진구,10.4843,medium_4_to_12km,rain_evening,rain,2026-08-03T17:30:00+09:00,false,false,false,true,false,false,synthetic_od_from_public_poi
od-e9bce7787e23f80cd1b2,싱싱야채부식 (부산진구),35.1679641,129.0502292,부산진구,제일통닭 (동래구),35.2161267,129.0858449,동래구,6.2574,medium_4_to_12km,coldwave_morning,coldwave,2026-12-07T08:30:00+09:00,false,false,false,false,false,false,synthetic_od_from_public_poi
od-65bd27acf6dc9f58be1f,꼬르꼬르 헤어(Cor cor hair) (부산진구),35.1526197,129.0667004,부산진구,부산탁구마트 (금정구),35.2186077,129.1125187,금정구,8.4367,medium_4_to_12km,rain_evening,rain,2026-08-03T17:30:00+09:00,false,false,false,true,false,false,synthetic_od_from_public_poi
od-9e527574aabba4e84856,구룡포 해풍국수 (기장군),35.2395897,129.1711088,기장군,33참숯갈비 (기장군),35.3057493,129.1133453,기장군,9.0343,medium_4_to_12km,bad_air_midday,dust,2026-08-03T12:30:00+09:00,false,false,false,false,false,false,synthetic_od_from_public_poi
od-dceed691f810f518687d,떡나라 (북구),35.197099,129.0090154,북구,나비유통 (연제구),35.1873006,129.0774127,연제구,6.3101,medium_4_to_12km,bad_air_midday,dust,2026-08-03T12:30:00+09:00,false,false,false,false,false,false,synthetic_od_from_public_poi
od-8c1f764516009f9d89cb,담다 (부산진구),35.1717493,129.0684633,부산진구,꼬르꼬르 헤어(Cor cor hair) (부산진구),35.1526197,129.0667004,부산진구,2.1331,short_1_5_to_4km,heat_shade_midday,heatwave,2026-08-03T14:30:00+09:00,false,false,true,false,false,false,synthetic_od_from_public_poi
od-2817ec5c337a8aa8713f,다락국밥 (남구),35.117549,129.1120972,남구,대박난 전 (해운대구),35.1662419,129.1583748,해운대구,6.8573,medium_4_to_12km,balanced_morning,normal,2026-08-03T08:30:00+09:00,false,false,false,false,false,false,synthetic_od_from_public_poi
od-56c6a831e5132984181c,산청한방오리불고기 (남구),35.111458,129.1114319,남구,달탄게코 (사상구),35.1388255,128.9779084,사상구,12.5189,long_12_to_25km,rain_evening,rain,2026-08-03T17:30:00+09:00,false,false,false,true,false,false,synthetic_od_from_public_poi
od-1010145cf9c08e9d773d,토우카페 (기장군),35.3446271,129.2552032,기장군,(주)고리길천주유소 (기장군),35.3137252,129.2440443,기장군,3.5822,short_1_5_to_4km,luggage_midday,normal,2026-08-03T12:30:00+09:00,true,false,false,true,false,false,synthetic_od_from_public_poi
od-d9ddee4927ca19aa6b96,파로스커피 (서구),35.0839198,129.0237555,서구,꼬마김밥 다락 (서구),35.1024337,129.0195362,서구,2.0941,short_1_5_to_4km,heat_shade_midday,heatwave,2026-08-03T14:30:00+09:00,false,false,true,false,false,false,synthetic_od_from_public_poi
od-7e82b4aa08bb0b58c52b,엠지마루정원카페 (연제구),35.1889956,129.0942541,연제구,모모 (해운대구),35.1926512,129.1289534,해운대구,3.1793,short_1_5_to_4km,bad_air_midday,dust,2026-08-03T12:30:00+09:00,false,false,false,false,false,false,synthetic_od_from_public_poi
od-3c644bc0a3b4d70e9a6c,카페리고러 (영도구),35.0929,129.0393812,영도구,우리집밥 (서구),35.0931858,129.0228765,서구,1.502,short_1_5_to_4km,heat_shade_midday,heatwave,2026-08-03T14:30:00+09:00,false,false,true,false,false,false,synthetic_od_from_public_poi
od-89caf8c7089edb9c8933,담다 (부산진구),35.1717493,129.0684633,부산진구,SLB도시락 (수영구),35.1610535,129.1092556,수영구,3.8941,short_1_5_to_4km,balanced_morning,normal,2026-08-03T08:30:00+09:00,false,false,false,false,false,false,synthetic_od_from_public_poi
od-2cf6ace9f1cb3220d900,토우카페 (기장군),35.3446271,129.2552032,기장군,와니라이프 (기장군),35.3367045,129.1702544,기장군,7.7555,medium_4_to_12km,luggage_midday,normal,2026-08-03T12:30:00+09:00,true,false,false,true,false,false,synthetic_od_from_public_poi
od-b8712ab692dcbdee7aaf,씨유(CU) 하단나산점 (사하구),35.1059139,128.9604999,사하구,우리2주유소 (강서구),35.2153284,128.9441417,강서구,12.2569,long_12_to_25km,balanced_morning,normal,2026-08-03T08:30:00+09:00,false,false,false,false,false,false,synthetic_od_from_public_poi
od-7ffab8ce11b3ba0e2c38,국수명가 (수영구),35.1717989,129.1100761,수영구,더우드 (동구),35.1351467,129.0555497,동구,6.4175,medium_4_to_12km,rain_evening,rain,2026-08-03T17:30:00+09:00,false,false,false,true,false,false,synthetic_od_from_public_poi
od-b0b95ff9cf3bd79cc6cb,크린제지 (강서구),35.1963611,128.9622779,강서구,유가방 (동래구),35.1936752,129.102761,동래구,12.7689,long_12_to_25km,heat_shade_midday,heatwave,2026-08-03T14:30:00+09:00,false,false,true,false,false,false,synthetic_od_from_public_poi
od-3faeccdae1b94be5b17d,강순옥성형외과 (수영구),35.167843,129.115119,수영구,Anna (부산진구),35.150992,129.0270851,부산진구,8.2194,medium_4_to_12km,coldwave_morning,coldwave,2026-12-07T08:30:00+09:00,false,false,false,false,false,false,synthetic_od_from_public_poi
od-6caa463459160ad4ad60,제비표페인트동구대리점형제상사 (동구),35.1345164,129.0453068,동구,시골 (서구),35.1095812,129.0155451,서구,3.8749,short_1_5_to_4km,stroller_daytime,normal,2026-08-03T11:00:00+09:00,false,true,false,false,true,true,synthetic_od_from_public_poi
od-80f8b61f4feb77c29ab0,윤진상사 (해운대구),35.1858973,129.1248491,해운대구,돌렘 (사하구),35.1011445,128.9817357,사하구,16.0668,long_12_to_25km,bad_air_midday,dust,2026-08-03T12:30:00+09:00,false,false,false,false,false,false,synthetic_od_from_public_poi
od-d7af5dacb8883d8775b1,묘음종합학원 (동구),35.1250201,129.0355665,동구,나들리 (중구),35.1013023,129.0294083,중구,2.6961,short_1_5_to_4km,coldwave_morning,coldwave,2026-12-07T08:30:00+09:00,false,false,false,false,false,false,synthetic_od_from_public_poi
od-84aabac854b9819b7009,해광횟집 (남구),35.1293392,129.0913222,남구,부갈집 (수영구),35.1466787,129.1114979,수영구,2.6614,short_1_5_to_4km,balanced_morning,normal,2026-08-03T08:30:00+09:00,false,false,false,false,false,false,synthetic_od_from_public_poi
od-0f3f489159bce5eb397f,달탄게코 (사상구),35.1388255,128.9779084,사상구,서금진헤어# (사상구),35.1492464,129.0059821,사상구,2.8033,short_1_5_to_4km,stroller_daytime,normal,2026-08-03T11:00:00+09:00,false,true,false,false,true,true,synthetic_od_from_public_poi
od-c79e8df8ef177a0733f3,신풍에그팜 농업회사법인 주식회사 (금정구),35.2955452,129.1098085,금정구,유가방 (동래구),35.1936752,129.102761,동래구,11.3455,medium_4_to_12km,rain_evening,rain,2026-08-03T17:30:00+09:00,false,false,false,true,false,false,synthetic_od_from_public_poi
od-ebfd2400d5fbd837ec3c,헤일리 영어 공부방 (수영구),35.1636192,129.1131572,수영구,가나안남성컷트 (남구),35.1237587,129.1117638,남구,4.4341,medium_4_to_12km,stroller_daytime,normal,2026-08-03T11:00:00+09:00,false,true,false,false,true,true,synthetic_od_from_public_poi
od-a5c35eb133bf4f00e0ef,복돈식당 (중구),35.1076426,129.0372707,중구,공백커피 (동래구),35.2012017,129.0735428,동래구,10.9134,medium_4_to_12km,coldwave_morning,coldwave,2026-12-07T08:30:00+09:00,false,false,false,false,false,false,synthetic_od_from_public_poi
od-128561513511c7605525,과수원집 (금정구),35.2495078,129.0569513,금정구,블랙바디PT GYM (금정구),35.2379862,129.0871627,금정구,3.028,short_1_5_to_4km,transfer_min_evening,normal,2026-08-03T17:30:00+09:00,false,false,false,true,false,false,synthetic_od_from_public_poi
od-4801254c71d0dffcecd0,PC방 강타넷 (영도구),35.0692405,129.0800265,영도구,바바바디라운지 (사하구),35.105926,128.9676118,사하구,11.0118,medium_4_to_12km,bad_air_midday,dust,2026-08-03T12:30:00+09:00,false,false,false,false,false,false,synthetic_od_from_public_poi
od-7974c53a92b8b6f94618,예천집 (서구),35.1283899,129.0081894,서구,버블헤어샵 (기장군),35.2404744,129.2152348,기장군,22.5695,long_12_to_25km,luggage_midday,normal,2026-08-03T12:30:00+09:00,true,false,false,true,false,false,synthetic_od_from_public_poi
od-abf8df4269340eb1c2d2,사랑방메기탕화명점 (북구),35.2327947,129.0091738,북구,범일 하누소 (동구),35.1399521,129.0602637,동구,11.3196,medium_4_to_12km,transfer_min_evening,normal,2026-08-03T17:30:00+09:00,false,false,false,true,false,false,synthetic_od_from_public_poi
od-e26adfa268f7155d372a,목화탕 (동구),35.1387334,129.0487528,동구,부전양곱창 (부산진구),35.1545734,129.056932,부산진구,1.9119,short_1_5_to_4km,coldwave_morning,coldwave,2026-12-07T08:30:00+09:00,false,false,false,false,false,false,synthetic_od_from_public_poi
od-0eec38182c062ab5e587,가락타운주유소 (사상구),35.1286946,128.9722013,사상구,경동나비엔부산영도대리점 (영도구),35.0850934,129.0411569,영도구,7.9279,medium_4_to_12km,rain_evening,rain,2026-08-03T17:30:00+09:00,false,false,false,true,false,false,synthetic_od_from_public_poi
od-6ccff6518baee7674d07,진일당 (남구),35.1149482,129.0816986,남구,고려치과의원 (남구),35.1346938,129.0923826,남구,2.401,short_1_5_to_4km,heat_shade_midday,heatwave,2026-08-03T14:30:00+09:00,false,false,true,false,false,false,synthetic_od_from_public_poi
od-10c2d3a533fe15338a68,오륙도 수족관 (중구),35.1116808,129.0307904,중구,노튼어학원 (해운대구),35.1745575,129.1282222,해운대구,11.2856,medium_4_to_12km,bad_air_midday,dust,2026-08-03T12:30:00+09:00,false,false,false,false,false,false,synthetic_od_from_public_poi
od-929fc2c1bc8e2f3a35be,하빈상회 (사상구),35.1741169,128.9875619,사상구,문아트 (사상구),35.1539143,128.9994194,사상구,2.4916,short_1_5_to_4km,heat_shade_midday,heatwave,2026-08-03T14:30:00+09:00,false,false,true,false,false,false,synthetic_od_from_public_poi
od-cd3fd0472e867cf0c2eb,잔나비부부 (영도구),35.087731,129.0457644,영도구,마린분식 (중구),35.1052319,129.0356089,중구,2.1542,short_1_5_to_4km,balanced_morning,normal,2026-08-03T08:30:00+09:00,false,false,false,false,false,false,synthetic_od_from_public_poi
od-7082226a8615a6f5dec6,3H컨설팅 (연제구),35.1817532,129.0786868,연제구,삼호골프골프 (해운대구),35.1931777,129.1194759,해운대구,3.9184,short_1_5_to_4km,coldwave_morning,coldwave,2026-12-07T08:30:00+09:00,false,false,false,false,false,false,synthetic_od_from_public_poi
od-795dade74b5d1c75e303,돌렘 (사하구),35.1011445,128.9817357,사하구,과수원집 (금정구),35.2495078,129.0569513,금정구,17.8576,long_12_to_25km,rain_evening,rain,2026-08-03T17:30:00+09:00,false,false,false,true,false,false,synthetic_od_from_public_poi
od-5671ab697df6b7cda03b,맑은피부사랑 (북구),35.2466345,129.013119,북구,사랑방메기탕화명점 (북구),35.2327947,129.0091738,북구,1.5801,short_1_5_to_4km,balanced_morning,normal,2026-08-03T08:30:00+09:00,false,false,false,false,false,false,synthetic_od_from_public_poi
od-ca3c529c3d6a992d903b,삼성종합상사 (동래구),35.1982417,129.089692,동래구,미미당 (중구),35.0975596,129.0296103,중구,12.457,long_12_to_25km,bad_air_midday,dust,2026-08-03T12:30:00+09:00,false,false,false,false,false,false,synthetic_od_from_public_poi
od-3667cc4d270ddd066c7a,명품학장소갈비찜탕 연산점 (연제구),35.1901688,129.0823069,연제구,배대포차 (부산진구),35.1561536,129.0613994,부산진구,4.2329,medium_4_to_12km,rain_evening,rain,2026-08-03T17:30:00+09:00,false,false,false,true,false,false,synthetic_od_from_public_poi
od-5932f29fa4d84380ee4d,빅부즈 2호점 (서구),35.0781235,129.021647,서구,삼성종합상사 (동래구),35.1982417,129.089692,동래구,14.7201,long_12_to_25km,rain_evening,rain,2026-08-03T17:30:00+09:00,false,false,false,true,false,false,synthetic_od_from_public_poi
od-7b2e4b5a09a86f857d8c,하와수포차 (강서구),35.1501097,128.8341024,강서구,부산유창주방 (강서구),35.1435785,128.9401384,강서구,9.6683,medium_4_to_12km,stroller_daytime,normal,2026-08-03T11:00:00+09:00,false,true,false,false,true,true,synthetic_od_from_public_poi
od-2df16a44d546f318cf21,아이씨옵틱스 (남구),35.1431847,129.0751643,남구,부전양곱창 (부산진구),35.1545734,129.056932,부산진구,2.086,short_1_5_to_4km,balanced_morning,normal,2026-08-03T08:30:00+09:00,false,false,false,false,false,false,synthetic_od_from_public_poi
od-ffaf5f928fe334b365d9,샤넬헤어 (동래구),35.2032073,129.1042965,동래구,신송자헤어숍여우만들기 (동구),35.1295659,129.0410531,동구,10.0051,medium_4_to_12km,luggage_midday,normal,2026-08-03T12:30:00+09:00,true,false,false,true,false,false,synthetic_od_from_public_poi
od-8bfa0124b0faf601b165,피트니스모건PT거제시청점 (연제구),35.1798605,129.0700358,연제구,문토스트(송도점) (서구),35.0738452,129.0158209,서구,12.7779,long_12_to_25km,rain_evening,rain,2026-08-03T17:30:00+09:00,false,false,false,true,false,false,synthetic_od_from_public_poi
od-15438f6e34c0a37d794e,띠띠빵빵초밥 (사하구),35.0914201,128.97571,사하구,꼬지와 친구들 (사하구),35.0613025,128.9832548,사하구,3.4186,short_1_5_to_4km,transfer_min_evening,normal,2026-08-03T17:30:00+09:00,false,false,false,true,false,false,synthetic_od_from_public_poi
od-e2644d9b952e3f95934a,명품학장소갈비찜탕 연산점 (연제구),35.1901688,129.0823069,연제구,대호막창 (사상구),35.1631415,128.9859208,사상구,9.2616,medium_4_to_12km,rain_evening,rain,2026-08-03T17:30:00+09:00,false,false,false,true,false,false,synthetic_od_from_public_poi
od-0ee18447eb56b52c3859,광안사카바 (수영구),35.1565061,129.1244825,수영구,애니플러스 컴퓨터 (북구),35.2414642,129.0181767,북구,13.511,long_12_to_25km,luggage_midday,normal,2026-08-03T12:30:00+09:00,true,false,false,true,false,false,synthetic_od_from_public_poi
od-deb37527fddbb85290dd,(주)고리길천주유소 (기장군),35.3137252,129.2440443,기장군,두달팽이 (해운대구),35.2310887,129.1562735,해운대구,12.1623,long_12_to_25km,coldwave_morning,coldwave,2026-12-07T08:30:00+09:00,false,false,false,false,false,false,synthetic_od_from_public_poi
od-6a7070e73695cd0a295d,삼성종합상사 (동래구),35.1982417,129.089692,동래구,영해횟집 (해운대구),35.2253023,129.1491056,해운대구,6.1797,medium_4_to_12km,transfer_min_evening,normal,2026-08-03T17:30:00+09:00,false,false,false,true,false,false,synthetic_od_from_public_poi
od-f1ad09fc7efc1fc5f140,도로시파스타 연정(중서구점) (서구),35.1003142,129.016733,서구,파로스커피 (서구),35.0839198,129.0237555,서구,1.9317,short_1_5_to_4km,rain_evening,rain,2026-08-03T17:30:00+09:00,false,false,false,true,false,false,synthetic_od_from_public_poi
od-026320d26dc904d57cce,MY커뮤니티 (남구),35.123393,129.0857279,남구,마린분식 (중구),35.1052319,129.0356089,중구,4.986,medium_4_to_12km,luggage_midday,normal,2026-08-03T12:30:00+09:00,true,false,false,true,false,false,synthetic_od_from_public_poi
od-11f3cee561b9468da421,에쿠스노래연습장 (수영구),35.1555851,129.1315249,수영구,국수명가 (수영구),35.1717989,129.1100761,수영구,2.6556,short_1_5_to_4km,luggage_midday,normal,2026-08-03T12:30:00+09:00,true,false,false,true,false,false,synthetic_od_from_public_poi
od-a7cad4506de0910bfa2c,싸다마트 (해운대구),35.209299,129.123287,해운대구,지니키즈스윔스쿨 (동래구),35.2083498,129.0630034,동래구,5.4779,medium_4_to_12km,heat_shade_midday,heatwave,2026-08-03T14:30:00+09:00,false,false,true,false,false,false,synthetic_od_from_public_poi
od-60b87482135c043c6a8f,모모 (해운대구),35.1926512,129.1289534,해운대구,메라키(MERAKI) (연제구),35.1874494,129.106479,연제구,2.1227,short_1_5_to_4km,stroller_daytime,normal,2026-08-03T11:00:00+09:00,false,true,false,false,true,true,synthetic_od_from_public_poi
od-1d884df70487f72a2f8c,동화반점 (중구),35.1057899,129.0234529,중구,굿프렌즈스포츠센터 (부산진구),35.1685456,129.0333607,부산진구,7.036,medium_4_to_12km,heat_shade_midday,heatwave,2026-08-03T14:30:00+09:00,false,false,true,false,false,false,synthetic_od_from_public_poi
od-a1d7b0e75f2f33d51e00,제비표페인트동구대리점형제상사 (동구),35.1345164,129.0453068,동구,PC방 강타넷 (영도구),35.0692405,129.0800265,영도구,7.9158,medium_4_to_12km,luggage_midday,normal,2026-08-03T12:30:00+09:00,true,false,false,true,false,false,synthetic_od_from_public_poi
od-80e1b4bbebf824539c04,더빔 한복 (동구),35.1380074,129.0591538,동구,용궁도매횟집 (남구),35.1237274,129.0972961,남구,3.8148,short_1_5_to_4km,coldwave_morning,coldwave,2026-12-07T08:30:00+09:00,false,false,false,false,false,false,synthetic_od_from_public_poi
od-86e5d30c4eacdd486651,고려치과의원 (남구),35.1346938,129.0923826,남구,닥터핏24 (금정구),35.2570093,129.0892089,금정구,13.6039,long_12_to_25km,heat_shade_midday,heatwave,2026-08-03T14:30:00+09:00,false,false,true,false,false,false,synthetic_od_from_public_poi
od-83d2b322b5f2bdc9879a,남부반점 (서구),35.0882101,129.0234669,서구,감천동카페 (사하구),35.0961748,129.0089134,사하구,1.593,short_1_5_to_4km,heat_shade_midday,heatwave,2026-08-03T14:30:00+09:00,false,false,true,false,false,false,synthetic_od_from_public_poi
od-ed6c2b7643bd829e75bd,언덕집 (사상구),35.1487332,129.0001693,사상구,동구여성인력개발센터 (동구),35.1252462,129.0447879,동구,4.8252,medium_4_to_12km,bad_air_midday,dust,2026-08-03T12:30:00+09:00,false,false,false,false,false,false,synthetic_od_from_public_poi
od-69ef96dde415ab9c2b53,돌렘 (사하구),35.1011445,128.9817357,사하구,진주식당 (영도구),35.0911741,129.034636,영도구,4.9388,medium_4_to_12km,stroller_daytime,normal,2026-08-03T11:00:00+09:00,false,true,false,false,true,true,synthetic_od_from_public_poi
od-7dab7600ed9b1fb217f0,동구여성인력개발센터 (동구),35.1252462,129.0447879,동구,부산유창주방 (강서구),35.1435785,128.9401384,강서구,9.7323,medium_4_to_12km,heat_shade_midday,heatwave,2026-08-03T14:30:00+09:00,false,false,true,false,false,false,synthetic_od_from_public_poi
od-e172a7c71bd8389afbde,부흥아케이트 (중구),35.1018631,129.0267535,중구,간이역 (사상구),35.184338,128.9946322,사상구,9.6247,medium_4_to_12km,stroller_daytime,normal,2026-08-03T11:00:00+09:00,false,true,false,false,true,true,synthetic_od_from_public_poi
od-c58e47550472670e5542,고려치과의원 (남구),35.1346938,129.0923826,남구,광안돼지국밥 (수영구),35.1587893,129.1145113,수영구,3.3506,short_1_5_to_4km,luggage_midday,normal,2026-08-03T12:30:00+09:00,true,false,false,true,false,false,synthetic_od_from_public_poi
od-b4910abbd77fcfe1db68,명품학장소갈비찜탕 연산점 (연제구),35.1901688,129.0823069,연제구,근대화체인중리점 (영도구),35.071328,129.0681569,영도구,13.277,long_12_to_25km,rain_evening,rain,2026-08-03T17:30:00+09:00,false,false,false,true,false,false,synthetic_od_from_public_poi
od-f2bddaacf14c2ebc0d7b,서금진헤어# (사상구),35.1492464,129.0059821,사상구,명륜진사갈비 부산기장점 (기장군),35.2497395,129.2151317,기장군,22.0458,long_12_to_25km,luggage_midday,normal,2026-08-03T12:30:00+09:00,true,false,false,true,false,false,synthetic_od_from_public_poi
od-3234d74844a9d0551547,가원조명 (강서구),35.1122721,128.8836495,강서구,청가옥숯불갈비 (강서구),35.0849057,128.8779469,강서구,3.0869,short_1_5_to_4km,rain_evening,rain,2026-08-03T17:30:00+09:00,false,false,false,true,false,false,synthetic_od_from_public_poi
od-653f80a7fd6064c898da,가온밀면 (강서구),35.1054358,128.924606,강서구,부산유창주방 (강서구),35.1435785,128.9401384,강서구,4.4703,medium_4_to_12km,coldwave_morning,coldwave,2026-12-07T08:30:00+09:00,false,false,false,false,false,false,synthetic_od_from_public_poi
od-1ba10222413ffb1d52c0,법률사무소 다인 (연제구),35.1918406,129.0746908,연제구,(주)고리길천주유소 (기장군),35.3137252,129.2440443,기장군,20.4978,long_12_to_25km,heat_shade_midday,heatwave,2026-08-03T14:30:00+09:00,false,false,true,false,false,false,synthetic_od_from_public_poi
od-81c83ee92873179280b1,옥사이드 (영도구),35.0758736,129.0674327,영도구,부곡약국 (금정구),35.2272073,129.0921195,금정구,16.9766,long_12_to_25km,coldwave_morning,coldwave,2026-12-07T08:30:00+09:00,false,false,false,false,false,false,synthetic_od_from_public_poi
od-5cd5f133052f9468f97a,가야반점 (부산진구),35.1524175,129.0356764,부산진구,묘음종합학원 (동구),35.1250201,129.0355665,동구,3.0465,short_1_5_to_4km,rain_evening,rain,2026-08-03T17:30:00+09:00,false,false,false,true,false,false,synthetic_od_from_public_poi
od-7a809f2c38d8f12b5160,봄토끼 (부산진구),35.1568434,129.0468963,부산진구,친절가스 (영도구),35.0628784,129.0804672,영도구,10.8855,medium_4_to_12km,coldwave_morning,coldwave,2026-12-07T08:30:00+09:00,false,false,false,false,false,false,synthetic_od_from_public_poi
od-d40de0f141ef29dbae7e,청학시장 오돌오돌수육 (영도구),35.0963208,129.0604507,영도구,신풍에그팜 농업회사법인 주식회사 (금정구),35.2955452,129.1098085,금정구,22.6022,long_12_to_25km,rain_evening,rain,2026-08-03T17:30:00+09:00,false,false,false,true,false,false,synthetic_od_from_public_poi
od-b8ebdc75d26bab1445e9,늘품수학교습소 (서구),35.1178205,129.0118337,서구,수미쌈밥 (영도구),35.090005,129.0390151,영도구,3.9599,short_1_5_to_4km,luggage_midday,normal,2026-08-03T12:30:00+09:00,true,false,false,true,false,false,synthetic_od_from_public_poi
od-bc8d3182c94cef6ae4a7,진주슈퍼 (동구),35.1311015,129.053955,동구,사임당화장품구포지사 (북구),35.2125125,129.0074093,북구,9.9923,medium_4_to_12km,heat_shade_midday,heatwave,2026-08-03T14:30:00+09:00,false,false,true,false,false,false,synthetic_od_from_public_poi
od-365c1038594ca5b73f8f,아이씨옵틱스 (남구),35.1431847,129.0751643,남구,하와수포차 (강서구),35.1501097,128.8341024,강서구,21.9314,long_12_to_25km,bad_air_midday,dust,2026-08-03T12:30:00+09:00,false,false,false,false,false,false,synthetic_od_from_public_poi
od-5ee9d4bb4b951cd07b04,명품학장소갈비찜탕 연산점 (연제구),35.1901688,129.0823069,연제구,막창곱창1번지 (영도구),35.076484,129.0722252,영도구,12.6744,long_12_to_25km,luggage_midday,normal,2026-08-03T12:30:00+09:00,true,false,false,true,false,false,synthetic_od_from_public_poi
od-d0c5a0447fad10c803a1,달탄게코 (사상구),35.1388255,128.9779084,사상구,메르엣(meret) (해운대구),35.1751452,129.1964779,해운대구,20.2765,long_12_to_25km,luggage_midday,normal,2026-08-03T12:30:00+09:00,true,false,false,true,false,false,synthetic_od_from_public_poi
od-ccdbf9cd24589af2b613,부흥아케이트 (중구),35.1018631,129.0267535,중구,명품학장소갈비찜탕 연산점 (연제구),35.1901688,129.0823069,연제구,11.0422,medium_4_to_12km,transfer_min_evening,normal,2026-08-03T17:30:00+09:00,false,false,false,true,false,false,synthetic_od_from_public_poi
od-8ff62186f64dff0f3e38,(주)부영에너지 (사상구),35.1542462,128.9794104,사상구,근대화체인중리점 (영도구),35.071328,129.0681569,영도구,12.2545,long_12_to_25km,luggage_midday,normal,2026-08-03T12:30:00+09:00,true,false,false,true,false,false,synthetic_od_from_public_poi
od-7fa6df4ca566eb819aea,부산에듀팜 (금정구),35.2700007,129.1086199,금정구,싱싱야채부식 (부산진구),35.1679641,129.0502292,부산진구,12.5246,long_12_to_25km,heat_shade_midday,heatwave,2026-08-03T14:30:00+09:00,false,false,true,false,false,false,synthetic_od_from_public_poi
od-9f3722922ddbbeb48347,띠띠빵빵초밥 (사하구),35.0914201,128.97571,사하구,간이역 (사상구),35.184338,128.9946322,사상구,10.4743,medium_4_to_12km,coldwave_morning,coldwave,2026-12-07T08:30:00+09:00,false,false,false,false,false,false,synthetic_od_from_public_poi
od-0e80682ae25628495879,사랑방메기탕화명점 (북구),35.2327947,129.0091738,북구,하츠나츠 (수영구),35.1592985,129.1272271,수영구,13.4855,long_12_to_25km,coldwave_morning,coldwave,2026-12-07T08:30:00+09:00,false,false,false,false,false,false,synthetic_od_from_public_poi
od-6ed09a9c9ecfe9c99ce4,(주)고리길천주유소 (기장군),35.3137252,129.2440443,기장군,젓가락질 잘해야만 밥을 먹나요 (남구),35.1352191,129.0988728,남구,23.83,long_12_to_25km,rain_evening,rain,2026-08-03T17:30:00+09:00,false,false,false,true,false,false,synthetic_od_from_public_poi
od-3d7d1252ab4e349f2ec9,모모 (해운대구),35.1926512,129.1289534,해운대구,꼬르꼬르 헤어(Cor cor hair) (부산진구),35.1526197,129.0667004,부산진구,7.1994,medium_4_to_12km,rain_evening,rain,2026-08-03T17:30:00+09:00,false,false,false,true,false,false,synthetic_od_from_public_poi
od-a1a6a14f1ad66c24d1a8,나비유통 (연제구),35.1873006,129.0774127,연제구,난이네옷집 (금정구),35.2162622,129.1013578,금정구,3.8864,short_1_5_to_4km,luggage_midday,normal,2026-08-03T12:30:00+09:00,true,false,false,true,false,false,synthetic_od_from_public_poi
od-6bc279ee5f56bb2fa975,부산에듀팜 (금정구),35.2700007,129.1086199,금정구,대동장터국수 (동래구),35.1977616,129.0595256,동래구,9.1872,medium_4_to_12km,heat_shade_midday,heatwave,2026-08-03T14:30:00+09:00,false,false,true,false,false,false,synthetic_od_from_public_poi
od-b01590fb1d3ececca696,다교천연염색 (해운대구),35.1611826,129.1736976,해운대구,에쿠스노래연습장 (수영구),35.1555851,129.1315249,수영구,3.8841,short_1_5_to_4km,transfer_min_evening,normal,2026-08-03T17:30:00+09:00,false,false,false,true,false,false,synthetic_od_from_public_poi
od-9fc171dad42953c13d32,까꼬뽀꼬 (수영구),35.1762903,129.1063031,수영구,애니플러스 컴퓨터 (북구),35.2414642,129.0181767,북구,10.7992,medium_4_to_12km,rain_evening,rain,2026-08-03T17:30:00+09:00,false,false,false,true,false,false,synthetic_od_from_public_poi
od-e57b8173ae2536bfee0d,SBS프로샵 (연제구),35.19184,129.0648204,연제구,다온약국 (연제구),35.1734662,129.0942248,연제구,3.3639,short_1_5_to_4km,rain_evening,rain,2026-08-03T17:30:00+09:00,false,false,false,true,false,false,synthetic_od_from_public_poi
od-b8fac8414b83f31b466e,치유 (해운대구),35.1682486,129.1689406,해운대구,오땅콩빵 (해운대구),35.169473,129.1384185,해운대구,2.7777,short_1_5_to_4km,luggage_midday,normal,2026-08-03T12:30:00+09:00,true,false,false,true,false,false,synthetic_od_from_public_poi
od-82d7e242394619e9675c,모모 (해운대구),35.1926512,129.1289534,해운대구,롭다pjy (금정구),35.2311251,129.0863332,금정구,5.7702,medium_4_to_12km,rain_evening,rain,2026-08-03T17:30:00+09:00,false,false,false,true,false,false,synthetic_od_from_public_poi
od-ac4d547e18a6e68c10d1,광안돼지국밥 (수영구),35.1587893,129.1145113,수영구,고려치과의원 (남구),35.1346938,129.0923826,남구,3.3506,short_1_5_to_4km,rain_evening,rain,2026-08-03T17:30:00+09:00,false,false,false,true,false,false,synthetic_od_from_public_poi
od-3779b8b9158e28bb34ce,씨유(CU) 하단나산점 (사하구),35.1059139,128.9604999,사하구,백마상회 (부산진구),35.1433201,129.0604233,부산진구,9.9943,medium_4_to_12km,balanced_morning,normal,2026-08-03T08:30:00+09:00,false,false,false,false,false,false,synthetic_od_from_public_poi
od-03936f420acf02240a7a,차이나궁 (부산진구),35.1576783,129.0665673,부산진구,물회수산 (사상구),35.1709363,128.9810995,사상구,7.9079,medium_4_to_12km,transfer_min_evening,normal,2026-08-03T17:30:00+09:00,false,false,false,true,false,false,synthetic_od_from_public_poi
od-3a17a4ee2c5562e3d6f6,친절가스 (영도구),35.0628784,129.0804672,영도구,신송자헤어숍여우만들기 (동구),35.1295659,129.0410531,동구,8.2368,medium_4_to_12km,rain_evening,rain,2026-08-03T17:30:00+09:00,false,false,false,true,false,false,synthetic_od_from_public_poi
od-9e0ecf7956b69c0ce462,(주)녹채원 (강서구),35.0934558,128.8442162,강서구,씨유(CU) 하단나산점 (사하구),35.1059139,128.9604999,사하구,10.6692,medium_4_to_12km,bad_air_midday,dust,2026-08-03T12:30:00+09:00,false,false,false,false,false,false,synthetic_od_from_public_poi
od-5ebd12bcfeab6700ce65,잔나비부부 (영도구),35.087731,129.0457644,영도구,가이헤어 (사하구),35.0970843,128.9901096,사하구,5.1693,medium_4_to_12km,rain_evening,rain,2026-08-03T17:30:00+09:00,false,false,false,true,false,false,synthetic_od_from_public_poi
od-fdda3bc00ab7ae7af9ea,청학시장 오돌오돌수육 (영도구),35.0963208,129.0604507,영도구,청림숯불갈비 (중구),35.1126049,129.0356176,중구,2.8952,short_1_5_to_4km,balanced_morning,normal,2026-08-03T08:30:00+09:00,false,false,false,false,false,false,synthetic_od_from_public_poi
od-6facfe870d6927522ad5,한국가스산업(주)사상영업소 (사상구),35.1502231,128.990053,사상구,달탄게코 (사상구),35.1388255,128.9779084,사상구,1.6809,short_1_5_to_4km,rain_evening,rain,2026-08-03T17:30:00+09:00,false,false,false,true,false,false,synthetic_od_from_public_poi
od-140bfb3470c8d3064e72,대호막창 (사상구),35.1631415,128.9859208,사상구,법원 열무 (연제구),35.1885606,129.0702981,연제구,8.1733,medium_4_to_12km,bad_air_midday,dust,2026-08-03T12:30:00+09:00,false,false,false,false,false,false,synthetic_od_from_public_poi
od-08a2678a24b185ed5c63,부산탁구마트 (금정구),35.2186077,129.1125187,금정구,프렌디스 (북구),35.2124845,129.0216475,북구,8.2832,medium_4_to_12km,bad_air_midday,dust,2026-08-03T12:30:00+09:00,false,false,false,false,false,false,synthetic_od_from_public_poi
od-b0b109a3b6b3f818058c,삼성종합상사 (동래구),35.1982417,129.089692,동래구,삼호골프골프 (해운대구),35.1931777,129.1194759,해운대구,2.7643,short_1_5_to_4km,bad_air_midday,dust,2026-08-03T12:30:00+09:00,false,false,false,false,false,false,synthetic_od_from_public_poi
od-484c4aa80ee6914b4749,펀라이더스 (사하구),35.103218,129.0016031,사하구,대성탕 (동구),35.119322,129.033655,동구,3.4215,short_1_5_to_4km,bad_air_midday,dust,2026-08-03T12:30:00+09:00,false,false,false,false,false,false,synthetic_od_from_public_poi
od-3dcd0f3313d3176f8540,법원 열무 (연제구),35.1885606,129.0702981,연제구,청학시장 오돌오돌수육 (영도구),35.0963208,129.0604507,영도구,10.2956,medium_4_to_12km,bad_air_midday,dust,2026-08-03T12:30:00+09:00,false,false,false,false,false,false,synthetic_od_from_public_poi
od-25823110dbc48d6d47d1,37 바 3226 (북구),35.264329,129.0177448,북구,과수원집 (금정구),35.2495078,129.0569513,금정구,3.9229,short_1_5_to_4km,luggage_midday,normal,2026-08-03T12:30:00+09:00,true,false,false,true,false,false,synthetic_od_from_public_poi
od-862b7028c763af9735b1,오륙도 수족관 (중구),35.1116808,129.0307904,중구,띠띠빵빵초밥 (사하구),35.0914201,128.97571,사하구,5.494,medium_4_to_12km,bad_air_midday,dust,2026-08-03T12:30:00+09:00,false,false,false,false,false,false,synthetic_od_from_public_poi
od-446d50e1521df8eaa324,나무 (중구),35.0996711,129.030009,중구,달구뷰티(dalgu beauty) (부산진구),35.1480098,129.056653,부산진구,5.896,medium_4_to_12km,heat_shade_midday,heatwave,2026-08-03T14:30:00+09:00,false,false,true,false,false,false,synthetic_od_from_public_poi
od-2e5a1f6eb7ad37668f14,합천식당 (북구),35.2022379,128.9968558,북구,브이아이피휘트니스 (해운대구),35.201579,129.1194195,해운대구,11.1364,medium_4_to_12km,rain_evening,rain,2026-08-03T17:30:00+09:00,false,false,false,true,false,false,synthetic_od_from_public_poi
od-fe7fc1b3fbd0aea22f44,3H컨설팅 (연제구),35.1817532,129.0786868,연제구,자갈치브라더스 사하구평점 (사하구),35.081481,128.9876082,사하구,13.8895,long_12_to_25km,rain_evening,rain,2026-08-03T17:30:00+09:00,false,false,false,true,false,false,synthetic_od_from_public_poi
od-69edf6cf0f7fe85b5560,성화뷰티 (북구),35.1966955,128.9937655,북구,펀라이더스 (사하구),35.103218,129.0016031,사하구,10.4186,medium_4_to_12km,bad_air_midday,dust,2026-08-03T12:30:00+09:00,false,false,false,false,false,false,synthetic_od_from_public_poi
od-731e161a85510eded1fa,브라이튼 (동래구),35.1968895,129.06852,동래구,제일통닭 (동래구),35.2161267,129.0858449,동래구,2.6558,short_1_5_to_4km,coldwave_morning,coldwave,2026-12-07T08:30:00+09:00,false,false,false,false,false,false,synthetic_od_from_public_poi
od-79d20b0221dbee335200,막창곱창1번지 (영도구),35.076484,129.0722252,영도구,카페리고러 (영도구),35.0929,129.0393812,영도구,3.5019,short_1_5_to_4km,balanced_morning,normal,2026-08-03T08:30:00+09:00,false,false,false,false,false,false,synthetic_od_from_public_poi
od-dfbd564d6342a285b739,대호막창 (사상구),35.1631415,128.9859208,사상구,서금진헤어# (사상구),35.1492464,129.0059821,사상구,2.3903,short_1_5_to_4km,balanced_morning,normal,2026-08-03T08:30:00+09:00,false,false,false,false,false,false,synthetic_od_from_public_poi
od-868da715255db2ea66eb,언덕집 (사상구),35.1487332,129.0001693,사상구,GS25연제브라운점 (연제구),35.1769204,129.0809126,연제구,7.9811,medium_4_to_12km,rain_evening,rain,2026-08-03T17:30:00+09:00,false,false,false,true,false,false,synthetic_od_from_public_poi
od-6b2e3869fc82cf4b1d35,명륜진사갈비 부산기장점 (기장군),35.2497395,129.2151317,기장군,쿄다이 떡 (기장군),35.2887703,129.1670111,기장군,6.158,medium_4_to_12km,bad_air_midday,dust,2026-08-03T12:30:00+09:00,false,false,false,false,false,false,synthetic_od_from_public_poi
od-dc99b4b644658e7f684c,T_해지_(부산)개인_37바3953 (서구),35.1121341,129.0121461,서구,동구여성인력개발센터 (동구),35.1252462,129.0447879,동구,3.3076,short_1_5_to_4km,rain_evening,rain,2026-08-03T17:30:00+09:00,false,false,false,true,false,false,synthetic_od_from_public_poi
od-5e51ca9c6516d5b90691,버블헤어샵 (기장군),35.2404744,129.2152348,기장군,자연정 (기장군),35.2383911,129.2445049,기장군,2.6683,short_1_5_to_4km,stroller_daytime,normal,2026-08-03T11:00:00+09:00,false,true,false,false,true,true,synthetic_od_from_public_poi
od-854b0489de08c7fe02c7,상구A&P (사상구),35.1608904,128.9802243,사상구,MY커뮤니티 (남구),35.123393,129.0857279,남구,10.4601,medium_4_to_12km,coldwave_morning,coldwave,2026-12-07T08:30:00+09:00,false,false,false,false,false,false,synthetic_od_from_public_poi
od-89469122fb7c84bab5e1,문토스트(송도점) (서구),35.0738452,129.0158209,서구,경동나비엔부산영도대리점 (영도구),35.0850934,129.0411569,영도구,2.6229,short_1_5_to_4km,transfer_min_evening,normal,2026-08-03T17:30:00+09:00,false,false,false,true,false,false,synthetic_od_from_public_poi
od-5e25e93a020d71c71b23,광명당약국 (사상구),35.156823,128.9870173,사상구,60계 부산해운대점 (해운대구),35.1622638,129.1619528,해운대구,15.9145,long_12_to_25km,rain_evening,rain,2026-08-03T17:30:00+09:00,false,false,false,true,false,false,synthetic_od_from_public_poi
od-c80b229e5b5ce301fb12,꼬르꼬르 헤어(Cor cor hair) (부산진구),35.1526197,129.0667004,부산진구,고려치과의원 (남구),35.1346938,129.0923826,남구,3.0702,short_1_5_to_4km,heat_shade_midday,heatwave,2026-08-03T14:30:00+09:00,false,false,true,false,false,false,synthetic_od_from_public_poi
od-5971ad90271494e09d6a,미미당 (중구),35.0975596,129.0296103,중구,(주)부영에너지 (사상구),35.1542462,128.9794104,사상구,7.783,medium_4_to_12km,heat_shade_midday,heatwave,2026-08-03T14:30:00+09:00,false,false,true,false,false,false,synthetic_od_from_public_poi
od-c100e56c5e2023da5416,나비유통 (연제구),35.1873006,129.0774127,연제구,근대화체인중리점 (영도구),35.071328,129.0681569,영도구,12.923,long_12_to_25km,balanced_morning,normal,2026-08-03T08:30:00+09:00,false,false,false,false,false,false,synthetic_od_from_public_poi
od-fc6e8a1586cb9017b584,메라키(MERAKI) (연제구),35.1874494,129.106479,연제구,모모 (해운대구),35.1926512,129.1289534,해운대구,2.1227,short_1_5_to_4km,heat_shade_midday,heatwave,2026-08-03T14:30:00+09:00,false,false,true,false,false,false,synthetic_od_from_public_poi
od-e3e151f990a55cd9519e,가락타운주유소 (사상구),35.1286946,128.9722013,사상구,V(브이)모텔 (부산진구),35.1597627,129.0565217,부산진구,8.4092,medium_4_to_12km,transfer_min_evening,normal,2026-08-03T17:30:00+09:00,false,false,false,true,false,false,synthetic_od_from_public_poi
od-94eafffc827d52b07900,커피구단 대연점 (남구),35.1381886,129.0894729,남구,난정 (강서구),35.0596482,128.8321643,강서구,24.9848,long_12_to_25km,heat_shade_midday,heatwave,2026-08-03T14:30:00+09:00,false,false,true,false,false,false,synthetic_od_from_public_poi
od-661c39e2dd876c7ce336,뚜레쥬르 부산중앙대로점 (중구),35.1105525,129.0373585,중구,루헤어살롱 (사상구),35.1876713,128.9878475,사상구,9.6849,medium_4_to_12km,rain_evening,rain,2026-08-03T17:30:00+09:00,false,false,false,true,false,false,synthetic_od_from_public_poi
od-c60d6ef3cd71d80c602d,33참숯갈비 (기장군),35.3057493,129.1133453,기장군,청심조경농원 (금정구),35.2869087,129.0954209,금정구,2.6524,short_1_5_to_4km,coldwave_morning,coldwave,2026-12-07T08:30:00+09:00,false,false,false,false,false,false,synthetic_od_from_public_poi
od-a3d7c5addc6ce8525b92,파자나라치킨공주 (기장군),35.2654974,129.2328958,기장군,명륜진사갈비 부산기장점 (기장군),35.2497395,129.2151317,기장군,2.3816,short_1_5_to_4km,heat_shade_midday,heatwave,2026-08-03T14:30:00+09:00,false,false,true,false,false,false,synthetic_od_from_public_poi
od-47de8ab4cac2f03e308f,경동나비엔부산영도대리점 (영도구),35.0850934,129.0411569,영도구,댕겨올개 (연제구),35.1752903,129.0866203,연제구,10.8482,medium_4_to_12km,rain_evening,rain,2026-08-03T17:30:00+09:00,false,false,false,true,false,false,synthetic_od_from_public_poi
od-342f1410100d66788673,쉐이드(SHADE) (금정구),35.2797214,129.0761085,금정구,가온커피 (서구),35.0642845,129.0139288,서구,24.6132,long_12_to_25km,rain_evening,rain,2026-08-03T17:30:00+09:00,false,false,false,true,false,false,synthetic_od_from_public_poi
od-504edc87724cb8a1c891,블리스헤어 (북구),35.2118935,129.028617,북구,펀라이더스 (사하구),35.103218,129.0016031,사하구,12.3312,long_12_to_25km,stroller_daytime,normal,2026-08-03T11:00:00+09:00,false,true,false,false,true,true,synthetic_od_from_public_poi
od-338f3581ebaa2bc61c99,고슴도치프롤노의원 (부산진구),35.1618376,129.0618755,부산진구,(주)고리길천주유소 (기장군),35.3137252,129.2440443,기장군,23.6425,long_12_to_25km,heat_shade_midday,heatwave,2026-08-03T14:30:00+09:00,false,false,true,false,false,false,synthetic_od_from_public_poi
od-49be84e60429374a065a,합천식당 (북구),35.2022379,128.9968558,북구,미리내 (북구),35.2129568,129.0361508,북구,3.7638,short_1_5_to_4km,heat_shade_midday,heatwave,2026-08-03T14:30:00+09:00,false,false,true,false,false,false,synthetic_od_from_public_poi
od-a75fcf4f30701a7ab0e5,다이닝도안 (사하구),35.1121086,128.9635787,사하구,디아이클린홈케어 (사하구),35.0685078,128.9794498,사하구,5.0587,medium_4_to_12km,luggage_midday,normal,2026-08-03T12:30:00+09:00,true,false,false,true,false,false,synthetic_od_from_public_poi
od-2fc18026d92d31acb240,메종 사도 (부산진구),35.1578842,129.0237363,부산진구,나비유통 (연제구),35.1873006,129.0774127,연제구,5.8738,medium_4_to_12km,stroller_daytime,normal,2026-08-03T11:00:00+09:00,false,true,false,false,true,true,synthetic_od_from_public_poi
od-7cd99a9e5210178a7d3b,난이네옷집 (금정구),35.2162622,129.1013578,금정구,메르엣(meret) (해운대구),35.1751452,129.1964779,해운대구,9.778,medium_4_to_12km,luggage_midday,normal,2026-08-03T12:30:00+09:00,true,false,false,true,false,false,synthetic_od_from_public_poi
od-31539f55849c0b7aaf96,메이(MAY) (기장군),35.2724898,129.1524567,기장군,연제제이에스(JS)영수학원 (연제구),35.1916386,129.0893322,연제구,10.6629,medium_4_to_12km,bad_air_midday,dust,2026-08-03T12:30:00+09:00,false,false,false,false,false,false,synthetic_od_from_public_poi
od-79bbaa0da4f77f0cd753,FM정진정보통신 (사하구),35.1040116,128.9745013,사하구,그린유통 (사상구),35.1361506,128.9929039,사상구,3.9462,short_1_5_to_4km,heat_shade_midday,heatwave,2026-08-03T14:30:00+09:00,false,false,true,false,false,false,synthetic_od_from_public_poi
od-dea887f7c04885a3b02b,시장머리방 (영도구),35.089029,129.0414665,영도구,고등어연구소 부산역점 (동구),35.1139978,129.0386257,동구,2.7884,short_1_5_to_4km,balanced_morning,normal,2026-08-03T08:30:00+09:00,false,false,false,false,false,false,synthetic_od_from_public_poi
od-86430b9e405fc9d4f5bf,삼성 (북구),35.201876,129.0048641,북구,간이역 (사상구),35.184338,128.9946322,사상구,2.1604,short_1_5_to_4km,bad_air_midday,dust,2026-08-03T12:30:00+09:00,false,false,false,false,false,false,synthetic_od_from_public_poi
od-abcc5f6433c1e2c68153,꼬지와 친구들 (사하구),35.0613025,128.9832548,사하구,부산시요가협회 (서구),35.0798135,129.0157928,서구,3.6063,short_1_5_to_4km,rain_evening,rain,2026-08-03T17:30:00+09:00,false,false,false,true,false,false,synthetic_od_from_public_poi
od-71e8d3872d77f3a0d45c,엠지마루정원카페 (연제구),35.1889956,129.0942541,연제구,대신상회 (서구),35.1103293,129.0197017,서구,11.0661,medium_4_to_12km,coldwave_morning,coldwave,2026-12-07T08:30:00+09:00,false,false,false,false,false,false,synthetic_od_from_public_poi
od-59d5fbe4e482ccc46e83,오땅콩빵 (해운대구),35.169473,129.1384185,해운대구,수곡집 (부산진구),35.1496969,129.0201154,부산진구,10.9772,medium_4_to_12km,coldwave_morning,coldwave,2026-12-07T08:30:00+09:00,false,false,false,false,false,false,synthetic_od_from_public_poi
od-22a6d8a523daef189e9b,와니라이프 (기장군),35.3367045,129.1702544,기장군,지니모터스 (기장군),35.3253811,129.2060862,기장군,3.4858,short_1_5_to_4km,balanced_morning,normal,2026-08-03T08:30:00+09:00,false,false,false,false,false,false,synthetic_od_from_public_poi
od-b7d1368be34c840646f8,동백약국 (해운대구),35.1597296,129.1507049,해운대구,Izakaya 石 (수영구),35.1582208,129.1208183,수영구,2.7221,short_1_5_to_4km,balanced_morning,normal,2026-08-03T08:30:00+09:00,false,false,false,false,false,false,synthetic_od_from_public_poi
od-bb81c41f476945d935f8,수미쌈밥 (영도구),35.090005,129.0390151,영도구,언더라인 (사하구),35.0778119,128.9759767,사하구,5.8941,medium_4_to_12km,transfer_min_evening,normal,2026-08-03T17:30:00+09:00,false,false,false,true,false,false,synthetic_od_from_public_poi
od-25f0413230414beca9c7,Anna (부산진구),35.150992,129.0270851,부산진구,부곡약국 (금정구),35.2272073,129.0921195,금정구,10.332,medium_4_to_12km,luggage_midday,normal,2026-08-03T12:30:00+09:00,true,false,false,true,false,false,synthetic_od_from_public_poi
od-32e1becabc14cc1668d6,구우당남포점 (중구),35.0978723,129.0345954,중구,더빔 한복 (동구),35.1380074,129.0591538,동구,4.9906,medium_4_to_12km,bad_air_midday,dust,2026-08-03T12:30:00+09:00,false,false,false,false,false,false,synthetic_od_from_public_poi
od-1a286dbeb8487b105127,성진상회 (사상구),35.1428681,128.9858243,사상구,오브네일 (사상구),35.150215,129.0128273,사상구,2.5875,short_1_5_to_4km,luggage_midday,normal,2026-08-03T12:30:00+09:00,true,false,false,true,false,false,synthetic_od_from_public_poi
od-a1d4e63f89f8b2cc6541,SLB도시락 (수영구),35.1610535,129.1092556,수영구,상구A&P (사상구),35.1608904,128.9802243,사상구,11.7297,medium_4_to_12km,transfer_min_evening,normal,2026-08-03T17:30:00+09:00,false,false,false,true,false,false,synthetic_od_from_public_poi
od-2508886f509467818a8d,대도상사 (영도구),35.0848061,129.0721383,영도구,맑은피부사랑 (북구),35.2466345,129.013119,북구,18.7772,long_12_to_25km,luggage_midday,normal,2026-08-03T12:30:00+09:00,true,false,false,true,false,false,synthetic_od_from_public_poi
od-92d889b6acaa7fa0f0bc,부산유창주방 (강서구),35.1435785,128.9401384,강서구,삼성 (북구),35.201876,129.0048641,북구,8.754,medium_4_to_12km,balanced_morning,normal,2026-08-03T08:30:00+09:00,false,false,false,false,false,false,synthetic_od_from_public_poi
od-e1dffba305b4d8fd758b,연제제이에스(JS)영수학원 (연제구),35.1916386,129.0893322,연제구,더우드 (동구),35.1351467,129.0555497,동구,6.9921,medium_4_to_12km,transfer_min_evening,normal,2026-08-03T17:30:00+09:00,false,false,false,true,false,false,synthetic_od_from_public_poi
od-b1e603d99dc99ef5be83,대동장터국수 (동래구),35.1977616,129.0595256,동래구,진토베기 (서구),35.0958035,129.0239914,서구,11.7886,medium_4_to_12km,luggage_midday,normal,2026-08-03T12:30:00+09:00,true,false,false,true,false,false,synthetic_od_from_public_poi
od-764ad582cc29d4770166,잔나비부부 (영도구),35.087731,129.0457644,영도구,금명상사 (북구),35.2356473,129.0150993,북구,16.6821,long_12_to_25km,rain_evening,rain,2026-08-03T17:30:00+09:00,false,false,false,true,false,false,synthetic_od_from_public_poi
od-65b0d3a90e00cf00dcd8,세영공조 (서구),35.114075,129.0224514,서구,3H컨설팅 (연제구),35.1817532,129.0786868,연제구,9.0981,medium_4_to_12km,heat_shade_midday,heatwave,2026-08-03T14:30:00+09:00,false,false,true,false,false,false,synthetic_od_from_public_poi
od-a0e6a68cbd7007c9db89,맛있는 달 (동래구),35.2164972,129.0783901,동래구,뚜레쥬르 부산중앙대로점 (중구),35.1105525,129.0373585,중구,12.3569,long_12_to_25km,stroller_daytime,normal,2026-08-03T11:00:00+09:00,false,true,false,false,true,true,synthetic_od_from_public_poi
od-2422679abf60f2ef40d0,SLB도시락 (수영구),35.1610535,129.1092556,수영구,삼호골프골프 (해운대구),35.1931777,129.1194759,해운대구,3.6909,short_1_5_to_4km,rain_evening,rain,2026-08-03T17:30:00+09:00,false,false,false,true,false,false,synthetic_od_from_public_poi
od-59be88cffad987cd7df8,편의방만두집 (서구),35.1186145,129.0176037,서구,롭다pjy (금정구),35.2311251,129.0863332,금정구,13.9835,long_12_to_25km,heat_shade_midday,heatwave,2026-08-03T14:30:00+09:00,false,false,true,false,false,false,synthetic_od_from_public_poi
od-30ee7e9a21a840ac9728,광안돼지국밥 (수영구),35.1587893,129.1145113,수영구,GS25연제브라운점 (연제구),35.1769204,129.0809126,연제구,3.6595,short_1_5_to_4km,luggage_midday,normal,2026-08-03T12:30:00+09:00,true,false,false,true,false,false,synthetic_od_from_public_poi
od-6f99107375873427951f,포차천국 서동점 (금정구),35.2144979,129.1064042,금정구,세화당한의원 (동구),35.1171081,129.0400812,동구,12.3943,long_12_to_25km,balanced_morning,normal,2026-08-03T08:30:00+09:00,false,false,false,false,false,false,synthetic_od_from_public_poi
od-61d71fd879ac06e75880,양평칼국수 (사하구),35.0484435,128.9669832,사하구,땡꼬김빱 (중구),35.1030106,129.0350675,중구,8.672,medium_4_to_12km,rain_evening,rain,2026-08-03T17:30:00+09:00,false,false,false,true,false,false,synthetic_od_from_public_poi
od-cc1335b80c2319d0b208,플레뉴 플라워 (수영구),35.1696293,129.1183655,수영구,모모 (해운대구),35.1926512,129.1289534,해운대구,2.7348,short_1_5_to_4km,transfer_min_evening,normal,2026-08-03T17:30:00+09:00,false,false,false,true,false,false,synthetic_od_from_public_poi
od-520fde002b3a554e7a5a,문토스트(송도점) (서구),35.0738452,129.0158209,서구,지아헤어 (사하구),35.0572609,128.9705106,사하구,4.5174,medium_4_to_12km,heat_shade_midday,heatwave,2026-08-03T14:30:00+09:00,false,false,true,false,false,false,synthetic_od_from_public_poi
od-ed55537399b59d503241,구룡포 해풍국수 (기장군),35.2395897,129.1711088,기장군,부전양곱창 (부산진구),35.1545734,129.056932,부산진구,14.0357,long_12_to_25km,bad_air_midday,dust,2026-08-03T12:30:00+09:00,false,false,false,false,false,false,synthetic_od_from_public_poi
od-46c7fd355ec7395c3058,황금어장 (영도구),35.0889605,129.0627737,영도구,카페린 (금정구),35.2478707,129.1139616,금정구,18.2724,long_12_to_25km,stroller_daytime,normal,2026-08-03T11:00:00+09:00,false,true,false,false,true,true,synthetic_od_from_public_poi
od-1f6005fd9d16ddf553c5,파로스커피 (서구),35.0839198,129.0237555,서구,프렌디스 (북구),35.2124845,129.0216475,북구,14.2971,long_12_to_25km,luggage_midday,normal,2026-08-03T12:30:00+09:00,true,false,false,true,false,false,synthetic_od_from_public_poi
od-a68b42c68860204c7715,예강헤어 (금정구),35.2652464,129.0894704,금정구,신풍에그팜 농업회사법인 주식회사 (금정구),35.2955452,129.1098085,금정구,3.8417,short_1_5_to_4km,heat_shade_midday,heatwave,2026-08-03T14:30:00+09:00,false,false,true,false,false,false,synthetic_od_from_public_poi
od-8dac3a633ca5932cea4f,달구뷰티(dalgu beauty) (부산진구),35.1480098,129.056653,부산진구,달빛고을 (북구),35.2082745,129.0376285,북구,6.9206,medium_4_to_12km,heat_shade_midday,heatwave,2026-08-03T14:30:00+09:00,false,false,true,false,false,false,synthetic_od_from_public_poi
od-2beda5cc88a22abe75d2,갤럭시당구장 (해운대구),35.1984036,129.1314055,해운대구,새요새지 (부산진구),35.1737538,129.05377,부산진구,7.5691,medium_4_to_12km,transfer_min_evening,normal,2026-08-03T17:30:00+09:00,false,false,false,true,false,false,synthetic_od_from_public_poi
od-470206ae42a2d34cee74,커피구단 대연점 (남구),35.1381886,129.0894729,남구,다이닝도안 (사하구),35.1121086,128.9635787,사하구,11.8111,medium_4_to_12km,stroller_daytime,normal,2026-08-03T11:00:00+09:00,false,true,false,false,true,true,synthetic_od_from_public_poi
od-deaab6266e4aea15909b,GS25연제브라운점 (연제구),35.1769204,129.0809126,연제구,봄토끼 (부산진구),35.1568434,129.0468963,부산진구,3.8138,short_1_5_to_4km,coldwave_morning,coldwave,2026-12-07T08:30:00+09:00,false,false,false,false,false,false,synthetic_od_from_public_poi
od-cc575475893fd45b26b9,금명상사 (북구),35.2356473,129.0150993,북구,문아트 (사상구),35.1539143,128.9994194,사상구,9.1993,medium_4_to_12km,stroller_daytime,normal,2026-08-03T11:00:00+09:00,false,true,false,false,true,true,synthetic_od_from_public_poi
od-c516d6278056a2fb4d16,릴리뷰티 (영도구),35.0941709,129.0451137,영도구,다온약국 (연제구),35.1734662,129.0942248,연제구,9.8838,medium_4_to_12km,coldwave_morning,coldwave,2026-12-07T08:30:00+09:00,false,false,false,false,false,false,synthetic_od_from_public_poi
od-279dffaac49ee257c547,우리2주유소 (강서구),35.2153284,128.9441417,강서구,SBS프로샵 (연제구),35.19184,129.0648204,연제구,11.2715,medium_4_to_12km,heat_shade_midday,heatwave,2026-08-03T14:30:00+09:00,false,false,true,false,false,false,synthetic_od_from_public_poi
od-2e607614ac59874c1052,다이닝도안 (사하구),35.1121086,128.9635787,사하구,대도상사 (영도구),35.0848061,129.0721383,영도구,10.3324,medium_4_to_12km,rain_evening,rain,2026-08-03T17:30:00+09:00,false,false,false,true,false,false,synthetic_od_from_public_poi
od-f2168b2093c529b433eb,복돈식당 (중구),35.1076426,129.0372707,중구,다교천연염색 (해운대구),35.1611826,129.1736976,해운대구,13.7606,long_12_to_25km,bad_air_midday,dust,2026-08-03T12:30:00+09:00,false,false,false,false,false,false,synthetic_od_from_public_poi
od-103671a8fa15729a6af2,샤넬헤어 (동래구),35.2032073,129.1042965,동래구,간이역 (사상구),35.184338,128.9946322,사상구,10.1836,medium_4_to_12km,balanced_morning,normal,2026-08-03T08:30:00+09:00,false,false,false,false,false,false,synthetic_od_from_public_poi
od-92685527cb028b9aff9e,해광횟집 (남구),35.1293392,129.0913222,남구,신풍에그팜 농업회사법인 주식회사 (금정구),35.2955452,129.1098085,금정구,18.5574,long_12_to_25km,transfer_min_evening,normal,2026-08-03T17:30:00+09:00,false,false,false,true,false,false,synthetic_od_from_public_poi
od-2dc0331b4972b51aa7e7,이가돼지국밥 (강서구),35.1491688,128.8831103,강서구,우리2주유소 (강서구),35.2153284,128.9441417,강서구,9.2133,medium_4_to_12km,coldwave_morning,coldwave,2026-12-07T08:30:00+09:00,false,false,false,false,false,false,synthetic_od_from_public_poi
od-afb7854a5baab14987b6,3H컨설팅 (연제구),35.1817532,129.0786868,연제구,와니라이프 (기장군),35.3367045,129.1702544,기장군,19.1308,long_12_to_25km,stroller_daytime,normal,2026-08-03T11:00:00+09:00,false,true,false,false,true,true,synthetic_od_from_public_poi
od-ba5e32e32851fb86a3ef,모모 (해운대구),35.1926512,129.1289534,해운대구,다온약국 (연제구),35.1734662,129.0942248,연제구,3.8095,short_1_5_to_4km,coldwave_morning,coldwave,2026-12-07T08:30:00+09:00,false,false,false,false,false,false,synthetic_od_from_public_poi
od-3e6d23d0b1551046166b,파자나라치킨공주 (기장군),35.2654974,129.2328958,기장군,더마트 (해운대구),35.1827782,129.2027009,해운대구,9.5982,medium_4_to_12km,transfer_min_evening,normal,2026-08-03T17:30:00+09:00,false,false,false,true,false,false,synthetic_od_from_public_poi
od-40d2a59228217a8e56fa,그린유통 (사상구),35.1361506,128.9929039,사상구,복돈식당 (중구),35.1076426,129.0372707,중구,5.1314,medium_4_to_12km,rain_evening,rain,2026-08-03T17:30:00+09:00,false,false,false,true,false,false,synthetic_od_from_public_poi
od-0179fff7a3c095c86668,그린조이대연점 (남구),35.1346732,129.0876635,남구,가야포차(연산점) (연제구),35.187913,129.1005343,연제구,6.0345,medium_4_to_12km,bad_air_midday,dust,2026-08-03T12:30:00+09:00,false,false,false,false,false,false,synthetic_od_from_public_poi
od-d11eb032d0512aa8e8e3,경동나비엔부산영도대리점 (영도구),35.0850934,129.0411569,영도구,더빔 한복 (동구),35.1380074,129.0591538,동구,6.1073,medium_4_to_12km,heat_shade_midday,heatwave,2026-08-03T14:30:00+09:00,false,false,true,false,false,false,synthetic_od_from_public_poi
od-a3be92b865e7ba3e3119,녹원집 (북구),35.2137763,129.0462806,북구,웰메이드 올리비아로렌 동래점 (동래구),35.2030324,129.0856759,동래구,3.7733,short_1_5_to_4km,rain_evening,rain,2026-08-03T17:30:00+09:00,false,false,false,true,false,false,synthetic_od_from_public_poi
od-8338d6f8d7d66dcd27f5,아카이브(Archive) (연제구),35.1830027,129.0735545,연제구,강호마라 (해운대구),35.1910771,129.2047199,해운대구,11.9537,medium_4_to_12km,balanced_morning,normal,2026-08-03T08:30:00+09:00,false,false,false,false,false,false,synthetic_od_from_public_poi
od-6775ef20f7ffa7ec3652,60계 부산해운대점 (해운대구),35.1622638,129.1619528,해운대구,목화탕 (동구),35.1387334,129.0487528,동구,10.6193,medium_4_to_12km,luggage_midday,normal,2026-08-03T12:30:00+09:00,true,false,false,true,false,false,synthetic_od_from_public_poi
od-4b236f6287a6c9fb011b,신풍에그팜 농업회사법인 주식회사 (금정구),35.2955452,129.1098085,금정구,동래 도미다리 횟집 (동래구),35.2110518,129.0744758,동래구,9.9279,medium_4_to_12km,coldwave_morning,coldwave,2026-12-07T08:30:00+09:00,false,false,false,false,false,false,synthetic_od_from_public_poi
od-c46c864ad1594eaa3274,빅부즈 2호점 (서구),35.0781235,129.021647,서구,도로시파스타 연정(중서구점) (서구),35.1003142,129.016733,서구,2.5077,short_1_5_to_4km,bad_air_midday,dust,2026-08-03T12:30:00+09:00,false,false,false,false,false,false,synthetic_od_from_public_poi
od-884255f0dba06f94124d,친절가스 (영도구),35.0628784,129.0804672,영도구,브라이튼 (동래구),35.1968895,129.06852,동래구,14.9409,long_12_to_25km,heat_shade_midday,heatwave,2026-08-03T14:30:00+09:00,false,false,true,false,false,false,synthetic_od_from_public_poi
od-e5c579848f5b0f037363,굿프렌즈스포츠센터 (부산진구),35.1685456,129.0333607,부산진구,포차천국 서동점 (금정구),35.2144979,129.1064042,금정구,8.3765,medium_4_to_12km,balanced_morning,normal,2026-08-03T08:30:00+09:00,false,false,false,false,false,false,synthetic_od_from_public_poi
od-9ab48bb89b5b0cbcb243,연제제이에스(JS)영수학원 (연제구),35.1916386,129.0893322,연제구,GS25연제브라운점 (연제구),35.1769204,129.0809126,연제구,1.8066,short_1_5_to_4km,rain_evening,rain,2026-08-03T17:30:00+09:00,false,false,false,true,false,false,synthetic_od_from_public_poi
od-eb9b1069a00bb27893d3,김종구 식맛치킨 옛날통닭 정관점 (기장군),35.3237221,129.1768552,기장군,허준보건탕 (금정구),35.2273716,129.1185276,금정구,11.9507,medium_4_to_12km,coldwave_morning,coldwave,2026-12-07T08:30:00+09:00,false,false,false,false,false,false,synthetic_od_from_public_poi
od-894f51f990a94c08bac2,돌렘 (사하구),35.1011445,128.9817357,사하구,언더라인 (사하구),35.0778119,128.9759767,사하구,2.6469,short_1_5_to_4km,heat_shade_midday,heatwave,2026-08-03T14:30:00+09:00,false,false,true,false,false,false,synthetic_od_from_public_poi
od-466654ca22d0d076da78,청가옥숯불갈비 (강서구),35.0849057,128.8779469,강서구,감천동카페 (사하구),35.0961748,129.0089134,사하구,11.9817,medium_4_to_12km,luggage_midday,normal,2026-08-03T12:30:00+09:00,true,false,false,true,false,false,synthetic_od_from_public_poi
od-88f4a545a6c7ba4c7d6b,배대포차 (부산진구),35.1561536,129.0613994,부산진구,꼬지와 친구들 (사하구),35.0613025,128.9832548,사하구,12.7188,long_12_to_25km,heat_shade_midday,heatwave,2026-08-03T14:30:00+09:00,false,false,true,false,false,false,synthetic_od_from_public_poi
od-985c8f92f27cb5ad78e8,두달팽이 (해운대구),35.2310887,129.1562735,해운대구,고래야 참치야 (해운대구),35.1728193,129.1753934,해운대구,6.7081,medium_4_to_12km,transfer_min_evening,normal,2026-08-03T17:30:00+09:00,false,false,false,true,false,false,synthetic_od_from_public_poi
od-71906ad59a8e24f50a9b,가온커피 (서구),35.0642845,129.0139288,서구,가나안남성컷트 (남구),35.1237587,129.1117638,남구,11.0889,medium_4_to_12km,transfer_min_evening,normal,2026-08-03T17:30:00+09:00,false,false,false,true,false,false,synthetic_od_from_public_poi
od-4fa1024aaa2aba6f36b7,언더라인 (사하구),35.0778119,128.9759767,사하구,가이헤어 (사하구),35.0970843,128.9901096,사하구,2.4992,short_1_5_to_4km,heat_shade_midday,heatwave,2026-08-03T14:30:00+09:00,false,false,true,false,false,false,synthetic_od_from_public_poi
od-8defe5789d8b3015624e,청림숯불갈비 (중구),35.1126049,129.0356176,중구,빅부즈 2호점 (서구),35.0781235,129.021647,서구,4.0394,medium_4_to_12km,bad_air_midday,dust,2026-08-03T12:30:00+09:00,false,false,false,false,false,false,synthetic_od_from_public_poi
od-465213806e256fe02a07,대성금속 (강서구),35.1855088,128.9198896,강서구,명품학장소갈비찜탕 연산점 (연제구),35.1901688,129.0823069,연제구,14.7689,long_12_to_25km,heat_shade_midday,heatwave,2026-08-03T14:30:00+09:00,false,false,true,false,false,false,synthetic_od_from_public_poi
od-0f8f4f57d67463b9b6a2,구우당남포점 (중구),35.0978723,129.0345954,중구,더우드 (동구),35.1351467,129.0555497,동구,4.5619,medium_4_to_12km,stroller_daytime,normal,2026-08-03T11:00:00+09:00,false,true,false,false,true,true,synthetic_od_from_public_poi
od-2f4b7e2e1695cd5f4673,용궁도매횟집 (남구),35.1237274,129.0972961,남구,아이스나라 경성대점 (남구),35.1374719,129.103178,남구,1.6192,short_1_5_to_4km,bad_air_midday,dust,2026-08-03T12:30:00+09:00,false,false,false,false,false,false,synthetic_od_from_public_poi
od-030abb6bbba851d1f7fd,우리2주유소 (강서구),35.2153284,128.9441417,강서구,크린제지 (강서구),35.1963611,128.9622779,강서구,2.6764,short_1_5_to_4km,coldwave_morning,coldwave,2026-12-07T08:30:00+09:00,false,false,false,false,false,false,synthetic_od_from_public_poi
od-95f372f9e69eb0dcfd80,경원한복 (동구),35.1355934,129.0587967,동구,상구A&P (사상구),35.1608904,128.9802243,사상구,7.6777,medium_4_to_12km,balanced_morning,normal,2026-08-03T08:30:00+09:00,false,false,false,false,false,false,synthetic_od_from_public_poi
od-67a244881d1e5a76bba8,경화화장품 (서구),35.1137225,129.0166728,서구,빅부즈 2호점 (서구),35.0781235,129.021647,서구,3.9842,short_1_5_to_4km,luggage_midday,normal,2026-08-03T12:30:00+09:00,true,false,false,true,false,false,synthetic_od_from_public_poi
od-f6f06c3db3e518010a6a,플레뉴 플라워 (수영구),35.1696293,129.1183655,수영구,샤넬헤어 (동래구),35.2032073,129.1042965,동래구,3.9465,short_1_5_to_4km,transfer_min_evening,normal,2026-08-03T17:30:00+09:00,false,false,false,true,false,false,synthetic_od_from_public_poi
od-969f6f708b4f635aa9ba,GS25부산메리놀병원점 (중구),35.1076506,129.0329882,중구,경화화장품 (서구),35.1137225,129.0166728,서구,1.6304,short_1_5_to_4km,bad_air_midday,dust,2026-08-03T12:30:00+09:00,false,false,false,false,false,false,synthetic_od_from_public_poi
od-50eb2af3a5d333499740,문아트 (사상구),35.1539143,128.9994194,사상구,그린유통 (사상구),35.1361506,128.9929039,사상구,2.0622,short_1_5_to_4km,heat_shade_midday,heatwave,2026-08-03T14:30:00+09:00,false,false,true,false,false,false,synthetic_od_from_public_poi
od-daeddd199cdb229953c4,로코네일 (사상구),35.1662116,128.9831602,사상구,언덕집 (사상구),35.1487332,129.0001693,사상구,2.4836,short_1_5_to_4km,stroller_daytime,normal,2026-08-03T11:00:00+09:00,false,true,false,false,true,true,synthetic_od_from_public_poi
od-10a3f29424c32d0df731,자연정 (기장군),35.2383911,129.2445049,기장군,국수명가 (수영구),35.1717989,129.1100761,수영구,14.2831,long_12_to_25km,balanced_morning,normal,2026-08-03T08:30:00+09:00,false,false,false,false,false,false,synthetic_od_from_public_poi
od-757dec68b0e630697efa,좋은 만남이 있는 곳 (영도구),35.0783809,129.0455033,영도구,하나인터내셔날(아이#) (중구),35.0983356,129.0318856,중구,2.5414,short_1_5_to_4km,heat_shade_midday,heatwave,2026-08-03T14:30:00+09:00,false,false,true,false,false,false,synthetic_od_from_public_poi
od-653caf6dc77029c7be01,소림각 (동구),35.1432378,129.0486635,동구,편의방만두집 (서구),35.1186145,129.0176037,서구,3.9338,short_1_5_to_4km,stroller_daytime,normal,2026-08-03T11:00:00+09:00,false,true,false,false,true,true,synthetic_od_from_public_poi
od-fb9a2a5be9da4f8a88fa,(주)녹채원 (강서구),35.0934558,128.8442162,강서구,청가옥숯불갈비 (강서구),35.0849057,128.8779469,강서구,3.2129,short_1_5_to_4km,transfer_min_evening,normal,2026-08-03T17:30:00+09:00,false,false,false,true,false,false,synthetic_od_from_public_poi
od-8d51f772951b6a2e456f,일광떡방앗간 (기장군),35.2851326,129.2275965,기장군,젓가락질 잘해야만 밥을 먹나요 (남구),35.1352191,129.0988728,남구,20.3628,long_12_to_25km,stroller_daytime,normal,2026-08-03T11:00:00+09:00,false,true,false,false,true,true,synthetic_od_from_public_poi
od-0abc1dcde94f6a289b51,까꼬뽀꼬 (수영구),35.1762903,129.1063031,수영구,손영환 비빔국수 (기장군),35.2202175,129.226523,기장군,11.966,medium_4_to_12km,coldwave_morning,coldwave,2026-12-07T08:30:00+09:00,false,false,false,false,false,false,synthetic_od_from_public_poi
od-2ef82bca38df4414aedc,부갈집 (수영구),35.1466787,129.1114979,수영구,플레뉴 플라워 (수영구),35.1696293,129.1183655,수영구,2.6273,short_1_5_to_4km,transfer_min_evening,normal,2026-08-03T17:30:00+09:00,false,false,false,true,false,false,synthetic_od_from_public_poi
od-3c6fda367f8fcb935e88,가나안남성컷트 (남구),35.1237587,129.1117638,남구,법원 열무 (연제구),35.1885606,129.0702981,연제구,8.1322,medium_4_to_12km,transfer_min_evening,normal,2026-08-03T17:30:00+09:00,false,false,false,true,false,false,synthetic_od_from_public_poi
od-cda8ff5313717f302d0f,강대감손칼국수 (북구),35.2075792,129.0031379,북구,사시사철 (동래구),35.1974658,129.1101988,동래구,9.7923,medium_4_to_12km,luggage_midday,normal,2026-08-03T12:30:00+09:00,true,false,false,true,false,false,synthetic_od_from_public_poi
od-ff5e94c1f5032df31bea,디아이클린홈케어 (사하구),35.0685078,128.9794498,사하구,광안동자기주도학습 (수영구),35.1541971,129.1124715,수영구,15.4011,long_12_to_25km,transfer_min_evening,normal,2026-08-03T17:30:00+09:00,false,false,false,true,false,false,synthetic_od_from_public_poi
od-16b54d9ac0a22a80df03,허준보건탕 (금정구),35.2273716,129.1185276,금정구,GS25금정구청 (금정구),35.2430819,129.0940917,금정구,2.8244,short_1_5_to_4km,coldwave_morning,coldwave,2026-12-07T08:30:00+09:00,false,false,false,false,false,false,synthetic_od_from_public_poi
od-59df3b9eb5d92fecfdbc,가나안남성컷트 (남구),35.1237587,129.1117638,남구,대도상사 (영도구),35.0848061,129.0721383,영도구,5.6351,medium_4_to_12km,stroller_daytime,normal,2026-08-03T11:00:00+09:00,false,true,false,false,true,true,synthetic_od_from_public_poi
od-d779154d3961d7063ce4,사시사철 (동래구),35.1974658,129.1101988,동래구,동화반점 (중구),35.1057899,129.0234529,중구,12.8886,long_12_to_25km,luggage_midday,normal,2026-08-03T12:30:00+09:00,true,false,false,true,false,false,synthetic_od_from_public_poi
od-c9472fe52744bd95f571,한국가스산업(주)사상영업소 (사상구),35.1502231,128.990053,사상구,하빈상회 (사상구),35.1741169,128.9875619,사상구,2.6665,short_1_5_to_4km,heat_shade_midday,heatwave,2026-08-03T14:30:00+09:00,false,false,true,false,false,false,synthetic_od_from_public_poi
od-946329f02f4e95ad93b9,빅부즈 2호점 (서구),35.0781235,129.021647,서구,다교천연염색 (해운대구),35.1611826,129.1736976,해운대구,16.6298,long_12_to_25km,coldwave_morning,coldwave,2026-12-07T08:30:00+09:00,false,false,false,false,false,false,synthetic_od_from_public_poi
od-9b8f5a4f1af0516c47c6,마음성장심리상담센터 (북구),35.2116277,129.014117,북구,건우푸드 (강서구),35.2156378,128.979932,강서구,3.1375,short_1_5_to_4km,balanced_morning,normal,2026-08-03T08:30:00+09:00,false,false,false,false,false,false,synthetic_od_from_public_poi
od-d391c3415b63716b74bc,으뜸병원 (동래구),35.2059627,129.0734652,동래구,빅부즈 2호점 (서구),35.0781235,129.021647,서구,14.9756,long_12_to_25km,coldwave_morning,coldwave,2026-12-07T08:30:00+09:00,false,false,false,false,false,false,synthetic_od_from_public_poi
od-65ce3d18e6ad380548eb,소영 청바지전문 (사하구),35.0807184,128.9667569,사하구,(주)영남교통 (남구),35.1509659,129.0911678,남구,13.7501,long_12_to_25km,luggage_midday,normal,2026-08-03T12:30:00+09:00,true,false,false,true,false,false,synthetic_od_from_public_poi
od-43357137645ccd09fa77,청심조경농원 (금정구),35.2869087,129.0954209,금정구,동구여성인력개발센터 (동구),35.1252462,129.0447879,동구,18.5554,long_12_to_25km,heat_shade_midday,heatwave,2026-08-03T14:30:00+09:00,false,false,true,false,false,false,synthetic_od_from_public_poi
od-d67abf6c629724c44270,그라운디댄스학원 (남구),35.1385968,129.0804313,남구,대성금속 (강서구),35.1855088,128.9198896,강서구,15.4983,long_12_to_25km,balanced_morning,normal,2026-08-03T08:30:00+09:00,false,false,false,false,false,false,synthetic_od_from_public_poi
od-eb1c210d650e50b54bf9,GS25금정구청 (금정구),35.2430819,129.0940917,금정구,플레뉴 플라워 (수영구),35.1696293,129.1183655,수영구,8.4601,medium_4_to_12km,coldwave_morning,coldwave,2026-12-07T08:30:00+09:00,false,false,false,false,false,false,synthetic_od_from_public_poi
od-da993cb942026cb44441,60계부산감천점 (사하구),35.0906019,128.9971968,사하구,새요새지 (부산진구),35.1737538,129.05377,부산진구,10.581,medium_4_to_12km,bad_air_midday,dust,2026-08-03T12:30:00+09:00,false,false,false,false,false,false,synthetic_od_from_public_poi
od-e849cc8b1455a7ec5b55,귀빈미용실 (동구),35.1404907,129.0554709,동구,허준보건탕 (금정구),35.2273716,129.1185276,금정구,11.2325,medium_4_to_12km,rain_evening,rain,2026-08-03T17:30:00+09:00,false,false,false,true,false,false,synthetic_od_from_public_poi
od-748d86d4b85eb8e1e262,고래야 참치야 (해운대구),35.1728193,129.1753934,해운대구,라파온누리약국 (남구),35.1372227,129.0708741,남구,10.2936,medium_4_to_12km,transfer_min_evening,normal,2026-08-03T17:30:00+09:00,false,false,false,true,false,false,synthetic_od_from_public_poi
od-15c00a2bfeb0a6794296,부전양곱창 (부산진구),35.1545734,129.056932,부산진구,광명당약국 (사상구),35.156823,128.9870173,사상구,6.361,medium_4_to_12km,stroller_daytime,normal,2026-08-03T11:00:00+09:00,false,true,false,false,true,true,synthetic_od_from_public_poi
od-63aa04d2876155719d5b,펀라이더스 (사하구),35.103218,129.0016031,사하구,퀸스데이테라피 (사하구),35.0867243,129.0057957,사하구,1.8733,short_1_5_to_4km,transfer_min_evening,normal,2026-08-03T17:30:00+09:00,false,false,false,true,false,false,synthetic_od_from_public_poi
od-8e2ac41dcb9b04a6ffe8,꼬지와 친구들 (사하구),35.0613025,128.9832548,사하구,양평칼국수 (사하구),35.0484435,128.9669832,사하구,2.0587,short_1_5_to_4km,balanced_morning,normal,2026-08-03T08:30:00+09:00,false,false,false,false,false,false,synthetic_od_from_public_poi
od-79c2cc575578e546a734,고은치과의원 (동래구),35.2052326,129.0674583,동래구,맑은피부사랑 (북구),35.2466345,129.013119,북구,6.7495,medium_4_to_12km,coldwave_morning,coldwave,2026-12-07T08:30:00+09:00,false,false,false,false,false,false,synthetic_od_from_public_poi
od-053f41fdef0d565d2929,남천골프스스크린연습장 (수영구),35.1425919,129.1093006,수영구,파로스커피 (서구),35.0839198,129.0237555,서구,10.1543,medium_4_to_12km,stroller_daytime,normal,2026-08-03T11:00:00+09:00,false,true,false,false,true,true,synthetic_od_from_public_poi
od-db1095a075e4c296186b,초원식당 (수영구),35.1724383,129.1008988,수영구,소소한 새참 (강서구),35.1362773,128.8582516,강서구,22.4234,long_12_to_25km,coldwave_morning,coldwave,2026-12-07T08:30:00+09:00,false,false,false,false,false,false,synthetic_od_from_public_poi
od-1daf1def7dd961d77aa5,하빈상회 (사상구),35.1741169,128.9875619,사상구,루헤어살롱 (사상구),35.1876713,128.9878475,사상구,1.5074,short_1_5_to_4km,luggage_midday,normal,2026-08-03T12:30:00+09:00,true,false,false,true,false,false,synthetic_od_from_public_poi
od-7250d0409f946d6ff5b1,헤이!티(HEY!TEA) (기장군),35.320157,129.1839107,기장군,GS25금정구청 (금정구),35.2430819,129.0940917,금정구,11.8289,medium_4_to_12km,balanced_morning,normal,2026-08-03T08:30:00+09:00,false,false,false,false,false,false,synthetic_od_from_public_poi
od-d143a83baf025551a8a5,고슴도치프롤노의원 (부산진구),35.1618376,129.0618755,부산진구,젓가락질 잘해야만 밥을 먹나요 (남구),35.1352191,129.0988728,남구,4.4806,medium_4_to_12km,balanced_morning,normal,2026-08-03T08:30:00+09:00,false,false,false,false,false,false,synthetic_od_from_public_poi
od-ee6a412d5313c919eaac,포차천국 서동점 (금정구),35.2144979,129.1064042,금정구,GS25금정구청 (금정구),35.2430819,129.0940917,금정구,3.3694,short_1_5_to_4km,transfer_min_evening,normal,2026-08-03T17:30:00+09:00,false,false,false,true,false,false,synthetic_od_from_public_poi
od-e28f4013547a4fa22058,에쿠스노래연습장 (수영구),35.1555851,129.1315249,수영구,소소한 새참 (강서구),35.1362773,128.8582516,강서구,24.9394,long_12_to_25km,stroller_daytime,normal,2026-08-03T11:00:00+09:00,false,true,false,false,true,true,synthetic_od_from_public_poi
od-6e4d55a305c1934e092c,세영공조 (서구),35.114075,129.0224514,서구,나들리 (중구),35.1013023,129.0294083,중구,1.5549,short_1_5_to_4km,balanced_morning,normal,2026-08-03T08:30:00+09:00,false,false,false,false,false,false,synthetic_od_from_public_poi
od-82bf0985ab14e53dca25,으뜸병원 (동래구),35.2059627,129.0734652,동래구,씨유(CU)온천아시아드점 (동래구),35.2207737,129.0820982,동래구,1.8241,short_1_5_to_4km,luggage_midday,normal,2026-08-03T12:30:00+09:00,true,false,false,true,false,false,synthetic_od_from_public_poi
od-4957270b891a541e4c3d,더빔 한복 (동구),35.1380074,129.0591538,동구,고슴도치프롤노의원 (부산진구),35.1618376,129.0618755,부산진구,2.6613,short_1_5_to_4km,bad_air_midday,dust,2026-08-03T12:30:00+09:00,false,false,false,false,false,false,synthetic_od_from_public_poi
od-e33085a251e8f979a629,(주)영남교통 (남구),35.1509659,129.0911678,남구,명품학장소갈비찜탕 연산점 (연제구),35.1901688,129.0823069,연제구,4.433,medium_4_to_12km,stroller_daytime,normal,2026-08-03T11:00:00+09:00,false,true,false,false,true,true,synthetic_od_from_public_poi
od-535f3d1bd172ea9dcf4a,(주)영남교통 (남구),35.1509659,129.0911678,남구,소영 청바지전문 (사하구),35.0807184,128.9667569,사하구,13.7501,long_12_to_25km,transfer_min_evening,normal,2026-08-03T17:30:00+09:00,false,false,false,true,false,false,synthetic_od_from_public_poi
od-0896fe073e7031f928ad,하와수포차 (강서구),35.1501097,128.8341024,강서구,청가옥숯불갈비 (강서구),35.0849057,128.8779469,강서구,8.2747,medium_4_to_12km,heat_shade_midday,heatwave,2026-08-03T14:30:00+09:00,false,false,true,false,false,false,synthetic_od_from_public_poi
od-7ec00a4d818830e9b5c8,광안돼지국밥 (수영구),35.1587893,129.1145113,수영구,(주)제이에스두드림 (중구),35.1036656,129.0258764,중구,10.1262,medium_4_to_12km,luggage_midday,normal,2026-08-03T12:30:00+09:00,true,false,false,true,false,false,synthetic_od_from_public_poi
od-887ec1892f00358a860d,봄동떡방 (동구),35.1291644,129.0461386,동구,블리스헤어 (북구),35.2118935,129.028617,북구,9.3359,medium_4_to_12km,balanced_morning,normal,2026-08-03T08:30:00+09:00,false,false,false,false,false,false,synthetic_od_from_public_poi
od-0fb851ce5dbd0e23193a,동래한바퀴 (동래구),35.2107483,129.0818204,동래구,디케이 동키치킨 신평점 (사하구),35.0973883,128.9595663,사하구,16.8054,long_12_to_25km,stroller_daytime,normal,2026-08-03T11:00:00+09:00,false,true,false,false,true,true,synthetic_od_from_public_poi
od-259a773972ace34c7701,경희식당 (수영구),35.174423,129.1163162,수영구,PC방 강타넷 (영도구),35.0692405,129.0800265,영도구,12.1526,long_12_to_25km,balanced_morning,normal,2026-08-03T08:30:00+09:00,false,false,false,false,false,false,synthetic_od_from_public_poi
od-59193d86dcea810b0e91,성운상회 (서구),35.0984521,129.0219348,서구,까꼬뽀꼬 (수영구),35.1762903,129.1063031,수영구,11.5659,medium_4_to_12km,coldwave_morning,coldwave,2026-12-07T08:30:00+09:00,false,false,false,false,false,false,synthetic_od_from_public_poi
od-cc79ca6047e04fd7e2fa,근대화체인중리점 (영도구),35.071328,129.0681569,영도구,제비표페인트동구대리점형제상사 (동구),35.1345164,129.0453068,동구,7.3273,medium_4_to_12km,coldwave_morning,coldwave,2026-12-07T08:30:00+09:00,false,false,false,false,false,false,synthetic_od_from_public_poi
od-9822c4da8ec2462ccd34,꼬마김밥 다락 (서구),35.1024337,129.0195362,서구,상구A&P (사상구),35.1608904,128.9802243,사상구,7.4183,medium_4_to_12km,heat_shade_midday,heatwave,2026-08-03T14:30:00+09:00,false,false,true,false,false,false,synthetic_od_from_public_poi
od-d81090a92e4b50617b17,고은치과의원 (동래구),35.2052326,129.0674583,동래구,손영환 비빔국수 (기장군),35.2202175,129.226523,기장군,14.5465,long_12_to_25km,transfer_min_evening,normal,2026-08-03T17:30:00+09:00,false,false,false,true,false,false,synthetic_od_from_public_poi
od-43220cbccb8bb5d8c4a6,친절가스 (영도구),35.0628784,129.0804672,영도구,역전할머니맥주 부산동삼점 (영도구),35.0803191,129.0702855,영도구,2.1493,short_1_5_to_4km,bad_air_midday,dust,2026-08-03T12:30:00+09:00,false,false,false,false,false,false,synthetic_od_from_public_poi
od-121a3c2114cf1028c62d,지아헤어 (사하구),35.0572609,128.9705106,사하구,소림각 (동구),35.1432378,129.0486635,동구,11.9142,medium_4_to_12km,bad_air_midday,dust,2026-08-03T12:30:00+09:00,false,false,false,false,false,false,synthetic_od_from_public_poi
od-df8787d05a3d4ab560fa,진일당 (남구),35.1149482,129.0816986,남구,가나안남성컷트 (남구),35.1237587,129.1117638,남구,2.9047,short_1_5_to_4km,heat_shade_midday,heatwave,2026-08-03T14:30:00+09:00,false,false,true,false,false,false,synthetic_od_from_public_poi
od-41adfad1f74e4b589b1f,산청한방오리불고기 (남구),35.111458,129.1114319,남구,하빈상회 (사상구),35.1741169,128.9875619,사상구,13.2439,long_12_to_25km,transfer_min_evening,normal,2026-08-03T17:30:00+09:00,false,false,false,true,false,false,synthetic_od_from_public_poi
od-05113f79dd04ce3d5bdd,더빔 한복 (동구),35.1380074,129.0591538,동구,MY커뮤니티 (남구),35.123393,129.0857279,남구,2.9122,short_1_5_to_4km,rain_evening,rain,2026-08-03T17:30:00+09:00,false,false,false,true,false,false,synthetic_od_from_public_poi
od-a893318985c9198ebeed,근대화체인중리점 (영도구),35.071328,129.0681569,영도구,동남인테리어 (영도구),35.09342,129.0652988,영도구,2.4703,short_1_5_to_4km,stroller_daytime,normal,2026-08-03T11:00:00+09:00,false,true,false,false,true,true,synthetic_od_from_public_poi
od-686d8a1ad5f0be6efabf,다락국밥 (남구),35.117549,129.1120972,남구,진일당 (남구),35.1149482,129.0816986,남구,2.78,short_1_5_to_4km,heat_shade_midday,heatwave,2026-08-03T14:30:00+09:00,false,false,true,false,false,false,synthetic_od_from_public_poi
od-c0f5f885e70d30a21975,버블헤어샵 (기장군),35.2404744,129.2152348,기장군,손영환 비빔국수 (기장군),35.2202175,129.226523,기장군,2.4748,short_1_5_to_4km,stroller_daytime,normal,2026-08-03T11:00:00+09:00,false,true,false,false,true,true,synthetic_od_from_public_poi
od-c0415aabdabf04463dee,경북산꼼장어2호점 (동구),35.1198411,129.0394347,동구,역전할머니맥주 부산동삼점 (영도구),35.0803191,129.0702855,영도구,5.2144,medium_4_to_12km,rain_evening,rain,2026-08-03T17:30:00+09:00,false,false,false,true,false,false,synthetic_od_from_public_poi
od-e7d50997ad1314f277c6,남천골프스스크린연습장 (수영구),35.1425919,129.1093006,수영구,85퍼센트(85%) (수영구),35.1629196,129.1180805,수영구,2.3972,short_1_5_to_4km,rain_evening,rain,2026-08-03T17:30:00+09:00,false,false,false,true,false,false,synthetic_od_from_public_poi
od-0f862aae0a7b2b645f65,결아트뷰티 (강서구),35.0863305,128.9081799,강서구,시골 (서구),35.1095812,129.0155451,서구,10.1041,medium_4_to_12km,coldwave_morning,coldwave,2026-12-07T08:30:00+09:00,false,false,false,false,false,false,synthetic_od_from_public_poi
od-6f73a6c20f1193f661d9,더하다연산점 (연제구),35.1825337,129.1074116,연제구,브이아이피휘트니스 (해운대구),35.201579,129.1194195,해운대구,2.3823,short_1_5_to_4km,heat_shade_midday,heatwave,2026-08-03T14:30:00+09:00,false,false,true,false,false,false,synthetic_od_from_public_poi
od-0eb7a48dd8b8876c9e9a,승인식품 제1공장 (강서구),35.1154026,128.9264065,강서구,예강헤어 (금정구),35.2652464,129.0894704,금정구,22.2979,long_12_to_25km,balanced_morning,normal,2026-08-03T08:30:00+09:00,false,false,false,false,false,false,synthetic_od_from_public_poi
od-a691105e4b7f6ce0933e,닥터핏24 (금정구),35.2570093,129.0892089,금정구,남산뭉티기 (금정구),35.2725508,129.0891738,금정구,1.7281,short_1_5_to_4km,rain_evening,rain,2026-08-03T17:30:00+09:00,false,false,false,true,false,false,synthetic_od_from_public_poi
od-ee8ec012eb2b46667df8,동구여성인력개발센터 (동구),35.1252462,129.0447879,동구,디아이클린홈케어 (사하구),35.0685078,128.9794498,사하구,8.6683,medium_4_to_12km,transfer_min_evening,normal,2026-08-03T17:30:00+09:00,false,false,false,true,false,false,synthetic_od_from_public_poi
od-b2176022feeee9fd7a08,난이네옷집 (금정구),35.2162622,129.1013578,금정구,파자나라치킨공주 (기장군),35.2654974,129.2328958,기장군,13.1406,long_12_to_25km,heat_shade_midday,heatwave,2026-08-03T14:30:00+09:00,false,false,true,false,false,false,synthetic_od_from_public_poi
od-64cf6b028bdfe7da35bf,법률사무소 다인 (연제구),35.1918406,129.0746908,연제구,펀라이더스 (사하구),35.103218,129.0016031,사하구,11.8856,medium_4_to_12km,balanced_morning,normal,2026-08-03T08:30:00+09:00,false,false,false,false,false,false,synthetic_od_from_public_poi
od-17620bfca6c963f9de6f,매직카주차장 (동구),35.1224473,129.0422826,동구,T_해지_(부산)개인_37바3953 (서구),35.1121341,129.0121461,서구,2.9713,short_1_5_to_4km,bad_air_midday,dust,2026-08-03T12:30:00+09:00,false,false,false,false,false,false,synthetic_od_from_public_poi
od-a5f961589f2eaebec7ec,담다 (부산진구),35.1717493,129.0684633,부산진구,제일정화(주) (부산진구),35.180873,129.049999,부산진구,1.961,short_1_5_to_4km,bad_air_midday,dust,2026-08-03T12:30:00+09:00,false,false,false,false,false,false,synthetic_od_from_public_poi
od-0ed60e869b3ebba9887e,메종 사도 (부산진구),35.1578842,129.0237363,부산진구,땡꼬김빱 (중구),35.1030106,129.0350675,중구,6.1881,medium_4_to_12km,rain_evening,rain,2026-08-03T17:30:00+09:00,false,false,false,true,false,false,synthetic_od_from_public_poi
od-d2e68026b831ddc57475,달구뷰티(dalgu beauty) (부산진구),35.1480098,129.056653,부산진구,소영 청바지전문 (사하구),35.0807184,128.9667569,사하구,11.0836,medium_4_to_12km,coldwave_morning,coldwave,2026-12-07T08:30:00+09:00,false,false,false,false,false,false,synthetic_od_from_public_poi
od-45e063caa47578b8bd3c,MY커뮤니티 (남구),35.123393,129.0857279,남구,청학시장 오돌오돌수육 (영도구),35.0963208,129.0604507,영도구,3.788,short_1_5_to_4km,stroller_daytime,normal,2026-08-03T11:00:00+09:00,false,true,false,false,true,true,synthetic_od_from_public_poi
od-f1678cb5c7fcc332638d,언덕집 (사상구),35.1487332,129.0001693,사상구,내일또네일 (북구),35.224081,129.0087552,북구,8.4146,medium_4_to_12km,stroller_daytime,normal,2026-08-03T11:00:00+09:00,false,true,false,false,true,true,synthetic_od_from_public_poi
od-664a866901b74532514f,청심조경농원 (금정구),35.2869087,129.0954209,금정구,신풍에그팜 농업회사법인 주식회사 (금정구),35.2955452,129.1098085,금정구,1.6209,short_1_5_to_4km,stroller_daytime,normal,2026-08-03T11:00:00+09:00,false,true,false,false,true,true,synthetic_od_from_public_poi
od-c67f271e17bf9a46e51e,강순옥성형외과 (수영구),35.167843,129.115119,수영구,명륜진사갈비 부산기장점 (기장군),35.2497395,129.2151317,기장군,12.8643,long_12_to_25km,balanced_morning,normal,2026-08-03T08:30:00+09:00,false,false,false,false,false,false,synthetic_od_from_public_poi
od-d92fd5247948858bbfbf,복돈식당 (중구),35.1076426,129.0372707,중구,잔나비부부 (영도구),35.087731,129.0457644,영도구,2.345,short_1_5_to_4km,rain_evening,rain,2026-08-03T17:30:00+09:00,false,false,false,true,false,false,synthetic_od_from_public_poi
od-1885f895b182af68cfa0,씨유(CU)온천아시아드점 (동래구),35.2207737,129.0820982,동래구,V(브이)모텔 (부산진구),35.1597627,129.0565217,부산진구,7.1712,medium_4_to_12km,luggage_midday,normal,2026-08-03T12:30:00+09:00,true,false,false,true,false,false,synthetic_od_from_public_poi
od-5c0d137a64848725750e,진주식당 (영도구),35.0911741,129.034636,영도구,퀸스데이테라피 (사하구),35.0867243,129.0057957,사하구,2.6703,short_1_5_to_4km,bad_air_midday,dust,2026-08-03T12:30:00+09:00,false,false,false,false,false,false,synthetic_od_from_public_poi
od-9d1f1a3387c8f0121f97,토우카페 (기장군),35.3446271,129.2552032,기장군,식사한끼 (기장군),35.3695534,129.2529779,기장군,2.779,short_1_5_to_4km,rain_evening,rain,2026-08-03T17:30:00+09:00,false,false,false,true,false,false,synthetic_od_from_public_poi
od-d784dae860794610d25e,청가옥숯불갈비 (강서구),35.0849057,128.8779469,강서구,씨유(CU) 하단나산점 (사하구),35.1059139,128.9604999,사하구,7.8655,medium_4_to_12km,bad_air_midday,dust,2026-08-03T12:30:00+09:00,false,false,false,false,false,false,synthetic_od_from_public_poi
od-46bb818d102d7ce2af92,용덕장코다리(안락점) (동래구),35.2000156,129.0995011,동래구,씨유(CU)온천아시아드점 (동래구),35.2207737,129.0820982,동래구,2.7978,short_1_5_to_4km,bad_air_midday,dust,2026-08-03T12:30:00+09:00,false,false,false,false,false,false,synthetic_od_from_public_poi
od-2b5b7fd9d97ca89c5635,밀양상회 (영도구),35.0923132,129.053926,영도구,양평칼국수 (사하구),35.0484435,128.9669832,사하구,9.2953,medium_4_to_12km,heat_shade_midday,heatwave,2026-08-03T14:30:00+09:00,false,false,true,false,false,false,synthetic_od_from_public_poi
od-0e8916100ef72b591a80,섬마을장어구이 (강서구),35.0124357,128.8288688,강서구,(주)녹채원 (강서구),35.0934558,128.8442162,강서구,9.1167,medium_4_to_12km,rain_evening,rain,2026-08-03T17:30:00+09:00,false,false,false,true,false,false,synthetic_od_from_public_poi
od-4844e97468258adc6b31,37 바 3226 (북구),35.264329,129.0177448,북구,고슴도치프롤노의원 (부산진구),35.1618376,129.0618755,부산진구,12.0812,long_12_to_25km,stroller_daytime,normal,2026-08-03T11:00:00+09:00,false,true,false,false,true,true,synthetic_od_from_public_poi
od-49659656910ebb63f1d5,모모 (해운대구),35.1926512,129.1289534,해운대구,유가방 (동래구),35.1936752,129.102761,동래구,2.3828,short_1_5_to_4km,transfer_min_evening,normal,2026-08-03T17:30:00+09:00,false,false,false,true,false,false,synthetic_od_from_public_poi
od-4b450de9eea084419bd8,연제제이에스(JS)영수학원 (연제구),35.1916386,129.0893322,연제구,역전할머니맥주 부산동삼점 (영도구),35.0803191,129.0702855,영도구,12.4988,long_12_to_25km,coldwave_morning,coldwave,2026-12-07T08:30:00+09:00,false,false,false,false,false,false,synthetic_od_from_public_poi
od-52e6767ecd00c09a8674,옥사이드 (영도구),35.0758736,129.0674327,영도구,밀양상회 (영도구),35.0923132,129.053926,영도구,2.2027,short_1_5_to_4km,rain_evening,rain,2026-08-03T17:30:00+09:00,false,false,false,true,false,false,synthetic_od_from_public_poi
od-8bf30bcdfbeb0a923f0f,귀빈미용실 (동구),35.1404907,129.0554709,동구,강호마라 (해운대구),35.1910771,129.2047199,해운대구,14.6867,long_12_to_25km,bad_air_midday,dust,2026-08-03T12:30:00+09:00,false,false,false,false,false,false,synthetic_od_from_public_poi
od-7984d7f48b2861b89132,물회수산 (사상구),35.1709363,128.9810995,사상구,예촌삼계탕 (연제구),35.19625,129.0787306,연제구,9.3086,medium_4_to_12km,bad_air_midday,dust,2026-08-03T12:30:00+09:00,false,false,false,false,false,false,synthetic_od_from_public_poi
od-84433d1a5c95cf18eb7b,유부부 구서점 (금정구),35.2456528,129.0885932,금정구,상구A&P (사상구),35.1608904,128.9802243,사상구,13.6302,long_12_to_25km,balanced_morning,normal,2026-08-03T08:30:00+09:00,false,false,false,false,false,false,synthetic_od_from_public_poi
od-3740b9460500392bcb84,애니플러스 컴퓨터 (북구),35.2414642,129.0181767,북구,신풍에그팜 농업회사법인 주식회사 (금정구),35.2955452,129.1098085,금정구,10.2648,medium_4_to_12km,stroller_daytime,normal,2026-08-03T11:00:00+09:00,false,true,false,false,true,true,synthetic_od_from_public_poi
od-058f8f27924b7766a3ac,으뜸병원 (동래구),35.2059627,129.0734652,동래구,성진상회 (사상구),35.1428681,128.9858243,사상구,10.6149,medium_4_to_12km,luggage_midday,normal,2026-08-03T12:30:00+09:00,true,false,false,true,false,false,synthetic_od_from_public_poi
od-9bdc161879fbca56df82,T_해지_(부산)개인_37바3953 (서구),35.1121341,129.0121461,서구,명품학장소갈비찜탕 연산점 (연제구),35.1901688,129.0823069,연제구,10.7694,medium_4_to_12km,luggage_midday,normal,2026-08-03T12:30:00+09:00,true,false,false,true,false,false,synthetic_od_from_public_poi
od-855f52d59099c2f1bafe,동화반점 (중구),35.1057899,129.0234529,중구,카페린 (금정구),35.2478707,129.1139616,금정구,17.812,long_12_to_25km,balanced_morning,normal,2026-08-03T08:30:00+09:00,false,false,false,false,false,false,synthetic_od_from_public_poi
od-0a7599d396d225c6d74d,왕이 드신 닭개장 (강서구),35.0318917,128.8132098,강서구,결아트뷰티 (강서구),35.0863305,128.9081799,강서구,10.5529,medium_4_to_12km,transfer_min_evening,normal,2026-08-03T17:30:00+09:00,false,false,false,true,false,false,synthetic_od_from_public_poi
od-8890e00f192f1716c373,합천식당 (북구),35.2022379,128.9968558,북구,싸다마트 (해운대구),35.209299,129.123287,해운대구,11.5138,medium_4_to_12km,transfer_min_evening,normal,2026-08-03T17:30:00+09:00,false,false,false,true,false,false,synthetic_od_from_public_poi
od-cf7766c1756eb4ac3969,씨유(CU) 하단나산점 (사하구),35.1059139,128.9604999,사하구,GS25부산메리놀병원점 (중구),35.1076506,129.0329882,중구,6.5968,medium_4_to_12km,balanced_morning,normal,2026-08-03T08:30:00+09:00,false,false,false,false,false,false,synthetic_od_from_public_poi
od-cb9f6700a443d203c34e,대정양곱창신관 (중구),35.1001609,129.0261173,중구,부산유창주방 (강서구),35.1435785,128.9401384,강서구,9.19,medium_4_to_12km,transfer_min_evening,normal,2026-08-03T17:30:00+09:00,false,false,false,true,false,false,synthetic_od_from_public_poi
od-51f4bcef3afd1935fefa,헤이!티(HEY!TEA) (기장군),35.320157,129.1839107,기장군,영해횟집 (해운대구),35.2253023,129.1491056,해운대구,11.0105,medium_4_to_12km,stroller_daytime,normal,2026-08-03T11:00:00+09:00,false,true,false,false,true,true,synthetic_od_from_public_poi
od-a6d4449fe367f28b0148,PC방 강타넷 (영도구),35.0692405,129.0800265,영도구,청학시장 오돌오돌수육 (영도구),35.0963208,129.0604507,영도구,3.4986,short_1_5_to_4km,bad_air_midday,dust,2026-08-03T12:30:00+09:00,false,false,false,false,false,false,synthetic_od_from_public_poi
od-1dfaab9e2bc41534118c,피트니스모건PT거제시청점 (연제구),35.1798605,129.0700358,연제구,더하다연산점 (연제구),35.1825337,129.1074116,연제구,3.4098,short_1_5_to_4km,bad_air_midday,dust,2026-08-03T12:30:00+09:00,false,false,false,false,false,false,synthetic_od_from_public_poi
od-97f5016ddc75c2a55ab2,구우당남포점 (중구),35.0978723,129.0345954,중구,가야반점 (부산진구),35.1524175,129.0356764,부산진구,6.066,medium_4_to_12km,stroller_daytime,normal,2026-08-03T11:00:00+09:00,false,true,false,false,true,true,synthetic_od_from_public_poi
od-30a2e14ca2202b757d6e,카페린 (금정구),35.2478707,129.1139616,금정구,배대포차 (부산진구),35.1561536,129.0613994,부산진구,11.2613,medium_4_to_12km,transfer_min_evening,normal,2026-08-03T17:30:00+09:00,false,false,false,true,false,false,synthetic_od_from_public_poi
od-9bb674a691526482fd54,경동나비엔부산영도대리점 (영도구),35.0850934,129.0411569,영도구,고슴도치프롤노의원 (부산진구),35.1618376,129.0618755,부산진구,8.7391,medium_4_to_12km,coldwave_morning,coldwave,2026-12-07T08:30:00+09:00,false,false,false,false,false,false,synthetic_od_from_public_poi
od-fa112e6d3f0c01f590d7,(주)SMH스포츠 롯데아울렛 동부산점 (기장군),35.192323,129.2124953,기장군,손영환 비빔국수 (기장군),35.2202175,129.226523,기장군,3.3534,short_1_5_to_4km,coldwave_morning,coldwave,2026-12-07T08:30:00+09:00,false,false,false,false,false,false,synthetic_od_from_public_poi
od-8230afed0b7b11feabc3,띠띠빵빵초밥 (사하구),35.0914201,128.97571,사하구,37 바 3226 (북구),35.264329,129.0177448,북구,19.6025,long_12_to_25km,luggage_midday,normal,2026-08-03T12:30:00+09:00,true,false,false,true,false,false,synthetic_od_from_public_poi
od-d2412069ced869620538,구우당남포점 (중구),35.0978723,129.0345954,중구,제비표페인트동구대리점형제상사 (동구),35.1345164,129.0453068,동구,4.1895,medium_4_to_12km,luggage_midday,normal,2026-08-03T12:30:00+09:00,true,false,false,true,false,false,synthetic_od_from_public_poi
od-6af5a142224aa7308083,강대감손칼국수 (북구),35.2075792,129.0031379,북구,부성자동차정비 (사상구),35.1810393,128.9816054,사상구,3.5408,short_1_5_to_4km,transfer_min_evening,normal,2026-08-03T17:30:00+09:00,false,false,false,true,false,false,synthetic_od_from_public_poi
od-4d0fc8499268ef730205,고은치과의원 (동래구),35.2052326,129.0674583,동래구,하와수포차 (강서구),35.1501097,128.8341024,강서구,22.0771,long_12_to_25km,transfer_min_evening,normal,2026-08-03T17:30:00+09:00,false,false,false,true,false,false,synthetic_od_from_public_poi
od-36c05c7ee4605165eb1a,광안사카바 (수영구),35.1565061,129.1244825,수영구,쿄다이 떡 (기장군),35.2887703,129.1670111,기장군,15.206,long_12_to_25km,luggage_midday,normal,2026-08-03T12:30:00+09:00,true,false,false,true,false,false,synthetic_od_from_public_poi
od-12f9eb532d380b5bfcbc,디아이클린홈케어 (사하구),35.0685078,128.9794498,사하구,경동나비엔부산영도대리점 (영도구),35.0850934,129.0411569,영도구,5.9104,medium_4_to_12km,stroller_daytime,normal,2026-08-03T11:00:00+09:00,false,true,false,false,true,true,synthetic_od_from_public_poi
od-ced12fe267c5c8896e7a,다락국밥 (남구),35.117549,129.1120972,남구,레몬트리에스테틱 (수영구),35.1398077,129.1086538,수영구,2.4948,short_1_5_to_4km,heat_shade_midday,heatwave,2026-08-03T14:30:00+09:00,false,false,true,false,false,false,synthetic_od_from_public_poi
od-cab5df509cd46bc4ff6a,사시사철 (동래구),35.1974658,129.1101988,동래구,대성금속 (강서구),35.1855088,128.9198896,강서구,17.3448,long_12_to_25km,bad_air_midday,dust,2026-08-03T12:30:00+09:00,false,false,false,false,false,false,synthetic_od_from_public_poi
od-21007a121673618a637b,PC방 강타넷 (영도구),35.0692405,129.0800265,영도구,빅부즈 2호점 (서구),35.0781235,129.021647,서구,5.4038,medium_4_to_12km,stroller_daytime,normal,2026-08-03T11:00:00+09:00,false,true,false,false,true,true,synthetic_od_from_public_poi
od-509c646f0b5801b035c8,강대감손칼국수 (북구),35.2075792,129.0031379,북구,쑥쑥식물병원 (강서구),35.1999699,128.9013637,강서구,9.2857,medium_4_to_12km,heat_shade_midday,heatwave,2026-08-03T14:30:00+09:00,false,false,true,false,false,false,synthetic_od_from_public_poi
od-55716ce032451a3e8d4b,33참숯갈비 (기장군),35.3057493,129.1133453,기장군,봄토끼 (부산진구),35.1568434,129.0468963,부산진구,17.6233,long_12_to_25km,coldwave_morning,coldwave,2026-12-07T08:30:00+09:00,false,false,false,false,false,false,synthetic_od_from_public_poi
od-22de613d6cfcec1e0cc1,옥사이드 (영도구),35.0758736,129.0674327,영도구,계란조심 (부산진구),35.1752186,129.0740359,부산진구,11.063,medium_4_to_12km,coldwave_morning,coldwave,2026-12-07T08:30:00+09:00,false,false,false,false,false,false,synthetic_od_from_public_poi
od-fc6dc1fbf678d2bf705e,미리내 (북구),35.2129568,129.0361508,북구,Izakaya 石 (수영구),35.1582208,129.1208183,수영구,9.8106,medium_4_to_12km,bad_air_midday,dust,2026-08-03T12:30:00+09:00,false,false,false,false,false,false,synthetic_od_from_public_poi
od-ab417c4b0cbc66beafb7,바바바디라운지 (사하구),35.105926,128.9676118,사하구,아카이브(Archive) (연제구),35.1830027,129.0735545,연제구,12.8936,long_12_to_25km,transfer_min_evening,normal,2026-08-03T17:30:00+09:00,false,false,false,true,false,false,synthetic_od_from_public_poi
od-344d46d9b9572186dfe3,소림각 (동구),35.1432378,129.0486635,동구,3H컨설팅 (연제구),35.1817532,129.0786868,연제구,5.0784,medium_4_to_12km,luggage_midday,normal,2026-08-03T12:30:00+09:00,true,false,false,true,false,false,synthetic_od_from_public_poi
od-068ceeff0ebc4157582c,한국가스산업(주)사상영업소 (사상구),35.1502231,128.990053,사상구,우리동네갈비살 덕천점 (북구),35.2090431,129.0085634,북구,6.7534,medium_4_to_12km,bad_air_midday,dust,2026-08-03T12:30:00+09:00,false,false,false,false,false,false,synthetic_od_from_public_poi
od-371c48d0fa4e62cea7ab,다교천연염색 (해운대구),35.1611826,129.1736976,해운대구,메르엣(meret) (해운대구),35.1751452,129.1964779,해운대구,2.5881,short_1_5_to_4km,balanced_morning,normal,2026-08-03T08:30:00+09:00,false,false,false,false,false,false,synthetic_od_from_public_poi
od-4300427573d07e003f35,모모 (해운대구),35.1926512,129.1289534,해운대구,헤일리 영어 공부방 (수영구),35.1636192,129.1131572,수영구,3.5331,short_1_5_to_4km,balanced_morning,normal,2026-08-03T08:30:00+09:00,false,false,false,false,false,false,synthetic_od_from_public_poi
od-c0854e17f5c3f36ee0eb,마음성장심리상담센터 (북구),35.2116277,129.014117,북구,맑은피부사랑 (북구),35.2466345,129.013119,북구,3.8936,short_1_5_to_4km,transfer_min_evening,normal,2026-08-03T17:30:00+09:00,false,false,false,true,false,false,synthetic_od_from_public_poi
od-1528830a54bcea61fe4a,가야포차(연산점) (연제구),35.187913,129.1005343,연제구,헤일리 영어 공부방 (수영구),35.1636192,129.1131572,수영구,2.9349,short_1_5_to_4km,heat_shade_midday,heatwave,2026-08-03T14:30:00+09:00,false,false,true,false,false,false,synthetic_od_from_public_poi
od-0eba326cfdbe942922b3,맛있는 달 (동래구),35.2164972,129.0783901,동래구,댕겨올개 (연제구),35.1752903,129.0866203,연제구,4.6426,medium_4_to_12km,rain_evening,rain,2026-08-03T17:30:00+09:00,false,false,false,true,false,false,synthetic_od_from_public_poi
od-74c860a0a30205bb8164,시골 (서구),35.1095812,129.0155451,서구,잔나비부부 (영도구),35.087731,129.0457644,영도구,3.669,short_1_5_to_4km,balanced_morning,normal,2026-08-03T08:30:00+09:00,false,false,false,false,false,false,synthetic_od_from_public_poi
od-2ea7b834248030fa7f14,문토스트(송도점) (서구),35.0738452,129.0158209,서구,청림숯불갈비 (중구),35.1126049,129.0356176,중구,4.6711,medium_4_to_12km,transfer_min_evening,normal,2026-08-03T17:30:00+09:00,false,false,false,true,false,false,synthetic_od_from_public_poi
od-95cf6b5380e0b82841c9,그린조이대연점 (남구),35.1346732,129.0876635,남구,V(브이)모텔 (부산진구),35.1597627,129.0565217,부산진구,3.975,short_1_5_to_4km,heat_shade_midday,heatwave,2026-08-03T14:30:00+09:00,false,false,true,false,false,false,synthetic_od_from_public_poi
od-5406ed89908ada8cfeee,GS25부산메리놀병원점 (중구),35.1076506,129.0329882,중구,파로스커피 (서구),35.0839198,129.0237555,서구,2.7692,short_1_5_to_4km,luggage_midday,normal,2026-08-03T12:30:00+09:00,true,false,false,true,false,false,synthetic_od_from_public_poi
od-a30e02c2ea0c5fe004eb,60계 부산해운대점 (해운대구),35.1622638,129.1619528,해운대구,대도상사 (영도구),35.0848061,129.0721383,영도구,11.8704,medium_4_to_12km,stroller_daytime,normal,2026-08-03T11:00:00+09:00,false,true,false,false,true,true,synthetic_od_from_public_poi
od-329ffd2630021c6aaa09,댄스온컴퍼니 (부산진구),35.1654104,129.0399354,부산진구,더빔 한복 (동구),35.1380074,129.0591538,동구,3.5125,short_1_5_to_4km,balanced_morning,normal,2026-08-03T08:30:00+09:00,false,false,false,false,false,false,synthetic_od_from_public_poi
od-0dcc8d75ec4f137312a8,백마상회 (부산진구),35.1433201,129.0604233,부산진구,싱싱야채부식 (부산진구),35.1679641,129.0502292,부산진구,2.8928,short_1_5_to_4km,coldwave_morning,coldwave,2026-12-07T08:30:00+09:00,false,false,false,false,false,false,synthetic_od_from_public_poi
od-b2d14e7a05118e137555,나무 (중구),35.0996711,129.030009,중구,37 바 3226 (북구),35.264329,129.0177448,북구,18.343,long_12_to_25km,coldwave_morning,coldwave,2026-12-07T08:30:00+09:00,false,false,false,false,false,false,synthetic_od_from_public_poi
od-407aa13bb8c4f28fb33a,성진상회 (사상구),35.1428681,128.9858243,사상구,물회수산 (사상구),35.1709363,128.9810995,사상구,3.1505,short_1_5_to_4km,luggage_midday,normal,2026-08-03T12:30:00+09:00,true,false,false,true,false,false,synthetic_od_from_public_poi
od-401fdc0d04c393e96fc5,고래야 참치야 (해운대구),35.1728193,129.1753934,해운대구,SLB도시락 (수영구),35.1610535,129.1092556,수영구,6.1526,medium_4_to_12km,stroller_daytime,normal,2026-08-03T11:00:00+09:00,false,true,false,false,true,true,synthetic_od_from_public_poi
od-17a91cbb77187b4939d0,마음성장심리상담센터 (북구),35.2116277,129.014117,북구,루헤어살롱 (사상구),35.1876713,128.9878475,사상구,3.5768,short_1_5_to_4km,rain_evening,rain,2026-08-03T17:30:00+09:00,false,false,false,true,false,false,synthetic_od_from_public_poi
od-85d3e80ab5e3feea4e81,요녀석파스타&필라프&K푸드 (서구),35.1065193,129.0203505,서구,FM정진정보통신 (사하구),35.1040116,128.9745013,사하구,4.1801,medium_4_to_12km,transfer_min_evening,normal,2026-08-03T17:30:00+09:00,false,false,false,true,false,false,synthetic_od_from_public_poi
od-9075028410459708b670,그린유통 (사상구),35.1361506,128.9929039,사상구,FM정진정보통신 (사하구),35.1040116,128.9745013,사하구,3.9462,short_1_5_to_4km,luggage_midday,normal,2026-08-03T12:30:00+09:00,true,false,false,true,false,false,synthetic_od_from_public_poi
od-1923aeb625c16467ce5c,와니라이프 (기장군),35.3367045,129.1702544,기장군,김종구 식맛치킨 옛날통닭 정관점 (기장군),35.3237221,129.1768552,기장군,1.5628,short_1_5_to_4km,stroller_daytime,normal,2026-08-03T11:00:00+09:00,false,true,false,false,true,true,synthetic_od_from_public_poi
od-ba0bd47c7530ff3ceba5,부전양곱창 (부산진구),35.1545734,129.056932,부산진구,진일당 (남구),35.1149482,129.0816986,남구,4.9484,medium_4_to_12km,balanced_morning,normal,2026-08-03T08:30:00+09:00,false,false,false,false,false,false,synthetic_od_from_public_poi
od-609e69bbdb3f23c7443c,과수원집 (금정구),35.2495078,129.0569513,금정구,광안돼지국밥 (수영구),35.1587893,129.1145113,수영구,11.3625,medium_4_to_12km,luggage_midday,normal,2026-08-03T12:30:00+09:00,true,false,false,true,false,false,synthetic_od_from_public_poi
od-35bd987f6f47819dbc46,에쿠스노래연습장 (수영구),35.1555851,129.1315249,수영구,용덕장코다리(안락점) (동래구),35.2000156,129.0995011,동래구,5.7341,medium_4_to_12km,luggage_midday,normal,2026-08-03T12:30:00+09:00,true,false,false,true,false,false,synthetic_od_from_public_poi
od-8c66d24778a8a9ea4a19,소호식육식당 (영도구),35.0919621,129.0428843,영도구,브이아이피휘트니스 (해운대구),35.201579,129.1194195,해운대구,14.0354,long_12_to_25km,rain_evening,rain,2026-08-03T17:30:00+09:00,false,false,false,true,false,false,synthetic_od_from_public_poi
od-2ef1e8a8889804aad3bf,제비표페인트동구대리점형제상사 (동구),35.1345164,129.0453068,동구,난정 (강서구),35.0596482,128.8321643,강서구,21.1027,long_12_to_25km,coldwave_morning,coldwave,2026-12-07T08:30:00+09:00,false,false,false,false,false,false,synthetic_od_from_public_poi
od-f2676e087d76867617b7,별장 (해운대구),35.1619615,129.1864816,해운대구,아카이브(Archive) (연제구),35.1830027,129.0735545,연제구,10.5276,medium_4_to_12km,bad_air_midday,dust,2026-08-03T12:30:00+09:00,false,false,false,false,false,false,synthetic_od_from_public_poi
od-2a6c68d7916a9b41e286,법률사무소 다인 (연제구),35.1918406,129.0746908,연제구,난이네옷집 (금정구),35.2162622,129.1013578,금정구,3.6393,short_1_5_to_4km,balanced_morning,normal,2026-08-03T08:30:00+09:00,false,false,false,false,false,false,synthetic_od_from_public_poi
od-fff3150cf6433dd403d4,예천집 (서구),35.1283899,129.0081894,서구,메종 사도 (부산진구),35.1578842,129.0237363,부산진구,3.5713,short_1_5_to_4km,stroller_daytime,normal,2026-08-03T11:00:00+09:00,false,true,false,false,true,true,synthetic_od_from_public_poi
od-347c0cf1054821d14028,백마상회 (부산진구),35.1433201,129.0604233,부산진구,계란조심 (부산진구),35.1752186,129.0740359,부산진구,3.7566,short_1_5_to_4km,stroller_daytime,normal,2026-08-03T11:00:00+09:00,false,true,false,false,true,true,synthetic_od_from_public_poi
od-95a059539268d2d5d06e,봄동떡방 (동구),35.1291644,129.0461386,동구,피트니스모건PT거제시청점 (연제구),35.1798605,129.0700358,연제구,6.0413,medium_4_to_12km,heat_shade_midday,heatwave,2026-08-03T14:30:00+09:00,false,false,true,false,false,false,synthetic_od_from_public_poi
od-820a971cb0bb90c0b35c,목화탕 (동구),35.1387334,129.0487528,동구,그린조이대연점 (남구),35.1346732,129.0876635,남구,3.567,short_1_5_to_4km,transfer_min_evening,normal,2026-08-03T17:30:00+09:00,false,false,false,true,false,false,synthetic_od_from_public_poi
od-30f417a436ccf35a9162,꼬지와 친구들 (사하구),35.0613025,128.9832548,사하구,삼성 (북구),35.201876,129.0048641,북구,15.7541,long_12_to_25km,rain_evening,rain,2026-08-03T17:30:00+09:00,false,false,false,true,false,false,synthetic_od_from_public_poi
od-74ff0b63b70460766a3c,달구뷰티(dalgu beauty) (부산진구),35.1480098,129.056653,부산진구,고려치과의원 (남구),35.1346938,129.0923826,남구,3.5703,short_1_5_to_4km,bad_air_midday,dust,2026-08-03T12:30:00+09:00,false,false,false,false,false,false,synthetic_od_from_public_poi
od-4a59b4fd3d1817b0b94a,부전양곱창 (부산진구),35.1545734,129.056932,부산진구,(주)영남교통 (남구),35.1509659,129.0911678,남구,3.1383,short_1_5_to_4km,balanced_morning,normal,2026-08-03T08:30:00+09:00,false,false,false,false,false,false,synthetic_od_from_public_poi
od-c3ae82d5eee6d950d963,미미당 (중구),35.0975596,129.0296103,중구,떡나라 (북구),35.197099,129.0090154,북구,11.2256,medium_4_to_12km,bad_air_midday,dust,2026-08-03T12:30:00+09:00,false,false,false,false,false,false,synthetic_od_from_public_poi
od-1ff0e9a333cdc78323e8,클라우드 밤 (cloud Bam) (중구),35.0983656,129.0266568,중구,명륜진사갈비 부산기장점 (기장군),35.2497395,129.2151317,기장군,24.0162,long_12_to_25km,bad_air_midday,dust,2026-08-03T12:30:00+09:00,false,false,false,false,false,false,synthetic_od_from_public_poi
od-b9ce3517be97e859978a,예강헤어 (금정구),35.2652464,129.0894704,금정구,범일 하누소 (동구),35.1399521,129.0602637,동구,14.1826,long_12_to_25km,luggage_midday,normal,2026-08-03T12:30:00+09:00,true,false,false,true,false,false,synthetic_od_from_public_poi
od-716f272a87aeb598e465,달빛고을 (북구),35.2082745,129.0376285,북구,맛있는 달 (동래구),35.2164972,129.0783901,동래구,3.8143,short_1_5_to_4km,luggage_midday,normal,2026-08-03T12:30:00+09:00,true,false,false,true,false,false,synthetic_od_from_public_poi
od-2f47a22b835eb951edd5,승인식품 제1공장 (강서구),35.1154026,128.9264065,강서구,가원조명 (강서구),35.1122721,128.8836495,강서구,3.9047,short_1_5_to_4km,transfer_min_evening,normal,2026-08-03T17:30:00+09:00,false,false,false,true,false,false,synthetic_od_from_public_poi
od-ef2eebd395cc7dba7ad8,신송자헤어숍여우만들기 (동구),35.1295659,129.0410531,동구,(주)제이에스두드림 (중구),35.1036656,129.0258764,중구,3.1937,short_1_5_to_4km,rain_evening,rain,2026-08-03T17:30:00+09:00,false,false,false,true,false,false,synthetic_od_from_public_poi
od-fa3b16250ecbd7e2db7e,크리로플 (남구),35.1316057,129.0997903,남구,지니모터스 (기장군),35.3253811,129.2060862,기장군,23.6111,long_12_to_25km,rain_evening,rain,2026-08-03T17:30:00+09:00,false,false,false,true,false,false,synthetic_od_from_public_poi
od-724c6ce1dc681cf047eb,녹원집 (북구),35.2137763,129.0462806,북구,윤진상사 (해운대구),35.1858973,129.1248491,해운대구,7.783,medium_4_to_12km,luggage_midday,normal,2026-08-03T12:30:00+09:00,true,false,false,true,false,false,synthetic_od_from_public_poi
od-5adda9f771261faddf03,마음성장심리상담센터 (북구),35.2116277,129.014117,북구,미리내 (북구),35.2129568,129.0361508,북구,2.0072,short_1_5_to_4km,transfer_min_evening,normal,2026-08-03T17:30:00+09:00,false,false,false,true,false,false,synthetic_od_from_public_poi
od-10fff01cc98fbffc15ac,잔나비부부 (영도구),35.087731,129.0457644,영도구,수곡집 (부산진구),35.1496969,129.0201154,부산진구,7.2745,medium_4_to_12km,balanced_morning,normal,2026-08-03T08:30:00+09:00,false,false,false,false,false,false,synthetic_od_from_public_poi
od-978b767a0794aec20add,브라이튼 (동래구),35.1968895,129.06852,동래구,동래한바퀴 (동래구),35.2107483,129.0818204,동래구,1.9583,short_1_5_to_4km,rain_evening,rain,2026-08-03T17:30:00+09:00,false,false,false,true,false,false,synthetic_od_from_public_poi
od-c7b261c39869ecb6e5e4,꼬지와 친구들 (사하구),35.0613025,128.9832548,사하구,가온커피 (서구),35.0642845,129.0139288,서구,2.8114,short_1_5_to_4km,stroller_daytime,normal,2026-08-03T11:00:00+09:00,false,true,false,false,true,true,synthetic_od_from_public_poi
od-ad955f141763424006fb,광명당약국 (사상구),35.156823,128.9870173,사상구,Anna (부산진구),35.150992,129.0270851,부산진구,3.7,short_1_5_to_4km,transfer_min_evening,normal,2026-08-03T17:30:00+09:00,false,false,false,true,false,false,synthetic_od_from_public_poi
od-9b512abdf85881fc8e09,늘품수학교습소 (서구),35.1178205,129.0118337,서구,Izakaya 石 (수영구),35.1582208,129.1208183,수영구,10.8808,medium_4_to_12km,rain_evening,rain,2026-08-03T17:30:00+09:00,false,false,false,true,false,false,synthetic_od_from_public_poi
od-4e1924be22159527c6b9,담다 (부산진구),35.1717493,129.0684633,부산진구,달빛고을 (북구),35.2082745,129.0376285,북구,4.9342,medium_4_to_12km,coldwave_morning,coldwave,2026-12-07T08:30:00+09:00,false,false,false,false,false,false,synthetic_od_from_public_poi
od-62841d5ef00f05d0c82c,바로바로물횟집 (금정구),35.22088,129.0886434,금정구,명품학장소갈비찜탕 연산점 (연제구),35.1901688,129.0823069,연제구,3.4631,short_1_5_to_4km,coldwave_morning,coldwave,2026-12-07T08:30:00+09:00,false,false,false,false,false,false,synthetic_od_from_public_poi
od-5963f5506920e1433780,박대포소금구이 (연제구),35.1865457,129.0857849,연제구,경원한복 (동구),35.1355934,129.0587967,동구,6.174,medium_4_to_12km,bad_air_midday,dust,2026-08-03T12:30:00+09:00,false,false,false,false,false,false,synthetic_od_from_public_poi
od-7ef7599bf93c7eb91633,배대포차 (부산진구),35.1561536,129.0613994,부산진구,아이씨옵틱스 (남구),35.1431847,129.0751643,남구,1.9094,short_1_5_to_4km,stroller_daytime,normal,2026-08-03T11:00:00+09:00,false,true,false,false,true,true,synthetic_od_from_public_poi
od-c0607eca7e1f69451b14,크리로플 (남구),35.1316057,129.0997903,남구,달탄게코 (사상구),35.1388255,128.9779084,사상구,11.1124,medium_4_to_12km,rain_evening,rain,2026-08-03T17:30:00+09:00,false,false,false,true,false,false,synthetic_od_from_public_poi
od-315eae2d757e613952e2,삼성 (북구),35.201876,129.0048641,북구,프렌디스 (북구),35.2124845,129.0216475,북구,1.9279,short_1_5_to_4km,coldwave_morning,coldwave,2026-12-07T08:30:00+09:00,false,false,false,false,false,false,synthetic_od_from_public_poi
od-cc113e60de1bd549a197,하나인터내셔날(아이#) (중구),35.0983356,129.0318856,중구,제일횟집 (동래구),35.2053782,129.0805535,동래구,12.6984,long_12_to_25km,bad_air_midday,dust,2026-08-03T12:30:00+09:00,false,false,false,false,false,false,synthetic_od_from_public_poi
od-4936f0ac3f8a7cc98893,양평칼국수 (사하구),35.0484435,128.9669832,사하구,나들리 (중구),35.1013023,129.0294083,중구,8.1743,medium_4_to_12km,luggage_midday,normal,2026-08-03T12:30:00+09:00,true,false,false,true,false,false,synthetic_od_from_public_poi
od-d21c373340321e08d864,건우푸드 (강서구),35.2156378,128.979932,강서구,모라카세차장 (사상구),35.1920787,128.9900689,사상구,2.7768,short_1_5_to_4km,stroller_daytime,normal,2026-08-03T11:00:00+09:00,false,true,false,false,true,true,synthetic_od_from_public_poi
od-0c01d34a0944549567d4,3H컨설팅 (연제구),35.1817532,129.0786868,연제구,한국가스산업(주)사상영업소 (사상구),35.1502231,128.990053,사상구,8.7866,medium_4_to_12km,balanced_morning,normal,2026-08-03T08:30:00+09:00,false,false,false,false,false,false,synthetic_od_from_public_poi
od-e31df3b7e8b62d389b4f,나비유통 (연제구),35.1873006,129.0774127,연제구,가원조명 (강서구),35.1122721,128.8836495,강서구,19.4923,long_12_to_25km,luggage_midday,normal,2026-08-03T12:30:00+09:00,true,false,false,true,false,false,synthetic_od_from_public_poi
od-78f48b875ea852c3653a,청림숯불갈비 (중구),35.1126049,129.0356176,중구,담다 (부산진구),35.1717493,129.0684633,부산진구,7.2229,medium_4_to_12km,stroller_daytime,normal,2026-08-03T11:00:00+09:00,false,true,false,false,true,true,synthetic_od_from_public_poi
od-a966e57f9a28c206c87b,대도상사 (영도구),35.0848061,129.0721383,영도구,도로시파스타 연정(중서구점) (서구),35.1003142,129.016733,서구,5.3277,medium_4_to_12km,balanced_morning,normal,2026-08-03T08:30:00+09:00,false,false,false,false,false,false,synthetic_od_from_public_poi
od-7ff3e1dfee69db103bd7,아카이브(Archive) (연제구),35.1830027,129.0735545,연제구,금명상사 (북구),35.2356473,129.0150993,북구,7.9039,medium_4_to_12km,luggage_midday,normal,2026-08-03T12:30:00+09:00,true,false,false,true,false,false,synthetic_od_from_public_poi
od-75fad6a229cbf733cbb4,빅부즈 2호점 (서구),35.0781235,129.021647,서구,가야포차(연산점) (연제구),35.187913,129.1005343,연제구,14.1598,long_12_to_25km,coldwave_morning,coldwave,2026-12-07T08:30:00+09:00,false,false,false,false,false,false,synthetic_od_from_public_poi
od-9cba97348ee600a84841,차이나궁 (부산진구),35.1576783,129.0665673,부산진구,봄동떡방 (동구),35.1291644,129.0461386,동구,3.6746,short_1_5_to_4km,bad_air_midday,dust,2026-08-03T12:30:00+09:00,false,false,false,false,false,false,synthetic_od_from_public_poi
od-93cb62803e6e6b66a786,60계부산감천점 (사하구),35.0906019,128.9971968,사하구,땡꼬김빱 (중구),35.1030106,129.0350675,중구,3.7114,short_1_5_to_4km,luggage_midday,normal,2026-08-03T12:30:00+09:00,true,false,false,true,false,false,synthetic_od_from_public_poi
od-c1e163e6642e96db768b,퀸스데이테라피 (사하구),35.0867243,129.0057957,사하구,경동나비엔부산영도대리점 (영도구),35.0850934,129.0411569,영도구,3.2226,short_1_5_to_4km,balanced_morning,normal,2026-08-03T08:30:00+09:00,false,false,false,false,false,false,synthetic_od_from_public_poi
od-640fa2892d8e279d65c2,김순국 (기장군),35.3270591,129.2785642,기장군,와니라이프 (기장군),35.3367045,129.1702544,기장군,9.8837,medium_4_to_12km,bad_air_midday,dust,2026-08-03T12:30:00+09:00,false,false,false,false,false,false,synthetic_od_from_public_poi
od-f17c4aad8ba8b1fbb49e,롭다pjy (금정구),35.2311251,129.0863332,금정구,진일당 (남구),35.1149482,129.0816986,남구,12.9252,long_12_to_25km,coldwave_morning,coldwave,2026-12-07T08:30:00+09:00,false,false,false,false,false,false,synthetic_od_from_public_poi
od-0e81aa6ed3db4b66fa5b,(주)부영에너지 (사상구),35.1542462,128.9794104,사상구,시장머리방 (영도구),35.089029,129.0414665,영도구,9.1893,medium_4_to_12km,stroller_daytime,normal,2026-08-03T11:00:00+09:00,false,true,false,false,true,true,synthetic_od_from_public_poi
od-d61c696e5023f708a43c,섬마을장어구이 (강서구),35.0124357,128.8288688,강서구,청가옥숯불갈비 (강서구),35.0849057,128.8779469,강서구,9.2139,medium_4_to_12km,luggage_midday,normal,2026-08-03T12:30:00+09:00,true,false,false,true,false,false,synthetic_od_from_public_poi
od-53859525b4778bb1829a,크린제지 (강서구),35.1963611,128.9622779,강서구,도로시파스타 연정(중서구점) (서구),35.1003142,129.016733,서구,11.7718,medium_4_to_12km,transfer_min_evening,normal,2026-08-03T17:30:00+09:00,false,false,false,true,false,false,synthetic_od_from_public_poi
od-5f47f02a805baaa1bba2,경북산꼼장어2호점 (동구),35.1198411,129.0394347,동구,라파온누리약국 (남구),35.1372227,129.0708741,남구,3.4511,short_1_5_to_4km,rain_evening,rain,2026-08-03T17:30:00+09:00,false,false,false,true,false,false,synthetic_od_from_public_poi
od-4f77a945ae3e8ffc4b42,하빈상회 (사상구),35.1741169,128.9875619,사상구,광안리 카페 이플 (수영구),35.1501793,129.1135118,수영구,11.7548,medium_4_to_12km,luggage_midday,normal,2026-08-03T12:30:00+09:00,true,false,false,true,false,false,synthetic_od_from_public_poi
od-ea694467c1557e704b5c,복돈식당 (중구),35.1076426,129.0372707,중구,밀양상회 (영도구),35.0923132,129.053926,영도구,2.2806,short_1_5_to_4km,heat_shade_midday,heatwave,2026-08-03T14:30:00+09:00,false,false,true,false,false,false,synthetic_od_from_public_poi
od-857d3ccbb513e3c5036b,경동나비엔부산영도대리점 (영도구),35.0850934,129.0411569,영도구,강대감손칼국수 (북구),35.2075792,129.0031379,북구,14.0516,long_12_to_25km,balanced_morning,normal,2026-08-03T08:30:00+09:00,false,false,false,false,false,false,synthetic_od_from_public_poi
od-c0aa571f79a226cea597,소호식육식당 (영도구),35.0919621,129.0428843,영도구,헤일리 영어 공부방 (수영구),35.1636192,129.1131572,수영구,10.2142,medium_4_to_12km,balanced_morning,normal,2026-08-03T08:30:00+09:00,false,false,false,false,false,false,synthetic_od_from_public_poi
od-1d26598c838d15e75290,복돈식당 (중구),35.1076426,129.0372707,중구,디케이 동키치킨 신평점 (사하구),35.0973883,128.9595663,사하구,7.1602,medium_4_to_12km,rain_evening,rain,2026-08-03T17:30:00+09:00,false,false,false,true,false,false,synthetic_od_from_public_poi
od-940d015e025eabf98676,광안사카바 (수영구),35.1565061,129.1244825,수영구,37 바 3226 (북구),35.264329,129.0177448,북구,15.4201,long_12_to_25km,transfer_min_evening,normal,2026-08-03T17:30:00+09:00,false,false,false,true,false,false,synthetic_od_from_public_poi
od-1b281e8caaa6f26e18f6,다교천연염색 (해운대구),35.1611826,129.1736976,해운대구,동백약국 (해운대구),35.1597296,129.1507049,해운대구,2.0964,short_1_5_to_4km,coldwave_morning,coldwave,2026-12-07T08:30:00+09:00,false,false,false,false,false,false,synthetic_od_from_public_poi
od-b246f1b6c1e9f2c5f9ff,유부부 구서점 (금정구),35.2456528,129.0885932,금정구,씨유(CU)온천아시아드점 (동래구),35.2207737,129.0820982,동래구,2.8286,short_1_5_to_4km,stroller_daytime,normal,2026-08-03T11:00:00+09:00,false,true,false,false,true,true,synthetic_od_from_public_poi
od-59aaf4bd6e91a435c68c,해광횟집 (남구),35.1293392,129.0913222,남구,광안사카바 (수영구),35.1565061,129.1244825,수영구,4.2681,medium_4_to_12km,coldwave_morning,coldwave,2026-12-07T08:30:00+09:00,false,false,false,false,false,false,synthetic_od_from_public_poi
od-34adac1ddfda58ab4c4a,하나인터내셔날(아이#) (중구),35.0983356,129.0318856,중구,대도상사 (영도구),35.0848061,129.0721383,영도구,3.9593,short_1_5_to_4km,luggage_midday,normal,2026-08-03T12:30:00+09:00,true,false,false,true,false,false,synthetic_od_from_public_poi
od-a22a88db8e4c3eee1b5c,예천집 (서구),35.1283899,129.0081894,서구,가온밀면 (강서구),35.1054358,128.924606,강서구,8.0194,medium_4_to_12km,stroller_daytime,normal,2026-08-03T11:00:00+09:00,false,true,false,false,true,true,synthetic_od_from_public_poi
od-dd8019b97d198c890e47,진주슈퍼 (동구),35.1311015,129.053955,동구,디아이클린홈케어 (사하구),35.0685078,128.9794498,사하구,9.7152,medium_4_to_12km,bad_air_midday,dust,2026-08-03T12:30:00+09:00,false,false,false,false,false,false,synthetic_od_from_public_poi
od-e9ef0e570feb1c965877,플레뉴 플라워 (수영구),35.1696293,129.1183655,수영구,세화당한의원 (동구),35.1171081,129.0400812,동구,9.2073,medium_4_to_12km,heat_shade_midday,heatwave,2026-08-03T14:30:00+09:00,false,false,true,false,false,false,synthetic_od_from_public_poi
od-d5f55aebe8052f39289d,닥터핏24 (금정구),35.2570093,129.0892089,금정구,Izakaya 石 (수영구),35.1582208,129.1208183,수영구,11.354,medium_4_to_12km,transfer_min_evening,normal,2026-08-03T17:30:00+09:00,false,false,false,true,false,false,synthetic_od_from_public_poi
od-d2ff7b900b6c00097549,성화뷰티 (북구),35.1966955,128.9937655,북구,메르엣(meret) (해운대구),35.1751452,129.1964779,해운대구,18.5773,long_12_to_25km,balanced_morning,normal,2026-08-03T08:30:00+09:00,false,false,false,false,false,false,synthetic_od_from_public_poi
od-b133536359c6e49173fd,땡꼬김빱 (중구),35.1030106,129.0350675,중구,아이씨옵틱스 (남구),35.1431847,129.0751643,남구,5.7666,medium_4_to_12km,luggage_midday,normal,2026-08-03T12:30:00+09:00,true,false,false,true,false,false,synthetic_od_from_public_poi
od-d695235281c4e096da42,법원 열무 (연제구),35.1885606,129.0702981,연제구,GS25연제브라운점 (연제구),35.1769204,129.0809126,연제구,1.6143,short_1_5_to_4km,heat_shade_midday,heatwave,2026-08-03T14:30:00+09:00,false,false,true,false,false,false,synthetic_od_from_public_poi
od-493524b383e7e78d3992,용궁도매횟집 (남구),35.1237274,129.0972961,남구,꽈다당 (기장군),35.2965028,129.2587506,기장군,24.1713,long_12_to_25km,heat_shade_midday,heatwave,2026-08-03T14:30:00+09:00,false,false,true,false,false,false,synthetic_od_from_public_poi
od-4354505a5ef09dbfcb1b,카페리고러 (영도구),35.0929,129.0393812,영도구,과일나라 커피공장 (중구),35.1026311,129.0232538,중구,1.8231,short_1_5_to_4km,rain_evening,rain,2026-08-03T17:30:00+09:00,false,false,false,true,false,false,synthetic_od_from_public_poi
od-1fdd0d63f64a06f96c9d,클라우드 밤 (cloud Bam) (중구),35.0983656,129.0266568,중구,카페린 (금정구),35.2478707,129.1139616,금정구,18.421,long_12_to_25km,balanced_morning,normal,2026-08-03T08:30:00+09:00,false,false,false,false,false,false,synthetic_od_from_public_poi
od-a9e62aa991e655a08c6a,승인식품 제1공장 (강서구),35.1154026,128.9264065,강서구,지아헤어 (사하구),35.0572609,128.9705106,사하구,7.6093,medium_4_to_12km,balanced_morning,normal,2026-08-03T08:30:00+09:00,false,false,false,false,false,false,synthetic_od_from_public_poi
od-a21d7b6095b14dc2dbaf,꼬지와 친구들 (사하구),35.0613025,128.9832548,사하구,문토스트(송도점) (서구),35.0738452,129.0158209,서구,3.2756,short_1_5_to_4km,balanced_morning,normal,2026-08-03T08:30:00+09:00,false,false,false,false,false,false,synthetic_od_from_public_poi
od-38533a1541bd10a5f1a0,동구여성인력개발센터 (동구),35.1252462,129.0447879,동구,클라우드 밤 (cloud Bam) (중구),35.0983656,129.0266568,중구,3.4138,short_1_5_to_4km,luggage_midday,normal,2026-08-03T12:30:00+09:00,true,false,false,true,false,false,synthetic_od_from_public_poi
od-bca2c47ca9ecb986c874,나들리 (중구),35.1013023,129.0294083,중구,물회수산 (사상구),35.1709363,128.9810995,사상구,8.9023,medium_4_to_12km,coldwave_morning,coldwave,2026-12-07T08:30:00+09:00,false,false,false,false,false,false,synthetic_od_from_public_poi
od-0c02a2ce07231ba3ce70,녹원집 (북구),35.2137763,129.0462806,북구,꼬지와 친구들 (사하구),35.0613025,128.9832548,사하구,17.8968,long_12_to_25km,stroller_daytime,normal,2026-08-03T11:00:00+09:00,false,true,false,false,true,true,synthetic_od_from_public_poi
od-e60317f4a01f8df06e6a,젓가락질 잘해야만 밥을 먹나요 (남구),35.1352191,129.0988728,남구,Anna (부산진구),35.150992,129.0270851,부산진구,6.7589,medium_4_to_12km,stroller_daytime,normal,2026-08-03T11:00:00+09:00,false,true,false,false,true,true,synthetic_od_from_public_poi
od-9c2b757c7f7fa8979daf,노튼어학원 (해운대구),35.1745575,129.1282222,해운대구,모모 (해운대구),35.1926512,129.1289534,해운대구,2.013,short_1_5_to_4km,bad_air_midday,dust,2026-08-03T12:30:00+09:00,false,false,false,false,false,false,synthetic_od_from_public_poi
od-693623cf84f4639ef797,고은헤어&바디 (강서구),35.0975155,128.9220869,강서구,성운상회 (서구),35.0984521,129.0219348,서구,9.0844,medium_4_to_12km,coldwave_morning,coldwave,2026-12-07T08:30:00+09:00,false,false,false,false,false,false,synthetic_od_from_public_poi
od-d97a3bf1d18b6fdbb39a,대정양곱창신관 (중구),35.1001609,129.0261173,중구,씨유(CU) 하단나산점 (사하구),35.1059139,128.9604999,사하구,6.0034,medium_4_to_12km,coldwave_morning,coldwave,2026-12-07T08:30:00+09:00,false,false,false,false,false,false,synthetic_od_from_public_poi
od-e53d67883ed62b92a13e,강대감손칼국수 (북구),35.2075792,129.0031379,북구,크린제지 (강서구),35.1963611,128.9622779,강서구,3.9165,short_1_5_to_4km,transfer_min_evening,normal,2026-08-03T17:30:00+09:00,false,false,false,true,false,false,synthetic_od_from_public_poi
od-5ff1cfe7c2a1281030b7,미미당 (중구),35.0975596,129.0296103,중구,가야포차(연산점) (연제구),35.187913,129.1005343,연제구,11.9385,medium_4_to_12km,transfer_min_evening,normal,2026-08-03T17:30:00+09:00,false,false,false,true,false,false,synthetic_od_from_public_poi
od-a4cae63f0ea3c4df6787,크리로플 (남구),35.1316057,129.0997903,남구,릴리뷰티 (영도구),35.0941709,129.0451137,영도구,6.4855,medium_4_to_12km,stroller_daytime,normal,2026-08-03T11:00:00+09:00,false,true,false,false,true,true,synthetic_od_from_public_poi
od-4ff5d667d5d986beee8b,근대화체인중리점 (영도구),35.071328,129.0681569,영도구,치유 (해운대구),35.1682486,129.1689406,해운대구,14.1482,long_12_to_25km,stroller_daytime,normal,2026-08-03T11:00:00+09:00,false,true,false,false,true,true,synthetic_od_from_public_poi
od-cd282dc35e5da11b8893,대성금속 (강서구),35.1855088,128.9198896,강서구,친절가스 (영도구),35.0628784,129.0804672,영도구,19.9804,long_12_to_25km,balanced_morning,normal,2026-08-03T08:30:00+09:00,false,false,false,false,false,false,synthetic_od_from_public_poi
od-c6ecbaaae4fa8bd4fa6f,싸다마트 (해운대구),35.209299,129.123287,해운대구,아카이브(Archive) (연제구),35.1830027,129.0735545,연제구,5.3825,medium_4_to_12km,luggage_midday,normal,2026-08-03T12:30:00+09:00,true,false,false,true,false,false,synthetic_od_from_public_poi
od-38692605a31d3789c83f,고려치과의원 (남구),35.1346938,129.0923826,남구,지아헤어 (사하구),35.0572609,128.9705106,사하구,14.0383,long_12_to_25km,coldwave_morning,coldwave,2026-12-07T08:30:00+09:00,false,false,false,false,false,false,synthetic_od_from_public_poi
od-bd613ed1bd83bc5fe766,김종구 식맛치킨 옛날통닭 정관점 (기장군),35.3237221,129.1768552,기장군,Anna (부산진구),35.150992,129.0270851,부산진구,23.5355,long_12_to_25km,luggage_midday,normal,2026-08-03T12:30:00+09:00,true,false,false,true,false,false,synthetic_od_from_public_poi
od-7da304279a724e3bff80,에쿠스노래연습장 (수영구),35.1555851,129.1315249,수영구,크리로플 (남구),35.1316057,129.0997903,남구,3.9288,short_1_5_to_4km,luggage_midday,normal,2026-08-03T12:30:00+09:00,true,false,false,true,false,false,synthetic_od_from_public_poi
od-99c815e0512cb9c8a53c,매직카주차장 (동구),35.1224473,129.0422826,동구,청학시장 오돌오돌수육 (영도구),35.0963208,129.0604507,영도구,3.3423,short_1_5_to_4km,coldwave_morning,coldwave,2026-12-07T08:30:00+09:00,false,false,false,false,false,false,synthetic_od_from_public_poi
od-9ebfa2f2093af4c4d719,남산뭉티기 (금정구),35.2725508,129.0891738,금정구,부전양곱창 (부산진구),35.1545734,129.056932,부산진구,13.4415,long_12_to_25km,heat_shade_midday,heatwave,2026-08-03T14:30:00+09:00,false,false,true,false,false,false,synthetic_od_from_public_poi
od-160c2e4ca2013d69ef8d,성진상회 (사상구),35.1428681,128.9858243,사상구,경화화장품 (서구),35.1137225,129.0166728,서구,4.2864,medium_4_to_12km,transfer_min_evening,normal,2026-08-03T17:30:00+09:00,false,false,false,true,false,false,synthetic_od_from_public_poi
od-b3b3a492dd3cbfe26b9b,띠띠빵빵초밥 (사하구),35.0914201,128.97571,사하구,경북산꼼장어2호점 (동구),35.1198411,129.0394347,동구,6.6024,medium_4_to_12km,luggage_midday,normal,2026-08-03T12:30:00+09:00,true,false,false,true,false,false,synthetic_od_from_public_poi
od-e4bc32cafe6db9442905,SBS프로샵 (연제구),35.19184,129.0648204,연제구,녹원집 (북구),35.2137763,129.0462806,북구,2.9643,short_1_5_to_4km,bad_air_midday,dust,2026-08-03T12:30:00+09:00,false,false,false,false,false,false,synthetic_od_from_public_poi
od-eea3527c1db6fede8784,광안사카바 (수영구),35.1565061,129.1244825,수영구,유가방 (동래구),35.1936752,129.102761,동래구,4.5803,medium_4_to_12km,coldwave_morning,coldwave,2026-12-07T08:30:00+09:00,false,false,false,false,false,false,synthetic_od_from_public_poi
od-ca47fc28a2784bdd2a79,플레뉴 플라워 (수영구),35.1696293,129.1183655,수영구,나비유통 (연제구),35.1873006,129.0774127,연제구,4.2089,medium_4_to_12km,transfer_min_evening,normal,2026-08-03T17:30:00+09:00,false,false,false,true,false,false,synthetic_od_from_public_poi
od-734f62ba2683500c7f1f,85퍼센트(85%) (수영구),35.1629196,129.1180805,수영구,역전할머니맥주 부산동삼점 (영도구),35.0803191,129.0702855,영도구,10.1615,medium_4_to_12km,bad_air_midday,dust,2026-08-03T12:30:00+09:00,false,false,false,false,false,false,synthetic_od_from_public_poi
od-cef80f4fb6ea9be8ce6e,으뜸병원 (동래구),35.2059627,129.0734652,동래구,파로스커피 (서구),35.0839198,129.0237555,서구,14.3035,long_12_to_25km,stroller_daytime,normal,2026-08-03T11:00:00+09:00,false,true,false,false,true,true,synthetic_od_from_public_poi
od-e456073da9757995badd,퀸스데이테라피 (사하구),35.0867243,129.0057957,사하구,부성자동차정비 (사상구),35.1810393,128.9816054,사상구,10.7156,medium_4_to_12km,balanced_morning,normal,2026-08-03T08:30:00+09:00,false,false,false,false,false,false,synthetic_od_from_public_poi
od-3dee1f8ce41874b56620,땡꼬김빱 (중구),35.1030106,129.0350675,중구,가온커피 (서구),35.0642845,129.0139288,서구,4.7162,medium_4_to_12km,bad_air_midday,dust,2026-08-03T12:30:00+09:00,false,false,false,false,false,false,synthetic_od_from_public_poi
od-f6299a313f7811e0e9fc,헤이!티(HEY!TEA) (기장군),35.320157,129.1839107,기장군,유부부 구서점 (금정구),35.2456528,129.0885932,금정구,11.9787,medium_4_to_12km,rain_evening,rain,2026-08-03T17:30:00+09:00,false,false,false,true,false,false,synthetic_od_from_public_poi
od-59b794b82419a422acc8,(주)제이에스두드림 (중구),35.1036656,129.0258764,중구,차이나궁 (부산진구),35.1576783,129.0665673,부산진구,7.0544,medium_4_to_12km,stroller_daytime,normal,2026-08-03T11:00:00+09:00,false,true,false,false,true,true,synthetic_od_from_public_poi
od-88d411b868e0f515c8e5,씨유(CU)온천아시아드점 (동래구),35.2207737,129.0820982,동래구,새요새지 (부산진구),35.1737538,129.05377,부산진구,5.8277,medium_4_to_12km,stroller_daytime,normal,2026-08-03T11:00:00+09:00,false,true,false,false,true,true,synthetic_od_from_public_poi
od-5e0629fb0948883b797d,헤일리 영어 공부방 (수영구),35.1636192,129.1131572,수영구,고은헤어&바디 (강서구),35.0975155,128.9220869,강서구,18.8667,long_12_to_25km,luggage_midday,normal,2026-08-03T12:30:00+09:00,true,false,false,true,false,false,synthetic_od_from_public_poi
od-5b219306dbad8ff443f6,브라이튼 (동래구),35.1968895,129.06852,동래구,하와수포차 (강서구),35.1501097,128.8341024,강서구,21.9325,long_12_to_25km,stroller_daytime,normal,2026-08-03T11:00:00+09:00,false,true,false,false,true,true,synthetic_od_from_public_poi
od-6f385eb3a6ecd20b706d,삼호골프골프 (해운대구),35.1931777,129.1194759,해운대구,(주)SMH스포츠 롯데아울렛 동부산점 (기장군),35.192323,129.2124953,기장군,8.4533,medium_4_to_12km,stroller_daytime,normal,2026-08-03T11:00:00+09:00,false,true,false,false,true,true,synthetic_od_from_public_poi
od-0ac236a94455baa4b19f,루헤어살롱 (사상구),35.1876713,128.9878475,사상구,하빈상회 (사상구),35.1741169,128.9875619,사상구,1.5074,short_1_5_to_4km,heat_shade_midday,heatwave,2026-08-03T14:30:00+09:00,false,false,true,false,false,false,synthetic_od_from_public_poi
od-7dcdd0185a31dc4a2ffc,블리스헤어 (북구),35.2118935,129.028617,북구,가원조명 (강서구),35.1122721,128.8836495,강서구,17.2155,long_12_to_25km,transfer_min_evening,normal,2026-08-03T17:30:00+09:00,false,false,false,true,false,false,synthetic_od_from_public_poi
od-a6a458951b16e0f031f3,삼호골프골프 (해운대구),35.1931777,129.1194759,해운대구,지니키즈스윔스쿨 (동래구),35.2083498,129.0630034,동래구,5.4014,medium_4_to_12km,balanced_morning,normal,2026-08-03T08:30:00+09:00,false,false,false,false,false,false,synthetic_od_from_public_poi
od-921331ad51b6753ee541,동래 도미다리 횟집 (동래구),35.2110518,129.0744758,동래구,강대감손칼국수 (북구),35.2075792,129.0031379,북구,6.4927,medium_4_to_12km,balanced_morning,normal,2026-08-03T08:30:00+09:00,false,false,false,false,false,false,synthetic_od_from_public_poi
od-250fc0b2f83eecb81944,연제제이에스(JS)영수학원 (연제구),35.1916386,129.0893322,연제구,꽈다당 (기장군),35.2965028,129.2587506,기장군,19.3048,long_12_to_25km,coldwave_morning,coldwave,2026-12-07T08:30:00+09:00,false,false,false,false,false,false,synthetic_od_from_public_poi
od-2c128b1802935ae7c72d,아이스나라 경성대점 (남구),35.1374719,129.103178,남구,아이씨옵틱스 (남구),35.1431847,129.0751643,남구,2.6253,short_1_5_to_4km,luggage_midday,normal,2026-08-03T12:30:00+09:00,true,false,false,true,false,false,synthetic_od_from_public_poi
od-698cc6ff1f5f5770aa81,남천골프스스크린연습장 (수영구),35.1425919,129.1093006,수영구,사랑방메기탕화명점 (북구),35.2327947,129.0091738,북구,13.5424,long_12_to_25km,rain_evening,rain,2026-08-03T17:30:00+09:00,false,false,false,true,false,false,synthetic_od_from_public_poi
od-21e08ef274d2367d5439,경원한복 (동구),35.1355934,129.0587967,동구,고등어연구소 부산역점 (동구),35.1139978,129.0386257,동구,3.0219,short_1_5_to_4km,transfer_min_evening,normal,2026-08-03T17:30:00+09:00,false,false,false,true,false,false,synthetic_od_from_public_poi
od-3715343d6ae9b0770d3d,강순옥성형외과 (수영구),35.167843,129.115119,수영구,더빔 한복 (동구),35.1380074,129.0591538,동구,6.0741,medium_4_to_12km,bad_air_midday,dust,2026-08-03T12:30:00+09:00,false,false,false,false,false,false,synthetic_od_from_public_poi
od-5be3733a0becb4b8d4e1,허준보건탕 (금정구),35.2273716,129.1185276,금정구,동래한바퀴 (동래구),35.2107483,129.0818204,동래구,3.8126,short_1_5_to_4km,heat_shade_midday,heatwave,2026-08-03T14:30:00+09:00,false,false,true,false,false,false,synthetic_od_from_public_poi
od-d68aebbd9e86a4cfd8b9,(주)영남교통 (남구),35.1509659,129.0911678,남구,빅부즈 2호점 (서구),35.0781235,129.021647,서구,10.2758,medium_4_to_12km,stroller_daytime,normal,2026-08-03T11:00:00+09:00,false,true,false,false,true,true,synthetic_od_from_public_poi
od-a477164fdcd7a7491514,메라키(MERAKI) (연제구),35.1874494,129.106479,연제구,아카이브(Archive) (연제구),35.1830027,129.0735545,연제구,3.0327,short_1_5_to_4km,stroller_daytime,normal,2026-08-03T11:00:00+09:00,false,true,false,false,true,true,synthetic_od_from_public_poi
od-87f5e99cde8c4ba32240,자연정 (기장군),35.2383911,129.2445049,기장군,김순국 (기장군),35.3270591,129.2785642,기장군,10.3328,medium_4_to_12km,heat_shade_midday,heatwave,2026-08-03T14:30:00+09:00,false,false,true,false,false,false,synthetic_od_from_public_poi
od-0e8bb5b0ae5455bb922b,더마트 (해운대구),35.1827782,129.2027009,해운대구,아이씨옵틱스 (남구),35.1431847,129.0751643,남구,12.4014,long_12_to_25km,rain_evening,rain,2026-08-03T17:30:00+09:00,false,false,false,true,false,false,synthetic_od_from_public_poi
od-6a854fba92d1e58725f0,그라운디댄스학원 (남구),35.1385968,129.0804313,남구,금명상사 (북구),35.2356473,129.0150993,북구,12.3169,long_12_to_25km,stroller_daytime,normal,2026-08-03T11:00:00+09:00,false,true,false,false,true,true,synthetic_od_from_public_poi
od-dc174d5593f163b91554,대도상사 (영도구),35.0848061,129.0721383,영도구,소소한 새참 (강서구),35.1362773,128.8582516,강서구,20.28,long_12_to_25km,rain_evening,rain,2026-08-03T17:30:00+09:00,false,false,false,true,false,false,synthetic_od_from_public_poi
od-f7e5670ee7cc81e0ce00,예강헤어 (금정구),35.2652464,129.0894704,금정구,블랙바디PT GYM (금정구),35.2379862,129.0871627,금정구,3.0384,short_1_5_to_4km,heat_shade_midday,heatwave,2026-08-03T14:30:00+09:00,false,false,true,false,false,false,synthetic_od_from_public_poi
od-801abbc2bae6436b531c,고등어연구소 부산역점 (동구),35.1139978,129.0386257,동구,경원한복 (동구),35.1355934,129.0587967,동구,3.0219,short_1_5_to_4km,heat_shade_midday,heatwave,2026-08-03T14:30:00+09:00,false,false,true,false,false,false,synthetic_od_from_public_poi
od-79fe0d51266f4352ccf1,대동장터국수 (동래구),35.1977616,129.0595256,동래구,우리집밥 (서구),35.0931858,129.0228765,서구,12.0964,long_12_to_25km,rain_evening,rain,2026-08-03T17:30:00+09:00,false,false,false,true,false,false,synthetic_od_from_public_poi
od-694a3b6cd4ef2c05bfe4,제일횟집 (동래구),35.2053782,129.0805535,동래구,이에스아이(ESI)어학원 (금정구),35.2257675,129.0825067,금정구,2.2741,short_1_5_to_4km,rain_evening,rain,2026-08-03T17:30:00+09:00,false,false,false,true,false,false,synthetic_od_from_public_poi
od-56c13e7ac7570cbfd4b1,배대포차 (부산진구),35.1561536,129.0613994,부산진구,간이역 (사상구),35.184338,128.9946322,사상구,6.8303,medium_4_to_12km,coldwave_morning,coldwave,2026-12-07T08:30:00+09:00,false,false,false,false,false,false,synthetic_od_from_public_poi
od-cf3c1bc3f66284db47bd,예강헤어 (금정구),35.2652464,129.0894704,금정구,쉐이드(SHADE) (금정구),35.2797214,129.0761085,금정구,2.0154,short_1_5_to_4km,coldwave_morning,coldwave,2026-12-07T08:30:00+09:00,false,false,false,false,false,false,synthetic_od_from_public_poi
od-0b6660cd45e26c87eeaa,황금어장 (영도구),35.0889605,129.0627737,영도구,잔나비부부 (영도구),35.087731,129.0457644,영도구,1.5537,short_1_5_to_4km,rain_evening,rain,2026-08-03T17:30:00+09:00,false,false,false,true,false,false,synthetic_od_from_public_poi
od-d3b289501c46c701e2f1,로코네일 (사상구),35.1662116,128.9831602,사상구,마린분식 (중구),35.1052319,129.0356089,중구,8.29,medium_4_to_12km,transfer_min_evening,normal,2026-08-03T17:30:00+09:00,false,false,false,true,false,false,synthetic_od_from_public_poi
od-3aefda2c86629a88449b,가야반점 (부산진구),35.1524175,129.0356764,부산진구,신풍에그팜 농업회사법인 주식회사 (금정구),35.2955452,129.1098085,금정구,17.281,long_12_to_25km,transfer_min_evening,normal,2026-08-03T17:30:00+09:00,false,false,false,true,false,false,synthetic_od_from_public_poi
od-55ad0bdcd105d30c7e48,레몬트리에스테틱 (수영구),35.1398077,129.1086538,수영구,경희식당 (수영구),35.174423,129.1163162,수영구,3.9116,short_1_5_to_4km,stroller_daytime,normal,2026-08-03T11:00:00+09:00,false,true,false,false,true,true,synthetic_od_from_public_poi
od-a0f939ba409d2f00435f,남부반점 (서구),35.0882101,129.0234669,서구,차이나궁 (부산진구),35.1576783,129.0665673,부산진구,8.6622,medium_4_to_12km,stroller_daytime,normal,2026-08-03T11:00:00+09:00,false,true,false,false,true,true,synthetic_od_from_public_poi
od-150a9b066352670a2c2f,광안리 카페 이플 (수영구),35.1501793,129.1135118,수영구,동백약국 (해운대구),35.1597296,129.1507049,해운대구,3.5442,short_1_5_to_4km,heat_shade_midday,heatwave,2026-08-03T14:30:00+09:00,false,false,true,false,false,false,synthetic_od_from_public_poi
od-953b700022244b7bd798,(주)부영에너지 (사상구),35.1542462,128.9794104,사상구,it안경원 (중구),35.1007739,129.0357598,중구,7.8495,medium_4_to_12km,rain_evening,rain,2026-08-03T17:30:00+09:00,false,false,false,true,false,false,synthetic_od_from_public_poi
od-cfdd0d5baf9a2aa62eaa,대성탕 (동구),35.119322,129.033655,동구,부산탁구마트 (금정구),35.2186077,129.1125187,금정구,13.1632,long_12_to_25km,heat_shade_midday,heatwave,2026-08-03T14:30:00+09:00,false,false,true,false,false,false,synthetic_od_from_public_poi
od-f0cd35180d9341705dff,그린플러스 방충망 (북구),35.2557384,129.0142833,북구,남천골프스스크린연습장 (수영구),35.1425919,129.1093006,수영구,15.2587,long_12_to_25km,stroller_daytime,normal,2026-08-03T11:00:00+09:00,false,true,false,false,true,true,synthetic_od_from_public_poi
od-f49fe752eb48cd5ec2b7,Anna (부산진구),35.150992,129.0270851,부산진구,가원조명 (강서구),35.1122721,128.8836495,강서구,13.7361,long_12_to_25km,transfer_min_evening,normal,2026-08-03T17:30:00+09:00,false,false,false,true,false,false,synthetic_od_from_public_poi
od-e077b639ad729c46b00d,결아트뷰티 (강서구),35.0863305,128.9081799,강서구,자갈치브라더스 사하구평점 (사하구),35.081481,128.9876082,사하구,7.2474,medium_4_to_12km,transfer_min_evening,normal,2026-08-03T17:30:00+09:00,false,false,false,true,false,false,synthetic_od_from_public_poi
od-92507c453bc9c3811a22,두달팽이 (해운대구),35.2310887,129.1562735,해운대구,허준보건탕 (금정구),35.2273716,129.1185276,금정구,3.4533,short_1_5_to_4km,luggage_midday,normal,2026-08-03T12:30:00+09:00,true,false,false,true,false,false,synthetic_od_from_public_poi
od-2a7ba884d612b3c374c8,문토스트(송도점) (서구),35.0738452,129.0158209,서구,나들리 (중구),35.1013023,129.0294083,중구,3.2939,short_1_5_to_4km,luggage_midday,normal,2026-08-03T12:30:00+09:00,true,false,false,true,false,false,synthetic_od_from_public_poi
od-b76e08c342a814445ea4,고슴도치프롤노의원 (부산진구),35.1618376,129.0618755,부산진구,박대포소금구이 (연제구),35.1865457,129.0857849,연제구,3.503,short_1_5_to_4km,heat_shade_midday,heatwave,2026-08-03T14:30:00+09:00,false,false,true,false,false,false,synthetic_od_from_public_poi
od-84873396da16d1637e1b,별장 (해운대구),35.1619615,129.1864816,해운대구,동백약국 (해운대구),35.1597296,129.1507049,해운대구,3.2618,short_1_5_to_4km,bad_air_midday,dust,2026-08-03T12:30:00+09:00,false,false,false,false,false,false,synthetic_od_from_public_poi
od-aa74492d5bc3ea263d85,대도상사 (영도구),35.0848061,129.0721383,영도구,청림숯불갈비 (중구),35.1126049,129.0356176,중구,4.538,medium_4_to_12km,luggage_midday,normal,2026-08-03T12:30:00+09:00,true,false,false,true,false,false,synthetic_od_from_public_poi
od-3ce2ce7b28c48348f353,닥터핏24 (금정구),35.2570093,129.0892089,금정구,GS25연제브라운점 (연제구),35.1769204,129.0809126,연제구,8.9373,medium_4_to_12km,heat_shade_midday,heatwave,2026-08-03T14:30:00+09:00,false,false,true,false,false,false,synthetic_od_from_public_poi
od-eaeb7f8d6e0bdba0cbc8,좋은 만남이 있는 곳 (영도구),35.0783809,129.0455033,영도구,한국가스산업(주)사상영업소 (사상구),35.1502231,128.990053,사상구,9.4475,medium_4_to_12km,balanced_morning,normal,2026-08-03T08:30:00+09:00,false,false,false,false,false,false,synthetic_od_from_public_poi
od-a7c0db75a404ba8591e9,지니모터스 (기장군),35.3253811,129.2060862,기장군,식사한끼 (기장군),35.3695534,129.2529779,기장군,6.4971,medium_4_to_12km,heat_shade_midday,heatwave,2026-08-03T14:30:00+09:00,false,false,true,false,false,false,synthetic_od_from_public_poi
od-ff10c5061dd16687d46e,파로스커피 (서구),35.0839198,129.0237555,서구,커피구단 대연점 (남구),35.1381886,129.0894729,남구,8.494,medium_4_to_12km,transfer_min_evening,normal,2026-08-03T17:30:00+09:00,false,false,false,true,false,false,synthetic_od_from_public_poi
od-149296721d766c17af4e,60계 부산해운대점 (해운대구),35.1622638,129.1619528,해운대구,그린유통 (사상구),35.1361506,128.9929039,사상구,15.6417,long_12_to_25km,bad_air_midday,dust,2026-08-03T12:30:00+09:00,false,false,false,false,false,false,synthetic_od_from_public_poi
od-c33c3cd7c382e5f3557c,경북산꼼장어2호점 (동구),35.1198411,129.0394347,동구,귀빈미용실 (동구),35.1404907,129.0554709,동구,2.7201,short_1_5_to_4km,bad_air_midday,dust,2026-08-03T12:30:00+09:00,false,false,false,false,false,false,synthetic_od_from_public_poi
od-d4d2faa9c1441e98b981,하와수포차 (강서구),35.1501097,128.8341024,강서구,삼성종합상사 (동래구),35.1982417,129.089692,동래구,23.8394,long_12_to_25km,balanced_morning,normal,2026-08-03T08:30:00+09:00,false,false,false,false,false,false,synthetic_od_from_public_poi
od-b97948c6a41ced071037,진토베기 (서구),35.0958035,129.0239914,서구,친절가스 (영도구),35.0628784,129.0804672,영도구,6.3099,medium_4_to_12km,balanced_morning,normal,2026-08-03T08:30:00+09:00,false,false,false,false,false,false,synthetic_od_from_public_poi
od-b817d9272c7522558cac,엠지마루정원카페 (연제구),35.1889956,129.0942541,연제구,크리로플 (남구),35.1316057,129.0997903,남구,6.4013,medium_4_to_12km,balanced_morning,normal,2026-08-03T08:30:00+09:00,false,false,false,false,false,false,synthetic_od_from_public_poi
od-4a481b5c6c8ab1f55bb1,대신상회 (서구),35.1103293,129.0197017,서구,수미쌈밥 (영도구),35.090005,129.0390151,영도구,2.8626,short_1_5_to_4km,coldwave_morning,coldwave,2026-12-07T08:30:00+09:00,false,false,false,false,false,false,synthetic_od_from_public_poi
od-19d2c22c02f66c1a9b03,김종구 식맛치킨 옛날통닭 정관점 (기장군),35.3237221,129.1768552,기장군,V(브이)모텔 (부산진구),35.1597627,129.0565217,부산진구,21.2559,long_12_to_25km,stroller_daytime,normal,2026-08-03T11:00:00+09:00,false,true,false,false,true,true,synthetic_od_from_public_poi
od-fcdb92e088b7ab8b8a3d,지아헤어 (사하구),35.0572609,128.9705106,사하구,부산시요가협회 (서구),35.0798135,129.0157928,서구,4.8241,medium_4_to_12km,heat_shade_midday,heatwave,2026-08-03T14:30:00+09:00,false,false,true,false,false,false,synthetic_od_from_public_poi
od-4d72e4fcc4e9c54dc2d7,이에스아이(ESI)어학원 (금정구),35.2257675,129.0825067,금정구,달빛고을 (북구),35.2082745,129.0376285,북구,4.5171,medium_4_to_12km,balanced_morning,normal,2026-08-03T08:30:00+09:00,false,false,false,false,false,false,synthetic_od_from_public_poi
od-a82f48c1bc3e96ceefe0,상구A&P (사상구),35.1608904,128.9802243,사상구,루헤어살롱 (사상구),35.1876713,128.9878475,사상구,3.0574,short_1_5_to_4km,stroller_daytime,normal,2026-08-03T11:00:00+09:00,false,true,false,false,true,true,synthetic_od_from_public_poi
od-859103997072734f0833,동화반점 (중구),35.1057899,129.0234529,중구,광안리 카페 이플 (수영구),35.1501793,129.1135118,수영구,9.5626,medium_4_to_12km,balanced_morning,normal,2026-08-03T08:30:00+09:00,false,false,false,false,false,false,synthetic_od_from_public_poi
od-55b5dcf7704507f38bfb,가야포차(연산점) (연제구),35.187913,129.1005343,연제구,문아트 (사상구),35.1539143,128.9994194,사상구,9.938,medium_4_to_12km,luggage_midday,normal,2026-08-03T12:30:00+09:00,true,false,false,true,false,false,synthetic_od_from_public_poi
od-15d5b12161e896929546,고려치과의원 (남구),35.1346938,129.0923826,남구,더빔 한복 (동구),35.1380074,129.0591538,동구,3.044,short_1_5_to_4km,heat_shade_midday,heatwave,2026-08-03T14:30:00+09:00,false,false,true,false,false,false,synthetic_od_from_public_poi
od-cc25cd0608f7e6db3a9f,가야포차(연산점) (연제구),35.187913,129.1005343,연제구,광안돼지국밥 (수영구),35.1587893,129.1145113,수영구,3.4787,short_1_5_to_4km,balanced_morning,normal,2026-08-03T08:30:00+09:00,false,false,false,false,false,false,synthetic_od_from_public_poi
od-3c08ea2d238d7dc0082f,경희식당 (수영구),35.174423,129.1163162,수영구,다락국밥 (남구),35.117549,129.1120972,남구,6.3357,medium_4_to_12km,balanced_morning,normal,2026-08-03T08:30:00+09:00,false,false,false,false,false,false,synthetic_od_from_public_poi
od-bcaedd33617fea42c0c0,청가옥숯불갈비 (강서구),35.0849057,128.8779469,강서구,결아트뷰티 (강서구),35.0863305,128.9081799,강서구,2.7555,short_1_5_to_4km,bad_air_midday,dust,2026-08-03T12:30:00+09:00,false,false,false,false,false,false,synthetic_od_from_public_poi
od-cbee226ab0b574e49647,디아이클린홈케어 (사하구),35.0685078,128.9794498,사하구,돌렘 (사하구),35.1011445,128.9817357,사하구,3.635,short_1_5_to_4km,heat_shade_midday,heatwave,2026-08-03T14:30:00+09:00,false,false,true,false,false,false,synthetic_od_from_public_poi
od-5239fbd00ebccff20617,크리로플 (남구),35.1316057,129.0997903,남구,광안사카바 (수영구),35.1565061,129.1244825,수영구,3.5647,short_1_5_to_4km,stroller_daytime,normal,2026-08-03T11:00:00+09:00,false,true,false,false,true,true,synthetic_od_from_public_poi
od-25871b8846435e3ba9d2,놀이터과일 (동래구),35.2008631,129.063818,동래구,이에스아이(ESI)어학원 (금정구),35.2257675,129.0825067,금정구,3.2483,short_1_5_to_4km,luggage_midday,normal,2026-08-03T12:30:00+09:00,true,false,false,true,false,false,synthetic_od_from_public_poi
od-f2bf27dd4865925fcdc7,계란조심 (부산진구),35.1752186,129.0740359,부산진구,이가돼지국밥 (강서구),35.1491688,128.8831103,강서구,17.5961,long_12_to_25km,luggage_midday,normal,2026-08-03T12:30:00+09:00,true,false,false,true,false,false,synthetic_od_from_public_poi
od-32843850b9ce665f8cbe,블리스헤어 (북구),35.2118935,129.028617,북구,성화뷰티 (북구),35.1966955,128.9937655,북구,3.5893,short_1_5_to_4km,transfer_min_evening,normal,2026-08-03T17:30:00+09:00,false,false,false,true,false,false,synthetic_od_from_public_poi
