연번,쉼터명,상세주소,경도,위도
1,오름라운지,부산광역시 중구 중앙대로 지하 17 (광복지하도상가),129.036643,35.099681
2,중앙동원로의집,부산광역시 중구 중앙대로115번길 1-6 (부원APT),129.035871,35.107881
3,중앙동주민센터,부산광역시 중구 중앙대로41번길 10,129.0353323,35.1013111
4,논치쉼터,부산광역시 중구 해관로85번길 9 (중앙동4가),129.0350622,35.1067353
5,동광동할머니원로의집,부산광역시 중구 동광길111번길 11 (동광동원로의집),129.034998,35.107894
6,동광동주민센터,부산광역시 중구 동광길 105 (동광동5가),129.0352151,35.1074067
7,한태쉼터,부산광역시 중구 동광동5가 50-8,129.0343618,35.1081096
8,백산기념관쉼터,부산광역시 중구 백산길 11,129.0346544,35.1019883
9,대청파출소,부산광역시 중구 중구로 103-1,129.031379,35.105868
10,중구일자리지원센터,부산광역시 중구 중구로 97 (봉생복지 문화관),129.031195,35.105562
11,대청망양원로의집,부산광역시 중구 망양로335번길 6,129.029702,35.107901
12,대청행복원로의집,부산광역시 중구 대청로99번길 18-3,129.030921,35.104369
13,대청만우원로의집,부산광역시 중구 중구로91번안길 15 (새들맨션경로당),129.029656,35.104894
14,대청공원원로의집,부산광역시 중구 망양로355번길 37,129.028862,35.106255
15,동광동원로의집,부산광역시 중구 샘길 12,129.0329123,35.1064496
16,금수현의음악살롱,부산광역시 중구 망양로355번길 22,129.0294276,35.1076649
17,중구종합사회복지관,부산광역시 중구 망양로 309,129.028015,35.105658
18,화목원로의집,부산광역시 중구 대청북길 14 (대청동4가 근영빌라),129.0288314,35.1053265
19,대청동주민센터,부산광역시 중구 대청로99번길 14-1 (대청동2가),129.0310791,35.1042359
20,복병산체육공원,부산광역시 중구 샘길 10,129.0324618,35.1056348
21,대청쉼터,부산광역시 중구 대청로 79-1 ,129.0312588,35.1050654
22,대청마루쉼터,부산광역시 중구 중구로 71,129.0289666,35.1040494
23,청년마루,부산광역시 중구 법수길 61 (보수동1가),129.025003,35.106498
24,보수파출소,부산광역시 중구 흑교로 77,129.023374,35.10597
25,효행쉼터,부산광역시 중구 보수동1가 59-489,129.027978,35.105834
26,보수매화원로의집,부산광역시 중구 보수대로124번길 21-7,129.022813,35.106037
27,보수2가원로의집,부산광역시 중구 보수대로124번길 21-7,129.022813,35.106037
28,보수부녀원로의집,부산광역시 중구 흑교로52번길 6 (보수경노회관),129.025281,35.104217
29,보수동원로의집,부산광역시 중구 흑교로52번길 6 (보수경노회관),129.025281,35.104217
30,대림에이스원로의집,부산광역시 중구 법수길 74 (대림에이스타운상가),129.025407,35.106697
31,구름다리원로의집,부산광역시 중구 법수길 76,129.024997,35.107168
32,보수보혜원로의집,부산광역시 중구 보동길 17 (보혜원로의집),129.026851,35.104822
33,보수대밭골원로의집,부산광역시 중구 고가길 32 (보수동1가),129.0261734,35.1046002
34,중구노인복지관,부산광역시 중구 책방골목길 3-1,129.026165,35.104283
35,죽화원로의집,부산광역시 중구 망양로 252 (보수동1가 ),129.0246204,35.1084731
36,보수새마을원로의집,부산광역시 중구 망양로319번길 26,129.0269725,35.1065764
37,보수동행정주민센터,부산광역시 중구 보수대로140번길 61,129.024571,35.106146
38,보수중복도로쉼터,부산광역시 중구 보수동1가 60-96,129.0270093,35.1048965
39,보수공영주차장쉼터,부산광역시 중구 중구로75번길 25,129.0278727,35.10389
40,샘물쉼터,부산광역시 중구 보수동3가 19,129.0214923,35.1049854
41,부평희망원로의집,부산광역시 중구 흑교로25번길 25-1,129.022378,35.101885
42,부평동주민센터,부산광역시 중구 중구로29번길 23,129.026565,35.100351
43,부평동원로의집,부산광역시 중구 부평동2가 65-2,129.025387,35.100631
44,청년작당소,부산광역시 중구 광복중앙로 13,129.03075,35.100512
45,광복로문화다락,부산광역시 중구 광복로 56-12,129.031153,35.098965
46,창선치안센터,부산광역시 중구 광복중앙로 3,129.031131,35.099534
47,광복동주민센터,부산광역시 중구 광복로55번길 10 (신창동1가),129.0304032,35.0999854
48,광복쉼터,부산광역시 중구 대청로90번길 6-1 ,129.0352925,35.0983769
49,부산청년센터,부산광역시 중구 자갈치해안로 52 (자갈치시장),129.03112,35.096719
50,남포동주민센터,부산광역시 중구 자갈치로 68-1 (남포동4가),129.0316692,35.0973586
51,우남이채롬원로의집,부산광역시 중구 초량상로 13 (우남이채롬101동),129.035275,35.113651
52,대명원로의집,부산광역시 중구 중구로 182-6,129.034818,35.110852
53,부산터널옆화단,부산광역시 중구 영주동 470-9,129.033861,35.112107
54,영주1동주민센터,부산광역시 중구 대영로224번길 10,129.035029,35.111119
55,영주1동원로의집,부산광역시 중구 초량상로7번길 11,129.034131,35.113223
56,하늘쉼터,부산광역시 중구 영주동 675-1,129.0350239,35.1101545
57,언덕마루쉼터,부산광역시 중구 영주동 489-2,129.0331757,35.111616
58,박기종기념관,부산광역시 중구 망양로 362,129.031057,35.109258
59,영주어린이공원,부산광역시 중구 영주동 274-11,129.030768,35.111506
60,중구웰빙체육관,부산광역시 중구 영주로 89,129.031611,35.114805
61,시민1호동원로의집,부산광역시 중구 망양로 421 (시민APT1호동),129.029685,35.114534
62,은하아파트원로의집,부산광역시 중구 영주로 87 (은하아파트2호동),129.030912,35.114438
63,동아11블럭원로의집,부산광역시 중구 영주로 65 (동아아파트101동),129.029825,35.112622
64,동아9블럭원로의집,부산광역시 중구 영주로 73 (동아아파트103동),129.030045,35.113876
65,영주금호타운원로의집,부산광역시 중구 영주로 49 (금호타운상가동),129.030204,35.111397
66,영주충효원로의집,부산광역시 중구 동영로73번길 3,129.031934,35.111809
67,자유원로의집,부산광역시 중구 망양로 371-3 (영주동),129.0302342,35.1097896
68,영주아파트원로의집,부산광역시 중구 망양로 396 (영주동),129.0299714,35.1126859
69,영주2동원로의집,부산광역시 중구 영초길 103 (영주동),129.0325892,35.1141823
70,영주2동주민센터,부산광역시 중구 동영로 71-2,129.031823,35.111592
71,중구노인복지관분관,부산광역시 중구 영주로 8-1,129.032526,35.11016
72,산리마을회관,부산광역시 중구 영주로 21,129.0313759,35.109501
73,영주동공영주차장쉼터,부산광역시 중구 영주동 463-3,129.0321625,35.1110055
74,서구종합사회복지관,부산광역시 서구 망양로193번길 104,129.026055,35.110952
75,서구장애인복지관,부산광역시 서구 보수대로154번길 36,129.023568,35.110744
76,동대신1동주민센터,부산광역시 서구 구덕로280번길 32 (동대신동1가),129.0202135,35.1096141
77,장수동일경로당,부산광역시 서구 망양로 224-3 (동대신동1가),129.0244997,35.1105905
78,동대신교쌈지공원,부산광역시 서구 동대신동2가 77-117,129.0224813,35.1144633
79,동대신2동주민센터,부산광역시 서구 보동길275번길 9 (동대신동2가),129.0232337,35.112958
80,서부동대2부녀경로당,부산광역시 서구 보수대로210번길 2 (동대신동2가),129.0206963,35.1139102
81,구덕골경로당,부산광역시 서구 보수대로230번길 17 (동대신동3가),129.0194169,35.115514
82,동대신3동주민센터,부산광역시 서구 대영로73번길 92,129.017254,35.114461
83,서대신1동주민센터,부산광역시 서구 구덕로315번길 49 (서대신동2가),129.0143904,35.1110951
84,서대2경로당,부산광역시 서구 대티로 129-5 (서대신동2가),129.0094739,35.1107572
85,산월경로당,부산광역시 서구 해돋이로 381,129.012321,35.106489
86,한새마을1080공유센터,부산광역시 서구 대티로179번길 49-1 (서대신동3가),129.0130305,35.1136842
87,서대신3동주민센터,부산광역시 서구 대신로 27 (서대신동3가),129.0119362,35.1134758
88,종단크레킹숲길꽃마을시장시점,부산광역시 서구 서대신동3가 산 23-3,129.007026,35.1272213
89,시약로공영주차장하부쉼터,부산광역시 서구 서대신동3가 31-45,129.0096458,35.119461
90,서대신4동주민센터,부산광역시 서구 꽃마을로 58 (서대신동3가),129.0117672,35.1192263
91,꽃마을부녀경로당,부산광역시 서구 꽃마을로163번길 7 (서대신동3가),129.0068266,35.1273566
92,부민경로당맞은편파고라,부산광역시 서구 해돋이로 321  (부민동3가),129.0170553,35.1050958
93,부민동주민센터,부산광역시 서구 임시수도기념로 22-11 (부민동3가),129.0184888,35.103819
94,부민노인복지관,부산광역시 서구 부용로 30 (부용동2가),129.0180919,35.1074594
95,연탄은행더함센터작은도서관,부산광역시 서구 구덕로157번길 33 (아미동2가),129.0181106,35.0987192
96,천부경로당,부산광역시 서구 아미로 19-1 (아미동2가),129.01195,35.098752
97,송이경로당,부산광역시 서구 천마산로 416 (아미동2가),129.0145621,35.0984054
98,아미동주민센터,부산광역시 서구 해돋이로269번길 17 (아미동2가),129.015412,35.100207
99,아미1경로당,부산광역시 서구 구덕로185번길 28 (아미동2가),129.0182796,35.1013723
100,초장동주민쉼터2층,부산광역시 서구 초장로 37 (초장동),129.0204898,35.0954735
101,초향경로당,부산광역시 서구 해돋이로 182 (초장동),129.018454,35.0934281
102,초장동주민센터,부산광역시 서구 초장로27번길 32,129.020265,35.095971
103,부산기독교종합사회복지관,부산광역시 서구 까치고개로229번길 40 (부산기독교종합사회복지관),129.021105,35.101398
104,서구청사소공원,부산광역시 서구 구덕로 120 (서구청),129.023883,35.097582
105,서구청본관1층민원실,부산광역시 서구 구덕로 120 (서구청),129.023883,35.097582
106,산해할머니경로당,부산광역시 서구 천마로205번길 53 (충무동2가),129.0218416,35.0958356
107,산해경로당,부산광역시 서구 천마로205번길 53 (충무동2가),129.0218309,35.0958532
108,충무경로당,부산광역시 서구 까치고개로 233-2 (토성동2가),129.0213373,35.0998801
109,충무동100년가로공원,부산광역시 서구 천마로 232-2 (충무동2가),129.0220106,35.0959782
110,충무동주민센터,부산광역시 서구 구덕로148번길 16,129.021637,35.098074
111,남일경로당,부산광역시 서구 천마로 176 (남부민동),129.0228716,35.091262
112,천마경로당,부산광역시 서구 해돋이로 156 (남부민동),129.0199479,35.0916702
113,남부민1동주민센터앞마당,부산광역시 서구 충무대로255번길 5-26,129.0233963,35.0927783
114,남부민1동주민센터,부산광역시 서구 충무대로255번길 5-26 (남부민동),129.0233034,35.0927522
115,부암경로당,부산광역시 서구 천해로34번길 1 (남부민동),129.015871,35.084388
116,상조경로당,부산광역시 서구 해돋이로 55,129.019324,35.08435
117,샛디체력단련장,부산광역시 서구 해돋이로 59,129.019595,35.084686
118,남부민2동주민센터,부산광역시 서구 천마로 87,129.020528,35.084485
119,정림경로당,부산광역시 서구 감천로 271 (암남동 송도정림비치타운),129.0174401,35.0805512
120,사랑쉼표,부산광역시 서구 천마로 25 (암남동),129.0203,35.0806
121,암남동주민센터,부산광역시 서구 충무대로 83 (암남동),129.0207714,35.0798598
122,서구노인복지관,부산광역시 서구 장군산로46번길 21,129.014312,35.073125
123,초일부녀경로당,부산광역시 동구 망양로478번길 16,129.034631,35.117127
124,초강부녀경로당,부산광역시 동구 초량상로35번길 18,129.035708,35.115614
125,이바구정거장(캐리어보관소),부산광역시 동구 초량동 994-315,129.0360305,35.1170017
126,한국방송통신전파진흥원(KCA)부산본부,부산광역시 동구 초량중로 29 (초량동),129.0368271,35.1147132
127,초량1동행정복지센터,부산광역시 동구 중앙대로179번길 33 (초량동),129.0369639,35.1139519
128,초강경로당,부산광역시 동구 초량상로35번길 18 (초량동),129.0356603,35.1156435
129,초일경로당,부산광역시 동구 망양로478번길 16 (초량동),129.034633,35.1171201
130,우국부녀경로당,부산광역시 동구 초량로60번길 12,129.036711,35.120098
131,더나눔어린이작은도서관,부산광역시 동구 영초윗길 48 (더나눔),129.032689,35.118494
132,죽림공동체,부산광역시 동구 초량상로63번가길 28 (초량동),129.0365562,35.1187655
133,초량이바구방재공원,부산광역시 동구 초량동 859-46,129.0334693,35.1185296
134,망양로산복도로전시관,부산광역시 동구 망양로 488 (초량동),129.0331883,35.1177039
135,새마을경로당,부산광역시 동구 초량남로 32,129.0328574,35.1193616
136,일팔경로당,부산광역시 동구 영초길211번길 13 (초량동),129.0351722,35.1179867
137,우국경로당,부산광역시 동구 초량로60번길 12 (초량동),129.0366957,35.1201016
138,초량2동행정복지센터,부산광역시 동구 중앙대로209번길 30 (초량동),129.038482,35.1165014
139,이바구공작소,부산광역시 동구 망양로486번길 14-13,129.033836,35.117111
140,장기려박사더나눔,부산광역시 동구 영초윗길 48,129.032701,35.118499
141,마실한바쿠,부산광역시 동구 영초윗길 55 (초량동),129.0325221,35.1187721
142,초량새마을금고본점,부산광역시 동구 초량상로 75,129.037978,35.118472
143,초량이바구작은도서관,부산광역시 동구 초량중로 113 (이바구복합문화체육센터),129.040537,35.12173
144,초삼경로당,부산광역시 동구 초량상로 118-4,129.040168,35.121865
145,정발장군동상옆쌈지공원(초량3동소규모마을공원),부산광역시 동구 초량동 1147-21,129.0420415,35.120287
146,초량3동행정복지센터,부산광역시 동구 초량상로 112 (초량동),129.039858,35.1214004
147,부산중학교후문쌈지공원,부산광역시 동구 초량동 773-1,129.0377365,35.1226387
148,선화부녀경로당,부산광역시 동구 초량로80번길 32 (초량동),129.0347508,35.1215169
149,초량6동행정복지센터(2층),부산광역시 동구 초량로 75 (초량동),129.0344533,35.1200183
150,정화경로당,부산광역시 동구 구봉중길5번길 2 (초량동),129.034169,35.1261632
151,구봉경로당,부산광역시 동구 망양로610번길 57 (초량동),129.0366125,35.1226794
152,선화경로당,부산광역시 동구 초량로80번길 32 (초량동),129.0347537,35.1215321
153,연화경로당,부산광역시 동구 초량남로 51-8 (초량동),129.0305078,35.1189586
154,팔남매의단칸방,부산광역시 동구 망양로533번길 39,129.028573,35.118273
155,유치환의우체통(2층),부산광역시 동구 망양로580번길 2,129.033822,35.122087
156,이바구캠프도시민박촌(1층),부산광역시 동구 망양로533번길 30-8 (초량동),129.0285954,35.1190464
157,동구노인복지관분관,부산광역시 동구 초량남로 12 (초량동),129.0348449,35.1195839
158,고관부녀경로당,부산광역시 동구 홍곡로 80-3 (수정동고관경로당),129.043324,35.125493
159,수정1배수지,부산광역시 동구 망양로 672,129.0403277,35.1262402
160,고관경로당,부산광역시 동구 홍곡로 80-3 (수정동),129.0433207,35.1255007
161,수정1동행정복지센터,부산광역시 동구 홍곡로 71 (수정동),129.042221,35.1253997
162,아르미나경로당,부산광역시 동구 홍곡남로 50 (수정동 아르미나아파트),129.0375727,35.1256827
163,동구노인종합복지관,부산광역시 동구 홍곡중로5번길 24 (수정동),129.0404078,35.1257771
164,동구장애인복지관,부산광역시 동구 망양로 748 (동구장애인복지관),129.040443,35.130937
165,동구시민마당들락날락어린이작은도서관,부산광역시 동구 중앙대로 374 (코로나19예방접종센터),129.049039,35.128526
166,부산진역(마을버스)배리어프리스테이션,부산광역시 동구 중앙대로 365,129.047946,35.128186
167,협성휴포레경로당,부산광역시 동구 중앙대로 357 (수정동 협성휴포레·부산진역 오션뷰),129.0468,35.1277
168,수정2동작은도서관쌈지공원,부산광역시 동구 수정동 1105-81,129.0389406,35.1318332
169,고지대그린테마공원,부산광역시 동구 수정동 771-1,129.0401405,35.130645
170,수정2동행정복지센터,부산광역시 동구 수정중로11번길 23 (수정동),129.042618,35.1299627
171,망양경로당,부산광역시 동구 수정서로 20-1,129.043039,35.13101
172,망양부녀경로당,부산광역시 동구 수정서로 20-1,129.043039,35.13101
173,수운경로당,부산광역시 동구 망양로737번길 11 (수정동),129.0401047,35.1298596
174,만리경로당,부산광역시 동구 수정공원로 71-8 (수정동),129.0391096,35.132584
175,수정애마을,부산광역시 동구 망양로756번길 38 (수정동),129.0418106,35.1304584
176,조양경로당,부산광역시 동구 수정서로 20-1 (수정동),129.0430149,35.1309893
177,외솔부녀경로당,부산광역시 동구 수정남로 9-16,129.043887,35.126611
178,03-157수정4동(종점)배리어프리스테이션,부산광역시 동구 수정공원남로 38 (수정4동 주민복합커뮤니티),129.038794,35.127414
179,수정동우리동네방재공원,부산광역시 동구 수정동 969-194,129.0419542,35.1266025
180,수정4동소규모테마체육공원,부산광역시 동구 수정동 960-1,129.0385467,35.1287543
181,수정4동행정복지센터,부산광역시 동구 망양로685번길 2 (수정동),129.0406787,35.1270889
182,수정4동경로당,부산광역시 동구 수정공원남로 38 (수정동),129.0389943,35.1274421
183,남성경로당,부산광역시 동구 수정공원로 5,129.041226,35.128219
184,외솔경로당,부산광역시 동구 수정남로 9-16 (수정동),129.0438572,35.1266348
185,수정마루,부산광역시 동구 망양로689번길 26 (수정동),129.0395,35.1274
186,동구중앙새마을금고수정지점,부산광역시 동구 망양로 691-1,129.041066,35.127523
187,수동부녀경로당,부산광역시 동구 수정공원북로 13 (부산시동구대한노인회),129.046166,35.137456
188,수오부녀경로당,부산광역시 동구 망양로795번길 28 (수정5동경로당),129.041255,35.134434
189,수정부녀경로당,부산광역시 동구 수정중로37번가길 4,129.044854,35.132279
190,수정5동실버특화작은도서관,부산광역시 동구 망양로795번길 2 (수정5동복합커뮤니티센터),129.042398,35.133901
191,수성아파트체육공원,부산광역시 동구 수정동 440-16,129.0437929,35.1365909
192,수정5동행정복지센터,부산광역시 동구 망양로795번길 2,129.04237,35.133864
193,새마을금고범곡제3지점,부산광역시 동구 망양로 800 (수정동),129.0428862,35.1339594
194,수오경로당,부산광역시 동구 망양로795번길 28 (수정동),129.0412742,35.1344376
195,수동경로당,부산광역시 동구 수정공원북로 13 (수정동),129.0461612,35.1374668
196,수정경로당,부산광역시 동구 수정중로37번가길 4 (수정동),129.0448496,35.1322857
197,수정골마실,부산광역시 동구 수성로41번길 12 (수정동),129.0437713,35.135723
198,능풍장부녀경로당,부산광역시 동구 능풍길 8 (능풍장경로당),129.047247,35.132111
199,좌일부녀경로당,부산광역시 동구 정공단로21번가길 23 (좌일경로당),129.053959,35.136046
200,성북VR만화카페,부산광역시 동구 성북로 31 (좌천동),129.0496008,35.1367539
201,좌천삼거리쌈지공원,부산광역시 동구 좌천동 195-1,129.053906,35.133503
202,두리슈퍼앞쌈지공원,부산광역시 동구 좌천동 834-10,129.0479372,35.1325821
203,좌천동행정복지센터,부산광역시 동구 좌천남로 19,129.0491543,35.1313898
204,좌일경로당,부산광역시 동구 정공단로21번가길 23,129.0539618,35.1360449
205,좌이경로당,부산광역시 동구 증산로 51,129.0499363,35.1330023
206,능풍장경로당,부산광역시 동구 능풍길 8,129.0472419,35.1321178
207,좌사경로당,부산광역시 동구 성북로55번길 22,129.0481468,35.1381115
208,학원경로당,부산광역시 동구 성북로55번길 22,129.0481468,35.1381115
209,성북경로당,부산광역시 동구 성북로22번길 17 (좌천동 좌천시민아파트),129.0499109,35.1361002
210,좌수경로당,부산광역시 동구 증산로8번길 9,129.0464824,35.1347296
211,동심경로당,부산광역시 동구 증산로8번길 9,129.0464824,35.1347296
212,쉼터경로당,부산광역시 동구 고관로153번길 8-4 (좌천동),129.0499431,35.131417
213,부산포개항문화관,부산광역시 동구 증산로 100,129.052932,35.135641
214,증산해마루,부산광역시 동구 증산서로 24 (좌천동),129.0488997,35.1366574
215,가마뫼나들목,부산광역시 동구 증산로 74,129.0513847,35.1337825
216,좌천생활문화센터,부산광역시 동구 증산서로 18-1 (좌천동),129.0486127,35.1361507
217,호랭이마을꿈터작은도서관,부산광역시 동구 안창로 57 (동구종합사회복지관),129.042526,35.14553
218,동구도서관,부산광역시 동구 성북로36번길 54 (동구도서관),129.051415,35.137696
219,03-175한성기린아파트배리어프리스테이션,부산광역시 동구 범일동 62-775,129.056704,35.139145
220,03-014성북고개배리어프리스테이션,부산광역시 동구 범일동 1433-2,129.048099,35.138776
221,동구만화체험관,부산광역시 동구 성북로 42-1 (범일동),129.0497768,35.1378199
222,증산부녀경로당앞평상,부산광역시 동구 증산로 153-8,129.0526842,35.1394924
223,아리랑고개카페,부산광역시 동구 망양로 880-1 (범일동),129.0483633,35.138989
224,널박경로당,부산광역시 동구 범곡로33번가길 11,129.0553856,35.1399643
225,증산경로당,부산광역시 동구 증산로 153-8 (범일동),129.0526038,35.1394496
226,증산부녀경로당,부산광역시 동구 증산로 153-8 (범일동),129.0525717,35.1394386
227,범일경로당,부산광역시 동구 증산동로 74-1 (범일동),129.0536848,35.137844
228,한성기린경로당,부산광역시 동구 중앙대로 514 (범일동 한성기린프라자),129.0569651,35.1390065
229,범일1동행정복지센터,부산광역시 동구 범상로 10-1 (범일동),129.0491921,35.1412832
230,범일생활문화센터(1층),부산광역시 동구 범곡로 14,129.056031,35.139391
231,범성경로당,부산광역시 동구 안창로 57 (범일동),129.0425241,35.1455338
232,호천경로당,부산광역시 동구 범곡로 46,129.0539532,35.1411132
233,호천부녀경로당,부산광역시 동구 범곡로 46,129.0539532,35.1411132
234,삼상경로당,부산광역시 동구 성북로 58-1,129.0484453,35.13864
235,삼상부녀경로당,부산광역시 동구 성북로 58-1,129.0484453,35.13864
236,범곡경로당,부산광역시 동구 범내남로 27-1,129.0496267,35.1418317
237,범곡부녀경로당,부산광역시 동구 범내남로 27-1,129.0496267,35.1418317
238,범이부녀경로당,부산광역시 동구 범일로89번길 46,129.05881,35.139641
239,재봉틀공방,부산광역시 동구 자성로103번길 16 (소잉스페이스'틀'(재봉틀공방)),129.062023,35.136526
240,부산진성한복문화관,부산광역시 동구 자성로75번길 32 (한복문화관(전시장)),129.060307,35.136099
241,부산진성공원,부산광역시 동구 자성로 99,129.0612261,35.1361125
242,범일2동행정복지센터,부산광역시 동구 범일로 58 (범일동),129.0598217,35.1351219
243,범이경로당,부산광역시 동구 범일로89번길 46 (범일동),129.0588051,35.139658
244,자성대경로당,부산광역시 동구 자성로75번길 30-8 (범일동),129.0605003,35.1360147
245,두산포세이돈경로당,부산광역시 동구 자성로116번길 2 (범일동 두산위브포세이돈Ⅱ),129.0634614,35.1357208
246,자성대노인복지관,부산광역시 동구 자성로140번길 32 (범일동),129.0648293,35.1356352
247,NH농협은행부산진지점,부산광역시 동구 부산진성공원로 4 (범일동),129.0598887,35.1369118
248,부산동구새마을금고본점,부산광역시 동구 범일로89번길 33,129.058627,35.139071
249,수남부녀경로당,부산광역시 동구 충장대로289번길 17 (수남문화센터),129.051824,35.126992
250,항덕부녀경로당,부산광역시 동구 성남로33번길 14-1,129.053612,35.129693
251,수남어린이작은도서관,부산광역시 동구 충장대로289번길 17 (수남문화센터),129.051824,35.126992
252,좌천범일어린이공원,부산광역시 동구 좌천동 1167,129.05512,35.132514
253,범일5동행정복지센터마을버스정류장역,부산광역시 동구 성남로47번길 13 (좌천동),129.053641,35.1304347
254,수남경로당앞체육시설,부산광역시 동구 충장대로289번길 23  (좌천동),129.051817,35.1271583
255,범일5동행정복지센터,부산광역시 동구 성남로47번길 13 (좌천동),129.0537947,35.1305023
256,항덕경로당,부산광역시 동구  성남로33번길  14-1  (좌천동),129.0536178,35.1296849
257,수남경로당,부산광역시 동구  충장대로289번길  17  수남문화센터 (좌천동),129.0518301,35.1269865
258,영도도서관남항분관,부산광역시 영도구 절영로 71 (영도어린이영어도서관),129.039104,35.088522
259,남항동행정복지센터,부산광역시 영도구 남항로9번길 1,129.037647,35.090018
260,대평경로당,부산광역시 영도구 대평로27번길 8-8 (대평동1가),129.034,35.0913
261,영도구노인복지관,부산광역시 영도구 절영로29번길 14,129.040115,35.091375
262,영선1동행정복지센터,부산광역시 영도구 꿈나무길 25 (영선동1가),129.0447704,35.0902459
263,아이존빌@경로당,부산광역시 영도구 영선대로 98,129.043465,35.088346
264,영선2동행정복지센터,부산광역시 영도구 영선대로 65,129.041343,35.087038
265,이송도경로당,부산광역시 영도구 향토길 12,129.046045,35.078491
266,영선반도보라경로당,부산광역시 영도구 해안산책길 30,129.040173,35.082042
267,3355공원,부산광역시 영도구 신선동2가 131-297,129.048398,35.088046
268,신선동산정약수터,부산광역시 영도구 신선동3가 112-121,129.048157,35.081086
269,신선동행정복지센터,부산광역시 영도구 하나길 317,129.045177,35.083407
270,영도구종합사회복지관,부산광역시 영도구 산정길 138,129.047538,35.08124
271,신선경로당,부산광역시 영도구 하나길 542,129.046762,35.087472
272,영로경로당,부산광역시 영도구 하나길 333 (신선동3가),129.0453,35.0838
273,봉래1동행정복지센터,부산광역시 영도구 대교로6번길 5 (봉래동3가),129.0443078,35.0934918
274,봉래2동쌈지공원,부산광역시 영도구 장미계단길 123,129.0552293,35.092647
275,봉래2동행정복지센터,부산광역시 영도구 태종로 160 (수도빌딩),129.046119,35.093405
276,새마을경로당,부산광역시 영도구 봉래길 112,129.05177,35.09169
277,영도구노인복지관분관,부산광역시 영도구 봉래길 372,129.056497,35.091057
278,청학1동행정복지센터,부산광역시 영도구 청학서로 78 (청학동),129.0583907,35.0969
279,건곤경로당,부산광역시 영도구 태종로292번길 72 (청학동),129.0556455,35.0959497
280,청송경로당,부산광역시 영도구 청학서로45번길 22 (청학동),129.0557125,35.0953506
281,영도구청실내체육관,부산광역시 영도구 태종로 423 (영도구청),129.068156,35.091285
282,조내기e-그린공원,부산광역시 영도구 청학동 산 39-31,129.0607434,35.087626
283,청학2동행정복지센터,부산광역시 영도구 태종로 394 (청학동),129.0657547,35.0919226
284,학수경로당,부산광역시 영도구 청학동로 32-6,129.062713,35.090226
285,화신@경로당,부산광역시 영도구 태종로358번길 3 (청학화신아파트 1동),129.063559,35.093894
286,롯데낙천대@경로당,부산광역시 영도구 청학남로 48,129.062684,35.08847
287,영도구장애인복지관,부산광역시 영도구 함지로79번길 6 (영도어울림문화공원),129.065299,35.074696
288,영도도서관,부산광역시 영도구 함지로79번길 6 (동삼동),129.0665084,35.0756124
289,절영공원,부산광역시 영도구 함지로 29  (동삼동),129.0613171,35.0719492
290,상구룡쌈지공원,부산광역시 영도구 동삼동 363-71,129.0721195,35.0756645
291,와치공원,부산광역시 영도구 동삼동 510-4,129.0677235,35.0758238
292,동삼1동행정복지센터,부산광역시 영도구 중리로 44-1 (동삼동),129.0684074,35.0749034
293,절영종합사회복지관,부산광역시 영도구 함지로 33-10 (동삼동),129.0617649,35.0722143
294,와치종합사회복지관,부산광역시 영도구 함지로79번길 76,129.065509,35.076003
295,절영@경로당,부산광역시 영도구 와치로 231 (절영아파트213동),129.067138,35.076719
296,한진로즈힐경로당,부산광역시 영도구 와치로 294,129.071717,35.073315
297,동삼2동행정복지센터,부산광역시 영도구 동삼오션로 27 (동삼동),129.082894,35.0684451
298,하리경로당,부산광역시 영도구 태종로773번길 9,129.081432,35.068038
299,상리공원,부산광역시 영도구 동삼동 1123-4,129.0656111,35.0836209
300,동삼3동행정복지센터,부산광역시 영도구 상리로 39,129.068675,35.084736
301,상리종합사회복지관,부산광역시 영도구 상리로 63-16 (상리종합사회복지관),129.06855,35.085966
302,동삼종합사회복지관,부산광역시 영도구 상리로 30,129.066788,35.083361
303,부전1동노인경로당,부산광역시 부산진구 부전로 130-10 (부전동),129.0560129,35.1608542
304,부전1동할머니경로당,부산광역시 부산진구 부전로 130-10 (부전동),129.0560183,35.160852
305,서부경로당,부산광역시 부산진구 새싹로 90-1 (범전동),129.0535668,35.1650424
306,범전할머니경로당,부산광역시 부산진구 범전로33번길 56-7 (범전동),129.0582633,35.1645973
307,부전1동주민센터,부산광역시 부산진구 범전로5번길 13,129.0630071,35.163506
308,서면지하도상가중앙몰중앙분수대,부산광역시 부산진구 가야대로 지하 777 (가야로상지하상가),129.054727,35.156165
309,부산청년잡(JOB)성장카페(2호점),부산광역시 부산진구 가야대로 772 (롯데백화점부산본점),129.056002,35.156642
310,부산청년잡(JOB)성장카페(1호점),부산광역시 부산진구 가야대로 772 (롯데백화점부산본점),129.056002,35.156642
311,청년두드림센터,부산광역시 부산진구 가야대로 772 (롯데백화점부산본점),129.056002,35.156642
312,부산청년마음건강센터(청춘소설),부산광역시 부산진구 신천대로62번길 28,129.058604,35.151956
313,부전2동주민센터,부산광역시 부산진구 부전로20번길 13 (부전제2동주민센터),129.056793,35.152603
314,이동노동자지원센터서면센터,부산광역시 부산진구 서면로 38,129.058007,35.154096
315,부전2동제2경로당,부산광역시 부산진구 신천대로 148 (부전동),129.0517858,35.1551966
316,네오스포경로당,부산광역시 부산진구 신천대로 122,129.0540483,35.153627
317,부전2동제1경로당,부산광역시 부산진구 신천대로 94 (부전동),129.0556401,35.1516702
318,부산시설공단청사,부산광역시 부산진구 새싹로 174 (부산시설공단),129.049965,35.17171
319,연지어린이공원,부산광역시 부산진구 연지동 48,129.0557015,35.1730341
320,세동한신경로당,부산광역시 부산진구 새싹로 183,129.0489385,35.1717837
321,연지경로당,부산광역시 부산진구 성지로8번길 12-1 (연지동),129.0566888,35.171458
322,연지한신타워경로당,부산광역시 부산진구 성지로61번길 30,129.0527516,35.1762501
323,연지2차청구아파트경로당,부산광역시 부산진구 동평로291번길 30-17,129.0571406,35.1741138
324,연지자이1차아파트경로당,부산광역시 부산진구 동평로183번길 67,129.0483357,35.1696797
325,영선회경로당,부산광역시 부산진구 동평로183번길 50,129.0492709,35.1691106
326,연지자이2차아파트경로당,부산광역시 부산진구 초연로 11,129.0478096,35.1723073
327,연지동주민센터,부산광역시 부산진구 국악로 30 (연지동),129.0528157,35.1727735
328,어린이대공원꿈빛마루방문자센터,부산광역시 부산진구 새싹로 295,129.042012,35.185876
329,초읍동주민센터,부산광역시 부산진구 새싹로 284 (초읍동주민센터(성지문화복합센터)),129.047362,35.181425
330,삼환아파트노인정,부산광역시 부산진구 성지곡로 67,129.0481819,35.1878155
331,선경성지곡아파트경로당,부산광역시 부산진구 새싹로 221,129.0475807,35.1758608
332,장수정경로당,부산광역시 부산진구 성지로122번길 34-2 (초읍동),129.0523517,35.1812667
333,초연경로당,부산광역시 부산진구 성지로51번길 53,129.0528716,35.1770087
334,초읍제일경로당,부산광역시 부산진구 성지로143번길 9,129.048913,35.1810841
335,초읍제일할머니경로당,부산광역시 부산진구 성지로143번길 9,129.048913,35.1810841
336,초읍한신아파트경로당,부산광역시 부산진구 월드컵대로 449,129.0521172,35.1833224
337,초읍노인정,부산광역시 부산진구  초읍천로43번길  14   (초읍동),129.0462162,35.1764675
338,원당골경로당,부산광역시 부산진구  성지로74번나길  49   원당골어르신쉼터(경로당) (초읍동),129.0576253,35.1792168
339,양정1동주민센터,부산광역시 부산진구 동평로406번길 38 (양정제1동주민센터),129.068516,35.172274
340,양정현대1차노인정(남),부산광역시 부산진구 동평로 352 (현대아파트),129.063065,35.17314
341,대원칸타빌멤버스노인정,부산광역시 부산진구  거제대로  26   (양정동 대원칸타빌멤버스),129.0681786,35.1710388
342,대림할머니경로당,부산광역시 부산진구 범양로79번길 40,129.0624272,35.1727586
343,성우경로당,부산광역시 부산진구 양성로59번길 14,129.0634561,35.1710866
344,양정현대1차노인정,부산광역시 부산진구 동평로 352 (현대아파트),129.063065,35.17314
345,양지경로당,부산광역시 부산진구 양지로17번길 39,129.0710853,35.170376
346,익수경로당,부산광역시 부산진구 범양로79번길 40,129.0624272,35.1727586
347,정화경로당,부산광역시 부산진구 범양로117번길 24,129.0644293,35.1736365
348,한나경로당,부산광역시 부산진구 양지로17번길 76,129.0723894,35.1715972
349,화산경로당,부산광역시 부산진구 범양로 122-1 (양정동),129.0658861,35.1739136
350,황령경로당,부산광역시 부산진구 양지로17번길 39,129.0710853,35.170376
351,양정현대2차할머니경로당,부산광역시 부산진구  거제대로  37  현대아파트 (양정동),129.0655236,35.1719996
352,양정청소년수련관,부산광역시 부산진구 동평로405번길 85 (양정청소년회관),129.071707,35.177231
353,양정2동주민센터작은도서관,부산광역시 부산진구 양정로15번길 26 (양정제2동주민센터),129.075725,35.172885
354,양정2동제일경로당,부산광역시 부산진구 양연로10번길 15-1 (양정동),129.0783584,35.1742972
355,꿈동산어린이공원,부산광역시 부산진구 양정동 91-2,129.0774566,35.1743646
356,갤러리움노인정,부산광역시 부산진구  중앙대로969번길  11   (양정동 양정롯데갤러리움아파트),129.0726991,35.1758843
357,양연경로당,부산광역시 부산진구  양연로16번길  26-1  (양정동),129.077889,35.1740084
358,양정2동경로당,부산광역시 부산진구 중앙대로979번길 10-6,129.073833,35.177273
359,전포1동주민센터,부산광역시 부산진구 서전로68번길 75 (전포1동주민센터(생활문화센터)),129.067579,35.154346
360,동백부인경로당,부산광역시 부산진구 서전로68번길 43-1,129.0675235,35.1559209
361,본동경로당,부산광역시 부산진구 서전로68번길 43-1 (전포동),129.0674818,35.1558943
362,송죽부인경로당,부산광역시 부산진구 진남로 336 (전포동 시영아파트),129.0719704,35.1554036
363,영생경로당,부산광역시 부산진구 전포대로186번길 21,129.0667515,35.1531658
364,영운경로당,부산광역시 부산진구 진남로362번길 30,129.0709953,35.1576531
365,일심경로당,부산광역시 부산진구 진남로 336 (전포동 시영아파트),129.0719576,35.1554113
366,협성부녀경로당,부산광역시 부산진구 진남로356번길 51,129.0719569,35.1578091
367,청우경로당,부산광역시 부산진구 진남로 336 (전포동 시영아파트),129.0719624,35.155425
368,전포종합사회복지관,부산광역시 부산진구  전포대로190번길  35  전포복지회관 (전포동),129.067666,35.1536555
369,전포부녀노인정,부산광역시 부산진구 황령대로90번길 36,129.0686758,35.1486259
370,근화경로당,부산광역시 부산진구 봉수로15번길 78,129.0713059,35.1536322
371,삼우경로당,부산광역시 부산진구 진남로 311-2 (전포동),129.0721233,35.1529956
372,삼정경로당,부산광역시 부산진구 황령대로74번길 15,129.0675462,35.1490141
373,성북경로당,부산광역시 부산진구 서전로68번길 127-7,129.0676081,35.1519832
374,영우경로당,부산광역시 부산진구 봉수로 31,129.0710176,35.1514347
375,영하경로당,부산광역시 부산진구 봉수로15번길 78,129.0713059,35.1536322
376,한라비발디아파트경로당,부산광역시 부산진구 전포대로 156,129.0660737,35.1506613
377,칠우경로당,부산광역시 부산진구 전포대로162번길 31-1 (전포동),129.0672487,35.1510167
378,황령경로당,부산광역시 부산진구 전포동 330-997,129.072234,35.149884
379,황령부녀경로당,부산광역시 부산진구 전포동 330-997,129.072234,35.149884
380,협신부녀경로당,부산광역시 부산진구 동성로118번길 44 (항도중학교),129.06648,35.162329
381,화신아파트경로당,부산광역시 부산진구 진남로356번길 90 (전포화신아파트101동),129.072051,35.159913
382,이편한세상시민공원아파트경로당,부산광역시 부산진구 진남로 455 (e편한세상시민공원 1단지),129.068186,35.165268
383,전포LH아파트경로당,부산광역시 부산진구 중앙대로 862 (전포엘에이치101동),129.067882,35.166774
384,동산경로당,부산광역시 부산진구 진남로 472,129.06996,35.166197
385,전포2동주민센터,부산광역시 부산진구 동성로118번길 34 (전포2동복합문화센터전포2동사),129.0662,35.161689
386,전포어린이놀이터,부산광역시 부산진구 전포동 310-1,129.068195,35.157879
387,감로부녀경로당,부산광역시 부산진구 진남로425번길 5-8 (전포동),129.0688272,35.1620294
388,보성경로당,부산광역시 부산진구 진남로376번길 9,129.0713099,35.1584624
389,부흥노인정,부산광역시 부산진구 진남로373번길 55-5,129.0686693,35.1592249
390,산림경로당,부산광역시 부산진구 진남로 404,129.0708344,35.161001
391,서면롯데캐슬스카이경로당,부산광역시 부산진구 전포대로275번길 20,129.0649479,35.1620315
392,성전경로당,부산광역시 부산진구 동성로112번길 113,129.067047,35.164975
393,양정메트로하이츠아파트경로당,부산광역시 부산진구 진남로 477,129.0691734,35.1671681
394,한신아파트노인정,부산광역시 부산진구 전포대로 294,129.0662378,35.1627992
395,화신거화아파트경로당,부산광역시 부산진구 진남로 388,129.0710569,35.1595625
396,부산진구노인복지관,부산광역시 부산진구  전포대로300번길  6  부산진구 노인 장애인복지관 (전포동),129.0658479,35.1640465
397,청산경로당,부산광역시 부산진구  진남로  398-1  청산경로당 (전포동),129.070805,35.1603612
398,부산진구청,부산광역시 부산진구 시민공원로 30 (부산진구청),129.05317,35.162856
399,부암1동주민센터작은도서관,부산광역시 부산진구 신천대로241번길 41 (부암1동주민센터),129.048548,35.16331
400,동원아파트경로당,부산광역시 부산진구 동평로181번길 29-17,129.0464836,35.1673522
401,메리움아파트노인정,부산광역시 부산진구 신천대로 246,129.0509551,35.1638085
402,백양정노인정,부산광역시 부산진구 신천대로 279 (럭키무지개타운),129.049659,35.166715
403,부암경로당,부산광역시 부산진구  가야대로747번다길  20   (부암동),129.0519988,35.1591919
404,부암새마을경로당,부산광역시 부산진구 동평로183번길 33 (부암동),129.0490742,35.1684418
405,서면쌍용스윗닷홈스카이경로당,부산광역시 부산진구  시민공원로  11   (부암동 서면쌍용스윗닷홈SKY),129.0509295,35.1630952
406,성암아파트경로당,부산광역시 부산진구 시민공원로19번길 38,129.0517582,35.1651971
407,장미경로당,부산광역시 부산진구  신천대로216번길  28-1  장미경로당 (부암동),129.0515016,35.1606384
408,타워베르빌경로당,부산광역시 부산진구 시민공원로19번길 65,129.0509034,35.1659433
409,쌍용스윗닷홈파크경로당,부산광역시 부산진구 신천대로220번길 31,129.0513298,35.1614231
410,부암본동경로당,부산광역시 부산진구  신천대로241번길  39   (부암동),129.048558,35.1630526
411,서면동문굿모닝힐경로당,부산광역시 부산진구  신천대로220번길  65   (부암동 부산서면 동문굿모닝힐),129.0532182,35.1618314
412,복지할머니노인정,부산광역시 부산진구 동평로 136 (부암동),129.0441602,35.1659352
413,부암한빛경로당,부산광역시 부산진구  동평로131번길  42   (부암동),129.044961,35.1675997
414,일성인포아파트경로당,부산광역시 부산진구 신천대로 252 (부암동 일성인포아파트),129.05067,35.1645052
415,서면동일파크스위트1차경로당,부산광역시 부산진구 동평로150번길 14 (부암동 서면동일파크스위트1차),129.0447021,35.1655555
416,부암3동주민센터,부산광역시 부산진구 백양순환로110번길 25 (부암3동주민센터),129.039625,35.169012
417,화승주민쉼터,부산광역시 부산진구 부암동 517-1,129.0362004,35.1699951
418,동부경로당,부산광역시 부산진구 당감로 97,129.0380184,35.1702846
419,동원부녀노인정,부산광역시 부산진구 당감로 100,129.0381738,35.1705307
420,백양산쌍용노인정,부산광역시 부산진구 백양산로 70,129.0317886,35.1754285
421,협성부녀노인정,부산광역시 부산진구 당감로 118 (협성피닉스타운),129.037088,35.172891
422,청년마루,부산광역시 부산진구 백양대로78번길 15,129.040787,35.162611
423,당감1동주민센터,부산광역시 부산진구 동평로44번길 49-6 (당감1동주민센터),129.035643,35.164459
424,백당경로당,부산광역시 부산진구 동평로39번길 61-6 (당감동),129.0312316,35.166381
425,동평상가아파트경로당,부산광역시 부산진구 동평로95번길 16 (당감동 동평상가아파트),129.040105,35.166413
426,당감1동경로당,부산광역시 부산진구 동평로 104-10,129.0410521,35.1653816
427,당감1동할머니경로당,부산광역시 부산진구 동평로 104-10,129.0410521,35.1653816
428,장수경로당,부산광역시 부산진구 백양대로52번길 13,129.0431584,35.1628949
429,광산할머니경로당,부산광역시 부산진구 당감동 629-37,129.0300384,35.1663383
430,국제백양노인정,부산광역시 부산진구 백양관문로 104,129.0284618,35.1684259
431,국제프라자아파트경로당,부산광역시 부산진구 백양관문로 101,129.0274701,35.1672535
432,당감동일스위트경로당,부산광역시 부산진구 백양관문로 115 (당감동일스위트102동),129.025442,35.167989
433,당삼경로당,부산광역시 부산진구 백양대로136번길 99 (당감동),129.0330385,35.1644612
434,당평노인정,부산광역시 부산진구 백양관문로 10,129.033066,35.1609863
435,동원타워노인회,부산광역시 부산진구 동평로 18 (동원타워),129.032439,35.164215
436,무궁화할아버지경로당,부산광역시 부산진구 당감로17번길 90 (당감동 무궁화아파트),129.0348078,35.1631502
437,삼익경로당,부산광역시 부산진구 당감로 5,129.0397444,35.1622272
438,늘푸른경로당,부산광역시 부산진구 당감로50번길 22-7,129.0403578,35.166053
439,무궁화할머니경로당,부산광역시 부산진구 당감로17번길 90 (당감동 무궁화아파트),129.0347786,35.1631662
440,광산노인정,부산광역시 부산진구  동평로27번가길  20   (당감동),129.0309393,35.1646821
441,삼익학수정경로당,부산광역시 부산진구 당감로 17 (당감동 삼익아파트),129.0388334,35.1618936
442,당감행복한경로당,부산광역시 부산진구 백양대로78번길 22-10,129.041211,35.163055
443,당감종합사회복지관,부산광역시 부산진구 당감서로 16,129.0366063,35.1623172
444,당감2동주민센터,부산광역시 부산진구 가야대로703번길 13 (당감2동주민센터),129.047914,35.157836
445,넝쿨경로당,부산광역시 부산진구 신천대로197번길 27 (당감동),129.0484889,35.1591378
446,신가야벽산블루밍경로당,부산광역시 부산진구 마철로 98,129.039964,35.1579257
447,제일경로당,부산광역시 부산진구 가야대로703번다길 12 (당감동),129.0474619,35.1586235
448,중앙경로당,부산광역시 부산진구 당감동 817-1,129.041921,35.15741
449,중앙할머니경로당,부산광역시 부산진구  가야대로691번길  58   (당감동),129.0447228,35.1575603
450,태화현대1차경로당,부산광역시 부산진구 가야대로 635-20,129.0422728,35.1569694
451,태화현대2차경로당,부산광역시 부산진구 가야대로 635-13 (당감동태화현대2차아파트유치원),129.040214,35.156524
452,당감4동주민센터,부산광역시 부산진구 백양순환로 40,129.033376,35.168172
453,다복경로당,부산광역시 부산진구 당감서로 121-5 (당감동),129.033574,35.1688642
454,동평경로당,부산광역시 부산진구 백양순환로18번길 53 (당감동),129.035963,35.1661963
455,백양가족공원,부산광역시 부산진구 당감동 794-2,129.0287651,35.1729881
456,백양뜨란채경로당,부산광역시 부산진구 백양산로53번길 62 (당감동 백양푸른채),129.0267639,35.1723596
457,백양푸른채경로당,부산광역시 부산진구 백양산로53번길 62,129.0266563,35.1723713
458,다솜경로당,부산광역시 부산진구 당감서로 57-8 (당감동),129.0364489,35.1654042
459,백산아파트경로당,부산광역시 부산진구 백양순환로 55 (백산아파트제1동),129.032816,35.169864
460,보국노인회,부산광역시 부산진구  동평로76번길  14   (당감동),129.0377774,35.1646508
461,삼성맨션노인회,부산광역시 부산진구 당감서로 112,129.0339097,35.1697661
462,연수정노인회,부산광역시 부산진구 당감서로146번길 5,129.0320673,35.1705288
463,우국노인회,부산광역시 부산진구 백양산로 17 (당감동),129.0334026,35.1711337
464,태우선파크노인정,부산광역시 부산진구 백양순환로35번길 43,129.0322086,35.1672101
465,당감주공1단지경로당,부산광역시 부산진구 백양산로53번길 125 (당감동 ),129.0277772,35.1705666
466,청년창조발전소,부산광역시 부산진구 대학로36번길 10,129.035466,35.152594
467,가야만남의광장,부산광역시 부산진구 가야동 270-2,129.036767,35.154477
468,가남경로당,부산광역시 부산진구 가야대로668번길 45,129.0447603,35.1541194
469,노장원경로당,부산광역시 부산진구 가야대로673번길 50,129.0431285,35.1567855
470,가산경로당,부산광역시 부산진구  가야대로572번가길  23   (가야동),129.0333219,35.153225
471,우정경로당,부산광역시 부산진구  엄광로182번길  8   (가야동),129.0346944,35.1474245
472,일심경로당,부산광역시 부산진구  가야대로572번길  44   (가야동),129.0342194,35.1523863
473,가야1동주민센터,부산광역시 부산진구  가야대로572번길  22   가야1동사무소 (가야동),129.0343071,35.1532418
474,양지경로당,부산광역시 부산진구 엄광로326번나길 3 (가야동),129.0437366,35.1527244
475,가야2동주민센터,부산광역시 부산진구 엄광로147번길 37,129.031754,35.149243
476,가야반도보라빌노인정,부산광역시 부산진구 가야공원로 41 (가야동 가야반도보라빌),129.0315084,35.1504316
477,금정경로당,부산광역시 부산진구 엄광로69번길 16-8 (가야동),129.0235469,35.1485433
478,무궁화경로당,부산광역시 부산진구 가야대로510번길 60,129.0282308,35.1503889
479,엄광경로당,부산광역시 부산진구 가야대로510번길 80-1 (가야동),129.0280023,35.1497495
480,중앙경로당,부산광역시 부산진구 가야공원로40번길 6,129.0294348,35.1499182
481,진성아파트경로당,부산광역시 부산진구 엄광로 102-1 (가야동),129.0270278,35.1485652
482,한일하나로경로당,부산광역시 부산진구 가야공원로38번길 81,129.0259658,35.1497342
483,벽산A경로당,부산광역시 부산진구  엄광로  68   (가야동 벽산아파트),129.0259747,35.1469488
484,벽산A할머니경로당,부산광역시 부산진구  엄광로  68   (가야동 벽산아파트),129.0259747,35.1469488
485,개금다락방,부산광역시 부산진구 복지로41번길 53,129.023361,35.150201
486,개금1동주민센터책사랑쉼터,부산광역시 부산진구 가야대로454번길 9 (개금1동주민센터),129.021915,35.152667
487,개금노인회,부산광역시 부산진구 가야대로424번길 54-5 (개금동),129.0182455,35.1502682
488,개금부녀노인회,부산광역시 부산진구 가야대로424번길 54-5 (개금동),129.0182366,35.1502706
489,개금복지회관할머니경로당,부산광역시 부산진구  냉정로  230-1  (개금동),129.024948,35.1508335
490,복지경로당,부산광역시 부산진구 가야대로406번길 29 (개금동),129.0171309,35.1503706
491,부녀복지경로당,부산광역시 부산진구 가야대로406번길 29 (개금동),129.0171428,35.1503769
492,성원쌍떼뷰경로당,부산광역시 부산진구 개금온정로 5 (개금동 성원쌍떼뷰),129.0247066,35.153774
493,개금롯데캐슬아파트경로당,부산광역시 부산진구  개금온정로  10   (개금동 개금 롯데캐슬),129.0266511,35.1544878
494,부산진구종합사회복지관,부산광역시 부산진구 복지로 117-12 (부산진구종합사회복지관),129.019462,35.142647
495,고원경로당,부산광역시 부산진구 엄광로62번길 61,129.0221665,35.1453973
496,시영아파트경로당,부산광역시 부산진구 진사로61번길 29 (개금동 개금 시영),129.0179945,35.146453
497,엄광할머니경로당,부산광역시 부산진구 복지로 96 (개금동),129.0185864,35.144817
498,학산경로당,부산광역시 부산진구 복지로 101,129.0200672,35.1445164
499,학청경로당,부산광역시 부산진구 진사로68번길 16,129.015523,35.145119
500,개금현대I아파트경로당(남),부산광역시 부산진구 복지로 70 (개금동 개금아이파크),129.0192989,35.1479836
501,개금2동대동아파트경로당,부산광역시 부산진구 진사로89번길 73 (개금동 개금대동아파트),129.0206389,35.1435022
502,새마을경로당,부산광역시 부산진구  복지로  116  국민주택 (개금동),129.0183323,35.1430832
503,학청할머니경로당,부산광역시 부산진구 진사로50번길 10,129.015638,35.146425
504,개금현대I아파트경로당(여),부산광역시 부산진구 복지로 70 (개금동 개금아이파크),129.0193042,35.1479003
505,개금2동주민센터,부산광역시 부산진구 복지로 93,129.019471,35.144932
506,개금3동주민센터,부산광역시 부산진구 개금본동로 88 (개금3동주민센터),129.021988,35.155771
507,개금테마공원,부산광역시 부산진구 개금동 56,129.027181,35.161401
508,우성경로당,부산광역시 부산진구 백양대로208번길 38-25 (우성아파트104동),129.028353,35.161292
509,개금주공2단지주민사랑방,부산광역시 부산진구 백양관문로 7,129.0295775,35.1596451
510,개금사회복지관경로당,부산광역시 부산진구 백양관문로77번길 145 (개금2지구도개공영구임대아파트),129.023092,35.162985
511,개금3동삼환아파트경로당,부산광역시 부산진구 백양대로208번길 133,129.0239354,35.1619923
512,개화경로당,부산광역시 부산진구 백양대로208번길 25,129.0262527,35.1594758
513,동원화인훼밀리할머니경로당,부산광역시 부산진구 백양관문로77번길 55 (동원화인패밀리타운104동),129.02862,35.163604
514,동원화인훼밀리할아버지경로당,부산광역시 부산진구 백양관문로77번길 55 (동원화인패밀리타운104동),129.02862,35.163604
515,반도보라여자경로당,부산광역시 부산진구 개금본동로 42 (반도보라아파트102동),129.0218,35.159352
516,반도보라남자경로당,부산광역시 부산진구 개금본동로 40,129.0228247,35.1591125
517,백양경로당,부산광역시 부산진구 백양관문로 7,129.0292429,35.1598471
518,성도경로당,부산광역시 부산진구 개금본동로22번길 31 (성도아파트301동),129.023445,35.160586
519,신개금LG할아버지경로당,부산광역시 부산진구 백양대로300번길 20,129.0195461,35.1559359
520,신개금LG아파트할머니경로당,부산광역시 부산진구 백양대로300번길 20,129.0195461,35.1559359
521,우드빌경로당,부산광역시 부산진구 백양관문로77번길 56,129.0264981,35.1632776
522,우드빌화목노인정,부산광역시 부산진구 백양관문로77번길 81 (개금동 개금우드빌),129.0260231,35.1627049
523,일심경로당,부산광역시 부산진구 개금본동로23번길 55,129.0220584,35.1575934
524,일진경로당,부산광역시 부산진구 백양대로313번길 12,129.0173958,35.1536339
525,한진경로당,부산광역시 부산진구 백양대로208번길 88 (한진아파트),129.025889,35.161612
526,현대청풍경로당,부산광역시 부산진구 개금본동로 34 (개금동 현대아파트),129.022429,35.1601525
527,개금종합사회복지관,부산광역시 부산진구 백양관문로77번길 140 (개금동),129.0249851,35.1641083
528,범천1동주민센터,부산광역시 부산진구 범일로192번길 21 (범천1동주민센터),129.061007,35.147009
529,범내골쉼터,부산광역시 부산진구 범천동 877-10,129.0586351,35.1459962
530,대원아파트경로당,부산광역시 부산진구 황령대로18번길 43 (대원아파트1동),129.061925,35.146325
531,범천경로당,부산광역시 부산진구 범일로131번길 32 (범천동),129.0587702,35.1426716
532,안락경로당,부산광역시 부산진구  범일로142번길  47-11  (범천동),129.0619086,35.1430247
533,두산위브센티움경로당,부산광역시 부산진구 자유평화로37번길 67 (범천동 두산위브센티움),129.0625092,35.1442771
534,신천경로당,부산광역시 부산진구 신천대로65번길 99,129.0579225,35.1457246
535,범천2동주민센터,부산광역시 부산진구 신암로 48 (범천2동주민센터),129.056288,35.146484
536,안창마을커뮤니티센터,부산광역시 부산진구 안창로72번길 18-10 (범천동),129.040919,35.1464012
537,안양경로당,부산광역시 부산진구 만리산로74번길 3,129.0519609,35.1474141
538,천일경로당,부산광역시 부산진구 엄광로 517-4,129.0483118,35.1443448
539,범팔경로당,부산광역시 부산진구  신암로39번길  31   (범천동),129.0544826,35.1449825
540,호산경로당,부산광역시 부산진구 엄광로495번길 39-1,129.051528,35.143614
541,금골경로당,부산광역시 부산진구  만리산로73번길  34   (범천동),129.0515864,35.145909
542,범천부인경로당,부산광역시 부산진구 신암로155번나길 6-2,129.0481164,35.1531924
543,선인경로당,부산광역시 부산진구 만리산로79번길 14,129.0507695,35.1471473
544,할머니경로당,부산광역시 부산진구 신암로99번길 37,129.0505852,35.1493573
545,로얄아파트경로당,부산광역시 부산진구 엄광로 394 (로얄아파트2동),129.047377,35.151219
546,선록경로당,부산광역시 부산진구 범천동 1126-21,129.043997,35.152023
547,부산진구노인복지관신암분관,부산광역시 부산진구 신암로135번길 32 (범천동),129.0483472,35.1517689
548,수안역임진왜란역사관영상실,부산광역시 동래구 충렬대로 지하 223 (도시철도수안역),129.084222,35.201594
549,수안체육공원,부산광역시 동래구 온천천로 235  (수안동),129.0813177,35.1993032
550,그린라인파크,부산광역시 동래구 낙민동 112,129.0894849,35.1976203
551,낙민경로당,부산광역시 동래구  반송로175번길  13   (낙민동),129.0944232,35.1972867
552,동산경로당,부산광역시 동래구  반송로175번길  13  수민동 동산경로당 (낙민동),129.0944232,35.1972867
553,한양복지경로당,부산광역시 동래구  충렬대로  314   (낙민동 한양아파트),129.093033,35.198807
554,수안할머니경로당,부산광역시 동래구 온천천로 279-13 (수안동),129.085,35.1961
555,수안할아버지경로당,부산광역시 동래구 온천천로 279-13 (수안동),129.085,35.1961
556,벽산아파트경로당,부산광역시 동래구  안남로  47   (낙민동 동래벽산아파트),129.0971912,35.1952922
557,수민동행정복지센터,부산광역시 동래구  온천천로339번길  48   (낙민동),129.0910493,35.1960329
558,동래읍성도서관북카페,부산광역시 동래구 동래로159번길 153 (동래읍성도서관),129.094796,35.207082
559,복천동고분공원,부산광역시 동래구 복천동 50,129.090977,35.206993
560,동래구청,부산광역시 동래구 충렬대로237번길 93 (동래구청),129.083635,35.205149
561,동래경로당,부산광역시 동래구  동래로148번길  5   (복천동),129.086497,35.2043264
562,복산경로당,부산광역시 동래구 동래로159번길 119-2 (칠산동),129.0931669,35.2069318
563,우성베스토피아경로당,부산광역시 동래구  복천로5번길  34   (복천동 우성베스토피아),129.0872382,35.2058311
564,읍성경로당,부산광역시 동래구  복천로41번나길  14-15  (복천동),129.0900384,35.2079924
565,복산동행정복지센터,부산광역시 동래구 복천로 1 (복천동),129.0860939,35.2057966
566,동래사적공원,부산광역시 동래구 명륜동 137-4,129.09059,35.211626
567,동래센트럴파크하이츠1단지경로,부산광역시 동래구 문화로 15 (명륜동 동래센트럴파크하이츠1차),129.0841573,35.2107933
568,동래센트럴파크하이츠2단지경로,부산광역시 동래구 문화로 33 (명륜동 동래센트럴파크하이츠2차),129.0857077,35.2110541
569,명륜아이파크경로당,부산광역시 동래구 명륜로 170 (명륜동 명륜아이파크1단지),129.0840688,35.2089415
570,명신할아버지경로당,부산광역시 동래구 명륜로138번길 39 (명륜동),129.0840983,35.2070326
571,명신할머니경로당,부산광역시 동래구 명륜로138번길 39 (명륜동),129.084101,35.2070326
572,명륜동행정복지센터,부산광역시 동래구 명륜로207번길 26 (명륜동),129.0815771,35.2124566
573,동래구보건소,부산광역시 동래구 명륜로187번길 56 (명륜동),129.0798444,35.2113915
574,동래구노인복지관,부산광역시 동래구 명륜로207번길 18 (명륜동),129.0819445,35.2123777
575,동래구혁신어울림센터,부산광역시 동래구 금강로 129,129.080019,35.220283
576,성완경로당,부산광역시 동래구 금강로 160-1,129.081773,35.222643
577,신화타워경로당,부산광역시 동래구 온천장로 20 (온천동 신화타워아파트),129.0794635,35.2142864
578,마암경로당,부산광역시 동래구 금강로59번길 105 (온천동),129.0720016,35.2157853
579,온천1동경로당,부산광역시 동래구 차밭골로41번길 15-3 (온천동),129.0770951,35.2167122
580,온천1동행정복지센터,부산광역시 동래구 금강로 127 (온천동),129.0801676,35.2200457
581,황금손한방병원,부산광역시 동래구 중앙대로 1325 (이센타워),129.077508,35.205256
582,부산광역시이동(플랫폼)노동자간이쉼터,부산광역시 동래구 온천동 527,129.078611,35.203324
583,온천어린이공원,부산광역시 동래구 온천동 387-10,129.0722171,35.2143769
584,솔밭공원,부산광역시 동래구 온천동 1853-5,129.0670153,35.2117575
585,온천2동행정복지센터,부산광역시 동래구 충렬대로107번길 28 (온천동),129.0729564,35.2079903
586,광혜병원1층로비,부산광역시 동래구 충렬대로 96 (광혜병원),129.070877,35.206844
587,온새미로공원,부산광역시 동래구 쇠미로 197 (온천동 동래 지웰),129.0629411,35.20778
588,미남공원,부산광역시 동래구 석사북로 93,129.0660782,35.2057609
589,온천3동행정복지센터,부산광역시 동래구 사직북로28번길 153 (온천동),129.0655589,35.2034318
590,금정할머니경로당,부산광역시 동래구 쇠미로 146 (온천동),129.0615249,35.2037189
591,금정할아버지경로당,부산광역시 동래구 쇠미로 146 (온천동),129.0615302,35.2037102
592,사직야구장스마트버스정류장,부산광역시 동래구 사직동 93-27,129.062281,35.196121
593,사직운동장스마트버스정류장,부산광역시 동래구 사직동 101-31,129.064932,35.195245
594,사직놀이공원,부산광역시 동래구 사직북로28번길 87  (사직동),129.0636719,35.2008316
595,사직한밭공원,부산광역시 동래구 사직북로48번길 25 (사직동 삼익아파트),129.0591,35.1999
596,신정소공원,부산광역시 동래구 사직동 1044,129.0666479,35.1967316
597,사직1동할아버지경로당,부산광역시 동래구 석사로18번길 27-7 (사직동),129.062925,35.1981059
598,사직1동할머니경로당,부산광역시 동래구 석사로18번길 27-7 (사직동),129.0629196,35.198095
599,석사할아버지경로당,부산광역시 동래구 사직북로48번길 36-3 (사직동),129.0606451,35.2005936
600,석사할머니경로당,부산광역시 동래구 사직북로48번길 36-3 (사직동),129.0606532,35.2006045
601,사직1동행정복지센터,부산광역시 동래구 석사로 19 (사직동),129.061954,35.1989519
602,사직3동할아버지경로당,부산광역시 동래구 중앙대로1277번길 73-4,129.07387,35.2002055
603,사직3동할머니경로당,부산광역시 동래구 중앙대로1277번길 73-4,129.07387,35.2002055
604,부산광역시사직종합사회복지관(지하1층휴게실3층로비),부산광역시 동래구 사직북로63번길 20-7 (사직사회복지관),129.057308,35.199072
605,스위첸공원,부산광역시 동래구 사직동 1037,129.0576,35.199
606,사직한신경로당,부산광역시 동래구 쇠미로81번길 33 (사직동 한신아파트),129.0531215,35.2014133
607,사직2차쌍용예가경로당,부산광역시 동래구 쇠미로40번길 55 (사직동 사직2차쌍용예가),129.0542614,35.1986495
608,사직삼환나우빌경로당,부산광역시 동래구 쇠미로 72 (사직동 사직삼환나우빌),129.0553263,35.1996402
609,유원경로당,부산광역시 동래구 쇠미로119번길 85 (사직동 유원아파트),129.055557,35.2040499
610,사직2동행정복지센터,부산광역시 동래구 사직북로63번길 22 (사직동),129.0575,35.1992
611,여고소공원,부산광역시 동래구 아시아드대로146번길 1 (사직동 사직 롯데캐슬 더 클래식),129.0689117,35.1972314
612,여고할아버지경로당,부산광역시 동래구 아시아드대로184번길 57 (사직동),129.0672138,35.1991492
613,여고할머니경로당,부산광역시 동래구 아시아드대로184번길 57 (사직동),129.0672058,35.199147
614,여명할아버지경로당,부산광역시 동래구 여고로91번길 31-3 (사직동),129.0725595,35.1984478
615,여명할머니경로당,부산광역시 동래구 여고로91번길 31-3 (사직동),129.0725675,35.1984413
616,사직3동행정복지센터,부산광역시 동래구 아시아드대로154번길 79 (사직동),129.0694588,35.1994539
617,동원경로당,부산광역시 동래구 여고북로 140 (사직동 동원아파트),129.0728813,35.2011437
618,안락경로당,부산광역시 동래구 안남로 85 (안락동),129.1014308,35.1937551
619,기찻길옆숲속도서관,부산광역시 동래구 안락동 756-2,129.097998,35.196141
620,충렬사공원,부산광역시 동래구 충렬대로 345 (안락동),129.0964311,35.2000391
621,안나경로당,부산광역시 동래구 명안로9번길 36 (안락동),129.1022623,35.1977026
622,안락1동행정복지센터,부산광역시 동래구 안연로110번길 9 (안락동),129.0985608,35.197056
623,서원경로당,부산광역시 동래구 반송로229번길 10 (안락동),129.098255,35.2014966
624,안락할아버지경로당,부산광역시 동래구 명안로39번길 38 (안락동),129.1026136,35.2005256
625,안락할머니경로당,부산광역시 동래구 명안로39번길 38 (안락동),129.1026163,35.2005212
626,용산할머니경로당,부산광역시 동래구 충렬대로309번길 20 (안락동),129.093482,35.200152
627,강변뜨란채아파트경로당,부산광역시 동래구 안남로 79 (안락동),129.1008192,35.195068
628,안락누리도서관북카페,부산광역시 동래구 명안로10번길 64 (안락누리도서관),129.107713,35.197015
629,안락꿈돌이공원,부산광역시 동래구 안락동 455-8,129.1060469,35.1995371
630,안락꽃밭공원,부산광역시 동래구 안락동 171-8,129.1125192,35.19098
631,안락2동행정복지센터,부산광역시 동래구 명안로18번길 103 (안락동),129.1100541,35.1977158
632,화현할아버지경로당,부산광역시 동래구 화현길 21-9 (안락동),129.1079459,35.1966527
633,화현할머니경로당,부산광역시 동래구 화현길 21-9 (안락동),129.1079459,35.1966396
634,원리할아버지경로당,부산광역시 동래구 온천천로 549 (안락동),129.1128784,35.1899586
635,원리할머니경로당,부산광역시 동래구 온천천로 549 (안락동),129.1128892,35.1899498
636,안락호현할머니경로당,부산광역시 동래구 명안로10번길 101-5 (안락동),129.109808,35.197306
637,명장한마음공원,부산광역시 동래구 명안로78번길 9 (명장동),129.1045207,35.2036729
638,옥봉경로당,부산광역시 동래구 명장로63번길 124-16,129.1050987,35.2096684
639,명장1동행정복지센터,부산광역시 동래구 명장로 32 (명장동),129.1042712,35.2047415
640,명장할아버지경로당,부산광역시 동래구 명장로48번길 28 (명장동),129.1060066,35.2035787
641,명장할머니경로당,부산광역시 동래구 명장로48번길 28 (명장동),129.1060013,35.2035787
642,명서공원,부산광역시 동래구 명서로 111,129.1002085,35.2123414
643,명장2동할머니경로당,부산광역시 동래구 명서로105번길 74 (명장동),129.1016373,35.2110672
644,세실할머니경로당,부산광역시 동래구 시실로135번길 41-5 (명장동),129.0980861,35.2104711
645,명장2동행정복지센터,부산광역시 동래구 명서로 168 (명장동),129.1024178,35.2079597
646,아림파크경로당,부산광역시 동래구 명서로 140 (명장동 아림파크맨션),129.10187,35.21
647,명장2동할아버지경로당,부산광역시 동래구 명서로105번길 74 (명장동),129.10164,35.2110738
648,솔밭노인정,부산광역시 남구 유엔평화로22번길 32 (대연동),129.0902138,35.1328626
649,대연1동경로당,부산광역시 남구 유엔로 181 (대연동),129.0960449,35.1303114
650,대남경로당,부산광역시 남구 유엔평화로22번길 32 (대연동),129.0902191,35.1328736
651,대평경로당,부산광역시 남구 유엔평화로17번길 98-1 (대연동),129.0974611,35.1333803
652,용주새마을금고본점,부산광역시 남구 수영로266번길 31,129.097045,35.1348675
653,대연1동행정복지센터,부산광역시 남구 유엔평화로 24,129.0918016,35.1329285
654,남구장애인복지관,부산광역시 남구 조각공원로11번길 38 (남구장애인복지관),129.099243,35.129194
655,동네청년공간공간숲2층,부산광역시 남구 용소로14번길 10 (디지털영화관),129.100079,35.136078
656,청년창조발전소고고씽JOB,부산광역시 남구 용소로46번길 7,129.100511,35.133075
657,대연동푸르지오아파트104동앞파고라,부산광역시 남구 대연동 91-4,129.1023792,35.1386546
658,평화공원,부산광역시 남구 대연동 678,129.1009668,35.1276703
659,대동골황령산편백나무숲,부산광역시 남구 대연동 산 53-19,129.087988,35.156601
660,용소경로당,부산광역시 남구 용소로40번길 22 (대연동),129.0997598,35.133887
661,용소제2경로당,부산광역시 남구 용소로40번길 22 (대연동),129.0997624,35.1338826
662,대우그린1차A경로당,부산광역시 남구 황령대로319번가길 190-6 (대우그린아파트),129.088829,35.150114
663,대우그린2차A경로당,부산광역시 남구 황령대로319번가길 189 (대연동 대우그린2차아파트),129.0897,35.1509
664,대연삼성경로당,부산광역시 남구 신선로 490 (대연동 삼성아파트),129.1038179,35.128166
665,경동A경로당,부산광역시 남구 황령대로319번길 26 (대연동 대연 경동메르빌 아파트),129.0918124,35.1503719
666,대삼경로당,부산광역시 남구 용소로34번길 33-5 (대연동),129.0991992,35.1340252
667,대연4동작은도서관,부산광역시 남구 석포로91번길 96 (대연동),129.0913859,35.1297762
668,파크푸르지오경로당,부산광역시 남구 홍곡로 360 (대연동 대연파크푸르지오),129.0898865,35.1238992
669,석포경로당(남),부산광역시 남구 석포로91번길 59 (대연동),129.090305,35.1284117
670,UN조각공원,부산광역시 남구 대연동 819-4,129.0983754,35.1291871
671,문화공원(부산문화회관)쉼터,부산광역시 남구 유엔평화로76번길 1,129.0944558,35.1280273
672,대연4동주민쉼터,부산광역시 남구 대연동 1115-56,129.0934259,35.1264056
673,늘봄어린이공원쉼터,부산광역시 남구 대연동 943-1,129.0871359,35.1284216
674,대명경로당,부산광역시 남구 천제등로38번길 68 (대연동),129.0862253,35.1308467
675,석포(여)경로당,부산광역시 남구 석포로91번길 59 (대연동),129.090305,35.1284073
676,나눔경로당,부산광역시 남구 유엔로120번가길 82 (대연동),129.0858659,35.1281222
677,대우A경로당,부산광역시 남구 홍곡로 343 (대연동 대연 대우아파트),129.0890068,35.1228835
678,현대A경로당,부산광역시 남구 천제등로28번길 50 (대연동 대연동 현대아파트),129.0862441,35.1317022
679,평화경로당,부산광역시 남구 유엔평화로70번길 39-1,129.0921836,35.1272083
680,문화경로당,부산광역시 남구 유엔평화로76번길 84 (대연동),129.0937865,35.1256367
681,미소경로당,부산광역시 남구 석포로73번길 76 (대연동),129.0873438,35.127543
682,대연새마을금고본점,부산광역시 남구 유엔로120번길 26,129.0905414,35.1296331
683,나사함발달장애인복지관,부산광역시 남구 못골번영로 70 (나사함발달장애인 복지관),129.089044,35.141341
684,대연극동A경로당,부산광역시 남구 진남로36번길 50 (대연동 대연극동아파트),129.0915415,35.1400221
685,지곡(여)경로당,부산광역시 남구 진남로 47 (대연동),129.0899456,35.1380041
686,남구노인복지관,부산광역시 남구 못골로 97-10 (대연동),129.0932876,35.1361858
687,못골경로당,부산광역시 남구 못골번영로71번길 6-4 (대연동),129.0885723,35.1415421
688,동남아파트경로당,부산광역시 남구 진남로36번길 101 (대연동 대연동남아파트),129.0919358,35.1415903
689,대연중앙새마을금고본점,부산광역시 남구 못골로 77 (대연동),129.0908334,35.1361836
690,연포하늘공원쉼터,부산광역시 남구 대연동 1584-14,129.08015,35.139769
691,남구청야외무더위쉼터,부산광역시 남구 못골로 19,129.0842235,35.136218
692,대연동원로얄듀크경로당,부산광역시 남구 못골로41번길 13 (대연동 대연2차동원로얄듀크),129.0859303,35.137039
693,마중경로당,부산광역시 남구 진남로127번길 76-8,129.077349,35.138311
694,대연화목경로당,부산광역시 남구 진남로96번길 63 (대연동),129.0835351,35.1402787
695,대연6동새마을금고본점,부산광역시 남구 못골로 22-1 (대연동),129.0847582,35.135497
696,대연6동행정복지센터,부산광역시 남구 못골로 13 (대연동),129.0831301,35.1373022
697,남구청무더위쉼터,부산광역시 남구 못골로 19,129.0847896,35.1363853
698,분포도서관,부산광역시 남구 분포로 97 (분포문화체육센터),129.11522,35.132056
699,가로공원(분포공원)쉼터,부산광역시 남구 용호동 176-38,129.1083589,35.1316921
700,용호공원쉼터,부산광역시 남구 용호동 176-21,129.114756,35.132336
701,솔밭공원쉼터,부산광역시 남구 동명로 114,129.1093587,35.1199736
702,신선정경로당,부산광역시 남구 분포로 111 (용호동 엘지메트로시티),129.1126907,35.1278063
703,LG메트로시티2차A경로당,부산광역시 남구 분포로 113 (용호동 엘지메트로시티),129.1097161,35.1281726
704,이기대경로당,부산광역시 남구 용호로 98-10 (용호동),129.1121006,35.1237632
705,용호동일경로당,부산광역시 남구 동명로170번길 93 (용호동 용호동일타운),129.115735,35.1142042
706,용친경로당,부산광역시 남구 동명로170번길 128 (용호동),129.1143644,35.1131467
707,오륙도뜨란채A경로당,부산광역시 남구 용호로269번길 29 (용호동 오륙도 뜨란채),129.1136509,35.1093398
708,오륙도경로당,부산광역시 남구 동명로164번길 74 (용호동),129.1136912,35.1157971
709,용호별빛공원,부산광역시 남구 분포로 66-38 (용호부두지정장치장),129.120123,35.132794
710,용호노인사랑방경로당,부산광역시 남구 이기대공원로 7 (용호동),129.1135007,35.1245486
711,용호새마을금고본점,부산광역시 남구 동명로146번길 6,129.112585,35.1191648
712,동방파크맨션경로당,부산광역시 남구 용호로198번길 39 (용호동 동방파크맨션),129.1086191,35.1149019
713,미주아파트경로당,부산광역시 남구 동명로92번길 91 (용호동 미주아파트),129.1083643,35.1164048
714,한진훼미리타운경로당,부산광역시 남구 용호로232번길 61 (용호동 한진훼미리타운),129.1085467,35.1131423
715,삼호경로당,부산광역시 남구 용호로232번길 37 (용호동),129.1090697,35.1118763
716,남구시설관리공단,부산광역시 남구 백운포로 110 (남구국민체육센터),129.1082,35.103882
717,석산정경로당,부산광역시 남구 신선로329번길 94-9 (용당동),129.0929362,35.1126069
718,갓골경로당,부산광역시 남구 신선로 405 (용당동),129.0979519,35.1214531
719,중부녀경로당,부산광역시 남구 신선로329번길 88-6 (용당동),129.0932,35.1132
720,코오롱하늘채A경로당,부산광역시 남구 홍곡로320번길 132 (용당동 신대연코오롱하늘채아파트),129.0932196,35.1228138
721,무제등소공원,부산광역시 남구 용당동 24-2,129.1044214,35.1070885
722,용당(여)경로당,부산광역시 남구 신선로319번길 6 (용당동),129.0949237,35.1144214
723,미연경로당,부산광역시 남구 홍곡로320번길 141 (용당동),129.0946555,35.1243116
724,현대아이파크A경로당,부산광역시 남구 동명로 26 (용당동),129.0991133,35.1189301
725,용당동새마을금고본점,부산광역시 남구 신선로 329,129.094803,35.1154815
726,현대1차A경로당,부산광역시 남구 우암로2번길 5 (감만동 감만 현대1차아파트),129.0831649,35.1116678
727,현대3차A경로당,부산광역시 남구 우암로2번길 30 (감만동 감만 현대3차아파트),129.0844524,35.1122668
728,감만동일스위트경로당,부산광역시 남구 우암로104번길 29 (감만동 감만동일스위트아파트),129.083232,35.1191122
729,현대2차A경로당,부산광역시 남구 신선로 165 (감만동 감만 현대2차아파트),129.0821403,35.111466
730,감만종합사회복지관어르신쉼터,부산광역시 남구 우암로 84-1 (감만동),129.0809172,35.1185242
731,남부산새마을금고본점,부산광역시 남구 우암로104번길 29 (감만동 감만동일스위트아파트),129.0822852,35.1188796
732,감만2동쌈지공원,부산광역시 남구 감만동 34-45,129.086626,35.122523
733,감만2동동네체육시설1,부산광역시 남구 감만동 3-218,129.0862119,35.1204176
734,노령경로당,부산광역시 남구 석포로20번길 13 (감만동),129.0835592,35.121837
735,감만한마음경로당,부산광역시 남구 석포로64번길 29-7,129.0880038,35.1226304
736,참좋은회관경로당,부산광역시 남구 전선등로 63,129.0872969,35.124499
737,월우경로당,부산광역시 남구 석포로56번길 49,129.086906,35.121748
738,동친경로당,부산광역시 남구 석포로26번길 62-2,129.085748,35.120497
739,양지경로당,부산광역시 남구 전선등로3번길 61 (감만동),129.0847877,35.1237061
740,감만동새마을금고본점,부산광역시 남구 석포로 29,129.084139,35.1228391
741,남구종합사회복지관(북카페),부산광역시 남구 동제당로 258 (남구종합복지관),129.074519,35.127366
742,우암도서관,부산광역시 남구 당산로 22,129.077907,35.125452
743,우암뉴서울아파트경로당,부산광역시 남구 유엔로 10,129.080172,35.124631
744,소막마을우리동네빨래방,부산광역시 남구 장고개로9번길 25 (우암동),129.0695527,35.1261654
745,소막마을주민공동체센터무더위쉼터,부산광역시 남구 우암번영로 19,129.0699502,35.1260856
746,우암정,부산광역시 남구 우암동 127-142,129.073342,35.127477
747,우암쌈지공원,부산광역시 남구 우암동 91-3,129.0776141,35.1255278
748,우암동일경로당,부산광역시 남구 유엔로 1-1 (우암동 동일아파트),129.0786611,35.1252567
749,한일경로당,부산광역시 남구 우암로154번길 36-13 (우암동),129.0815605,35.1251599
750,우정경로당,부산광역시 남구 당산로18번길 22 (우암동),129.0778434,35.1262816
751,참좋은수양경로당,부산광역시 남구 유엔로84번길 61 (우암동),129.0837362,35.1267994
752,우암동새마을금고본점,부산광역시 남구 유엔로 1-1 (동일아파트102동),129.078557,35.125108
753,남부중앙새마을금고본점,부산광역시 남구 우암로 240,129.0706177,35.1253992
754,문현어린이공원,부산광역시 남구 문현동 136-8,129.0736069,35.1427187
755,다목경로당,부산광역시 남구 진남로216번길 22-6,129.0770774,35.1450012
756,푸른경로당,부산광역시 남구 진남로165번가길 10,129.078132,35.141429
757,믿음경로당,부산광역시 남구 진남로210번길 51 (문현동),129.079096,35.1453869
758,문현새마을금고본점,부산광역시 남구 고동골로 64,129.071403,35.142716
759,사랑의경로당(여),부산광역시 남구 자유평화로57번길 17-1 (문현동),129.0655455,35.1420772
760,금융문화공원,부산광역시 남구 문현동 1228-6,129.0642151,35.1465164
761,동민의집경로당,부산광역시 남구 자유평화로57번길 17-1 (문현동),129.0655482,35.1420728
762,일상경로당,부산광역시 남구 전포대로68번가길 17 (문현동),129.0677771,35.1432835
763,금융단지새마을금고본점,부산광역시 남구 전포대로 88,129.067153,35.1444416
764,문현2동행정복지센터,부산광역시 남구 전포대로92번길 31-7,129.0686521,35.145211
765,문현쌈지공원,부산광역시 남구 문현동 652-81,129.0686015,35.1374406
766,송정경로당,부산광역시 남구 문현로66번길 136-1,129.0735569,35.1382199
767,성지경로당,부산광역시 남구 수영로65번길 22 (문현동),129.0753758,35.1359072
768,푸른솔경로당,부산광역시 남구 수영로69번길 63,129.0771649,35.1363558
769,문현3동새마을금고본점,부산광역시 남구 수영로39번길 6,129.0724367,35.1372268
770,문현4동동네체육시설2,부산광역시 남구 문현동 산 138,129.0712655,35.1321385
771,문현교통광장녹지쉼터,부산광역시 남구 문현동 843-2,129.0687722,35.1363788
772,벽산기린A경로당,부산광역시 남구 지게골로 52-15 (벽산한성기린아파트),129.070615,35.135057
773,시티프라자경로당,부산광역시 남구 수영로 26 (문현동 대림문현시티프라자),129.07058,35.1362954
774,지겟골경로당,부산광역시 남구 지게골로 139-33 (문현동),129.0760517,35.1342248
775,문현4동할머니경로당,부산광역시 남구 장고개로 79 (문현동),129.069896,35.132176
776,문현4동경로당,부산광역시 남구 장고개로 79 (문현동),129.0698799,35.1322287
777,문현4동새마을금고본점,부산광역시 남구 수영로 18-8 (문현동 삼한 사랑채),129.0696198,35.1362055
778,리버파크반도유보라경로당,부산광역시 북구 백양대로 1136 (구포동 리버파크 반도유보라아파트),129.0034658,35.2042274
779,시랑로경로당,부산광역시 북구 시랑로 29-1 (구포동),129.0044233,35.2030132
780,구포당산경로당,부산광역시 북구 팽나무로30번길 7-13 (구포동),129.0076312,35.2048608
781,가로사경로당,부산광역시 북구 낙동대로1762번길 57 (구포동),129.0008828,35.2071137
782,대리마을쌈지공원,부산광역시 북구 모분재로16번길 4  (구포동),129.00596,35.20595
783,음정공원,부산광역시 북구 구포동 1200,129.0103169,35.2060364
784,구포동원로얄듀크비스타아파트경로당,부산광역시 북구 낙동대로1738번길 10,128.9991687,35.2081739
785,구포1동주민센터,부산광역시 북구  낙동대로1762번길  75  구포1동 주민센터 (구포동),129.0011324,35.2064746
786,구포할머니경로당,부산광역시 북구 덕천로 3 (구포동),129.0053326,35.2072408
787,해피투모로우아파트경로당,부산광역시 북구 낙동북로 692,128.9993236,35.1997817
788,삼정그린코아아파트경로당,부산광역시 북구 백양대로1016번길 10,128.9949736,35.1956905
789,구명할머니경로당,부산광역시 북구  백양대로  1086   (구포동),128.999092,35.2016493
790,우곡경로당,부산광역시 북구  시랑로62번길  38   (구포동),129.0037368,35.1993476
791,벽산그린타운경로당,부산광역시 북구 시랑로182번길 19,129.0135978,35.1947939
792,태평양아파트경로당,부산광역시 북구 시랑로 176,129.0135007,35.1954006
793,구포3동주민센터,부산광역시 북구  시랑로118번길  23  구포3동 주민센터 (구포동),129.0088037,35.1949116
794,실버벨노인복지관,부산광역시 북구  시랑로114번길  45  실버벨노인종합복지관 (구포동),129.0086195,35.1940444
795,포천경로당,부산광역시 북구  모분재로105번가길  21   (구포동),129.0091755,35.198957
796,시랑골경로당,부산광역시 북구 시랑로185번길 47,129.0154305,35.1970163
797,에이스타운아파트경로당,부산광역시 북구 백양대로 1096 (구포동),128.9997053,35.2023141
798,협진태양아파트경로당,부산광역시 북구 백양대로 1025 (구포동 협진태양아파트),128.9952475,35.1978867
799,성림아파트경로당,부산광역시 북구 구남로 11 (구포동 성림누리아라아파트),128.994247,35.1981848
800,거북공원,부산광역시 북구 낙동북로648번길 11,128.9953469,35.2021492
801,주민쌈지공원,부산광역시 북구 구포동 768-28,129.0032728,35.2008971
802,녹색쌈지숲공원,부산광역시 북구 사상로558번나길 42,128.9915762,35.1956242
803,백양고밑담당화단,부산광역시 북구 백양대로1016번길 64 (구포동),128.998611,35.1983339
804,구포유림노르웨이숲경로당,부산광역시 북구 낙동북로 736 (구포동),129.0020442,35.1970012
805,구포현대아파트경로당,부산광역시 북구 백양대로 1003 (구포동 현대아파트),128.9925036,35.1970188
806,대성아파트경로당,부산광역시 북구 구남언덕로20번길 7 (구포대성아파트노인회관),128.994857,35.200747
807,구포2동행정복지센터,부산광역시 북구 낙동북로681번길 23 (구포동),128.999429,35.2016566
808,구남경로당,부산광역시 북구 구남로 18 (구포동),128.9941317,35.1989366
809,구명할아버지경로당,부산광역시 북구 백양대로 1086,128.999084,35.201661
810,부산광역시시각장애인복지관,부산광역시 북구 시랑로132번길 38 (부산시각장애인복지관),129.007965,35.195317
811,부산북부경찰서구포지구대,부산광역시 북구 시랑로79번길 3,129.006196,35.19884
812,백양아파트경로당,부산광역시 북구 시랑로 181 (구포동),129.0150771,35.1955678
813,삼경장미아파트경로당,부산광역시 북구 시랑로21번길 50 (구포동 삼경장미아파트),129.0071189,35.2038526
814,백조그린아파트경로당,부산광역시 북구 시랑로 156 (구포동 백조그린타운),129.0123492,35.1957409
815,태경해피타운경로당,부산광역시 북구 시랑로138번길 8 (태경아파트),129.009781,35.194481
816,경원골든아파트경로당,부산광역시 북구 모분재로149번길 25 (구포동),129.0128642,35.1979328
817,대우아파트경로당,부산광역시 북구 모분재로105번길 43-7 (구포동 구포대우아파트),129.0101498,35.1986582
818,태평양그린아파트경로당,부산광역시 북구 모분재로149번길 53 (구포동 태평양그린아파트),129.0131646,35.1984522
819,벽산그린필드1차아파트경로당,부산광역시 북구 모분재로105번길 53,129.0115085,35.1977273
820,신천경로당,부산광역시 북구 팽나무로8번길 96 (구포동),129.005979,35.2007141
821,구포3동경로당,부산광역시 북구 시랑로163번길 21-1 (구포동),129.0131432,35.1972533
822,부산지식산업센터(금곡점),부산광역시 북구 효열로 111 (부산지식산업센터),129.01287,35.255936
823,금곡청소년수련관,부산광역시 북구 효열로 158 (금곡청소년수련관),129.016598,35.259524
824,부산북부경찰서금곡파출소,부산광역시 북구 금곡대로 462 (금곡파출소),129.013097,35.24962
825,대한노인회부산북구지회,부산광역시 북구 금곡대로470번길 31 (금곡동),129.0128455,35.2516844
826,금곡89단지경로당,부산광역시 북구 효열로 98 (주공아파트903동),129.01486,35.256741
827,금곡4단지경로당,부산광역시 북구 효열로 76-1 (주공아파트),129.01492,35.252565
828,금곡6단지경로당,부산광역시 북구 효열로 38 (금곡동 금곡6단지주공아파트),129.0154982,35.2483922
829,공창복지관경로당,부산광역시 북구 효열로 268 (금곡동 금곡1단지주공아파트),129.0195644,35.2675936
830,한솔경로당,부산광역시 북구 효열로 265 (금곡동 한솔아파트),129.0197361,35.2665622
831,공창부락경로당,부산광역시 북구 효열로219번가길 38-9 (금곡동),129.0173623,35.2639692
832,화명리버빌2차아파트경로당,부산광역시 북구 화명신도시로 244 (화명리버빌2차아파트208동),129.012016,35.24615
833,유림효도관(유림2차),부산광역시 북구 금곡대로616번길 57 (유림아파트경비실),129.015788,35.26313
834,금곡2단지경로당,부산광역시 북구 금곡동 98-2,129.0153077,35.2601388
835,금곡경로당,부산광역시 북구 금곡대로616번길 105 (금곡동),129.0167373,35.2653204
836,금곡이안아파트경로당,부산광역시 북구 금곡대로550번길 6 (금곡동 이안 금곡),129.0117726,35.2558504
837,공창공원,부산광역시 북구 효열로219번가길 48  (금곡동 공창공원 공중화장실),129.0167863,35.2637886
838,우리공원,부산광역시 북구 금곡동 98-2,129.0152817,35.2601908
839,천사공원,부산광역시 북구 금곡동 1884,129.0107345,35.2443908
840,건강공원,부산광역시 북구 금곡동 57-2,129.0213233,35.2638155
841,열린공원,부산광역시 북구 금곡동 1112-1,129.0137846,35.2514118
842,금곡7단지경로당,부산광역시 북구 금곡대로550번길 23 (금곡동 금곡7단지주공아파트),129.0127891,35.2571558
843,유림효도관(유림2차),부산광역시 북구 금곡대로616번길 55,129.0158694,35.2627016
844,효도관(유림1차),부산광역시 북구 금곡대로470번길 33,129.0131894,35.2521996
845,화명한일유앤아이아파트경로당,부산광역시 북구 화명신도시로 194,129.0129598,35.2409882
846,율리벽산블루밍아파트경로당,부산광역시 북구 효열로 1,129.0137055,35.2482939
847,조성협진아파트경로당,부산광역시 북구 효열로162번길 41,129.01984,35.2615272
848,금곡5단지(금오)경로당,부산광역시 북구 효열로37번길 22,129.0134249,35.2500101
849,금곡3단지경로당,부산광역시 북구 효열로220번길 23,129.0219241,35.2645204
850,화명뜨란채경로당,부산광역시 북구 화명신도시로 219 (화명뜨란채아파트102동),129.010442,35.242782
851,동원역삼정그린코아노인회,부산광역시 북구 효열로 135,129.0140117,35.258682
852,신화명리버뷰자이아파트경로당,부산광역시 북구 금곡대로470번길 29,129.0122097,35.2518414
853,화목타운경로당,부산광역시 북구 효열로220번길 22,129.0198729,35.2624817
854,율리주공마을아파트경로당,부산광역시 북구 화명신도시로 255,129.0105199,35.2457308
855,금곡동주민센터,부산광역시 북구  금곡대로  466  금곡동 주민센터 (금곡동),129.0127658,35.2500644
856,공창종합사회복지관,부산광역시 북구  효열로  268  공창종합사회복지관 (금곡동 금곡1단지주공아파트),129.0196873,35.2674107
857,금곡종합사회복지관,부산광역시 북구  효열로  144  금곡종합사회복지관 (금곡동),129.0154889,35.2588882
858,화정종합사회복지관,부산광역시 북구  효열로  76  화정종합사회복지관 (금곡동 금곡4단지주공아파트),129.0147244,35.2525966
859,동원사회복지관,부산광역시 북구 금곡대로616번길 10-9 (금곡2단지주공아파트 동원종합사회복지관),129.015511,35.261159
860,금곡도서관,부산광역시 북구 효열로203번길 34,129.0167315,35.2632262
861,율리경로당,부산광역시 북구 금곡대로430번가길 27-20,129.013998,35.24673
862,삼한힐파크경로당,부산광역시 북구 화명대로 119 (삼한힐파크105동),129.018979,35.235873
863,화명대우아파트경로당,부산광역시 북구 화명대로 104 (대우푸르지오경비실),129.018966,35.233955
864,화명그린파크경로당,부산광역시 북구 금곡대로 280-9 (화명동 시영아파트),129.0145594,35.2328057
865,화명대림타운아파트경로당,부산광역시 북구 금곡대로 268 (화명동대림타운401동),129.015495,35.231122
866,수정경로당,부산광역시 북구 금곡대로 206 (화명동),129.0114641,35.2268814
867,화명현대1차아파트경로당,부산광역시 북구 화명대로 87 (화명동 현대아파트),129.0175094,35.2349988
868,화명근린공원,부산광역시 북구 의성로33번길 192  (화명동 화명근린공원 공중화장실),129.0147594,35.2243333
869,보경아파트경로당,부산광역시 북구 금곡대로200번길 61 (보경그린아파트상가동),129.014545,35.2268
870,화명롯데캐슬카이저제2금솔회,부산광역시 북구 금곡대로 166 (화명동 롯데캐슬카이저),129.0112495,35.2225255
871,화명동원로얄듀크경로당,부산광역시 북구 금곡대로 228 (동원로얄듀크경로당),129.013857,35.228196
872,화명동롯데캐슬카이저제1금솔회,부산광역시 북구 금곡대로 166 (화명동 롯데캐슬카이저),129.0115392,35.2221048
873,화명1동주민센터,부산광역시 북구 금곡대로 274,129.0138027,35.2327756
874,화명플리체동원비스타아파트경로당,부산광역시 북구 대천천길 109 (화명동 화명플리체비스타동원),129.0190199,35.2430255
875,화명푸르지오헤리센트경로당,부산광역시 북구 산성로 28 (화명동 화명푸르지오 헤리센트),129.0172604,35.2393101
876,코오롱아파트경로당,부산광역시 북구 양달로 80-11 (코오롱아파트105동),129.023191,35.243665
877,화명경남아파트경로당,부산광역시 북구 대천천길 37 (화명동 경남아너스빌),129.0156323,35.2413212
878,대천천수변공원,부산광역시 북구 화명동 311,129.0223665,35.2431054
879,화명도시그린아파트(201~203동)경로당,부산광역시 북구 양달로 53,129.018166,35.2435636
880,그린숲속아파트경로당(24평),부산광역시 북구 산성로 88 (화명동 그린숲속아파트),129.0229976,35.2415578
881,화명도시그린아파트(101~104동)경로당,부산광역시 북구 양달로 80-18 (도시화명그린아파트104동),129.021441,35.243425
882,벽산강변타운아파트경로당,부산광역시 북구 양달로9번길 21,129.0136825,35.24441
883,화명도시그린아파트(204~208동)경로당,부산광역시 북구 양달로 69,129.0222651,35.2446159
884,용두골솔밭경로당,부산광역시 북구 금곡대로324번길 29 (화명동),129.0157744,35.237264
885,대천경로당,부산광역시 북구 산성로 39-2 (화명동),129.0172604,35.240561
886,부산북부경찰서화명지구대,부산광역시 북구 용당로 6 (화명지구대),129.009761,35.231844
887,화명2차현대아파트경로당,부산광역시 북구 화명신도시로 48 (화명2차현대아파트208동),129.01065,35.228215
888,새싹공원,부산광역시 북구 화명동 2320,129.0064429,35.2233645
889,용당공원,부산광역시 북구 화명동 2301-1,129.0100212,35.2314216
890,화명2차동원로얄듀크비스타아파트경로당,부산광역시 북구 금곡대로 175,129.0089518,35.2246439
891,화명그린힐아파트경로당,부산광역시 북구 화명대로94번길 45,129.0179085,35.2328276
892,화명동롯데캐슬맴버스경로당,부산광역시 북구 금곡대로 240,129.0134855,35.2294392
893,화명유림아파트경로당,부산광역시 북구 화명대로 110,129.0206051,35.2348325
894,화명동종합사회복지관,부산광역시 북구  금곡대로199번길  21  화명동종합사회복지관 (화명동),129.0097713,35.2267989
895,우신아파트경로당,부산광역시 북구 산성로12번길 27,129.0162018,35.2379059
896,화명2동주민센터,부산광역시 북구  양달로  58  화명2동 주민센터 (화명동),129.0198445,35.2436162
897,북구보건소,부산광역시 북구  금곡대로  348  북구보건소 (화명동),129.0146764,35.2392617
898,대우이안아파트경로당,부산광역시 북구 화명신도시로 145,129.0098324,35.2369161
899,코오롱하늘채2차아파트경로당,부산광역시 북구 화명신도시로 100,129.0119244,35.2324963
900,롯데아파트낙천대경로당,부산광역시 북구 화명신도시로 156,129.0123042,35.2375565
901,코오롱하늘채1차아파트경로당,부산광역시 북구 화명신도시로 70,129.01159,35.2302312
902,수정강변타운아파트경로당,부산광역시 북구 학사로17번길 31,129.0070715,35.2217439
903,대림쌍용강변타운경로당,부산광역시 북구 화명신도시로 39,129.0075107,35.2261226
904,화명3동주민센터,부산광역시 북구  화명신도시로  85  화명3동 주민센터 (화명동),129.0100326,35.2318453
905,화명도서관,부산광역시 북구 화명대로12번길 59,129.00938,35.23229
906,용당경로당,부산광역시 북구 학사로 122-21,129.0090755,35.2331983
907,덕천도서관,부산광역시 북구 의성로47번길 45-2 (덕천도서관),129.01174,35.217366
908,낙동경로당,부산광역시 북구 만덕대로65번길 86 (덕천동),129.0110028,35.2156538
909,포레나부산덕천아파트경로당,부산광역시 북구 만덕대로 81 (덕천동 포레나부산덕천),129.0139639,35.2128182
910,덕천경로당,부산광역시 북구 의성로109번길 12 (덕천동),129.0115339,35.2109226
911,덕천대방아파트경로당,부산광역시 북구 만덕대로90번길 13 (덕천동 대방아파트),129.0149993,35.2122878
912,기비골마을아파트경로당,부산광역시 북구 만덕1로104번길 29 (덕천동 기비골마을),129.0237245,35.2161008
913,북부산새마을금고본점,부산광역시 북구 만덕대로 86 (덕천동),129.014326,35.2120884
914,북부산새마을금고남산정지점,부산광역시 북구 만덕대로 169 (덕천동),129.0232262,35.2135185
915,덕내공원,부산광역시 북구 덕천동 342-6,129.0108541,35.2138354
916,남산정공원,부산광역시 북구 덕천동 814-7,129.0227895,35.2157632
917,숙등공원,부산광역시 북구 의성로115번길 71,129.0146699,35.2115772
918,부영벽산파라빌아파트경로당,부산광역시 북구 만덕대로155번길 14,129.0219857,35.2135533
919,덕천삼정그린코아경로당,부산광역시 북구 만덕대로155번길 15,129.0209801,35.2137767
920,덕천1동주민센터,부산광역시 북구 만덕대로102번가길 11 (덕천동),129.0166542,35.2124237
921,남산정종합사회복지관,부산광역시 북구 만덕대로155번길 86-9 (덕천2지구도개공아파트 114동),129.020366,35.218091
922,북구보건소덕천지소,부산광역시 북구 만덕대로89번길 9 (북구보건소덕천지소),129.014248,35.212874
923,공원경로당,부산광역시 북구 의성로115번길 71,129.0146956,35.2113638
924,남산정경로당,부산광역시 북구 만덕대로155번길 86-9 (덕천2지구도개공아파트114동),129.020634,35.217416
925,이남프라자경로당,부산광역시 북구 금곡대로8번길 33,129.0071851,35.2114398
926,성훈강변아파트경로당,부산광역시 북구 금곡대로 97,129.0054337,35.2185074
927,덕천2동할머니경로당,부산광역시 북구  만덕대로27번길  45-10  (덕천동),129.0068253,35.2127196
928,음정골경로당,부산광역시 북구  덕천1길  60-1  (덕천동),129.0088823,35.210122
929,꽃동산경로당,부산광역시 북구  의성로127번길  108   (덕천동),129.0170764,35.2105722
930,센트럴병원,부산광역시 북구 만덕대로 37,129.009163,35.211321
931,맥켄지일신재활병원,부산광역시 북구 금곡대로 133 (맥켄지일신기독병원),129.007784,35.220948
932,부산북부경찰서덕천지구대,부산광역시 북구 금곡대로 66-8 (덕천지구대),129.005149,35.215559
933,강변경로당,부산광역시 북구 금곡대로 107 (덕천동),129.0064591,35.2193636
934,덕천2동할아버지경로당,부산광역시 북구 만덕대로27번길 45-10 (덕천동),129.0068561,35.2127261
935,덕천한라아파트경로당,부산광역시 북구 덕천로52번길 20 (덕천동 한라아파트),129.009718,35.2071707
936,의성경로당,부산광역시 북구 금곡대로104번길 8 (덕천동),129.0070814,35.2188925
937,덕천근린공원,부산광역시 북구 덕천동 산 78-1,129.0076017,35.2173564
938,덕천주공1단지경로당,부산광역시 북구 덕천로 72 (덕천동 주공아파트),129.0119094,35.2066908
939,덕천2동주민센터,부산광역시 북구 금곡대로20번길 56 (덕천동),129.0078324,35.2123886
940,한성아파트경로당,부산광역시 북구 만덕대로142번길 32 (덕천동 한성아파트),129.0202081,35.2118737
941,꽃동산할아버지경로당,부산광역시 북구 의성로127번길 108 (덕천3동꽃동산경로당),129.017143,35.210501
942,롯데아파트경로당,부산광역시 북구 함박봉로 26 (덕천동롯데아파트 103동),129.020954,35.209438
943,덕천공원,부산광역시 북구 의성로127번길 108,129.0167703,35.2104583
944,덕천종합사회복지관,부산광역시 북구 덕천로 74,129.0164461,35.2091126
945,은마아파트경로당,부산광역시 북구 만덕대로128번길 39 (덕천동 은마아파트),129.0188456,35.211225
946,덕천3동주민센터,부산광역시 북구 덕천로 118,129.017427,35.209894
947,동일아파트경로당,부산광역시 북구 만덕1로104번가길 63 (만덕동일아파트),129.027388,35.216256
948,금정산센트럴포렐경로당,부산광역시 북구 만덕1로 25-9 (만덕동 금정산 센트럴 포레),129.0348852,35.2137254
949,만덕3휴먼시아아파트경로당,부산광역시 북구 만덕1로 49 (만덕동),129.0321735,35.214179
950,만덕베르빌아파트경로당,부산광역시 북구 만덕1로 8 (만덕동 만덕베르빌아파트),129.0373367,35.2133857
951,효도정(대진아파트),부산광역시 북구 만덕1로 92 (만덕동 대진아파트),129.0269861,35.2151432
952,상학경로당,부산광역시 북구 상학산복길 215 (만덕동),129.040204,35.2171373
953,더래디언트금정산아파트경로당,부산광역시 북구 상학로 35 (더래디언트 금정산),129.035166,35.215338
954,e편한세상금정산아파트경로당,부산광역시 북구 상학로 36 (만덕동 이편한세상 금정산),129.0379268,35.2161293
955,북부산새마을금고만덕지점,부산광역시 북구 만덕1로10번길 9 (만덕동),129.0359309,35.2142295
956,만덕교옆시설녹지,부산광역시 북구 만덕대로 235,129.0303661,35.2132708
957,협성파크경로당,부산광역시 북구 만덕1로 82 (만덕동 협성파크),129.0285364,35.2157612
958,만덕2휴먼시아아파트경로당,부산광역시 북구 만덕1로 25-12,129.0337635,35.2138495
959,만덕1동주민센터,부산광역시 북구  만덕1로  1  만덕1동 주민센터 (만덕동),129.0363676,35.2134577
960,새솔경로당,부산광역시 북구 만덕1로51번길 47,129.029717,35.213151
961,백양산동문굿모닝힐3단지경로당,부산광역시 북구 덕천로276번길 21,129.03471,35.208552
962,신만덕유림노르웨이숲아파트경로당,부산광역시 북구 덕천로 345,129.039861,35.209451
963,백양산동문굿모닝힐아파트1단지경로당,부산광역시 북구 덕천로276번길 60,129.033297,35.207631
964,백양산동문굿모닝힐아파트2단지경로당,부산광역시 북구 덕천로276번길 85,129.034928,35.20572
965,만덕2동주민센터,부산광역시 북구  만덕2로44번길  10  만덕2동사무소 (만덕동),129.0370766,35.2101026
966,만덕종합사회복지관,부산광역시 북구  함박봉로140번길  102  만덕종합사회복지관 (만덕동),129.0353769,35.2018436
967,중리경로당,부산광역시 북구  중리로  15   (만덕동),129.0393291,35.2113971
968,만덕2동경로당,부산광역시 북구  만덕대로290번길  40   (만덕동),129.0339621,35.2125904
969,함박경로당,부산광역시 북구  은행나무로36번길  17   (만덕동),129.0386446,35.2059529
970,그린코아2차아파트경로당,부산광역시 북구 덕천로234번길 47,129.0296387,35.2076715
971,만덕현대아파트경로당,부산광역시 북구 만덕3로 45,129.0285756,35.2121881
972,벽산라인훼미리경로당,부산광역시 북구 만덕대로178번길 29,129.024802,35.211495
973,그린코아1차아파트경로당,부산광역시 북구 덕천로234번길 47,129.0301909,35.2080308
974,부산북부경찰서만덕지구대,부산광역시 북구 은행나무로36번가길 24 (북부경찰서만덕지구대),129.039172,35.205554
975,신만덕백양경로당,부산광역시 북구 덕천로 366 (만덕동),129.0436292,35.2092877
976,삼성아파트경로당,부산광역시 북구 만덕2로 14 (부산만덕삼성종합상가종합상가동),129.036337,35.210981
977,일동경로당,부산광역시 북구 은행나무로36번길 104 (만덕동 일동아파트),129.0411079,35.2049265
978,상록한신휴플러스경로당,부산광역시 북구 함박봉로140번길 16 (만덕동 상록한신휴플러스아파트),129.0323558,35.2047468
979,만덕3주공아파트경로당,부산광역시 북구 함박봉로140번길 21 (만덕동 만덕3단지주공아파트),129.0335655,35.2038833
980,베스티움에코포레경로당,,129.041875,35.206533
981,백양근린공원,부산광역시 북구 상리로18번길 49 (만덕동),129.0383694,35.2066776
982,동심공원,부산광역시 북구 덕천로 320,129.038818,35.208977
983,상록공원,부산광역시 북구 덕천로 366,129.0438422,35.2091938
984,만덕대성아파트경로당,부산광역시 북구 덕천로259번길 30 (만덕동 대성타워맨션),129.0334395,35.2116896
985,동원맨션경로당,부산광역시 북구 덕천로 286 (동원맨션),129.035133,35.209171
986,백양생활체육관,부산광역시 북구 상리로18번길 49 (만덕동),129.0355611,35.2061604
987,북구만덕도서관,부산광역시 북구 상리로18번길 49 (만덕동),129.0380207,35.2070436
988,럭키만덕경로당,부산광역시 북구 덕천로 194 (만덕동 럭키아파트),129.025594,35.2107341
989,럭키2차아파트경로당,부산광역시 북구 덕천로234번길 24 (만덕동),129.0286624,35.2100241
990,동원아파트노인정,부산광역시 북구 덕천로234번길 5 (동원아파트상가7동),129.030667,35.209746
991,신만덕쌍용예가경로당,부산광역시 북구 만덕3로 49 (만덕동 신만덕쌍용예가),129.0312856,35.2122813
992,동원아파트뒤시설녹지,부산광역시 북구 만덕동 925-4,129.030125,35.2091602
993,한마음공원,부산광역시 북구 만덕동 922-2,129.0315067,35.211693
994,개나리공원,부산광역시 북구 만덕동 912-1,129.0273477,35.2109434
995,만덕3동주민센터,부산광역시 북구  만덕3로  52  만덕3동 주민센터 (만덕동),129.0291439,35.2113584
996,신성경로당,부산광역시 북구  만덕3로  14   (만덕동),129.0253671,35.2124293
997,해운대관광안내소,부산광역시 해운대구 해운대해변로 264 (해운대종합관광봉사센타),129.160139,35.159044
998,한적골경로당,부산광역시 해운대구 우동2로30번길 79,129.161105,35.16956
999,한마음부녀경로당,부산광역시 해운대구 우동3로 41,129.163028,35.169081
1000,우1동주민센터,부산광역시 해운대구 해운대로 612 (우동),129.1580817,35.1628826
1001,영화의전당시네마운틴,부산광역시 해운대구 수영강변대로 120 (영화의전당),129.127282,35.171536
1002,영화의전당야외극장,부산광역시 해운대구 수영강변대로 120 (영화의전당),129.127476,35.171123
1003,APEC나루공원,부산광역시 해운대구 우동 1494,129.125754,35.170101
1004,우2동경로당,부산광역시 해운대구 해운대로383번길 35 (우동),129.1391158,35.1706336
1005,우2동주민센터,부산광역시 해운대구 해운대로383번가길 7,129.1399355,35.1712081
1006,우3동주민센터,부산광역시 해운대구 해운대해변로 104 (우동),129.1433296,35.1596898
1007,해운대구청,부산광역시 해운대구 중동2로 11 (해운대구청),129.163691,35.163028
1008,이동노동자지원센터해운대쉼터,부산광역시 해운대구 구남로29번길 38 (혜천빌딩),129.162372,35.162639
1009,해운경로당,부산광역시 해운대구 중동2로10번길 32-15  (중동 성완아이렉스),129.1665843,35.1635667
1010,롯데캐슬마린경로당,부산광역시 해운대구 중동2로34번길 29 (중동 롯데캐슬마린아파트),129.1651225,35.1659677
1011,한마음경로당,부산광역시 해운대구 해운대해변로 329-14 (중동),129.165262,35.1626852
1012,중1동주민센터,부산광역시 해운대구 중동1로37번길 20 (중동),129.1641757,35.1625734
1013,중2동주민센터,부산광역시 해운대구 좌동순환로433번길 34 (중동),129.1792685,35.1619616
1014,청사포경로당,부산광역시 해운대구 청사포로128번길 32 (중동),129.1908342,35.1602556
1015,장산노인복지관,부산광역시 해운대구 좌동로 126 (장산노인복지관),129.178777,35.173783
1016,좌동경로당,부산광역시 해운대구 좌동로 107 (좌동),129.1765139,35.1733172
1017,좌1동주민센터,부산광역시 해운대구 양운로 91 (좌동),129.174175,35.1708901
1018,좌2동주민센터,부산광역시 해운대구 좌동순환로 302,129.1826012,35.1691093
1019,해운대보건소,부산광역시 해운대구 양운로37번길 59,129.1786576,35.1641123
1020,장산공원,부산광역시 해운대구 좌동 1371-1,129.165762,35.175924
1021,좌3동주민센터,부산광역시 해운대구 좌동순환로 65,129.1666143,35.1722656
1022,한마음스포츠센터,부산광역시 해운대구 세실로 175 (한마음스포츠센터),129.176703,35.180433
1023,좌4동주민센터,부산광역시 해운대구 좌동순환로 183,129.1762551,35.1778888
1024,송정관광안내소,부산광역시 해운대구 송정해변로 62 (송정관광안내소),129.199578,35.179426
1025,송정동경로당,부산광역시 해운대구 송정중앙로15번길 62-6 (송정동),129.2043431,35.185627
1026,송정동주민센터,부산광역시 해운대구 송정중앙로21번길 20,129.2037134,35.1836604
1027,해운대구장애인복지관,부산광역시 해운대구 선수촌로207번길 81 (해운대구장애인복지관),129.121926,35.210758
1028,인문학도서관,부산광역시 해운대구 반여로 132 (반여동),129.1262734,35.202233
1029,아시아선수촌공원,부산광역시 해운대구 반여동 1634,129.12348,35.202553
1030,무정리경로당,부산광역시 해운대구 반여로 21 (반여동),129.1193359,35.1947962
1031,꽃동네경로당,부산광역시 해운대구 선수촌로207번길 79 (반여동),129.1220784,35.2110716
1032,반석경로당,부산광역시 해운대구 선수촌로 199-5 (반여동),129.1248062,35.2101687
1033,아시아선수촌(여)경로당,부산광역시 해운대구 선수촌로 122,129.121535,35.202106
1034,반여1동주민센터,부산광역시 해운대구 선수촌로 85,129.1189303,35.201146
1035,영진종합사회복지관,부산광역시 해운대구 반여로 165,129.126319,35.205749
1036,아사아선수촌(남)경로당,부산광역시 해운대구 선수촌로 122,129.121535,35.202106
1037,신촌할머니경로당,부산광역시 해운대구 선수촌로 146-11 (반여동),129.122242,35.2063291
1038,반여종합사회복지관,부산광역시 해운대구 재반로226번길 13-73 (반여종합사회복지관),129.131892,35.19829
1039,기로경로당,부산광역시 해운대구 해운대로61번길 87 (반여동),129.1280678,35.1951579
1040,기로(여)경로당,부산광역시 해운대구 해운대로61번길 87 (반여동),129.1280624,35.1951995
1041,소담경로당,부산광역시 해운대구 재반로196번길 13-74 (반여동 유진주택),129.1317049,35.1956401
1042,반여2동주민센터,부산광역시 해운대구 재반로211번길 9,129.1301406,35.1958884
1043,장수(여)경로당,부산광역시 해운대구 재반로211번길 28-85 (반여동),129.1293164,35.1974221
1044,반여도서관,부산광역시 해운대구 재반로282번길 38 (반여동),129.133797,35.2019371
1045,초록공원,부산광역시 해운대구 반여동 산 111-2,129.136393,35.203178
1046,보훈아파트경로당,부산광역시 해운대구 재반로242번길 41 (반여동 보훈아파트),129.1339311,35.1995196
1047,반여3동새마을경로당,부산광역시 해운대구 재반로242번길 13-18 (반여동),129.1322628,35.1989607
1048,선우정경로당,부산광역시 해운대구 재반로282번길 60 (반여동),129.1350389,35.2027634
1049,안양원경로당,부산광역시 해운대구 재반로241번길 28-70 (반여동),129.1299346,35.1999141
1050,반여3동주민센터,부산광역시 해운대구 재반로256번길 29-70,129.1335105,35.200998
1051,명장SK경로당,부산광역시 해운대구 삼어로 55 (반여동 센텀에스케이뷰아파트),129.1138816,35.2035677
1052,반여4동주민센터,부산광역시 해운대구 삼어로133번길 50,129.117075,35.209223
1053,삼어할머니경로당,부산광역시 해운대구 삼어로133번가길 13-12 (반여동),129.1181275,35.2093469
1054,반송공원,부산광역시 해운대구 반송동 844-2,129.161507,35.221306
1055,필봉경로당,부산광역시 해운대구 반송순환로 129,129.152868,35.222471
1056,석대경로당,부산광역시 해운대구 반송로607번길 27-7 (석대동),129.1298166,35.2208296
1057,장수경로당,부산광역시 해운대구 아랫반송로90번길 8 (반송동),129.1526476,35.2204132
1058,반송1동경로당,부산광역시 해운대구 아랫반송로26번길 46 (반송동),129.1473609,35.2252315
1059,화송(여)경로당,부산광역시 해운대구 아랫반송로40번길 19-23 (반송동),129.1497186,35.223139
1060,송원경로당,부산광역시 해운대구 아랫반송로30번길 145 (반송동),129.1480315,35.2220895
1061,송원(여)경로당,부산광역시 해운대구 아랫반송로30번길 145 (반송동),129.1479966,35.2220698
1062,은하수경로당,부산광역시 해운대구 아랫반송로21번길 113-13 (반송동),129.1481334,35.2283318
1063,행복경로당,부산광역시 해운대구 아랫반송로29번길 20 (반송동),129.1494799,35.2246071
1064,태평경로당,부산광역시 해운대구 아랫반송로21번길 132-7 (반송동 개나리빌라),129.1489877,35.2289037
1065,반송1동주민센터,부산광역시 해운대구 아랫반송로 16,129.1479058,35.2251678
1066,반송종합사회복지관,부산광역시 해운대구 아랫반송로1번길 15,129.146882,35.226395
1067,반송2동경로당,부산광역시 해운대구 윗반송로51번길 34 (반송동),129.1553459,35.2298655
1068,송우정경로당,부산광역시 해운대구 반송로924번길 8 (반송동),129.1549838,35.2321857
1069,새동네경로당,부산광역시 해운대구 반송로877번길 47-6 (반송동),129.150947,35.2324574
1070,반송2동주민센터,부산광역시 해운대구 신반송로 173,129.1604128,35.2288453
1071,반송보건지소,부산광역시 해운대구 반송로 853,129.147532,35.229679
1072,운봉종합사회복지관,부산광역시 해운대구 신반송로 200 (반송동 주공아파트),129.1592324,35.2326326
1073,반석종합사회복지관,부산광역시 해운대구 신반송로 159 (반송동 도개공아파트),129.1621131,35.2301131
1074,파랑새종합사회복지관,부산광역시 해운대구 신반송로 21 (반송동),129.1584733,35.2288248
1075,운봉(여)경로당,부산광역시 해운대구 운봉길 210 (반송동),129.1425169,35.2366418
1076,해운대구문화복합센터,부산광역시 해운대구 센텀중앙로 170 (해운대구문화복합센터),129.12155,35.182098
1077,재송(여)경로당,부산광역시 해운대구 해운대로177번길 51-16 (재송동),129.1253319,35.1838711
1078,연화경로당,부산광역시 해운대구 재송1로46번길 56-5 (재송동),129.1230574,35.185125
1079,재송(남)경로당,부산광역시 해운대구 해운대로177번길 51-16 (재송동),129.1253293,35.1838667
1080,재송1동주민센터,부산광역시 해운대구 재반로63번길 23,129.1251969,35.1846281
1081,해운대종합사회복지관,부산광역시 해운대구 재반로12번길 16 (재송동),129.1276333,35.1800369
1082,어진샘노인복지관,부산광역시 해운대구 재반로12번길 16 (재송동),129.1276494,35.1796137
1083,후곡경로당,부산광역시 해운대구 해운대로89번길 23 (재송동),129.1215286,35.1896561
1084,한빛경로당,부산광역시 해운대구 재반로103번길 32 (재송동),129.1246399,35.1882159
1085,별천지경로당,부산광역시 해운대구 재송2로74번길 32 (재송동 국부빌라),129.1329199,35.1912497
1086,역전경로당,부산광역시 해운대구 해운대로91번길 39-8 (재송동),129.1223574,35.1886061
1087,송수경로당,부산광역시 해운대구 재반로 142-28 (재송동),129.1280785,35.1898862
1088,재송2동주민센터,부산광역시 해운대구 재반로125번길 26,129.1253407,35.1896431
1089,괴정역/괴정사거리스마트버스승강장,부산광역시 사하구 괴정동 939-3,128.992421,35.099721
1090,괴정쌈지공원,부산광역시 사하구 괴정동 542-28,128.985294,35.095626
1091,괴정보호수주변쌈지공원,부산광역시 사하구 괴정동 904,128.9904502,35.0995704
1092,회화나무샘터공원,부산광역시 사하구 괴정동 1244-5,128.991221,35.097848
1093,괴정1동정자공원,부산광역시 사하구 괴정동 534-4,128.9886589,35.0966566
1094,괴정1동행정복지센터,부산광역시 사하구 낙동대로250번안길 3,128.9894499,35.0996439
1095,괴정1동경로당,부산광역시 사하구 낙동대로249번길 2-2,128.9897122,35.0989618
1096,회화나무어린이작은도서관,부산광역시 사하구 사하로141번나길 11-1,128.9915593,35.0939658
1097,석천경로당,부산광역시 사하구 승학로281번길 73,128.9916273,35.1036421
1098,솔티쌈지공원,부산광역시 사하구 낙동대로 123,129.001562,35.102993
1099,승학초등학교후문주민쉼터,부산광역시 사하구 오작로 117,129.003707,35.102428
1100,까치경로당,부산광역시 사하구 까치고개로 77-1,129.0092997,35.1049929
1101,풍류원경로당,부산광역시 사하구 대티로63번길 52,129.0042136,35.1074457
1102,괴정2동행정복지센터,부산광역시 사하구 까치고개로 14-1,129.0039857,35.1034592
1103,사하사랑채노인복지관,부산광역시 사하구 사리로 35,128.998749,35.103003
1104,오작교체육공원,부산광역시 사하구 괴정동 산 79-2,128.9965576,35.0953438
1105,솔밭쉼터,부산광역시 사하구 괴정동 407-19,128.998087,35.10112
1106,평화경로당,부산광역시 사하구 오작로3번길 15-4 (괴정동),128.9948183,35.0981903
1107,괴정3동행정복지센터,부산광역시 사하구 낙동대로171번길 30-5,128.9979477,35.1003269
1108,양지할아버지경로당,부산광역시 사하구 승학로224번길 93,128.994669,35.1018946
1109,오작교작은도서관,부산광역시 사하구 낙동대로171번길 30-5,128.997991,35.1003264
1110,괴정삼익아파트스마트버스승강장,부산광역시 사하구 괴정동 661-1,128.985115,35.099553
1111,BMC어린이꿈동산,부산광역시 사하구 괴정동 1082-16,128.9843309,35.1009052
1112,승학공원,부산광역시 사하구 장평로449번길 102,128.981003,35.0995112
1113,희망경로당,부산광역시 사하구 장평로449번길 120,128.9802974,35.099527
1114,마곡정경로당,부산광역시 사하구 낙동대로326번길 14,128.9817924,35.1007763
1115,괴정4동행정복지센터,부산광역시 사하구 낙동대로309번길 9,128.9831271,35.0990902
1116,마하골길벗작은도서관,부산광역시 사하구 승학로161번길 80,128.9849309,35.1054218
1117,사하구청고우니홀(24시간응급대피장소),부산광역시 사하구 낙동대로398번길 12  (당리동),128.9751863,35.1041818
1118,당리동행정복지센터,부산광역시 사하구 낙동대로398번길 21 (당리동),128.9745292,35.1039916
1119,승학경로당,부산광역시 사하구 마하로25번길 8,128.9816512,35.1026843
1120,당리본동할머니경로당,부산광역시 사하구 제석로 50 (당리동),128.9741948,35.1051137
1121,사하구청민원여권과민원대기실,부산광역시 사하구 낙동대로398번길 12,128.9748291,35.1044445
1122,하단도서관,부산광역시 사하구 하신번영로 245,128.957464,35.103008
1123,하남초등학교스마트버스승강장,부산광역시 사하구 하신번영로 206 (하남중학교),128.958671,35.099111
1124,사하구가족센터다목적가족소통교류공간,부산광역시 사하구 하신번영로 245,128.957464,35.103008
1125,햇님공원,부산광역시 사하구 하단동 601,128.9605602,35.1033786
1126,하단유수지주민어울마당,부산광역시 사하구 하신번영로 243,128.956673,35.1029519
1127,해바라기공원,부산광역시 사하구 하단동 1184-4,128.9579591,35.0992928
1128,하단선창경로당,부산광역시 사하구 동매로 55-1 (하단동),128.9644718,35.1033121
1129,하단할머니경로당,부산광역시 사하구 괴정로 29 (하단동),128.9676985,35.1034811
1130,하단1동행정복지센터,부산광역시 사하구 하신중앙로 308,128.9642338,35.104
1131,하단SK뷰앞스마트버스승강장,부산광역시 사하구 하단동 799-7,128.962366,35.117072
1132,노을나루길쉼터,부산광역시 사하구 낙동강자전거길 165 (하단동),128.9586219,35.1147176
1133,가락쌈지공원,부산광역시 사하구 하단동 1163,128.9577051,35.1070949
1134,나루쉼터,부산광역시 사하구 하단동 1203,128.9564636,35.1069463
1135,천지경로당,부산광역시 사하구 낙동대로535번길 31-6,128.9627725,35.1108635
1136,산정경로당,부산광역시 사하구 승학로3번길 102,128.9668269,35.1106313
1137,하단2동행정복지센터,부산광역시 사하구 하신번영로 377,128.9605616,35.1145936
1138,신평사랑채노인복지관,부산광역시 사하구 다대로130번길 34 (신평사랑채노인복지관),128.977254,35.091549
1139,신평본동경로당,부산광역시 사하구 장평로299번안길 7,128.9723422,35.093405
1140,느티나무할머니경로당,부산광역시 사하구 다대로 123-4,128.9783109,35.0913114
1141,신평1동행정복지센터,부산광역시 사하구 장평로 258 (신평동),128.9733,35.0892
1142,동매누리작은도서관,부산광역시 사하구 다대로130번길 112,128.9759112,35.0930493
1143,신평2동쉼터,부산광역시 사하구 하신중앙로 185  (신평동 사하구 제2청사 신평2동행정복지센터),128.9616381,35.0949915
1144,신평2동행정복지센터,부산광역시 사하구 하신중앙로 185,128.9617204,35.0950395
1145,사하구보건소,부산광역시 사하구 하신중앙로 185,128.961697,35.0950242
1146,신평새동네경로당,부산광역시 사하구 하신번영로 155,128.9600507,35.0963955
1147,장림효공원,부산광역시 사하구 장림동 1123,128.964968,35.0811373
1148,장림본동경로당,부산광역시 사하구 장림시장9길 51-5 (장림동),128.9657807,35.080233
1149,장림무지개경로당,부산광역시 사하구 장림시장7길 41,128.9660213,35.080604
1150,장림1동행정복지센터,부산광역시 사하구 장림로161번길 2,128.9668358,35.0830497
1151,신장림사랑채노인복지관,부산광역시 사하구 다대로300번길 9,128.976307,35.075048
1152,신장림역스마트버스승강장,부산광역시 사하구 장림동 368-9,128.976537,35.075254
1153,장림2동솔하쉼터,부산광역시 사하구 두송로 64,128.9810092,35.0776394
1154,장림2동2통쌈지공원,부산광역시 사하구 장평로127번길 27,128.9722003,35.0778914
1155,장림현대아파트앞주민쉼터,부산광역시 사하구 다대로 299  (장림동),128.9770405,35.0756266
1156,수풀작은도서관,부산광역시 사하구 다대로271번길 25,128.9787011,35.0778643
1157,새마을경로당,부산광역시 사하구 장림번영로28번길 33 (장림동),128.9681652,35.0791289
1158,장림2동행정복지센터,부산광역시 사하구 장평로 131,128.9725601,35.0778838
1159,은화경로당,부산광역시 사하구 다대로257번길 33,128.9783603,35.0784447
1160,다대포해수욕장역스마트버스승강장,부산광역시 사하구 다대동 1552-20,128.965425,35.048102
1161,다대1동행정복지센터,부산광역시 사하구 다대로530번길 7 (다대동),128.9713195,35.0591387
1162,꿈동산어린이공원,부산광역시 사하구 다대동 940,128.969119,35.0579868
1163,열림공원,부산광역시 사하구 다대동 953-1,128.9675047,35.0553608
1164,몰운대종합사회복지관,부산광역시 사하구 다대낙조2길 17,128.9632872,35.0512507
1165,다대도서관,부산광역시 사하구 다대낙조2길 9,128.9646394,35.050444
1166,다해경로당,부산광역시 사하구 다대로 657-3,128.9692627,35.0473547
1167,동부경로당,부산광역시 사하구 다대로529번길 18,128.9730775,35.0584442
1168,낫개역스마트버스승강장,부산광역시 사하구 다대동 113-21,128.979334,35.064132
1169,다대낫개산책로,부산광역시 사하구 다대동 1574,128.9810136,35.0611021
1170,하늘어린이공원,부산광역시 사하구 다대동 1673,128.9834214,35.0636584
1171,통일아시아드공원,부산광역시 사하구 다대동 1585,128.9799683,35.0594152
1172,다대2동행정복지센터,부산광역시 사하구 다대로429번길 30,128.9821917,35.0634817
1173,두송종합사회복지관,부산광역시 사하구 다송로 59 (다대동 다대4지구도개공영구임대아파트),128.9849693,35.0622453
1174,다대종합사회복지관,부산광역시 사하구 다대로 440,128.9793205,35.0637455
1175,BMC3지구경로당,부산광역시 사하구 다대로 430 (다대동 다대3지구도개공아파트),128.9791426,35.064601
1176,다해아파트경로당,부산광역시 사하구 다송로 7 (다대동 다대다해아파트),128.9812329,35.066522
1177,낫개작은도서관,부산광역시 사하구 다대로429번길 22 (다대동),128.9791945,35.0617074
1178,사하구장애인종합복지관,부산광역시 사하구 사하로68번길 65 (사하구장애인종합복지관),128.993056,35.085434
1179,구평초등학교앞쉼터,부산광역시 사하구 사하로 11  (구평동),128.9904305,35.0860063
1180,구평근린공원,부산광역시 사하구 구평동 501,128.9851765,35.083329
1181,구평종합사회복지관,부산광역시 사하구 을숙도대로 744,128.9868246,35.0855972
1182,구평동행정복지센터,부산광역시 사하구 서포로 48,128.9877886,35.0819113
1183,성포경로당,부산광역시 사하구 을숙도대로 744,128.9866416,35.085673
1184,구평예들작은도서관,부산광역시 사하구 을숙도대로745번길 16,128.9856931,35.0864339
1185,구평농장경로당,부산광역시 사하구 두송로188번길 48,128.9848754,35.0711294
1186,부일전자디자인고스마트버스승강장,부산광역시 사하구 감천동 487-4,129.001514,35.088378
1187,안골새공원,부산광역시 사하구 감천동 31-5,129.006672,35.086716
1188,꽃님공원,부산광역시 사하구 감천동 502-37,129.0023848,35.089583
1189,푸른누리작은도서관,부산광역시 사하구 감천로83번길 26,129.0014151,35.0898252
1190,감천1동행정복지센터,부산광역시 사하구 감천로 97 (감천1동 행정복지센터),129.002868,35.088379
1191,동산경로당,부산광역시 사하구 감천로73번길 11 (감천동),129.0000245,35.0902327
1192,남성한빛가든경로당,부산광역시 사하구 감천로 175,129.0098124,35.084325
1193,감천2동7통주민쉼터,부산광역시 사하구 옥천로70번길 62-5,129.0109426,35.0925781
1194,13통쌈지공원,부산광역시 사하구 감천동 6-729,129.0089834,35.0958171
1195,감천2동주민센터옆주민쉼터,부산광역시 사하구 옥천로93번길 14-1,129.0091894,35.0947496
1196,감천문화마을내주민쉼터,부산광역시 사하구 감내2로 192  (감천동),129.0102821,35.097886
1197,사하구종합사회복지관,부산광역시 사하구 감내2로 21 (감천동),129.007591,35.0944486
1198,감천2동행정복지센터,부산광역시 사하구 옥천로93번길 14,129.0092779,35.0946569
1199,감천경로당,부산광역시 사하구 감내1로 167-1,129.0084043,35.0955063
1200,죽전경로당,부산광역시 사하구 감내1로 239-1 (감천동),129.009372,35.0981026
1201,금정구장애인복지관1층쉼터,부산광역시 금정구 서부로 77,129.098821,35.219616
1202,스마트쉼터(서1동),부산광역시 금정구 서동로100번길 1-4,129.097885,35.216508
1203,희망오차마을경로당,부산광역시 금정구 서동로104번길 34,129.0978103,35.2151325
1204,책마을보드랑작은도서관,부산광역시 금정구 서동로 115-1,129.0996184,35.216335
1205,서1동행정복지센터,부산광역시 금정구 서부로69번길 17 (서동),129.099116,35.2183206
1206,동진경로당,부산광역시 금정구 명서로45번길 11 (서동),129.0958303,35.2161622
1207,서1동새마을경로당,부산광역시 금정구 서부로69번길 35 (서동),129.0983865,35.2177618
1208,평화나눔경로당,부산광역시 금정구 서동중심로53번길 10,129.102922,35.2135718
1209,서2동행정복지센터,부산광역시 금정구 서동중심로 33 (서동),129.1044697,35.2128861
1210,서2동경로당,부산광역시 금정구 명서로45번길 99 (서동),129.0998134,35.2142579
1211,평화어린이공원,부산광역시 금정구 서동 141-22,129.1067578,35.2188277
1212,서3동화목경로당,부산광역시 금정구  서곡로8번길  21-1  (서동),129.1065117,35.216466
1213,서3동경로당,부산광역시 금정구  서곡로8번길  21-1  (서동),129.1065117,35.216466
1214,서3동행정복지센터,부산광역시 금정구 서곡로33번길 9 (서동),129.1039206,35.2171995
1215,은빛어린이공원,부산광역시 금정구 회천로13번길 87,129.1131896,35.2244268
1216,금사회동동행정복지센터,부산광역시 금정구 금사로85번길 2 (금사어울림센터),129.111093,35.2203
1217,금정구종합사회복지관,부산광역시 금정구 반송로490번길 47 (금사동),129.1184333,35.2142864
1218,금사동새마을금고회동지점,부산광역시 금정구 회천로 1 (회동동),129.1170251,35.226257
1219,금사동새마을금고본점,부산광역시 금정구 금사로 81 (금사동),129.1113147,35.2199706
1220,금동경로당,부산광역시 금정구 회천로13번길 87 (금동경로당),129.113345,35.224458
1221,학수경로당,부산광역시 금정구 오시게로 88,129.0889916,35.2249712
1222,부곡1동행정복지센터,부산광역시 금정구 동부곡로6번길 29 (부곡동),129.0920994,35.2244011
1223,늘푸른아파트경로당,부산광역시 금정구 동현로 67 (부곡동 늘푸른아파트),129.0967953,35.2228996
1224,가마실공원,부산광역시 금정구 부곡동 296-2,129.0917997,35.2280518
1225,부곡2동행정복지센터,부산광역시 금정구 동부곡로15번길 76,129.094182,35.229848
1226,대우아파트할아버지경로당,부산광역시 금정구  부산대학로  10   (부곡동 부곡대우아파트),129.089989,35.233119
1227,금정청소년수련관1층,부산광역시 금정구 기찰로96번길 47 (금정청소년수련관),129.095025,35.237833
1228,금샘도서관Cafe금샘,부산광역시 금정구 부곡동 982,129.094315,35.238974
1229,금정구청민원실,부산광역시 금정구 중앙대로 1777 (금정구청),129.092253,35.242765
1230,기찰경로당,부산광역시 금정구 기찰로108번길 38,129.095595,35.2415979
1231,기찰장수부녀회경로당,부산광역시 금정구 기찰로 124,129.0943786,35.2416859
1232,부곡3동행정복지센터,부산광역시 금정구  기찰로  107  부곡3동주민센터 (부곡동),129.0938123,35.2405199
1233,경남한신경로당,부산광역시 금정구 중앙대로1685번길 24 (경남한신아파트),129.089925,35.237525
1234,부곡뉴그린아파트경로당,부산광역시 금정구 동현로 90 (부곡동 뉴그린아파트),129.0942525,35.2204942
1235,은빛사랑채도서관,부산광역시 금정구 서동로60번길 13-22,129.0940709,35.2174005
1236,부곡4동행정복지센터,부산광역시 금정구 부곡로18번안길 37 (부곡동),129.0885586,35.2199316
1237,온천천작은도서관,부산광역시 금정구 장전동 242-2,129.088206,35.237268
1238,미리내작은도서관,부산광역시 금정구 금강로347번길 32,129.0850138,35.2388409
1239,장전1동행정복지센터,부산광역시 금정구 수림로71번길 36 (장전동),129.0844618,35.2382689
1240,백조경로당,부산광역시 금정구 부산대학로50번길 51 (장전동),129.0863573,35.2336709
1241,대한노인회금정지회,부산광역시 금정구 장전온천천로113번길 12 (장전동),129.0884249,35.2352066
1242,장전2동행정복지센터,부산광역시 금정구 소정로 19 (장전동),129.080975,35.227794
1243,장전2동할아버지경로당,부산광역시 금정구 식물원로40번길 27 (장전동),129.0844363,35.2262613
1244,장전2동할머니경로당,부산광역시 금정구 식물원로40번길 27 (장전동),129.0844202,35.2262526
1245,조리공원,부산광역시 금정구 두구로51번길 162,129.1116221,35.3035498
1246,대두경로당,부산광역시 금정구 대두로20번길 35,129.1087937,35.2968395
1247,수내경로당,부산광역시 금정구 수내1길 17-2,129.1121164,35.2912789
1248,선동신천마을회관,부산광역시 금정구 신천로35번길 2 (선동),129.1115696,35.276726
1249,선두구동행정복지센터,부산광역시 금정구 두구죽전1길 13 (두구동),129.1133882,35.2982172
1250,남광종합사회복지관쉼터,부산광역시 금정구 중앙대로2349번길 3 (남광사회복지회),129.099494,35.293373
1251,놀이마당공원,부산광역시 금정구 놀이마당로 5 (놀이마당 공중화장실),129.087273,35.275711
1252,청룡노포동행정복지센터,부산광역시 금정구  청룡로  25  청룡노포동주민센터 (청룡동),129.0898668,35.2752569
1253,청룡경로당,부산광역시 금정구 청룡예전로 8-12 (청룡동),129.0923616,35.2744823
1254,금정구노인복지관,부산광역시 금정구 청룡예전로 110 (청룡동),129.0848266,35.2792086
1255,금정도서관,부산광역시 금정구 금정도서관로 33,129.096229,35.2724717
1256,금정구가족센터3층,부산광역시 금정구 중앙대로 1992,129.092117,35.262193
1257,스마트쉼터(남산동),부산광역시 금정구 중앙대로 2033 (정암프라자),129.092332,35.265759
1258,요산꽃님공원,부산광역시 금정구 팔송로 51,129.0869449,35.2718466
1259,남산동행정복지센터,부산광역시 금정구 중앙대로2097번길 4 (남산동),129.0922562,35.2716512
1260,머드레경로당,부산광역시 금정구 범어천로52번길 25-1 (남산동),129.0908065,35.2711794
1261,금샘마을도서관,부산광역시 금정구 금강로 673,129.088961,35.267617
1262,머드레작은도서관,부산광역시 금정구 범어천로52번길 25-3,129.090803,35.271157
1263,금정문화회관ART라운지,부산광역시 금정구 체육공원로 7 (금정문화회관),129.09373,35.245856
1264,구서1동행정복지센터,부산광역시 금정구 수림로72번길 123 (구서동),129.0869442,35.2451153
1265,구서본동경로당,부산광역시 금정구 수림로72번길 123 (구서동),129.0870067,35.2452231
1266,두실새싹공원,부산광역시 금정구 구서동 1023-42,129.0857652,35.2578533
1267,구서2동새마을금고,부산광역시 금정구  금강로  568   (구서동),129.0879124,35.2581942
1268,구서2동행정복지센터,부산광역시 금정구 금강로 584 (구서동),129.0879446,35.2595693
1269,선경12차아파트경로당,부산광역시 금정구 구서중앙로 20 (구서동 선경아파트),129.0893154,35.255615
1270,금정산성광장,부산광역시 금정구 산성로 501  (금성동 다목적광장 공중화장실),129.0573413,35.2462072
1271,금성동행정복지센터,부산광역시 금정구 산성로 452 (금성동),129.0561336,35.2503395
1272,공해경로당,부산광역시 금정구 산성로 520-2 (금성동),129.0555355,35.2446572
1273,금성동경로당,부산광역시 금정구 북문로 14 (금성동),129.0568127,35.251213
1274,금성동할아버지경로당,부산광역시 금정구 산성로 429,129.054148,35.251387
1275,금성동할머니경로당,부산광역시 금정구 산성로 429,129.054127,35.251387
1276,대저1동주민센터,부산광역시 강서구 대저로221번길 19 (대저1동),128.976907,35.215501
1277,대지상리경로당,부산광역시 강서구 대저로89번나길 8 (대저1동),128.9641,35.2178
1278,강서노인종합복지관,부산광역시 강서구 체육공원로 39 (대저1동),128.9734744,35.2073399
1279,중리2구경로당,부산광역시 강서구 평강로345번길 101 (대저1동),128.9455472,35.2191063
1280,사덕상리할머니경로당,부산광역시 강서구 체육공원로6번길 84 (대저1동),128.9782798,35.2068332
1281,평강경로당,부산광역시 강서구 낙동북로212번길 17 (대저1동),128.9509991,35.2135369
1282,동연정경로당,부산광역시 강서구 대저로171번나길 56,128.9729,35.2176
1283,상방공원정자,부산광역시 강서구 대저2동 3136-1,128.952575,35.172782
1284,사두경로당,부산광역시 강서구 공항로811번다길 92 (대저2동),128.9523803,35.1781484
1285,중앙경로당,부산광역시 강서구 공항로811번다길 23-4 (대저2동),128.9559089,35.1791642
1286,강서도서관,부산광역시 강서구 공항로811번길 10 (대저2동),128.9572369,35.1801754
1287,대저2동주민센터,부산광역시 강서구 공항로811번가길 30-1 (대저2동),128.9564771,35.1785352
1288,강서시니어클럽,부산광역시 강서구 공항로811번가길 30 (대저2동),128.9568141,35.1787105
1289,동자경로당,부산광역시 강서구 송동길 481 (대저2동),128.9376628,35.146694
1290,강동신덕경로당,부산광역시 강서구 제도로 1003 (강동동),128.9269315,35.2010064
1291,대사1통경로당,부산광역시 강서구 낙동북로13번길 36-6 (강동동),128.9333122,35.2209584
1292,강동동주민센터,부산광역시 강서구 제도로 1171 (강동동),128.9353036,35.2143801
1293,강동보건지소,부산광역시 강서구 낙동북로102번길 76 (강동동),128.9376317,35.2161661
1294,본동경로당,부산광역시 강서구 낙동남로991번길 5 (명지동),128.9215081,35.1146017
1295,신포경로당,부산광역시 강서구 신포길39번길 25-21 (명지동),128.931015,35.1130292
1296,명지노인종합복지관,부산광역시 강서구 명지국제13로 33 (명지동),128.923025,35.1105621
1297,너울공원정자,부산광역시 강서구 명지국제6로220번길 30 (명지동),128.9240384,35.0942743
1298,명지1동주민센터,부산광역시 강서구 명지동 1996,128.9072388,35.1003936
1299,진목경로당,부산광역시 강서구 낙동남로 1036-6 (명지동),128.9256035,35.1128992
1300,교육지원센터,부산광역시 강서구 명지오션시티11로 33 (명지동),128.8997226,35.0845254
1301,바다공원정자,부산광역시 강서구 명지오션시티2로 17 (명지동),128.9001012,35.0878975
1302,명지2동주민센터,부산광역시 강서구 명지오션시티11로 35 (명지동),128.9000653,35.0845432
1303,행복마을경로당,부산광역시 강서구 명지오션시티10로 132 (명지동),128.9103805,35.0866457
1304,해포도경로당,부산광역시 강서구 봉림길94번길 24 (봉림동),128.8953172,35.1728798
1305,시만마을회관,부산광역시 강서구 식만로 253-2 (식만동),128.9140207,35.2149709
1306,가락동주민센터,부산광역시 강서구 가락대로 1476 (죽림동),128.9018,35.1964
1307,가락보건지소,부산광역시 강서구 가락대로 1476 (죽림동),128.9017958,35.1962668
1308,화전공원정자,부산광역시 강서구 화전산단5로 84,128.879852,35.105585
1309,웃들공원정자,부산광역시 강서구 녹산산단262로 6 (송정동),128.882504,35.114831
1310,신호동주민센터,부산광역시 강서구 신호산단4로 56,128.87913,35.085456
1311,화연공원정자,부산광역시 강서구 화전동 597-2,128.8799811,35.1022043
1312,희망공원정자,부산광역시 강서구 녹산산단321로 50 (송정동),128.8535231,35.0917766
1313,지사공원정자,부산광역시 강서구 과학산단2로20번길 5 (지사동),128.8314426,35.1512889
1314,화암공원정자,부산광역시 강서구 화전산단5로 131 (화전동),128.8777751,35.1104124
1315,신호공원정자,부산광역시 강서구 신호산단1로72번길 46 (신호동),128.8709038,35.0823707
1316,지사민원센터,부산광역시 강서구 과학산단2로20번길 5 (지사동),128.8311111,35.1516506
1317,녹산동주민센터,부산광역시 강서구 가락대로900번가길 32 (범방동),128.8838003,35.153556
1318,송정경로당,부산광역시 강서구 송정길 147 (송정동),128.8417393,35.1029303
1319,산양경로당,부산광역시 강서구 낙동남로483번길 73 (녹산동),128.8687919,35.1127345
1320,녹산경로당,부산광역시 강서구 낙동남로605번길 12 (녹산동),128.8853717,35.1144493
1321,성산1구경로당,부산광역시 강서구 생곡로 21 (녹산동),128.895825,35.1237657
1322,생곡경로당,부산광역시 강서구 생곡길 22 (생곡동),128.8799,35.1312
1323,가동경로당,부산광역시 강서구 수가로748번길 20 (범방동),128.8850306,35.1647621
1324,사구경로당,부산광역시 강서구 가락대로961번길 60 (범방동),128.8849531,35.158283
1325,신호경로당,부산광역시 강서구 신호산단5로 64 (신호동),128.8799821,35.0831925
1326,방근경로당,부산광역시 강서구 송정길100번길 59 (송정동),128.8465797,35.1019202
1327,녹산보건지소,부산광역시 강서구 생곡로 17 (녹산동),128.8955175,35.1234029
1328,가덕도동주민센터,부산광역시 강서구 동선길 10 (성북동),128.8316435,35.0566182
1329,천성보건진료소,부산광역시 강서구 가덕해안로821번길 100 (천성동),128.8165151,35.0288149
1330,가덕도보건지소,부산광역시 강서구 성북1길 70-1 (성북동),128.8304585,35.0536212
1331,대항보건진료소,부산광역시 강서구 가덕해안로1208번가길 9 (대항동),128.8281572,35.0127897
1332,교대역스마트쉼터,부산광역시 연제구 중앙대로 1204,129.080392,35.194867
1333,종합운동장역스마트쉘터,부산광역시 연제구 아시아드대로 88,129.067516,35.192495
1334,수연교하부,부산광역시 연제구 온천천공원길 74 (거제동 동래화신타운),129.0899556,35.1930944
1335,한새경로당,부산광역시 연제구  교대로  46-9 한새경로당 (거제동),129.0751638,35.1941355
1336,거제1동행정복지센터,부산광역시 연제구 법원북로 88 (거제동),129.0756252,35.1918546
1337,아시아드새마을금고(교대),부산광역시 연제구 명륜로 10,129.0813859,35.1959702
1338,온천천정자3,부산광역시 연제구 거제천로255번길 53,129.0848419,35.1946617
1339,온천천정자5,부산광역시 연제구 중앙대로1226번길 4,129.0810814,35.1970179
1340,세병교밑,부산광역시 연제구 명륜로 17,129.0823268,35.1967372
1341,온천천정자1,부산광역시 연제구 중앙대로1226번길 76,129.0807621,35.1980919
1342,온천천정자4,부산광역시 연제구 온천천공원길 64 (거제동),129.0878746,35.19351
1343,온천천정자2,부산광역시 연제구 온천천공원길 74 (거제동 동래화신타운),129.0898688,35.1930649
1344,아시아드새마을금고(본점),부산광역시 연제구 아시아드대로46번길 3,129.068339,35.1889771
1345,거제2동주민센터,부산광역시 연제구  아시아드대로22번길  19  거제2동주민센터 (거제동),129.0702748,35.1877702
1346,복지회관경로당(남/여),부산광역시 연제구  아시아드대로22번길  15  거제2동복지회관 (거제동),129.0700799,35.1876054
1347,거제종합사회복지관,부산광역시 연제구 아시아드대로46번길 45 (거제동),129.0707141,35.1883014
1348,솔벗작은도서관(거제2동새마을금고작은도서관),부산광역시 연제구 아시아드대로22번길 15,129.0701809,35.187593
1349,부산개인택시조합새마을금고본점,부산광역시 연제구 월드컵대로 399,129.0555886,35.1860431
1350,복지관쉼터,부산광역시 연제구 거제동 904-3,129.0705772,35.1885723
1351,거제3동행정복지센터,부산광역시 연제구 거제대로 180,129.0711054,35.1843
1352,거제3동시장경로당,부산광역시 연제구  거제시장로14번길  28  거제시장경로당 (거제동),129.0728856,35.1819721
1353,거제3동경로회관,부산광역시 연제구 거제대로74번길 71,129.069769,35.177913
1354,해맞이작은도서관,부산광역시 연제구 해맞이로43번길 36 (해맞이경로당),129.066542,35.179352
1355,거제4동주민센터,부산광역시 연제구 화지로52번길 33 (거제동),129.0659022,35.180004
1356,해맞이경로당,부산광역시 연제구  해맞이로43번길  36  해맞이경로당 (거제동),129.0665826,35.1793555
1357,거제4동새마을금고,부산광역시 연제구 해맞이로 83,129.0687244,35.1816951
1358,연제문화체육공원,부산광역시 연제구 고분로68번길 29,129.091148,35.18483
1359,연산1동주민센터,부산광역시 연제구 연동로8번길 66 (연산동),129.0904176,35.1900024
1360,일심부녀경로당,부산광역시 연제구 고분로 65-1 (연산동),129.0895915,35.1858462
1361,연제구국민체육센터,부산광역시 연제구 쌍미천로 132 (연산동),129.0873787,35.1841035
1362,연산제일새마을금고(연일지점),부산광역시 연제구 쌍미천로 177-1,129.0871907,35.1885854
1363,옛골소공원,부산광역시 연제구 연산동 2274,129.0902284,35.1873758
1364,연안교밑,부산광역시 연제구 반송로 114,129.0908012,35.1931931
1365,온천천정자6,부산광역시 연제구 신금로23번길 30,129.0935532,35.1926939
1366,연제구청(1층행복민원실),부산광역시 연제구 연제로 2 (연제구청),129.079651,35.17604
1367,연산2동주민센터,부산광역시 연제구  중앙대로1038번길  39  연산2동주민센터 (연산동),129.079292,35.179956
1368,연산2동경로당,부산광역시 연제구  중앙천로  49-5 연산2동 경로당 (연산동),129.0816963,35.1792387
1369,물만골마을회관,부산광역시 연제구 황령산로524번길 25,129.0840822,35.1662637
1370,연제도서관,부산광역시 연제구 황령산로 612 (연산동),129.0829369,35.1741306
1371,연제새마을금고,부산광역시 연제구 중앙천로43번길 2,129.0820988,35.1788433
1372,연제만화도서관,부산광역시 연제구 연수로208번길 16 (연산3동행정복합타운),129.092906,35.172947
1373,연산종합사회복지관,부산광역시 연제구 봉수로 17,129.088897,35.172821
1374,연산3동행정복지센터,부산광역시 연제구 연수로208번길 16 (연산3동행정복합타운),129.092906,35.172947
1375,연산3동경로당,부산광역시 연제구  연수로212번길  11-7 할머니경로당 (연산동),129.094111,35.173225
1376,밤골작은도서관,부산광역시 연제구 금련로24번길 33,129.0944426,35.172033
1377,연산4동주민센터,부산광역시 연제구  쌍미천로151번길  42  연산4동주민센터 (연산동),129.08491,35.186278
1378,연산4동경로당,부산광역시 연제구 쌍미천로 137-2 (연산동),129.0867698,35.1849036
1379,연산로터리새마을금고(본점),부산광역시 연제구 쌍미천로141번길 22,129.0859868,35.1852957
1380,연봉공원,부산광역시 연제구 고분로13번길 8,129.0843439,35.1860451
1381,부산시청(3층열린도서관),부산광역시 연제구 중앙대로 1001 (부산광역시청부산광역시의회),129.074651,35.179909
1382,부산시청(2층통합민원과),부산광역시 연제구 중앙대로 1001 (부산광역시청부산광역시의회),129.074651,35.179909
1383,부산시청(1층시민기업접견실),부산광역시 연제구 중앙대로 1001 (부산광역시청부산광역시의회),129.074651,35.179909
1384,부산시청(1층들락날락),부산광역시 연제구 중앙대로 1001 (부산광역시청부산광역시의회),129.074651,35.179909
1385,연산5동주민센터,부산광역시 연제구  거제천로124번길  15  연산5동주민센터 (연산동),129.0760914,35.1844853
1386,연오경로당,부산광역시 연제구  거제천로  200  연오경로당 (연산동),129.0794999,35.1905044
1387,연산로터리새마을금고(부산시청점),부산광역시 연제구 신촌로 3,129.0777382,35.181943
1388,새싹공원,부산광역시 연제구 연산동 2132-1,129.0927044,35.1755822
1389,연산6동주민센터,부산광역시 연제구 쌍미천로52번길 2,129.089601,35.177448
1390,배산작은도서관,부산광역시 연제구 배산북로 8,129.0932817,35.1750941
1391,연제중앙새마을금고,부산광역시 연제구 월드컵대로32번길 7,129.0860283,35.1776933
1392,연산6동새마을금고,부산광역시 연제구 배산로 4,129.0925691,35.1743757
1393,과정공원,부산광역시 연제구 과정로 227 (연산동),129.1017737,35.1874563
1394,한들공원,부산광역시 연제구 안연로23번길 79 (한들공원공중화장실),129.095752,35.190217
1395,연천공원,부산광역시 연제구 연산동 2313,129.099716,35.1897317
1396,연산8동주민센터,부산광역시 연제구 과정로 262 (연산동),129.0987601,35.1881649
1397,연산8동경로당,부산광역시 연제구  과정로265번길  14  연산8동경로당 (연산동),129.0984493,35.1873009
1398,연천(부녀)경로당,부산광역시 연제구  안연로7번가길  21  연천경로당 (연산동),129.0997674,35.1891601
1399,연산제일새마을금고(본점),부산광역시 연제구 과정로 304,129.0942562,35.1890471
1400,온천천정자7,부산광역시 연제구 안연로 33,129.0984924,35.1915914
1401,토곡어린이작은도서관,부산광역시 연제구 고분로241번길 26,129.108752,35.18574
1402,연잎공원,부산광역시 연제구 과정로164번길 16 (연산동),129.1084186,35.1859678
1403,연산9동행정복지센터,부산광역시 연제구 과정로164번길 38 (연산동),129.1093513,35.1859646
1404,한양아파트경로당,부산광역시 연제구  온천천남로  110  한양아파트경로당 (연산동 한양),129.1034742,35.1891195
1405,토곡(부녀)경로당,부산광역시 연제구 고분로242번길 21-1,129.108818,35.183466
1406,연산제일새마을금고(토곡지점),부산광역시 연제구 과정로 138,129.1073396,35.183673
1407,연산교밑,부산광역시 연제구 온천천남로 86,129.099557,35.1913698
1408,온천천정자8,부산광역시 연제구 온천천남로 110,129.1017814,35.190799
1409,거울바위쉼터,부산광역시 연제구 토곡로9번길 12  (연산동),129.1045378,35.1857179
1410,남천1동행정복지센터,부산광역시 수영구 남천동로 13,129.1103,35.1427
1411,수영구노인복지관,부산광역시 수영구 황령대로489번길 83,129.1112,35.14
1412,남천신협,부산광역시 수영구 남천동로 17,129.1106584,35.1424634
1413,수영구도서관,부산광역시 수영구 남천서로 33,129.105246,35.144604
1414,수영구청,부산광역시 수영구 남천동로 100 (남천동),129.113152,35.14577
1415,남천2동행정복지센터,부산광역시 수영구 광안해변로 99,129.1147265,35.1438235
1416,삼익비치경로당,부산광역시 수영구 광안해변로 100 (비치아파트),129.11664,35.140009
1417,남천삼익경로당,부산광역시 수영구 광안해변로 100,129.1144,35.1439
1418,수영공원,부산광역시 수영구 수영성로 43,129.1144452,35.1703326
1419,수영새마을금고,부산광역시 수영구 수영로705번길 48,129.117437,35.169848
1420,광안신협수영지점,부산광역시 수영구 수영로 729,129.118906,35.16869
1421,수영동행정복지센터,부산광역시 수영구 수영성로 36,129.116029,35.170501
1422,상춘경로당,부산광역시 수영구 수영로741번길 73,129.120485,35.17137
1423,수영성마을박물관,부산광역시 수영구 수영성로32번길 28 (수영동),129.1165,35.1715
1424,곰솔경로당,부산광역시 수영구 수영성로 28-5 (수영동),129.1168749,35.1705393
1425,들락날락망미작은도서관,부산광역시 수영구 연수로275번길 30 (망미동),129.1009989,35.1745428
1426,망미도서관,부산광역시 수영구 연수로315번길 23 (망미동),129.1050223,35.1734773
1427,망미공원,부산광역시 수영구 망미동 640-13,129.1046246,35.1738459
1428,망미1동행정복지센터,부산광역시 수영구 연수로315번길 23 (망미동),129.1048908,35.1734466
1429,부산종합사회복지관,부산광역시 수영구 금련로43번길 54,129.0986662,35.1710365
1430,수영중앙새마을금고본점,부산광역시 수영구 연수로 274,129.100555,35.172897
1431,구구팔팔경로당,부산광역시 수영구 망미배산로36번길 12-1,129.104534,35.17488
1432,과정공원,부산광역시 수영구 망미동 417-1,129.1085095,35.1747195
1433,망미2동행정복지센터,부산광역시 수영구 수미로35번길 40 (망미동),129.1153,35.1754
1434,강변경로당,부산광역시 수영구 좌수영로167번길 5,129.1171,35.178779
1435,구락경로당,부산광역시 수영구 수미로71번길 7,129.118373,35.173538
1436,광안1동행정복지센터,부산광역시 수영구 광일로14번길 17 (광안동),129.1124386,35.1628562
1437,수영중앙새마을금고광안지점,부산광역시 수영구 무학로 10 (광안동),129.1149518,35.1616612
1438,비치그린경로당,부산광역시 수영구 광일로 49 (광안동 비치그린아파트),129.1082704,35.1617752
1439,광안경로당,부산광역시 수영구 광일로29번나길 13-8,129.109768,35.159812
1440,광일아랫땀경로당,부산광역시 수영구 수영로646번길 39-1,129.117353,35.163221
1441,파랑새공원,부산광역시 수영구 광안동 180-1,129.1127823,35.1518021
1442,광안2동행정복지센터,부산광역시 수영구 광안로16번길 22 (광안동),129.1138038,35.1557339
1443,광안신협광안지점,부산광역시 수영구 수영로 586-1,129.113499,35.15804
1444,농협광안동지점,부산광역시 수영구 광남로 195 (광안동),129.1202867,35.1583149
1445,수영구생활문화센터,부산광역시 수영구 광안해변로 219 (광안동),129.1182965,35.1536133
1446,광안3동행정복지센터,부산광역시 수영구 연수로404번길 27  (광안동),129.1124,35.1676
1447,우리은행수영역지점,부산광역시 수영구 연수로 420,129.114495,35.1676
1448,광삼중앙경로당,부산광역시 수영구 연수로396번길 18-1 (광안동),129.1116741,35.1680902
1449,광삼경로당,부산광역시 수영구 망미번영로 9-4,129.1075291,35.1686441
1450,동락경로당,부산광역시 수영구 연수로386번길 17-1 (광안동),129.1109526,35.1685177
1451,수영구장애인복지관,부산광역시 수영구 장대골로 75-14 (광안동),129.1049847,35.1593675
1452,수영구어린이도서관,부산광역시 수영구 장대골로 75-6,129.104977,35.159757
1453,호암공원,부산광역시 수영구 광안동 743-5,129.1115327,35.1582194
1454,광안4동행정복지센터,부산광역시 수영구 수영로 541 (광안동),129.1119075,35.1540826
1455,광안장수경로당,부산광역시 수영구 장대골로7번길 50-4,129.1117549,35.1568735
1456,금련경로당,부산광역시 수영구 장대골로57번가길 26-1 (광안동),129.1057,35.1595
1457,홀트수영종합사회복지관,부산광역시 수영구 장대골로 20-5,129.111026,35.159343
1458,광안노인복지관,부산광역시 수영구 장대골로 75-8,129.1049735,35.1597198
1459,수변어린이공원,부산광역시 수영구 민락동 110-18,129.134406,35.155899
1460,널구지공원,부산광역시 수영구 민락동 336-43,129.1290223,35.163117
1461,민락경로당,부산광역시 수영구 광안해변로255번길 25 (민락동),129.1212174,35.1561571
1462,민락동행정복지센터,부산광역시 수영구 광안해변로295번길 20,129.125421,35.157352
1463,민락새마을금고,부산광역시 수영구 광남로 223-1,129.123428,35.159079
1464,부산은행민락동지점,부산광역시 수영구 광안해변로 293,129.1254625,35.1565508
1465,민락횟촌경로당,부산광역시 수영구 민락본동로19번길 31-4,129.12719,35.157911
1466,일송정경로당,부산광역시 수영구 광안로61번나길 6-19 (민락동),129.1201821,35.1557229
1467,사상생활사박물관,부산광역시 사상구 낙동대로1258번길 30 (삼락동),128.9787519,35.1719849
1468,삼락동주민센터,부산광역시 사상구 낙동대로1310번길 19,128.977703,35.176969
1469,삼락분회경로당,부산광역시 사상구 삼덕로46번길 54 (삼락동),128.9807886,35.1710882
1470,삼락경로당,부산광역시 사상구 낙동대로1530번길 5,128.9854759,35.1943305
1471,삼락강변경로당,부산광역시 사상구 낙동대로1258번길 5,128.977375,35.1725481
1472,야시곡공원,부산광역시 사상구 백양대로950번나길 94,128.9946276,35.1944496
1473,고동바위공원,부산광역시 사상구 백양대로907번다길 6,128.9903389,35.1884133
1474,늘푸른사상새마을금고본점,부산광역시 사상구 사상로 490,128.9881009,35.1879404
1475,모라할머니경로당,부산광역시 사상구 모라로 59-3 (모라동),128.987909,35.1892891
1476,고동바위경로당,부산광역시 사상구 백양대로907번다길 6,128.9903019,35.18817
1477,수강경로당,부산광역시 사상구 백양대로950번나길 94 (모라동),128.9947915,35.1947853
1478,곡상골경로당,부산광역시 사상구 백양대로979번라길 28,128.990802,35.19252
1479,모라1동행정복지센터,부산광역시 사상구 모라로 93 (모라동),128.9898812,35.1869874
1480,모라백양공원,부산광역시 사상구 모라로192번길 122  (모라동 모라백양공원 공중화장실),129.002055,35.182258
1481,운수공원,부산광역시 사상구 모라동 75-3,129.001193,35.183934
1482,서당골공원,부산광역시 사상구 모라로192번길 167  (모라동 서당골공원 공중화장실),129.000718,35.1811739
1483,백양종합사회복지관,부산광역시 사상구 모라로192번길 20-33,128.9995481,35.1833751
1484,모라종합사회복지관,부산광역시 사상구 모라로110번길 121 (모라동 주공아파트1단지),128.9977258,35.1849672
1485,사상구장애인복지관,부산광역시 사상구 모라로192번길 21,129.0009212,35.1848846
1486,모라3동주민센터,부산광역시 사상구 모라로110번길 99,128.996054,35.184644
1487,덕포복있는경로당,부산광역시 사상구 사상로293번길 16-5 (덕포동),128.9819929,35.1716114
1488,덕포시장고객쉼터,부산광역시 사상구 사상로293번길 15 (덕포동),128.9819984,35.1711394
1489,한내마을행복센터,부산광역시 사상구 사상로277번길 22-10,128.9814662,35.1702842
1490,사상중앙새마을금고,부산광역시 사상구 사상로 297,128.9827515,35.1714228
1491,강선대경로당,부산광역시 사상구 강선로 43,128.986816,35.1687222
1492,신백양경로당,부산광역시 사상구 백양대로703번길 37-8 (덕포동),128.9875817,35.1688072
1493,덕포1동행정복지센터,부산광역시 사상구 강선로 31 (덕포동),128.9857702,35.1692202
1494,부산도서관,부산광역시 사상구 사상로310번길 33 (부산도서관),128.985212,35.172727
1495,사상도서관(휴게실열람실),부산광역시 사상구 덕상로72번길 9 (덕포동),128.9898723,35.1780967
1496,덕포백양공원,부산광역시 사상구 백양대로762번길 17 (덕포동),128.9894083,35.1750317
1497,덕포체육공원,부산광역시 사상구 덕상로 71 (덕포동),128.9890113,35.17815
1498,덕포2동신바람무더위쉼터,부산광역시 사상구 사상로333번길 17,128.982953,35.174448
1499,노인회관(노인회지원)(노인복지관),부산광역시 사상구 사상로319번길 6,128.983458,35.17357
1500,덕암경로당,부산광역시 사상구 백양대로762번길 17 (덕포동),128.9895827,35.1749199
1501,부산광역시이동(플랫폼)노동자지원센터(사상),부산광역시 사상구 사상로 208-1,128.984272,35.163679
1502,괘내마을행복센터,부산광역시 사상구 백양대로646번나길 22,128.9891837,35.1636239
1503,늘푸른사상새마을금고괘법동지점,부산광역시 사상구 사상로 230,128.9832554,35.1655012
1504,괘내경로당,부산광역시 사상구 백양대로646번나길 22,128.9892138,35.1635983
1505,창날경로당,부산광역시 사상구 광장로87번길 30,128.9855403,35.163899
1506,괘법동주민센터,부산광역시 사상구 광장로97번길 6,128.987127,35.163751
1507,한국건강관리협회부산광역시서부지부,부산광역시 사상구 학감대로 230 (한국건강관리협회 부산광역시 서부지부),128.990431,35.151326
1508,사상근린공원,부산광역시 사상구 감전동 41,128.9936292,35.1593631
1509,감전새마을금고본점,부산광역시 사상구 새벽시장로 57,128.9799522,35.1554183
1510,백양새마을금고감전시장지점,부산광역시 사상구 새벽시장로103번길 49,128.9854574,35.156555
1511,백양새마을금고본점,부산광역시 사상구 사상로 144 (감전동),128.9879245,35.1590238
1512,감전동주민센터,부산광역시 사상구 새벽시장로56번길 20,128.979429,35.154303
1513,감전중앙경로당,부산광역시 사상구 새벽로168번길 51-14 (감전동),128.9862996,35.1561308
1514,감전본동경로당,부산광역시 사상구 백양대로561번길 30 (감전동),128.9919573,35.1568216
1515,효성경로당,부산광역시 사상구 사상로 130-3,128.9890259,35.1581303
1516,백양낙조전망대,부산광역시 사상구 백양대로 499,128.997052,35.154249
1517,백양경로당,부산광역시 사상구 백양대로500번길 21 (주례동),128.9983122,35.1554428
1518,양지1공원,부산광역시 사상구 양지로42번길 80-20,129.0030187,35.1551002
1519,주례백양공원,부산광역시 사상구 백양대로500번길 21,128.998053,35.1553717
1520,양지2공원,부산광역시 사상구 양지로 18,129.0044905,35.1539837
1521,창신공원,부산광역시 사상구 양지로24번길 46  (주례동 창신공원 공중화장실),129.0046468,35.1558651
1522,부산주례새마을금고본점,부산광역시 사상구 사상로 19,128.9979434,35.1510857
1523,사상구종합사회복지관,부산광역시 사상구 백양대로 527,128.9946925,35.1554075
1524,부산주례새마을금고1동지점,부산광역시 사상구 백양대로 458 (주례동),129.001683,35.1529612
1525,양지마을경로당,부산광역시 사상구 양지로42번길 80-20,129.0033532,35.155146
1526,양백경로당,부산광역시 사상구 양지로 18,129.00444,35.1540764
1527,주례1동주민센터,부산광역시 사상구 주례동 1296,129.0011054,35.1513632
1528,온골마을행복센터,부산광역시 사상구 백양대로445번길 124-5,128.997055,35.153394
1529,진사경로당,부산광역시 사상구 진사로36번길 43-1 (주례동),129.0143663,35.1468563
1530,주례2동새마을금고본점,부산광역시 사상구 가야대로366번길 8 (주례동),129.0125531,35.1507177
1531,주례2동새마을금고신주례지점,부산광역시 사상구 백양대로 370 (주례동),129.0113702,35.1529641
1532,냉정어울림센터,부산광역시 사상구 진사로36번길 46 (주례동),129.0140307,35.1471081
1533,주례2동주민센터,부산광역시 사상구 주례로10번길 15 (주례동),129.0103993,35.1500978
1534,희망경로당,부산광역시 사상구 주감로 257,129.0139205,35.1520823
1535,학송경로당,부산광역시 사상구 진사로28번길 26 (주례동),129.0146425,35.149067
1536,주례열린도서관,부산광역시 사상구 주례로 110  (주례동),129.0045708,35.1467269
1537,부산주례새마을금고3동지점,부산광역시 사상구 가야대로 290 (주례동),129.0043956,35.1501855
1538,엄광경로당,부산광역시 사상구 주례로 138-3,129.001321,35.1461973
1539,주례3동주민센터,부산광역시 사상구 냉정로 10,129.001404,35.147345
1540,구학공원(승학공원),부산광역시 사상구 학감대로49번길 54-16 (학장동),128.9918545,35.1358765
1541,구덕공원,부산광역시 사상구 학장동 168-6,128.990576,35.1395635
1542,학장종합사회복지관,부산광역시 사상구 학감대로49번길 28-70,128.9897687,35.1386083
1543,승학새마을금고으뜸지점,부산광역시 사상구 대동로 152 (학장동),128.9835629,35.1409279
1544,승학새마을금고새밭지점,부산광역시 사상구 대동로 102 (학장동),128.9789987,35.1385481
1545,새밭행복센터,부산광역시 사상구 대동로159번길 107 (학장동),128.9786017,35.1395527
1546,학장동주민센터,부산광역시 사상구 학감대로147번길 11,128.987307,35.14409
1547,붉은디경로당,부산광역시 사상구 학장로236번길 9 (학장동),128.9924446,35.1445271
1548,새밭경로당,부산광역시 사상구 대동로159번길 109 (학장동),128.9785507,35.139465
1549,사상구노인복지관,부산광역시 사상구 가야대로196번길 51,128.994841,35.147309
1550,엄궁통통,부산광역시 사상구 엄궁남로 20,128.970078,35.125183
1551,절골공원,부산광역시 사상구 엄궁로 146  (엄궁동 절골공원 공중화장실),128.9798865,35.128134
1552,승학새마을금고본점,부산광역시 사상구 낙동대로 790 (엄궁동),128.9724022,35.1310288
1553,지불경로당,부산광역시 사상구 대동로 27-5,128.973586,35.133645
1554,엄궁동주민센터,부산광역시 사상구 엄궁북로 15 (엄궁동),128.9722154,35.1286772
1555,동부4여자경로당,부산광역시 기장군 기장읍 차성동로102번길 19 (동부2리노인정),129.21811,35.246902
1556,동부4남자경로당,부산광역시 기장군 기장읍 차성동로102번길 19 (동부2리노인정),129.21811,35.246902
1557,기장군노인복지관,부산광역시 기장군 기장읍 대청로22번길 61 (기장군노인복지회관),129.212568,35.23511
1558,기장읍대변멸치테마광장,부산광역시 기장군 기장읍 대변리 444-80,129.229296,35.224635
1559,기장읍백두공원,부산광역시 기장군 기장읍 대라리 1004-1,129.2108864,35.2407234
1560,무양마을쉼터,부산광역시 기장군 기장읍 무양2길 33,129.2252935,35.2268584
1561,기장읍동부산뜨란채아파트관리동,부산광역시 기장군 기장읍 기장대로 67 (동부산 동원로얄듀크),129.2056856,35.2033485
1562,기장읍교리주공아파트107동정자,부산광역시 기장군 기장읍 차성로397번길 7,129.2135942,35.2548646
1563,동부산뜨란채아파트205동,부산광역시 기장군 기장읍 기장대로 67 (동부산 동원로얄듀크),129.2058223,35.2026428
1564,기장읍소정1마을쉼터,부산광역시 기장군 기장읍 내리 785,129.2052846,35.2014251
1565,기장읍교리주공아파트102동단지내파고라,부산광역시 기장군 기장읍 차성로397번길 7,129.212488,35.253417
1566,기장읍은하수공원,부산광역시 기장군 기장읍 대라리 245-1,129.209868,35.238884
1567,남산공원,부산광역시 기장군 기장읍 서부리 403,129.210248,35.250611
1568,교리주공경로당,부산광역시 기장군 기장읍차성로397번길 7,129.2129652,35.254387
1569,휴먼시아1단지남자경로당,부산광역시 기장군 기장읍소정안길 68,129.205722,35.2077177
1570,석산경로당,부산광역시 기장군 기장읍 석산1길 15 ,129.2100629,35.205595
1571,덕발(청강)여자경로당,부산광역시 기장군 기장읍청강로 6,129.217675,35.233535
1572,동서마을남자경로당,부산광역시 기장군 기장읍동서길 84-14,129.200245,35.258326
1573,오신경로당,부산광역시 기장군 기장읍 내리1길 63 ,129.2053047,35.210401
1574,소정1여자경로당,부산광역시 기장군 기장읍소정안길 4-6,129.206174,35.202232
1575,양경경로당,부산광역시 기장군 기장읍당사로1길 35,129.209209,35.183412
1576,서부주공여자경로당,부산광역시 기장군 기장읍차성서로 123,129.209559,35.243964
1577,휴먼시아1단지여자경로당,부산광역시 기장군 기장읍소정안길 68,129.205244,35.206889
1578,공수남자경로당,부산광역시 기장군 기장읍 공수1길 18 ,129.211742,35.1834502
1579,공수여자경로당,부산광역시 기장군 기장읍 공수1길 18 ,129.2117447,35.1834392
1580,덕발1마을회관,부산광역시 기장군 기장읍대청로71번길 24,129.21887,35.238494
1581,덕발(청강)남자경로당,부산광역시 기장군 기장읍청강로 6,129.217675,35.233535
1582,동서마을여자경로당,부산광역시 기장군 기장읍동서길 84-14,129.200245,35.258326
1583,내동경로당,부산광역시 기장군 기장읍내리길 146-39,129.200255,35.218144
1584,서부주공남자경로당,부산광역시 기장군 기장읍차성서로 123,129.209559,35.243964
1585,내리휴먼시아작은도서관,부산광역시 기장군 기장읍 소정안길 68 (내리휴먼시아),129.2052457,35.2066908
1586,대라다목적도서관,부산광역시 기장군 기장읍차성서로 86,129.2105674,35.2407955
1587,사라1남자경로당,부산광역시 기장군 기장읍차성로249번길 31,129.211689,35.239337
1588,사라1여자경로당,부산광역시 기장군 기장읍차성로249번길 31,129.211689,35.239337
1589,기장도서관,부산광역시 기장군 기장읍 차성동로126번길 13-5 ,129.2173639,35.2495838
1590,당사경로당,부산광역시 기장군 기장읍당사로8길 13,129.2099042,35.1878929
1591,이진스카이빌경로당,부산광역시 기장군 기장읍차성서로 158-12,129.2115447,35.2472026
1592,동암마을회관,부산광역시 기장군 기장읍 동암3길 10,129.2236528,35.1961355
1593,무곡마을회관,부산광역시 기장군 기장읍 무곡길 4 (무곡회관),129.21182,35.227222
1594,월내2여자경로당,부산광역시 기장군 장안읍 월내해안길 81 (월내문화원),129.278121,35.326215
1595,임랑마을회관,부산광역시 기장군 장안읍 임랑효덕길 7-22 ,129.26,35.3168
1596,길천경로당정자,부산광역시 기장군 장안읍 길천리 182,129.286899,35.327717
1597,길천마을회관정자,부산광역시 기장군 장안읍 길천1길 35-2,129.286386,35.328004
1598,정자,부산광역시 기장군 장안읍 길천리 194-1,129.2821929,35.327757
1599,좌천제2남자경로당,부산광역시 기장군 장안읍 좌천4길  9-9 좌천마을회관,129.2417773,35.3120019
1600,좌동남자경로당,부산광역시 기장군 장안읍 좌동2길 4 ,129.2418632,35.3188983
1601,덕산경로당,부산광역시 기장군 장안읍 덕산1길  10  덕산마을회관,129.240093,35.3261954
1602,선암경로당,부산광역시 기장군 장안읍 선암길 76 ,129.2299408,35.3313939
1603,내덕여자경로당,부산광역시 기장군 장안읍 내덕길 221 ,129.2183644,35.3322539
1604,용소남자경로당,부산광역시 기장군 장안읍 용소길  48  용소마을회관,129.2458425,35.3439651
1605,하근남자경로당,부산광역시 기장군 장안읍 하근1길 3 ,129.2548773,35.3466443
1606,기룡남자경로당,부산광역시 기장군 장안읍 기룡1길  35  기룡마을회관,129.2505789,35.3558278
1607,상장안남자경로당,부산광역시 기장군 장안읍 상장안3길 2-7 ,129.2459133,35.3702667
1608,신리(장안)경로당,부산광역시 기장군 장안읍신리길 17-34,129.267772,35.356254
1609,시장마을여자경로당,부산광역시 기장군 장안읍 장곡길 177 ,129.2433974,35.3087976
1610,하장안여자경로당,부산광역시 기장군 장안읍하장안1길 4,129.249725,35.363166
1611,반룡경로당,부산광역시 기장군 장안읍반룡2길 1,129.26373,35.339045
1612,대명경로당,부산광역시 기장군 장안읍협동로 104,129.250637,35.376659
1613,신명경로당,부산광역시 기장군 장안읍 신명길 56-49 ,129.2613521,35.3840293
1614,도야경로당,부산광역시 기장군 장안읍 도야길  7-1 도야회관,129.2609913,35.3754087
1615,대룡남자경로당,부산광역시 기장군 장안읍 대룡1길  17  대룡마을회관,129.2644012,35.3711251
1616,판곡경로당,부산광역시 기장군 장안읍 판곡길  32  판곡회관노인정,129.2674541,35.3612324
1617,개천경로당,부산광역시 기장군 장안읍 오리길 285 ,129.277837,35.353238
1618,고무경로당,부산광역시 기장군 장안읍 고무마을길 29-9,129.263713,35.348571
1619,길천남자경로당,부산광역시 기장군 장안읍 길천2길 26 (노인정),129.282072,35.327828
1620,월내남자경로당,부산광역시 기장군 장안읍 월내해안길 107-29 ,129.2801,35.3273
1621,임랑남자경로당,부산광역시 기장군 장안읍 임랑2길 1-6 ,129.2619,35.3177
1622,구기경로당,부산광역시 기장군 장안읍구기길 37,129.266257,35.333716
1623,좌천제2여자경로당,부산광역시 기장군 장안읍 좌천4길 46-2 ,129.2425,35.3134
1624,좌동여자경로당,부산광역시 기장군 장안읍 좌동2길 4 ,129.2418686,35.3188983
1625,내덕남자경로당,부산광역시 기장군 장안읍 내덕길 221 ,129.2183,35.3323
1626,용소여자경로당,부산광역시 기장군 장안읍 용소길 48,129.2458385,35.3439707
1627,하근여자경로당,부산광역시 기장군 장안읍 하근1길 3 ,129.2548853,35.3466464
1628,기룡여자경로당,부산광역시 기장군 장안읍 기룡1길 35,129.2505985,35.3558212
1629,상장안여자경로당,부산광역시 기장군 장안읍 상장안3길 2-7 ,129.245916,35.3702667
1630,길천여자경로당,부산광역시 기장군 장안읍 길천2길 26 (노인정),129.282067,35.327794
1631,임랑여자경로당,부산광역시 기장군 장안읍 임랑2길 1-6 ,129.2619,35.3177
1632,월내여자경로당,부산광역시 기장군 장안읍 월내해안길 107-29 ,129.2801,35.3273
1633,대룡여자경로당,부산광역시 기장군 장안읍 대룡1길 17,129.264458,35.3711395
1634,시장마을남자경로당,부산광역시 기장군 장안읍 장곡길 173-1 ,129.2439821,35.3088151
1635,좌천마을제1남자경로당,부산광역시 기장군 장안읍 좌천4길 46-2 ,129.2425,35.3134
1636,좌천마을제1여자경로당,부산광역시 기장군 장안읍 좌천4길 46-2 ,129.2425,35.3134
1637,대룡상상작은도서관,부산광역시 기장군 장안읍 대룡1길 17 ,129.2645654,35.3711941
1638,하장안남자경로당,부산광역시 기장군 장안읍하장안길 12-2,129.2495712,35.3627253
1639,기장장애인복지관,부산광역시 기장군 정관읍 병산로 42-15 (기장장애인복지관),129.173479,35.336589
1640,정관노인복지관,부산광역시 기장군 정관읍 정관중앙로 83-14,129.178877,35.324815
1641,강변독점마을회관,부산광역시 기장군 정관읍 정관로 744-43,129.194429,35.321619
1642,기장정관읍행정복지센터,부산광역시 기장군 정관읍 용수로 4,129.1797781,35.3258482
1643,중앙공원,부산광역시 기장군 정관읍 매학리 742,129.180838,35.322442
1644,죽향공원,부산광역시 기장군 정관읍 모전리 756,129.1697415,35.3328141
1645,어울공원,부산광역시 기장군 정관읍 용수리 1290-3,129.1800253,35.3275138
1646,휴먼시아2단지여자경로당,부산광역시 기장군 정관읍정관2로 24,129.1640094,35.3318078
1647,롯데캐슬2차남자경로당,부산광역시 기장군 정관읍정관3로 23,129.1655845,35.3294907
1648,신동아파말리에여자경로당,부산광역시 기장군 정관읍정관5로 75,129.1758975,35.3258129
1649,가화만사성더테라스2차남자경로당,부산광역시 기장군 정관읍구연방곡로 106,129.1890542,35.3238266
1650,롯데캐슬2차여자경로당,부산광역시 기장군 정관읍정관3로 51,129.1691511,35.3307904
1651,동일2차남자경로당,부산광역시 기장군 정관읍정관3로 23,129.1665867,35.3299333
1652,가화만사성더테라스2차여자경로당,부산광역시 기장군 정관읍구연방곡로 106,129.1891281,35.323797
1653,한진해모로경로당,부산광역시 기장군 정관읍정관로 548,129.1734929,35.321594
1654,가동마을경로당,부산광역시 기장군 정관읍가동옛길 17,129.1813319,35.3306701
1655,계룡리슈빌경로당,부산광역시 기장군 정관읍정관로 513,129.1723163,35.3251896
1656,신동아파밀리에남자경로당,부산광역시 기장군 정관읍정관5로 75,129.1764636,35.3257475
1657,가화더테라스1차여자경로당,부산광역시 기장군 정관읍구연방곡로 120,129.1897191,35.3219329
1658,휴먼시아2단지작은도서관,부산광역시 기장군 정관읍 정관2로 24 (정관신도시 휴먼시아2단지),129.1642159,35.3324793
1659,임곡여자경로당,부산광역시 기장군 정관읍 임곡1길 4 ,129.1364336,35.3516782
1660,동일2차여자경로당,부산광역시 기장군 정관읍정관3로 23,129.1664828,35.3294795
1661,가화만사성정관타운경로당,부산광역시 기장군 정관읍방곡로 39,129.190057,35.3274691
1662,모전1마을회관,부산광역시 기장군 정관읍 정관1로 51 (),129.1622633,35.3407064
1663,가화더테라스1차남자경로당,부산광역시 기장군 정관읍구연방곡로 120,129.1900417,35.3220962
1664,LH4단지남자경로당,부산광역시 기장군 정관읍산단4로 160,129.192712,35.321483
1665,임곡마을회관경로당,부산광역시 기장군 정관읍 임곡1길 4 ,129.136498,35.3517351
1666,양우내안에경로당,부산광역시 기장군 정관읍정관5로 144,129.180143,35.329306
1667,병산남여경로당,부산광역시 기장군 정관읍 병산로 246 ,129.1881385,35.3477469
1668,덕산마을경로당,부산광역시 기장군 정관읍 정관덕산2길 18-40 ,129.1829941,35.322494
1669,상곡1마을회관,부산광역시 기장군 정관읍 정관상곡1길 83 ,129.1638109,35.3197847
1670,월평마을회관,부산광역시 기장군 정관읍 월평2길 62 ,129.1379383,35.3633375
1671,두명마을경로회관,부산광역시 기장군 정관읍 부명2길 34 ,129.1462398,35.3619005
1672,서편마을경로당,부산광역시 기장군 정관읍 서편길 17 ,129.2023087,35.3259582
1673,대전마을회관,부산광역시 기장군 정관읍 달산2길 3-10 ,129.1814223,35.3188261
1674,LH4단지작은도서관,부산광역시 기장군 정관읍산단4로 160,129.192712,35.321483
1675,LH5단지남자경로당,부산광역시 기장군 정관읍 산단2로 60 (정관신도시 엘에이치 5단지),129.1865319,35.319104
1676,달산6마을경로당,부산광역시 기장군 정관읍 달산4길 81 ,129.1795635,35.3176881
1677,달산누리작은도서관,부산광역시 기장군 정관읍산단4로 139,129.1899755,35.3188439
1678,예림마을여자경로당,부산광역시 기장군 정관읍 예림길 30 ,129.2065975,35.3275273
1679,센트럴파크남자경로당,부산광역시 기장군 정관읍 구연방곡로 10 (정관 센트럴 파크),129.1857326,35.320439
1680,재흥아파트경로당,부산광역시 기장군 정관읍정관로 750-24,129.1958009,35.3221626
1681,상곡2마을경로당,부산광역시 기장군 정관읍 정관중앙로 83-13 (형진강변아파트),129.1790271,35.3234591
1682,휴먼시아1단지커뮤니티시설,부산광역시 기장군 정관읍 정관4로 23 (정관신도시 휴먼시아1단지 101동),129.167807,35.325989
1683,동일2차작은도서관,부산광역시 기장군 정관읍정관3로 23,129.1657919,35.3298737
1684,이지더원2차남자경로당,부산광역시 기장군 정관읍정관2로 9,129.16385,35.334094
1685,LH5단지작은도서관,부산광역시 기장군 정관읍 산단2로 60 (정관신도시 엘에이치 5단지),129.1866446,35.3184825
1686,동일3차경로당,부산광역시 기장군 정관읍모전1길 9,129.166097,35.3373045
1687,매곡마을경로당,부산광역시 기장군 정관읍 매곡길 25-1 ,129.1743708,35.3176333
1688,평전마을경로당,부산광역시 기장군 정관읍 용수1길 19 ,129.1738611,35.3290263
1689,이지더원3차남자경로당,부산광역시 기장군 정관읍정관로 350,129.162949,35.335766
1690,동원2차여자경로당,부산광역시 기장군 정관읍정관5로 12,129.175085,35.31947
1691,리슈빌작은도서관,부산광역시 기장군 정관읍 정관로 513 (정관신도시 계룡리슈빌),129.1720426,35.3249932
1692,서희스타힐스작은도서관,부산광역시 기장군 정관읍 방곡3로 11 (서희스타힐스),129.1883531,35.3258532
1693,현진에버빌여자경로당,부산광역시 기장군 정관읍정관2로 40,129.1683276,35.333454
1694,현진에버빌남자경로당,부산광역시 기장군 정관읍정관2로 40,129.168071,35.333679
1695,좌광천정원방문자센터,부산광역시 기장군 정관읍정관8로 11,129.1775139,35.3237529
1696,정관도서관,부산광역시 기장군 정관읍 정관중앙로 100 ,129.1814303,35.3252361
1697,이지더원3차여자경로당,부산광역시 기장군 정관읍정관로 350,129.162949,35.335766
1698,예림마을남자경로당,부산광역시 기장군 정관읍 예림길 30 ,129.2065787,35.3275295
1699,매곡마을경로당,부산광역시 기장군 정관읍 매곡길 25-1 ,129.1743708,35.3176333
1700,이지더원2차여자경로당,부산광역시 기장군 정관읍정관2로 9,129.16385,35.334094
1701,휴먼시아2단지남자경로당,부산광역시 기장군 정관읍정관2로 24,129.164439,35.332371
1702,LH5단지여자경로당,부산광역시 기장군 정관읍 산단2로 60 (정관신도시 엘에이치 5단지 513동),129.186506,35.319042
1703,LH4단지여자경로당,부산광역시 기장군 정관읍산단4로 160,129.192712,35.321483
1704,동원1차남자경로당,부산광역시 기장군 정관읍산단4로 139,129.189865,35.318795
1705,동원1차여자경로당,부산광역시 기장군 정관읍산단4로 139,129.189865,35.318795
1706,구연동남자경로당,부산광역시 기장군 정관읍 구연1로 11-5 ,129.1830128,35.3204938
1707,구연동여자경로당,부산광역시 기장군 정관읍 구연1로 11-5 ,129.1830048,35.3204872
1708,센트럴파크여자경로당,부산광역시 기장군 정관읍 구연방곡로 10 (정관 센트럴 파크),129.185746,35.3204193
1709,동일2차은빛뜨락카페,부산광역시 기장군 정관읍 정관3로 23 (정관동일스위트 2차),129.1657072,35.3294617
1710,이지더원1차여성노인정,부산광역시 기장군 정관읍정관1로 18,129.163923,35.338759
1711,이지더원1차남성노인정,부산광역시 기장군 정관읍정관1로 18,129.163923,35.338759
1712,낙원남자경로당,부산광역시 기장군 정관읍 용수공단2길 64-20 ,129.16159,35.3246781
1713,낙원여자경로당,부산광역시 기장군 정관읍 용수공단2길 64-20 ,129.161641,35.3246649
1714,이진캐스빌1차작은도서관,부산광역시 기장군 정관읍정관로 545,129.174635,35.323054
1715,이지더원5차경로당,부산광역시 기장군 정관읍방곡로 29,129.188497,35.327465
1716,서희스타힐스경로당,부산광역시 기장군 정관읍 방곡3로 11 (서희스타힐스),129.1883531,35.3258379
1717,롯데캐슬1차경로당,부산광역시 기장군 정관읍정관3로 52,129.170262,35.328696
1718,롯데캐슬도서관,부산광역시 기장군 정관읍 정관3로 52 (정관신도시 롯데캐슬),129.1709483,35.3288249
1719,센트럴파크도서관,부산광역시 기장군 정관읍 구연방곡로 10 (정관 센트럴 파크),129.185982,35.3202661
1720,동원2차남자경로당,부산광역시 기장군 정관읍정관5로 12,129.175085,35.31947
1721,동원2차작은도서관,부산광역시 기장군 정관읍정관5로 12,129.175085,35.31947
1722,이지더원1차공동주민센터,부산광역시 기장군 정관읍 정관1로 18 (이지 더원1차 아파트),129.1639397,35.3389057
1723,이지더원1차글숲,부산광역시 기장군 정관읍 정관1로 18 (이지 더원1차 아파트),129.1647202,35.3391901
1724,이진캐스빌1차경로당,부산광역시 기장군 정관읍정관로 545,129.174635,35.323054
1725,양수마을경로당,부산광역시 기장군 정관읍 양수길 7-11 ,129.1610831,35.3301226
1726,협성르네상스경로당,부산광역시 기장군 정관읍정관4로 68,129.174418,35.327005
1727,협성르네상스작은도서관,부산광역시 기장군 정관읍정관4로 68,129.174418,35.327005
1728,동일1차아파트경로당,부산광역시 기장군 정관읍정관4로 24,129.169489,35.32446
1729,동일3차작은도서관,부산광역시 기장군 정관읍 모전1길 9 (정관동일스위트3차),129.1658279,35.3370174
1730,해모로작은도서관,부산광역시 기장군 정관읍 정관로 548 (정관신도시 한진해모로),129.1728553,35.3210518
1731,정관이지더원5차작은도서관,부산광역시 기장군 정관읍방곡로 29,129.188521,35.327518
1732,기장군노인복지관분관,부산광역시 기장군 일광읍 이천8길 13 (기장일광읍 노인 복지관),129.236666,35.267496
1733,화전여자경로당,부산광역시 기장군 일광읍화전2길 18 ,129.2318,35.2807
1734,광산경로당,부산광역시 기장군 일광읍달음길 44 ,129.2279,35.3093
1735,상리경로당,부산광역시 기장군 일광읍청원길 193 ,129.2308,35.3045
1736,화전남자경로당,부산광역시 기장군 일광읍화전2길 18 ,129.2317,35.2807
1737,회룡경로당,부산광역시 기장군 일광읍회룡길 9-4 ,129.2050526,35.2850236
1738,학리남자경로당,부산광역시 기장군 일광읍학리4길 13 ,129.2444,35.2569
1739,삼성남자경로당,부산광역시 기장군 일광읍 기장해안로 1333 ,129.2326,35.2627
1740,칠암남자경로당,부산광역시 기장군 일광읍문오성길 485-5 ,129.2601,35.2971
1741,문중남자경로당,부산광역시 기장군 일광읍 문중길 29 ,129.2579,35.3034
1742,학리여자경로당,부산광역시 기장군 일광읍학리4길 13 ,129.2444,35.2569
1743,삼성여자경로당,부산광역시 기장군 일광읍 기장해안로 1333 ,129.2326,35.2627
1744,칠암여자경로당,부산광역시 기장군 일광읍문오성길 485-5 ,129.2601,35.2971
1745,문중여자경로당,부산광역시 기장군 일광읍 문중길 29 ,129.2579,35.3034
1746,하리경로당,부산광역시 기장군 일광읍청원길 303-60 ,129.234648,35.3135975
1747,문동어업인복지회관,부산광역시 기장군 일광읍창마을길 19-3 ,129.2567,35.3078
1748,산수곡마을회관,부산광역시 기장군 일광읍 화용길 206 ,129.2123535,35.2863438
1749,당곡마을회관,부산광역시 기장군 일광읍당곡길 19-20 ,129.2233,35.2842
1750,회룡마을회관,부산광역시 기장군 일광읍 회룡길 9-4 ,129.2050579,35.2849995
1751,일광용천작은도서관,부산광역시 기장군 일광읍 화용길 206 ,129.2123535,35.2863438
1752,칠암작은도서관,부산광역시 기장군 일광읍 문오성길 485-5 ,129.2601,35.2971
1753,청광경로당,부산광역시 기장군 일광읍 청광길 41-1 ,129.2324594,35.2956177
1754,원당마을회관,부산광역시 기장군 일광읍 원당길 6-4 ,129.2482,35.3059
1755,장수경로당,부산광역시 기장군 일광읍 이천길 3 ,129.235,35.2663
1756,철마제일교회끝나무밑,부산광역시 기장군 철마면 하신리길 14,129.1696051,35.2618621
1757,고촌LH3단지아파트주민카페앞정자,부산광역시 기장군 철마면 고촌로 58,129.1684288,35.2396005
1758,중리마을회관앞정자,부산광역시 기장군 철마면 중리1길 6,129.1674675,35.2896064
1759,고촌LH2단지아파트205동옆공원정자,부산광역시 기장군 철마면 고촌로 11,129.1699648,35.2374382
1760,안평식당,부산광역시 기장군 철마면 안평로11번나길 1 ,129.1759855,35.2372509
1761,이곡마을회관앞정자,부산광역시 기장군 철마면 이곡길 100,129.1788048,35.2751831
1762,장전경로당앞정자,부산광역시 기장군 철마면 장전리 583-10,129.1451625,35.2741603
1763,입석마을회관앞정자,부산광역시 기장군 철마면 입석길 50-1,129.1180734,35.3110422
1764,대곡마을회관앞벤치,부산광역시 기장군 철마면 대곡1길 31-2,129.1508197,35.2661095
1765,석길교교량아래,부산광역시 기장군 철마면 웅천리 산 196-3,129.1630787,35.2880253
1766,고촌마을회관옆정자,부산광역시 기장군 철마면 고촌로28번길 27,129.1709295,35.241635
1767,안평여자경로당,부산광역시 기장군 철마면 안평로11번나길 1,129.1758911,35.2372481
1768,이곡여자경로당,부산광역시 기장군 철마면 이곡길 100,129.1787873,35.2750071
1769,백길경로당,부산광역시 기장군 철마면 곰내길 111 ,129.1558072,35.2834953
1770,이곡남자경로당,부산광역시 기장군 철마면 이곡길  100  이곡마을회관,129.1787819,35.2749969
1771,구칠경로당,부산광역시 기장군 철마면 구칠길  61  구칠마을회관,129.1655803,35.2579543
1772,대곡경로당,부산광역시 기장군 철마면 대곡1길  31-2 대곡마을회관,129.1507874,35.2660885
1773,안평남자경로당,부산광역시 기장군 철마면 안평로11번나길  1  안평마을회관,129.1758299,35.2372541
1774,임기마을회관,부산광역시 기장군 철마면임기2길 44,129.1190822,35.3207253
1775,신리경로당(철마),부산광역시 기장군 철마면 상신리길 34-8 ,129.1788179,35.2587633
1776,주민카페,부산광역시 기장군 철마면고촌로 58,129.168093,35.239352
1777,석길회관,부산광역시 기장군 철마면 석길길 16 ,129.1647738,35.2860285
1778,마지회관,부산광역시 기장군 철마면 마지길 12 (마지마을회관),129.166104,35.274644
1779,구림마을경로당,부산광역시 기장군 철마면 한들길 7-2 ,129.1599217,35.272142
1780,중리여자경로당,부산광역시 기장군 철마면 곰내길 243 ,129.1679254,35.2893761
1781,송정마을회관,부산광역시 기장군 철마면 두송길 7-33 (송정마을회관),129.111754,35.304602
1782,고촌남자경로당,부산광역시 기장군 철마면 고촌로28번길 27 ,129.1709188,35.2416454
1783,고촌여자경로당,부산광역시 기장군 철마면 고촌로28번길 27 ,129.1709268,35.2416498
1784,입석마을회관,부산광역시 기장군 철마면 입석길 50-1 ,129.1181248,35.3110279
1785,중리남자경로당,부산광역시 기장군 철마면 곰내길 243 ,129.1679227,35.2893586
1786,고촌휴먼시아작은도서관,부산광역시 기장군 철마면 고촌로44번길 16 (고촌휴먼시아1),129.1678128,35.2414088
1787,고촌LH3작은도서관,부산광역시 기장군 철마면고촌로 58,129.167947,35.239261
1788,고촌센트럴남여경로당,부산광역시 기장군 철마면 고촌로 11 (고촌센트럴아파트),129.1718119,35.2385368
1789,점현마을경로당,부산광역시 기장군 철마면 점현길 49-2,129.169589,35.2670102
