reviewer_id,group_id,route_id,feature_snapshot_hash,profile,relevance,notes,origin,destination,route_summary,route_traits,duration_min,distance_m,sources
reviewer_01,enriched-e57a4c06e95c7d0006b6,route-ef9fc0d5cf085bb29abd,5a9023f2a04908b784fbef6b16300faa274f2317246aa035cff4388bd6807049,general,,,부산광역시북구청,부산역,도보 + 도시철도,제일 빠른 길 · 그늘 많은 길,45.0,17769.0,VWorld LT_C_BLDGINFO WFS+odsay
reviewer_02,enriched-e57a4c06e95c7d0006b6,route-ef9fc0d5cf085bb29abd,5a9023f2a04908b784fbef6b16300faa274f2317246aa035cff4388bd6807049,general,,,부산광역시북구청,부산역,도보 + 도시철도,제일 빠른 길 · 그늘 많은 길,45.0,17769.0,VWorld LT_C_BLDGINFO WFS+odsay
reviewer_03,enriched-e57a4c06e95c7d0006b6,route-ef9fc0d5cf085bb29abd,5a9023f2a04908b784fbef6b16300faa274f2317246aa035cff4388bd6807049,general,,,부산광역시북구청,부산역,도보 + 도시철도,제일 빠른 길 · 그늘 많은 길,45.0,17769.0,VWorld LT_C_BLDGINFO WFS+odsay
reviewer_04,enriched-e57a4c06e95c7d0006b6,route-ef9fc0d5cf085bb29abd,5a9023f2a04908b784fbef6b16300faa274f2317246aa035cff4388bd6807049,general,,,부산광역시북구청,부산역,도보 + 도시철도,제일 빠른 길 · 그늘 많은 길,45.0,17769.0,VWorld LT_C_BLDGINFO WFS+odsay
reviewer_05,enriched-e57a4c06e95c7d0006b6,route-ef9fc0d5cf085bb29abd,5a9023f2a04908b784fbef6b16300faa274f2317246aa035cff4388bd6807049,general,,,부산광역시북구청,부산역,도보 + 도시철도,제일 빠른 길 · 그늘 많은 길,45.0,17769.0,VWorld LT_C_BLDGINFO WFS+odsay
reviewer_06,enriched-e57a4c06e95c7d0006b6,route-ef9fc0d5cf085bb29abd,5a9023f2a04908b784fbef6b16300faa274f2317246aa035cff4388bd6807049,general,,,부산광역시북구청,부산역,도보 + 도시철도,제일 빠른 길 · 그늘 많은 길,45.0,17769.0,VWorld LT_C_BLDGINFO WFS+odsay
reviewer_07,enriched-e57a4c06e95c7d0006b6,route-ef9fc0d5cf085bb29abd,5a9023f2a04908b784fbef6b16300faa274f2317246aa035cff4388bd6807049,general,,,부산광역시북구청,부산역,도보 + 도시철도,제일 빠른 길 · 그늘 많은 길,45.0,17769.0,VWorld LT_C_BLDGINFO WFS+odsay
reviewer_08,enriched-e57a4c06e95c7d0006b6,route-ef9fc0d5cf085bb29abd,5a9023f2a04908b784fbef6b16300faa274f2317246aa035cff4388bd6807049,general,,,부산광역시북구청,부산역,도보 + 도시철도,제일 빠른 길 · 그늘 많은 길,45.0,17769.0,VWorld LT_C_BLDGINFO WFS+odsay
reviewer_09,enriched-e57a4c06e95c7d0006b6,route-ef9fc0d5cf085bb29abd,5a9023f2a04908b784fbef6b16300faa274f2317246aa035cff4388bd6807049,general,,,부산광역시북구청,부산역,도보 + 도시철도,제일 빠른 길 · 그늘 많은 길,45.0,17769.0,VWorld LT_C_BLDGINFO WFS+odsay
reviewer_01,enriched-e57a4c06e95c7d0006b6,route-ef9fc0d5cf085bb29abd,5a9023f2a04908b784fbef6b16300faa274f2317246aa035cff4388bd6807049,elderly,,,부산광역시북구청,부산역,도보 + 도시철도,제일 빠른 길 · 그늘 많은 길,45.0,17769.0,VWorld LT_C_BLDGINFO WFS+odsay
reviewer_02,enriched-e57a4c06e95c7d0006b6,route-ef9fc0d5cf085bb29abd,5a9023f2a04908b784fbef6b16300faa274f2317246aa035cff4388bd6807049,elderly,,,부산광역시북구청,부산역,도보 + 도시철도,제일 빠른 길 · 그늘 많은 길,45.0,17769.0,VWorld LT_C_BLDGINFO WFS+odsay
reviewer_03,enriched-e57a4c06e95c7d0006b6,route-ef9fc0d5cf085bb29abd,5a9023f2a04908b784fbef6b16300faa274f2317246aa035cff4388bd6807049,elderly,,,부산광역시북구청,부산역,도보 + 도시철도,제일 빠른 길 · 그늘 많은 길,45.0,17769.0,VWorld LT_C_BLDGINFO WFS+odsay
reviewer_04,enriched-e57a4c06e95c7d0006b6,route-ef9fc0d5cf085bb29abd,5a9023f2a04908b784fbef6b16300faa274f2317246aa035cff4388bd6807049,elderly,,,부산광역시북구청,부산역,도보 + 도시철도,제일 빠른 길 · 그늘 많은 길,45.0,17769.0,VWorld LT_C_BLDGINFO WFS+odsay
reviewer_05,enriched-e57a4c06e95c7d0006b6,route-ef9fc0d5cf085bb29abd,5a9023f2a04908b784fbef6b16300faa274f2317246aa035cff4388bd6807049,elderly,,,부산광역시북구청,부산역,도보 + 도시철도,제일 빠른 길 · 그늘 많은 길,45.0,17769.0,VWorld LT_C_BLDGINFO WFS+odsay
reviewer_06,enriched-e57a4c06e95c7d0006b6,route-ef9fc0d5cf085bb29abd,5a9023f2a04908b784fbef6b16300faa274f2317246aa035cff4388bd6807049,elderly,,,부산광역시북구청,부산역,도보 + 도시철도,제일 빠른 길 · 그늘 많은 길,45.0,17769.0,VWorld LT_C_BLDGINFO WFS+odsay
reviewer_07,enriched-e57a4c06e95c7d0006b6,route-ef9fc0d5cf085bb29abd,5a9023f2a04908b784fbef6b16300faa274f2317246aa035cff4388bd6807049,elderly,,,부산광역시북구청,부산역,도보 + 도시철도,제일 빠른 길 · 그늘 많은 길,45.0,17769.0,VWorld LT_C_BLDGINFO WFS+odsay
reviewer_08,enriched-e57a4c06e95c7d0006b6,route-ef9fc0d5cf085bb29abd,5a9023f2a04908b784fbef6b16300faa274f2317246aa035cff4388bd6807049,elderly,,,부산광역시북구청,부산역,도보 + 도시철도,제일 빠른 길 · 그늘 많은 길,45.0,17769.0,VWorld LT_C_BLDGINFO WFS+odsay
reviewer_09,enriched-e57a4c06e95c7d0006b6,route-ef9fc0d5cf085bb29abd,5a9023f2a04908b784fbef6b16300faa274f2317246aa035cff4388bd6807049,elderly,,,부산광역시북구청,부산역,도보 + 도시철도,제일 빠른 길 · 그늘 많은 길,45.0,17769.0,VWorld LT_C_BLDGINFO WFS+odsay
reviewer_01,enriched-e57a4c06e95c7d0006b6,route-ef9fc0d5cf085bb29abd,5a9023f2a04908b784fbef6b16300faa274f2317246aa035cff4388bd6807049,child,,,부산광역시북구청,부산역,도보 + 도시철도,제일 빠른 길 · 그늘 많은 길,45.0,17769.0,VWorld LT_C_BLDGINFO WFS+odsay
reviewer_02,enriched-e57a4c06e95c7d0006b6,route-ef9fc0d5cf085bb29abd,5a9023f2a04908b784fbef6b16300faa274f2317246aa035cff4388bd6807049,child,,,부산광역시북구청,부산역,도보 + 도시철도,제일 빠른 길 · 그늘 많은 길,45.0,17769.0,VWorld LT_C_BLDGINFO WFS+odsay
reviewer_03,enriched-e57a4c06e95c7d0006b6,route-ef9fc0d5cf085bb29abd,5a9023f2a04908b784fbef6b16300faa274f2317246aa035cff4388bd6807049,child,,,부산광역시북구청,부산역,도보 + 도시철도,제일 빠른 길 · 그늘 많은 길,45.0,17769.0,VWorld LT_C_BLDGINFO WFS+odsay
reviewer_04,enriched-e57a4c06e95c7d0006b6,route-ef9fc0d5cf085bb29abd,5a9023f2a04908b784fbef6b16300faa274f2317246aa035cff4388bd6807049,child,,,부산광역시북구청,부산역,도보 + 도시철도,제일 빠른 길 · 그늘 많은 길,45.0,17769.0,VWorld LT_C_BLDGINFO WFS+odsay
reviewer_05,enriched-e57a4c06e95c7d0006b6,route-ef9fc0d5cf085bb29abd,5a9023f2a04908b784fbef6b16300faa274f2317246aa035cff4388bd6807049,child,,,부산광역시북구청,부산역,도보 + 도시철도,제일 빠른 길 · 그늘 많은 길,45.0,17769.0,VWorld LT_C_BLDGINFO WFS+odsay
reviewer_06,enriched-e57a4c06e95c7d0006b6,route-ef9fc0d5cf085bb29abd,5a9023f2a04908b784fbef6b16300faa274f2317246aa035cff4388bd6807049,child,,,부산광역시북구청,부산역,도보 + 도시철도,제일 빠른 길 · 그늘 많은 길,45.0,17769.0,VWorld LT_C_BLDGINFO WFS+odsay
reviewer_07,enriched-e57a4c06e95c7d0006b6,route-ef9fc0d5cf085bb29abd,5a9023f2a04908b784fbef6b16300faa274f2317246aa035cff4388bd6807049,child,,,부산광역시북구청,부산역,도보 + 도시철도,제일 빠른 길 · 그늘 많은 길,45.0,17769.0,VWorld LT_C_BLDGINFO WFS+odsay
reviewer_08,enriched-e57a4c06e95c7d0006b6,route-ef9fc0d5cf085bb29abd,5a9023f2a04908b784fbef6b16300faa274f2317246aa035cff4388bd6807049,child,,,부산광역시북구청,부산역,도보 + 도시철도,제일 빠른 길 · 그늘 많은 길,45.0,17769.0,VWorld LT_C_BLDGINFO WFS+odsay
reviewer_09,enriched-e57a4c06e95c7d0006b6,route-ef9fc0d5cf085bb29abd,5a9023f2a04908b784fbef6b16300faa274f2317246aa035cff4388bd6807049,child,,,부산광역시북구청,부산역,도보 + 도시철도,제일 빠른 길 · 그늘 많은 길,45.0,17769.0,VWorld LT_C_BLDGINFO WFS+odsay
reviewer_01,enriched-e57a4c06e95c7d0006b6,route-ef9fc0d5cf085bb29abd,5a9023f2a04908b784fbef6b16300faa274f2317246aa035cff4388bd6807049,youth,,,부산광역시북구청,부산역,도보 + 도시철도,제일 빠른 길 · 그늘 많은 길,45.0,17769.0,VWorld LT_C_BLDGINFO WFS+odsay
reviewer_02,enriched-e57a4c06e95c7d0006b6,route-ef9fc0d5cf085bb29abd,5a9023f2a04908b784fbef6b16300faa274f2317246aa035cff4388bd6807049,youth,,,부산광역시북구청,부산역,도보 + 도시철도,제일 빠른 길 · 그늘 많은 길,45.0,17769.0,VWorld LT_C_BLDGINFO WFS+odsay
reviewer_03,enriched-e57a4c06e95c7d0006b6,route-ef9fc0d5cf085bb29abd,5a9023f2a04908b784fbef6b16300faa274f2317246aa035cff4388bd6807049,youth,,,부산광역시북구청,부산역,도보 + 도시철도,제일 빠른 길 · 그늘 많은 길,45.0,17769.0,VWorld LT_C_BLDGINFO WFS+odsay
reviewer_04,enriched-e57a4c06e95c7d0006b6,route-ef9fc0d5cf085bb29abd,5a9023f2a04908b784fbef6b16300faa274f2317246aa035cff4388bd6807049,youth,,,부산광역시북구청,부산역,도보 + 도시철도,제일 빠른 길 · 그늘 많은 길,45.0,17769.0,VWorld LT_C_BLDGINFO WFS+odsay
reviewer_05,enriched-e57a4c06e95c7d0006b6,route-ef9fc0d5cf085bb29abd,5a9023f2a04908b784fbef6b16300faa274f2317246aa035cff4388bd6807049,youth,,,부산광역시북구청,부산역,도보 + 도시철도,제일 빠른 길 · 그늘 많은 길,45.0,17769.0,VWorld LT_C_BLDGINFO WFS+odsay
reviewer_06,enriched-e57a4c06e95c7d0006b6,route-ef9fc0d5cf085bb29abd,5a9023f2a04908b784fbef6b16300faa274f2317246aa035cff4388bd6807049,youth,,,부산광역시북구청,부산역,도보 + 도시철도,제일 빠른 길 · 그늘 많은 길,45.0,17769.0,VWorld LT_C_BLDGINFO WFS+odsay
reviewer_07,enriched-e57a4c06e95c7d0006b6,route-ef9fc0d5cf085bb29abd,5a9023f2a04908b784fbef6b16300faa274f2317246aa035cff4388bd6807049,youth,,,부산광역시북구청,부산역,도보 + 도시철도,제일 빠른 길 · 그늘 많은 길,45.0,17769.0,VWorld LT_C_BLDGINFO WFS+odsay
reviewer_08,enriched-e57a4c06e95c7d0006b6,route-ef9fc0d5cf085bb29abd,5a9023f2a04908b784fbef6b16300faa274f2317246aa035cff4388bd6807049,youth,,,부산광역시북구청,부산역,도보 + 도시철도,제일 빠른 길 · 그늘 많은 길,45.0,17769.0,VWorld LT_C_BLDGINFO WFS+odsay
reviewer_09,enriched-e57a4c06e95c7d0006b6,route-ef9fc0d5cf085bb29abd,5a9023f2a04908b784fbef6b16300faa274f2317246aa035cff4388bd6807049,youth,,,부산광역시북구청,부산역,도보 + 도시철도,제일 빠른 길 · 그늘 많은 길,45.0,17769.0,VWorld LT_C_BLDGINFO WFS+odsay
reviewer_01,enriched-e57a4c06e95c7d0006b6,route-ef9fc0d5cf085bb29abd,5a9023f2a04908b784fbef6b16300faa274f2317246aa035cff4388bd6807049,disabled,,,부산광역시북구청,부산역,도보 + 도시철도,제일 빠른 길 · 그늘 많은 길,45.0,17769.0,VWorld LT_C_BLDGINFO WFS+odsay
reviewer_02,enriched-e57a4c06e95c7d0006b6,route-ef9fc0d5cf085bb29abd,5a9023f2a04908b784fbef6b16300faa274f2317246aa035cff4388bd6807049,disabled,,,부산광역시북구청,부산역,도보 + 도시철도,제일 빠른 길 · 그늘 많은 길,45.0,17769.0,VWorld LT_C_BLDGINFO WFS+odsay
reviewer_03,enriched-e57a4c06e95c7d0006b6,route-ef9fc0d5cf085bb29abd,5a9023f2a04908b784fbef6b16300faa274f2317246aa035cff4388bd6807049,disabled,,,부산광역시북구청,부산역,도보 + 도시철도,제일 빠른 길 · 그늘 많은 길,45.0,17769.0,VWorld LT_C_BLDGINFO WFS+odsay
reviewer_04,enriched-e57a4c06e95c7d0006b6,route-ef9fc0d5cf085bb29abd,5a9023f2a04908b784fbef6b16300faa274f2317246aa035cff4388bd6807049,disabled,,,부산광역시북구청,부산역,도보 + 도시철도,제일 빠른 길 · 그늘 많은 길,45.0,17769.0,VWorld LT_C_BLDGINFO WFS+odsay
reviewer_05,enriched-e57a4c06e95c7d0006b6,route-ef9fc0d5cf085bb29abd,5a9023f2a04908b784fbef6b16300faa274f2317246aa035cff4388bd6807049,disabled,,,부산광역시북구청,부산역,도보 + 도시철도,제일 빠른 길 · 그늘 많은 길,45.0,17769.0,VWorld LT_C_BLDGINFO WFS+odsay
reviewer_06,enriched-e57a4c06e95c7d0006b6,route-ef9fc0d5cf085bb29abd,5a9023f2a04908b784fbef6b16300faa274f2317246aa035cff4388bd6807049,disabled,,,부산광역시북구청,부산역,도보 + 도시철도,제일 빠른 길 · 그늘 많은 길,45.0,17769.0,VWorld LT_C_BLDGINFO WFS+odsay
reviewer_07,enriched-e57a4c06e95c7d0006b6,route-ef9fc0d5cf085bb29abd,5a9023f2a04908b784fbef6b16300faa274f2317246aa035cff4388bd6807049,disabled,,,부산광역시북구청,부산역,도보 + 도시철도,제일 빠른 길 · 그늘 많은 길,45.0,17769.0,VWorld LT_C_BLDGINFO WFS+odsay
reviewer_08,enriched-e57a4c06e95c7d0006b6,route-ef9fc0d5cf085bb29abd,5a9023f2a04908b784fbef6b16300faa274f2317246aa035cff4388bd6807049,disabled,,,부산광역시북구청,부산역,도보 + 도시철도,제일 빠른 길 · 그늘 많은 길,45.0,17769.0,VWorld LT_C_BLDGINFO WFS+odsay
reviewer_09,enriched-e57a4c06e95c7d0006b6,route-ef9fc0d5cf085bb29abd,5a9023f2a04908b784fbef6b16300faa274f2317246aa035cff4388bd6807049,disabled,,,부산광역시북구청,부산역,도보 + 도시철도,제일 빠른 길 · 그늘 많은 길,45.0,17769.0,VWorld LT_C_BLDGINFO WFS+odsay
reviewer_01,enriched-e57a4c06e95c7d0006b6,route-ef9fc0d5cf085bb29abd,5a9023f2a04908b784fbef6b16300faa274f2317246aa035cff4388bd6807049,pregnant,,,부산광역시북구청,부산역,도보 + 도시철도,제일 빠른 길 · 그늘 많은 길,45.0,17769.0,VWorld LT_C_BLDGINFO WFS+odsay
reviewer_02,enriched-e57a4c06e95c7d0006b6,route-ef9fc0d5cf085bb29abd,5a9023f2a04908b784fbef6b16300faa274f2317246aa035cff4388bd6807049,pregnant,,,부산광역시북구청,부산역,도보 + 도시철도,제일 빠른 길 · 그늘 많은 길,45.0,17769.0,VWorld LT_C_BLDGINFO WFS+odsay
reviewer_03,enriched-e57a4c06e95c7d0006b6,route-ef9fc0d5cf085bb29abd,5a9023f2a04908b784fbef6b16300faa274f2317246aa035cff4388bd6807049,pregnant,,,부산광역시북구청,부산역,도보 + 도시철도,제일 빠른 길 · 그늘 많은 길,45.0,17769.0,VWorld LT_C_BLDGINFO WFS+odsay
reviewer_04,enriched-e57a4c06e95c7d0006b6,route-ef9fc0d5cf085bb29abd,5a9023f2a04908b784fbef6b16300faa274f2317246aa035cff4388bd6807049,pregnant,,,부산광역시북구청,부산역,도보 + 도시철도,제일 빠른 길 · 그늘 많은 길,45.0,17769.0,VWorld LT_C_BLDGINFO WFS+odsay
reviewer_05,enriched-e57a4c06e95c7d0006b6,route-ef9fc0d5cf085bb29abd,5a9023f2a04908b784fbef6b16300faa274f2317246aa035cff4388bd6807049,pregnant,,,부산광역시북구청,부산역,도보 + 도시철도,제일 빠른 길 · 그늘 많은 길,45.0,17769.0,VWorld LT_C_BLDGINFO WFS+odsay
reviewer_06,enriched-e57a4c06e95c7d0006b6,route-ef9fc0d5cf085bb29abd,5a9023f2a04908b784fbef6b16300faa274f2317246aa035cff4388bd6807049,pregnant,,,부산광역시북구청,부산역,도보 + 도시철도,제일 빠른 길 · 그늘 많은 길,45.0,17769.0,VWorld LT_C_BLDGINFO WFS+odsay
reviewer_07,enriched-e57a4c06e95c7d0006b6,route-ef9fc0d5cf085bb29abd,5a9023f2a04908b784fbef6b16300faa274f2317246aa035cff4388bd6807049,pregnant,,,부산광역시북구청,부산역,도보 + 도시철도,제일 빠른 길 · 그늘 많은 길,45.0,17769.0,VWorld LT_C_BLDGINFO WFS+odsay
reviewer_08,enriched-e57a4c06e95c7d0006b6,route-ef9fc0d5cf085bb29abd,5a9023f2a04908b784fbef6b16300faa274f2317246aa035cff4388bd6807049,pregnant,,,부산광역시북구청,부산역,도보 + 도시철도,제일 빠른 길 · 그늘 많은 길,45.0,17769.0,VWorld LT_C_BLDGINFO WFS+odsay
reviewer_09,enriched-e57a4c06e95c7d0006b6,route-ef9fc0d5cf085bb29abd,5a9023f2a04908b784fbef6b16300faa274f2317246aa035cff4388bd6807049,pregnant,,,부산광역시북구청,부산역,도보 + 도시철도,제일 빠른 길 · 그늘 많은 길,45.0,17769.0,VWorld LT_C_BLDGINFO WFS+odsay
reviewer_01,enriched-e57a4c06e95c7d0006b6,route-e4f22fa9c2a8acc33fbd,75a8ea6639abe1f049e3d173047ed5209fc12930902a324a383ec8c505022f1e,general,,,부산광역시북구청,부산역,도보 + 1004,환승이 적은 길,48.0,15316.0,VWorld LT_C_BLDGINFO WFS+odsay
reviewer_02,enriched-e57a4c06e95c7d0006b6,route-e4f22fa9c2a8acc33fbd,75a8ea6639abe1f049e3d173047ed5209fc12930902a324a383ec8c505022f1e,general,,,부산광역시북구청,부산역,도보 + 1004,환승이 적은 길,48.0,15316.0,VWorld LT_C_BLDGINFO WFS+odsay
reviewer_03,enriched-e57a4c06e95c7d0006b6,route-e4f22fa9c2a8acc33fbd,75a8ea6639abe1f049e3d173047ed5209fc12930902a324a383ec8c505022f1e,general,,,부산광역시북구청,부산역,도보 + 1004,환승이 적은 길,48.0,15316.0,VWorld LT_C_BLDGINFO WFS+odsay
reviewer_04,enriched-e57a4c06e95c7d0006b6,route-e4f22fa9c2a8acc33fbd,75a8ea6639abe1f049e3d173047ed5209fc12930902a324a383ec8c505022f1e,general,,,부산광역시북구청,부산역,도보 + 1004,환승이 적은 길,48.0,15316.0,VWorld LT_C_BLDGINFO WFS+odsay
reviewer_05,enriched-e57a4c06e95c7d0006b6,route-e4f22fa9c2a8acc33fbd,75a8ea6639abe1f049e3d173047ed5209fc12930902a324a383ec8c505022f1e,general,,,부산광역시북구청,부산역,도보 + 1004,환승이 적은 길,48.0,15316.0,VWorld LT_C_BLDGINFO WFS+odsay
reviewer_06,enriched-e57a4c06e95c7d0006b6,route-e4f22fa9c2a8acc33fbd,75a8ea6639abe1f049e3d173047ed5209fc12930902a324a383ec8c505022f1e,general,,,부산광역시북구청,부산역,도보 + 1004,환승이 적은 길,48.0,15316.0,VWorld LT_C_BLDGINFO WFS+odsay
reviewer_07,enriched-e57a4c06e95c7d0006b6,route-e4f22fa9c2a8acc33fbd,75a8ea6639abe1f049e3d173047ed5209fc12930902a324a383ec8c505022f1e,general,,,부산광역시북구청,부산역,도보 + 1004,환승이 적은 길,48.0,15316.0,VWorld LT_C_BLDGINFO WFS+odsay
reviewer_08,enriched-e57a4c06e95c7d0006b6,route-e4f22fa9c2a8acc33fbd,75a8ea6639abe1f049e3d173047ed5209fc12930902a324a383ec8c505022f1e,general,,,부산광역시북구청,부산역,도보 + 1004,환승이 적은 길,48.0,15316.0,VWorld LT_C_BLDGINFO WFS+odsay
reviewer_09,enriched-e57a4c06e95c7d0006b6,route-e4f22fa9c2a8acc33fbd,75a8ea6639abe1f049e3d173047ed5209fc12930902a324a383ec8c505022f1e,general,,,부산광역시북구청,부산역,도보 + 1004,환승이 적은 길,48.0,15316.0,VWorld LT_C_BLDGINFO WFS+odsay
reviewer_01,enriched-e57a4c06e95c7d0006b6,route-e4f22fa9c2a8acc33fbd,75a8ea6639abe1f049e3d173047ed5209fc12930902a324a383ec8c505022f1e,elderly,,,부산광역시북구청,부산역,도보 + 1004,환승이 적은 길,48.0,15316.0,VWorld LT_C_BLDGINFO WFS+odsay
reviewer_02,enriched-e57a4c06e95c7d0006b6,route-e4f22fa9c2a8acc33fbd,75a8ea6639abe1f049e3d173047ed5209fc12930902a324a383ec8c505022f1e,elderly,,,부산광역시북구청,부산역,도보 + 1004,환승이 적은 길,48.0,15316.0,VWorld LT_C_BLDGINFO WFS+odsay
reviewer_03,enriched-e57a4c06e95c7d0006b6,route-e4f22fa9c2a8acc33fbd,75a8ea6639abe1f049e3d173047ed5209fc12930902a324a383ec8c505022f1e,elderly,,,부산광역시북구청,부산역,도보 + 1004,환승이 적은 길,48.0,15316.0,VWorld LT_C_BLDGINFO WFS+odsay
reviewer_04,enriched-e57a4c06e95c7d0006b6,route-e4f22fa9c2a8acc33fbd,75a8ea6639abe1f049e3d173047ed5209fc12930902a324a383ec8c505022f1e,elderly,,,부산광역시북구청,부산역,도보 + 1004,환승이 적은 길,48.0,15316.0,VWorld LT_C_BLDGINFO WFS+odsay
reviewer_05,enriched-e57a4c06e95c7d0006b6,route-e4f22fa9c2a8acc33fbd,75a8ea6639abe1f049e3d173047ed5209fc12930902a324a383ec8c505022f1e,elderly,,,부산광역시북구청,부산역,도보 + 1004,환승이 적은 길,48.0,15316.0,VWorld LT_C_BLDGINFO WFS+odsay
reviewer_06,enriched-e57a4c06e95c7d0006b6,route-e4f22fa9c2a8acc33fbd,75a8ea6639abe1f049e3d173047ed5209fc12930902a324a383ec8c505022f1e,elderly,,,부산광역시북구청,부산역,도보 + 1004,환승이 적은 길,48.0,15316.0,VWorld LT_C_BLDGINFO WFS+odsay
reviewer_07,enriched-e57a4c06e95c7d0006b6,route-e4f22fa9c2a8acc33fbd,75a8ea6639abe1f049e3d173047ed5209fc12930902a324a383ec8c505022f1e,elderly,,,부산광역시북구청,부산역,도보 + 1004,환승이 적은 길,48.0,15316.0,VWorld LT_C_BLDGINFO WFS+odsay
reviewer_08,enriched-e57a4c06e95c7d0006b6,route-e4f22fa9c2a8acc33fbd,75a8ea6639abe1f049e3d173047ed5209fc12930902a324a383ec8c505022f1e,elderly,,,부산광역시북구청,부산역,도보 + 1004,환승이 적은 길,48.0,15316.0,VWorld LT_C_BLDGINFO WFS+odsay
reviewer_09,enriched-e57a4c06e95c7d0006b6,route-e4f22fa9c2a8acc33fbd,75a8ea6639abe1f049e3d173047ed5209fc12930902a324a383ec8c505022f1e,elderly,,,부산광역시북구청,부산역,도보 + 1004,환승이 적은 길,48.0,15316.0,VWorld LT_C_BLDGINFO WFS+odsay
reviewer_01,enriched-e57a4c06e95c7d0006b6,route-e4f22fa9c2a8acc33fbd,75a8ea6639abe1f049e3d173047ed5209fc12930902a324a383ec8c505022f1e,child,,,부산광역시북구청,부산역,도보 + 1004,환승이 적은 길,48.0,15316.0,VWorld LT_C_BLDGINFO WFS+odsay
reviewer_02,enriched-e57a4c06e95c7d0006b6,route-e4f22fa9c2a8acc33fbd,75a8ea6639abe1f049e3d173047ed5209fc12930902a324a383ec8c505022f1e,child,,,부산광역시북구청,부산역,도보 + 1004,환승이 적은 길,48.0,15316.0,VWorld LT_C_BLDGINFO WFS+odsay
reviewer_03,enriched-e57a4c06e95c7d0006b6,route-e4f22fa9c2a8acc33fbd,75a8ea6639abe1f049e3d173047ed5209fc12930902a324a383ec8c505022f1e,child,,,부산광역시북구청,부산역,도보 + 1004,환승이 적은 길,48.0,15316.0,VWorld LT_C_BLDGINFO WFS+odsay
reviewer_04,enriched-e57a4c06e95c7d0006b6,route-e4f22fa9c2a8acc33fbd,75a8ea6639abe1f049e3d173047ed5209fc12930902a324a383ec8c505022f1e,child,,,부산광역시북구청,부산역,도보 + 1004,환승이 적은 길,48.0,15316.0,VWorld LT_C_BLDGINFO WFS+odsay
reviewer_05,enriched-e57a4c06e95c7d0006b6,route-e4f22fa9c2a8acc33fbd,75a8ea6639abe1f049e3d173047ed5209fc12930902a324a383ec8c505022f1e,child,,,부산광역시북구청,부산역,도보 + 1004,환승이 적은 길,48.0,15316.0,VWorld LT_C_BLDGINFO WFS+odsay
reviewer_06,enriched-e57a4c06e95c7d0006b6,route-e4f22fa9c2a8acc33fbd,75a8ea6639abe1f049e3d173047ed5209fc12930902a324a383ec8c505022f1e,child,,,부산광역시북구청,부산역,도보 + 1004,환승이 적은 길,48.0,15316.0,VWorld LT_C_BLDGINFO WFS+odsay
reviewer_07,enriched-e57a4c06e95c7d0006b6,route-e4f22fa9c2a8acc33fbd,75a8ea6639abe1f049e3d173047ed5209fc12930902a324a383ec8c505022f1e,child,,,부산광역시북구청,부산역,도보 + 1004,환승이 적은 길,48.0,15316.0,VWorld LT_C_BLDGINFO WFS+odsay
reviewer_08,enriched-e57a4c06e95c7d0006b6,route-e4f22fa9c2a8acc33fbd,75a8ea6639abe1f049e3d173047ed5209fc12930902a324a383ec8c505022f1e,child,,,부산광역시북구청,부산역,도보 + 1004,환승이 적은 길,48.0,15316.0,VWorld LT_C_BLDGINFO WFS+odsay
reviewer_09,enriched-e57a4c06e95c7d0006b6,route-e4f22fa9c2a8acc33fbd,75a8ea6639abe1f049e3d173047ed5209fc12930902a324a383ec8c505022f1e,child,,,부산광역시북구청,부산역,도보 + 1004,환승이 적은 길,48.0,15316.0,VWorld LT_C_BLDGINFO WFS+odsay
reviewer_01,enriched-e57a4c06e95c7d0006b6,route-e4f22fa9c2a8acc33fbd,75a8ea6639abe1f049e3d173047ed5209fc12930902a324a383ec8c505022f1e,youth,,,부산광역시북구청,부산역,도보 + 1004,환승이 적은 길,48.0,15316.0,VWorld LT_C_BLDGINFO WFS+odsay
reviewer_02,enriched-e57a4c06e95c7d0006b6,route-e4f22fa9c2a8acc33fbd,75a8ea6639abe1f049e3d173047ed5209fc12930902a324a383ec8c505022f1e,youth,,,부산광역시북구청,부산역,도보 + 1004,환승이 적은 길,48.0,15316.0,VWorld LT_C_BLDGINFO WFS+odsay
reviewer_03,enriched-e57a4c06e95c7d0006b6,route-e4f22fa9c2a8acc33fbd,75a8ea6639abe1f049e3d173047ed5209fc12930902a324a383ec8c505022f1e,youth,,,부산광역시북구청,부산역,도보 + 1004,환승이 적은 길,48.0,15316.0,VWorld LT_C_BLDGINFO WFS+odsay
reviewer_04,enriched-e57a4c06e95c7d0006b6,route-e4f22fa9c2a8acc33fbd,75a8ea6639abe1f049e3d173047ed5209fc12930902a324a383ec8c505022f1e,youth,,,부산광역시북구청,부산역,도보 + 1004,환승이 적은 길,48.0,15316.0,VWorld LT_C_BLDGINFO WFS+odsay
reviewer_05,enriched-e57a4c06e95c7d0006b6,route-e4f22fa9c2a8acc33fbd,75a8ea6639abe1f049e3d173047ed5209fc12930902a324a383ec8c505022f1e,youth,,,부산광역시북구청,부산역,도보 + 1004,환승이 적은 길,48.0,15316.0,VWorld LT_C_BLDGINFO WFS+odsay
reviewer_06,enriched-e57a4c06e95c7d0006b6,route-e4f22fa9c2a8acc33fbd,75a8ea6639abe1f049e3d173047ed5209fc12930902a324a383ec8c505022f1e,youth,,,부산광역시북구청,부산역,도보 + 1004,환승이 적은 길,48.0,15316.0,VWorld LT_C_BLDGINFO WFS+odsay
reviewer_07,enriched-e57a4c06e95c7d0006b6,route-e4f22fa9c2a8acc33fbd,75a8ea6639abe1f049e3d173047ed5209fc12930902a324a383ec8c505022f1e,youth,,,부산광역시북구청,부산역,도보 + 1004,환승이 적은 길,48.0,15316.0,VWorld LT_C_BLDGINFO WFS+odsay
reviewer_08,enriched-e57a4c06e95c7d0006b6,route-e4f22fa9c2a8acc33fbd,75a8ea6639abe1f049e3d173047ed5209fc12930902a324a383ec8c505022f1e,youth,,,부산광역시북구청,부산역,도보 + 1004,환승이 적은 길,48.0,15316.0,VWorld LT_C_BLDGINFO WFS+odsay
reviewer_09,enriched-e57a4c06e95c7d0006b6,route-e4f22fa9c2a8acc33fbd,75a8ea6639abe1f049e3d173047ed5209fc12930902a324a383ec8c505022f1e,youth,,,부산광역시북구청,부산역,도보 + 1004,환승이 적은 길,48.0,15316.0,VWorld LT_C_BLDGINFO WFS+odsay
reviewer_01,enriched-e57a4c06e95c7d0006b6,route-e4f22fa9c2a8acc33fbd,75a8ea6639abe1f049e3d173047ed5209fc12930902a324a383ec8c505022f1e,disabled,,,부산광역시북구청,부산역,도보 + 1004,환승이 적은 길,48.0,15316.0,VWorld LT_C_BLDGINFO WFS+odsay
reviewer_02,enriched-e57a4c06e95c7d0006b6,route-e4f22fa9c2a8acc33fbd,75a8ea6639abe1f049e3d173047ed5209fc12930902a324a383ec8c505022f1e,disabled,,,부산광역시북구청,부산역,도보 + 1004,환승이 적은 길,48.0,15316.0,VWorld LT_C_BLDGINFO WFS+odsay
reviewer_03,enriched-e57a4c06e95c7d0006b6,route-e4f22fa9c2a8acc33fbd,75a8ea6639abe1f049e3d173047ed5209fc12930902a324a383ec8c505022f1e,disabled,,,부산광역시북구청,부산역,도보 + 1004,환승이 적은 길,48.0,15316.0,VWorld LT_C_BLDGINFO WFS+odsay
reviewer_04,enriched-e57a4c06e95c7d0006b6,route-e4f22fa9c2a8acc33fbd,75a8ea6639abe1f049e3d173047ed5209fc12930902a324a383ec8c505022f1e,disabled,,,부산광역시북구청,부산역,도보 + 1004,환승이 적은 길,48.0,15316.0,VWorld LT_C_BLDGINFO WFS+odsay
reviewer_05,enriched-e57a4c06e95c7d0006b6,route-e4f22fa9c2a8acc33fbd,75a8ea6639abe1f049e3d173047ed5209fc12930902a324a383ec8c505022f1e,disabled,,,부산광역시북구청,부산역,도보 + 1004,환승이 적은 길,48.0,15316.0,VWorld LT_C_BLDGINFO WFS+odsay
reviewer_06,enriched-e57a4c06e95c7d0006b6,route-e4f22fa9c2a8acc33fbd,75a8ea6639abe1f049e3d173047ed5209fc12930902a324a383ec8c505022f1e,disabled,,,부산광역시북구청,부산역,도보 + 1004,환승이 적은 길,48.0,15316.0,VWorld LT_C_BLDGINFO WFS+odsay
reviewer_07,enriched-e57a4c06e95c7d0006b6,route-e4f22fa9c2a8acc33fbd,75a8ea6639abe1f049e3d173047ed5209fc12930902a324a383ec8c505022f1e,disabled,,,부산광역시북구청,부산역,도보 + 1004,환승이 적은 길,48.0,15316.0,VWorld LT_C_BLDGINFO WFS+odsay
reviewer_08,enriched-e57a4c06e95c7d0006b6,route-e4f22fa9c2a8acc33fbd,75a8ea6639abe1f049e3d173047ed5209fc12930902a324a383ec8c505022f1e,disabled,,,부산광역시북구청,부산역,도보 + 1004,환승이 적은 길,48.0,15316.0,VWorld LT_C_BLDGINFO WFS+odsay
reviewer_09,enriched-e57a4c06e95c7d0006b6,route-e4f22fa9c2a8acc33fbd,75a8ea6639abe1f049e3d173047ed5209fc12930902a324a383ec8c505022f1e,disabled,,,부산광역시북구청,부산역,도보 + 1004,환승이 적은 길,48.0,15316.0,VWorld LT_C_BLDGINFO WFS+odsay
reviewer_01,enriched-e57a4c06e95c7d0006b6,route-e4f22fa9c2a8acc33fbd,75a8ea6639abe1f049e3d173047ed5209fc12930902a324a383ec8c505022f1e,pregnant,,,부산광역시북구청,부산역,도보 + 1004,환승이 적은 길,48.0,15316.0,VWorld LT_C_BLDGINFO WFS+odsay
reviewer_02,enriched-e57a4c06e95c7d0006b6,route-e4f22fa9c2a8acc33fbd,75a8ea6639abe1f049e3d173047ed5209fc12930902a324a383ec8c505022f1e,pregnant,,,부산광역시북구청,부산역,도보 + 1004,환승이 적은 길,48.0,15316.0,VWorld LT_C_BLDGINFO WFS+odsay
reviewer_03,enriched-e57a4c06e95c7d0006b6,route-e4f22fa9c2a8acc33fbd,75a8ea6639abe1f049e3d173047ed5209fc12930902a324a383ec8c505022f1e,pregnant,,,부산광역시북구청,부산역,도보 + 1004,환승이 적은 길,48.0,15316.0,VWorld LT_C_BLDGINFO WFS+odsay
reviewer_04,enriched-e57a4c06e95c7d0006b6,route-e4f22fa9c2a8acc33fbd,75a8ea6639abe1f049e3d173047ed5209fc12930902a324a383ec8c505022f1e,pregnant,,,부산광역시북구청,부산역,도보 + 1004,환승이 적은 길,48.0,15316.0,VWorld LT_C_BLDGINFO WFS+odsay
reviewer_05,enriched-e57a4c06e95c7d0006b6,route-e4f22fa9c2a8acc33fbd,75a8ea6639abe1f049e3d173047ed5209fc12930902a324a383ec8c505022f1e,pregnant,,,부산광역시북구청,부산역,도보 + 1004,환승이 적은 길,48.0,15316.0,VWorld LT_C_BLDGINFO WFS+odsay
reviewer_06,enriched-e57a4c06e95c7d0006b6,route-e4f22fa9c2a8acc33fbd,75a8ea6639abe1f049e3d173047ed5209fc12930902a324a383ec8c505022f1e,pregnant,,,부산광역시북구청,부산역,도보 + 1004,환승이 적은 길,48.0,15316.0,VWorld LT_C_BLDGINFO WFS+odsay
reviewer_07,enriched-e57a4c06e95c7d0006b6,route-e4f22fa9c2a8acc33fbd,75a8ea6639abe1f049e3d173047ed5209fc12930902a324a383ec8c505022f1e,pregnant,,,부산광역시북구청,부산역,도보 + 1004,환승이 적은 길,48.0,15316.0,VWorld LT_C_BLDGINFO WFS+odsay
reviewer_08,enriched-e57a4c06e95c7d0006b6,route-e4f22fa9c2a8acc33fbd,75a8ea6639abe1f049e3d173047ed5209fc12930902a324a383ec8c505022f1e,pregnant,,,부산광역시북구청,부산역,도보 + 1004,환승이 적은 길,48.0,15316.0,VWorld LT_C_BLDGINFO WFS+odsay
reviewer_09,enriched-e57a4c06e95c7d0006b6,route-e4f22fa9c2a8acc33fbd,75a8ea6639abe1f049e3d173047ed5209fc12930902a324a383ec8c505022f1e,pregnant,,,부산광역시북구청,부산역,도보 + 1004,환승이 적은 길,48.0,15316.0,VWorld LT_C_BLDGINFO WFS+odsay
reviewer_01,enriched-e57a4c06e95c7d0006b6,route-d986d68532cc703a61ec,4ec1641f83267e47f449237a934657c469174cea84967cbcee8715cb59f9195c,general,,,부산광역시북구청,부산역,도보 + 59,도보가 짧은 길 · 환승이 적은 길 · 경사가 완만한 길,63.0,16605.0,VWorld LT_C_BLDGINFO WFS+odsay
reviewer_02,enriched-e57a4c06e95c7d0006b6,route-d986d68532cc703a61ec,4ec1641f83267e47f449237a934657c469174cea84967cbcee8715cb59f9195c,general,,,부산광역시북구청,부산역,도보 + 59,도보가 짧은 길 · 환승이 적은 길 · 경사가 완만한 길,63.0,16605.0,VWorld LT_C_BLDGINFO WFS+odsay
reviewer_03,enriched-e57a4c06e95c7d0006b6,route-d986d68532cc703a61ec,4ec1641f83267e47f449237a934657c469174cea84967cbcee8715cb59f9195c,general,,,부산광역시북구청,부산역,도보 + 59,도보가 짧은 길 · 환승이 적은 길 · 경사가 완만한 길,63.0,16605.0,VWorld LT_C_BLDGINFO WFS+odsay
reviewer_04,enriched-e57a4c06e95c7d0006b6,route-d986d68532cc703a61ec,4ec1641f83267e47f449237a934657c469174cea84967cbcee8715cb59f9195c,general,,,부산광역시북구청,부산역,도보 + 59,도보가 짧은 길 · 환승이 적은 길 · 경사가 완만한 길,63.0,16605.0,VWorld LT_C_BLDGINFO WFS+odsay
reviewer_05,enriched-e57a4c06e95c7d0006b6,route-d986d68532cc703a61ec,4ec1641f83267e47f449237a934657c469174cea84967cbcee8715cb59f9195c,general,,,부산광역시북구청,부산역,도보 + 59,도보가 짧은 길 · 환승이 적은 길 · 경사가 완만한 길,63.0,16605.0,VWorld LT_C_BLDGINFO WFS+odsay
reviewer_06,enriched-e57a4c06e95c7d0006b6,route-d986d68532cc703a61ec,4ec1641f83267e47f449237a934657c469174cea84967cbcee8715cb59f9195c,general,,,부산광역시북구청,부산역,도보 + 59,도보가 짧은 길 · 환승이 적은 길 · 경사가 완만한 길,63.0,16605.0,VWorld LT_C_BLDGINFO WFS+odsay
reviewer_07,enriched-e57a4c06e95c7d0006b6,route-d986d68532cc703a61ec,4ec1641f83267e47f449237a934657c469174cea84967cbcee8715cb59f9195c,general,,,부산광역시북구청,부산역,도보 + 59,도보가 짧은 길 · 환승이 적은 길 · 경사가 완만한 길,63.0,16605.0,VWorld LT_C_BLDGINFO WFS+odsay
reviewer_08,enriched-e57a4c06e95c7d0006b6,route-d986d68532cc703a61ec,4ec1641f83267e47f449237a934657c469174cea84967cbcee8715cb59f9195c,general,,,부산광역시북구청,부산역,도보 + 59,도보가 짧은 길 · 환승이 적은 길 · 경사가 완만한 길,63.0,16605.0,VWorld LT_C_BLDGINFO WFS+odsay
reviewer_09,enriched-e57a4c06e95c7d0006b6,route-d986d68532cc703a61ec,4ec1641f83267e47f449237a934657c469174cea84967cbcee8715cb59f9195c,general,,,부산광역시북구청,부산역,도보 + 59,도보가 짧은 길 · 환승이 적은 길 · 경사가 완만한 길,63.0,16605.0,VWorld LT_C_BLDGINFO WFS+odsay
reviewer_01,enriched-e57a4c06e95c7d0006b6,route-d986d68532cc703a61ec,4ec1641f83267e47f449237a934657c469174cea84967cbcee8715cb59f9195c,elderly,,,부산광역시북구청,부산역,도보 + 59,도보가 짧은 길 · 환승이 적은 길 · 경사가 완만한 길,63.0,16605.0,VWorld LT_C_BLDGINFO WFS+odsay
reviewer_02,enriched-e57a4c06e95c7d0006b6,route-d986d68532cc703a61ec,4ec1641f83267e47f449237a934657c469174cea84967cbcee8715cb59f9195c,elderly,,,부산광역시북구청,부산역,도보 + 59,도보가 짧은 길 · 환승이 적은 길 · 경사가 완만한 길,63.0,16605.0,VWorld LT_C_BLDGINFO WFS+odsay
reviewer_03,enriched-e57a4c06e95c7d0006b6,route-d986d68532cc703a61ec,4ec1641f83267e47f449237a934657c469174cea84967cbcee8715cb59f9195c,elderly,,,부산광역시북구청,부산역,도보 + 59,도보가 짧은 길 · 환승이 적은 길 · 경사가 완만한 길,63.0,16605.0,VWorld LT_C_BLDGINFO WFS+odsay
reviewer_04,enriched-e57a4c06e95c7d0006b6,route-d986d68532cc703a61ec,4ec1641f83267e47f449237a934657c469174cea84967cbcee8715cb59f9195c,elderly,,,부산광역시북구청,부산역,도보 + 59,도보가 짧은 길 · 환승이 적은 길 · 경사가 완만한 길,63.0,16605.0,VWorld LT_C_BLDGINFO WFS+odsay
reviewer_05,enriched-e57a4c06e95c7d0006b6,route-d986d68532cc703a61ec,4ec1641f83267e47f449237a934657c469174cea84967cbcee8715cb59f9195c,elderly,,,부산광역시북구청,부산역,도보 + 59,도보가 짧은 길 · 환승이 적은 길 · 경사가 완만한 길,63.0,16605.0,VWorld LT_C_BLDGINFO WFS+odsay
reviewer_06,enriched-e57a4c06e95c7d0006b6,route-d986d68532cc703a61ec,4ec1641f83267e47f449237a934657c469174cea84967cbcee8715cb59f9195c,elderly,,,부산광역시북구청,부산역,도보 + 59,도보가 짧은 길 · 환승이 적은 길 · 경사가 완만한 길,63.0,16605.0,VWorld LT_C_BLDGINFO WFS+odsay
reviewer_07,enriched-e57a4c06e95c7d0006b6,route-d986d68532cc703a61ec,4ec1641f83267e47f449237a934657c469174cea84967cbcee8715cb59f9195c,elderly,,,부산광역시북구청,부산역,도보 + 59,도보가 짧은 길 · 환승이 적은 길 · 경사가 완만한 길,63.0,16605.0,VWorld LT_C_BLDGINFO WFS+odsay
reviewer_08,enriched-e57a4c06e95c7d0006b6,route-d986d68532cc703a61ec,4ec1641f83267e47f449237a934657c469174cea84967cbcee8715cb59f9195c,elderly,,,부산광역시북구청,부산역,도보 + 59,도보가 짧은 길 · 환승이 적은 길 · 경사가 완만한 길,63.0,16605.0,VWorld LT_C_BLDGINFO WFS+odsay
reviewer_09,enriched-e57a4c06e95c7d0006b6,route-d986d68532cc703a61ec,4ec1641f83267e47f449237a934657c469174cea84967cbcee8715cb59f9195c,elderly,,,부산광역시북구청,부산역,도보 + 59,도보가 짧은 길 · 환승이 적은 길 · 경사가 완만한 길,63.0,16605.0,VWorld LT_C_BLDGINFO WFS+odsay
reviewer_01,enriched-e57a4c06e95c7d0006b6,route-d986d68532cc703a61ec,4ec1641f83267e47f449237a934657c469174cea84967cbcee8715cb59f9195c,child,,,부산광역시북구청,부산역,도보 + 59,도보가 짧은 길 · 환승이 적은 길 · 경사가 완만한 길,63.0,16605.0,VWorld LT_C_BLDGINFO WFS+odsay
reviewer_02,enriched-e57a4c06e95c7d0006b6,route-d986d68532cc703a61ec,4ec1641f83267e47f449237a934657c469174cea84967cbcee8715cb59f9195c,child,,,부산광역시북구청,부산역,도보 + 59,도보가 짧은 길 · 환승이 적은 길 · 경사가 완만한 길,63.0,16605.0,VWorld LT_C_BLDGINFO WFS+odsay
reviewer_03,enriched-e57a4c06e95c7d0006b6,route-d986d68532cc703a61ec,4ec1641f83267e47f449237a934657c469174cea84967cbcee8715cb59f9195c,child,,,부산광역시북구청,부산역,도보 + 59,도보가 짧은 길 · 환승이 적은 길 · 경사가 완만한 길,63.0,16605.0,VWorld LT_C_BLDGINFO WFS+odsay
reviewer_04,enriched-e57a4c06e95c7d0006b6,route-d986d68532cc703a61ec,4ec1641f83267e47f449237a934657c469174cea84967cbcee8715cb59f9195c,child,,,부산광역시북구청,부산역,도보 + 59,도보가 짧은 길 · 환승이 적은 길 · 경사가 완만한 길,63.0,16605.0,VWorld LT_C_BLDGINFO WFS+odsay
reviewer_05,enriched-e57a4c06e95c7d0006b6,route-d986d68532cc703a61ec,4ec1641f83267e47f449237a934657c469174cea84967cbcee8715cb59f9195c,child,,,부산광역시북구청,부산역,도보 + 59,도보가 짧은 길 · 환승이 적은 길 · 경사가 완만한 길,63.0,16605.0,VWorld LT_C_BLDGINFO WFS+odsay
reviewer_06,enriched-e57a4c06e95c7d0006b6,route-d986d68532cc703a61ec,4ec1641f83267e47f449237a934657c469174cea84967cbcee8715cb59f9195c,child,,,부산광역시북구청,부산역,도보 + 59,도보가 짧은 길 · 환승이 적은 길 · 경사가 완만한 길,63.0,16605.0,VWorld LT_C_BLDGINFO WFS+odsay
reviewer_07,enriched-e57a4c06e95c7d0006b6,route-d986d68532cc703a61ec,4ec1641f83267e47f449237a934657c469174cea84967cbcee8715cb59f9195c,child,,,부산광역시북구청,부산역,도보 + 59,도보가 짧은 길 · 환승이 적은 길 · 경사가 완만한 길,63.0,16605.0,VWorld LT_C_BLDGINFO WFS+odsay
reviewer_08,enriched-e57a4c06e95c7d0006b6,route-d986d68532cc703a61ec,4ec1641f83267e47f449237a934657c469174cea84967cbcee8715cb59f9195c,child,,,부산광역시북구청,부산역,도보 + 59,도보가 짧은 길 · 환승이 적은 길 · 경사가 완만한 길,63.0,16605.0,VWorld LT_C_BLDGINFO WFS+odsay
reviewer_09,enriched-e57a4c06e95c7d0006b6,route-d986d68532cc703a61ec,4ec1641f83267e47f449237a934657c469174cea84967cbcee8715cb59f9195c,child,,,부산광역시북구청,부산역,도보 + 59,도보가 짧은 길 · 환승이 적은 길 · 경사가 완만한 길,63.0,16605.0,VWorld LT_C_BLDGINFO WFS+odsay
reviewer_01,enriched-e57a4c06e95c7d0006b6,route-d986d68532cc703a61ec,4ec1641f83267e47f449237a934657c469174cea84967cbcee8715cb59f9195c,youth,,,부산광역시북구청,부산역,도보 + 59,도보가 짧은 길 · 환승이 적은 길 · 경사가 완만한 길,63.0,16605.0,VWorld LT_C_BLDGINFO WFS+odsay
reviewer_02,enriched-e57a4c06e95c7d0006b6,route-d986d68532cc703a61ec,4ec1641f83267e47f449237a934657c469174cea84967cbcee8715cb59f9195c,youth,,,부산광역시북구청,부산역,도보 + 59,도보가 짧은 길 · 환승이 적은 길 · 경사가 완만한 길,63.0,16605.0,VWorld LT_C_BLDGINFO WFS+odsay
reviewer_03,enriched-e57a4c06e95c7d0006b6,route-d986d68532cc703a61ec,4ec1641f83267e47f449237a934657c469174cea84967cbcee8715cb59f9195c,youth,,,부산광역시북구청,부산역,도보 + 59,도보가 짧은 길 · 환승이 적은 길 · 경사가 완만한 길,63.0,16605.0,VWorld LT_C_BLDGINFO WFS+odsay
reviewer_04,enriched-e57a4c06e95c7d0006b6,route-d986d68532cc703a61ec,4ec1641f83267e47f449237a934657c469174cea84967cbcee8715cb59f9195c,youth,,,부산광역시북구청,부산역,도보 + 59,도보가 짧은 길 · 환승이 적은 길 · 경사가 완만한 길,63.0,16605.0,VWorld LT_C_BLDGINFO WFS+odsay
reviewer_05,enriched-e57a4c06e95c7d0006b6,route-d986d68532cc703a61ec,4ec1641f83267e47f449237a934657c469174cea84967cbcee8715cb59f9195c,youth,,,부산광역시북구청,부산역,도보 + 59,도보가 짧은 길 · 환승이 적은 길 · 경사가 완만한 길,63.0,16605.0,VWorld LT_C_BLDGINFO WFS+odsay
reviewer_06,enriched-e57a4c06e95c7d0006b6,route-d986d68532cc703a61ec,4ec1641f83267e47f449237a934657c469174cea84967cbcee8715cb59f9195c,youth,,,부산광역시북구청,부산역,도보 + 59,도보가 짧은 길 · 환승이 적은 길 · 경사가 완만한 길,63.0,16605.0,VWorld LT_C_BLDGINFO WFS+odsay
reviewer_07,enriched-e57a4c06e95c7d0006b6,route-d986d68532cc703a61ec,4ec1641f83267e47f449237a934657c469174cea84967cbcee8715cb59f9195c,youth,,,부산광역시북구청,부산역,도보 + 59,도보가 짧은 길 · 환승이 적은 길 · 경사가 완만한 길,63.0,16605.0,VWorld LT_C_BLDGINFO WFS+odsay
reviewer_08,enriched-e57a4c06e95c7d0006b6,route-d986d68532cc703a61ec,4ec1641f83267e47f449237a934657c469174cea84967cbcee8715cb59f9195c,youth,,,부산광역시북구청,부산역,도보 + 59,도보가 짧은 길 · 환승이 적은 길 · 경사가 완만한 길,63.0,16605.0,VWorld LT_C_BLDGINFO WFS+odsay
reviewer_09,enriched-e57a4c06e95c7d0006b6,route-d986d68532cc703a61ec,4ec1641f83267e47f449237a934657c469174cea84967cbcee8715cb59f9195c,youth,,,부산광역시북구청,부산역,도보 + 59,도보가 짧은 길 · 환승이 적은 길 · 경사가 완만한 길,63.0,16605.0,VWorld LT_C_BLDGINFO WFS+odsay
reviewer_01,enriched-e57a4c06e95c7d0006b6,route-d986d68532cc703a61ec,4ec1641f83267e47f449237a934657c469174cea84967cbcee8715cb59f9195c,disabled,,,부산광역시북구청,부산역,도보 + 59,도보가 짧은 길 · 환승이 적은 길 · 경사가 완만한 길,63.0,16605.0,VWorld LT_C_BLDGINFO WFS+odsay
reviewer_02,enriched-e57a4c06e95c7d0006b6,route-d986d68532cc703a61ec,4ec1641f83267e47f449237a934657c469174cea84967cbcee8715cb59f9195c,disabled,,,부산광역시북구청,부산역,도보 + 59,도보가 짧은 길 · 환승이 적은 길 · 경사가 완만한 길,63.0,16605.0,VWorld LT_C_BLDGINFO WFS+odsay
reviewer_03,enriched-e57a4c06e95c7d0006b6,route-d986d68532cc703a61ec,4ec1641f83267e47f449237a934657c469174cea84967cbcee8715cb59f9195c,disabled,,,부산광역시북구청,부산역,도보 + 59,도보가 짧은 길 · 환승이 적은 길 · 경사가 완만한 길,63.0,16605.0,VWorld LT_C_BLDGINFO WFS+odsay
reviewer_04,enriched-e57a4c06e95c7d0006b6,route-d986d68532cc703a61ec,4ec1641f83267e47f449237a934657c469174cea84967cbcee8715cb59f9195c,disabled,,,부산광역시북구청,부산역,도보 + 59,도보가 짧은 길 · 환승이 적은 길 · 경사가 완만한 길,63.0,16605.0,VWorld LT_C_BLDGINFO WFS+odsay
reviewer_05,enriched-e57a4c06e95c7d0006b6,route-d986d68532cc703a61ec,4ec1641f83267e47f449237a934657c469174cea84967cbcee8715cb59f9195c,disabled,,,부산광역시북구청,부산역,도보 + 59,도보가 짧은 길 · 환승이 적은 길 · 경사가 완만한 길,63.0,16605.0,VWorld LT_C_BLDGINFO WFS+odsay
reviewer_06,enriched-e57a4c06e95c7d0006b6,route-d986d68532cc703a61ec,4ec1641f83267e47f449237a934657c469174cea84967cbcee8715cb59f9195c,disabled,,,부산광역시북구청,부산역,도보 + 59,도보가 짧은 길 · 환승이 적은 길 · 경사가 완만한 길,63.0,16605.0,VWorld LT_C_BLDGINFO WFS+odsay
reviewer_07,enriched-e57a4c06e95c7d0006b6,route-d986d68532cc703a61ec,4ec1641f83267e47f449237a934657c469174cea84967cbcee8715cb59f9195c,disabled,,,부산광역시북구청,부산역,도보 + 59,도보가 짧은 길 · 환승이 적은 길 · 경사가 완만한 길,63.0,16605.0,VWorld LT_C_BLDGINFO WFS+odsay
reviewer_08,enriched-e57a4c06e95c7d0006b6,route-d986d68532cc703a61ec,4ec1641f83267e47f449237a934657c469174cea84967cbcee8715cb59f9195c,disabled,,,부산광역시북구청,부산역,도보 + 59,도보가 짧은 길 · 환승이 적은 길 · 경사가 완만한 길,63.0,16605.0,VWorld LT_C_BLDGINFO WFS+odsay
reviewer_09,enriched-e57a4c06e95c7d0006b6,route-d986d68532cc703a61ec,4ec1641f83267e47f449237a934657c469174cea84967cbcee8715cb59f9195c,disabled,,,부산광역시북구청,부산역,도보 + 59,도보가 짧은 길 · 환승이 적은 길 · 경사가 완만한 길,63.0,16605.0,VWorld LT_C_BLDGINFO WFS+odsay
reviewer_01,enriched-e57a4c06e95c7d0006b6,route-d986d68532cc703a61ec,4ec1641f83267e47f449237a934657c469174cea84967cbcee8715cb59f9195c,pregnant,,,부산광역시북구청,부산역,도보 + 59,도보가 짧은 길 · 환승이 적은 길 · 경사가 완만한 길,63.0,16605.0,VWorld LT_C_BLDGINFO WFS+odsay
reviewer_02,enriched-e57a4c06e95c7d0006b6,route-d986d68532cc703a61ec,4ec1641f83267e47f449237a934657c469174cea84967cbcee8715cb59f9195c,pregnant,,,부산광역시북구청,부산역,도보 + 59,도보가 짧은 길 · 환승이 적은 길 · 경사가 완만한 길,63.0,16605.0,VWorld LT_C_BLDGINFO WFS+odsay
reviewer_03,enriched-e57a4c06e95c7d0006b6,route-d986d68532cc703a61ec,4ec1641f83267e47f449237a934657c469174cea84967cbcee8715cb59f9195c,pregnant,,,부산광역시북구청,부산역,도보 + 59,도보가 짧은 길 · 환승이 적은 길 · 경사가 완만한 길,63.0,16605.0,VWorld LT_C_BLDGINFO WFS+odsay
reviewer_04,enriched-e57a4c06e95c7d0006b6,route-d986d68532cc703a61ec,4ec1641f83267e47f449237a934657c469174cea84967cbcee8715cb59f9195c,pregnant,,,부산광역시북구청,부산역,도보 + 59,도보가 짧은 길 · 환승이 적은 길 · 경사가 완만한 길,63.0,16605.0,VWorld LT_C_BLDGINFO WFS+odsay
reviewer_05,enriched-e57a4c06e95c7d0006b6,route-d986d68532cc703a61ec,4ec1641f83267e47f449237a934657c469174cea84967cbcee8715cb59f9195c,pregnant,,,부산광역시북구청,부산역,도보 + 59,도보가 짧은 길 · 환승이 적은 길 · 경사가 완만한 길,63.0,16605.0,VWorld LT_C_BLDGINFO WFS+odsay
reviewer_06,enriched-e57a4c06e95c7d0006b6,route-d986d68532cc703a61ec,4ec1641f83267e47f449237a934657c469174cea84967cbcee8715cb59f9195c,pregnant,,,부산광역시북구청,부산역,도보 + 59,도보가 짧은 길 · 환승이 적은 길 · 경사가 완만한 길,63.0,16605.0,VWorld LT_C_BLDGINFO WFS+odsay
reviewer_07,enriched-e57a4c06e95c7d0006b6,route-d986d68532cc703a61ec,4ec1641f83267e47f449237a934657c469174cea84967cbcee8715cb59f9195c,pregnant,,,부산광역시북구청,부산역,도보 + 59,도보가 짧은 길 · 환승이 적은 길 · 경사가 완만한 길,63.0,16605.0,VWorld LT_C_BLDGINFO WFS+odsay
reviewer_08,enriched-e57a4c06e95c7d0006b6,route-d986d68532cc703a61ec,4ec1641f83267e47f449237a934657c469174cea84967cbcee8715cb59f9195c,pregnant,,,부산광역시북구청,부산역,도보 + 59,도보가 짧은 길 · 환승이 적은 길 · 경사가 완만한 길,63.0,16605.0,VWorld LT_C_BLDGINFO WFS+odsay
reviewer_09,enriched-e57a4c06e95c7d0006b6,route-d986d68532cc703a61ec,4ec1641f83267e47f449237a934657c469174cea84967cbcee8715cb59f9195c,pregnant,,,부산광역시북구청,부산역,도보 + 59,도보가 짧은 길 · 환승이 적은 길 · 경사가 완만한 길,63.0,16605.0,VWorld LT_C_BLDGINFO WFS+odsay
reviewer_01,enriched-05d2659460187d5b99d7,route-d4176ef0f0663a4d1819,5b108ef965ed3de3aefa9b4dbe5ff1ee4f9f59810027afc998d0f6651799eb7f,general,,,부산진구청,서면역 부산1호선,도보 + 사상구6,환승이 적은 길,12.0,1200.0,VWorld LT_C_BLDGINFO WFS+odsay
reviewer_02,enriched-05d2659460187d5b99d7,route-d4176ef0f0663a4d1819,5b108ef965ed3de3aefa9b4dbe5ff1ee4f9f59810027afc998d0f6651799eb7f,general,,,부산진구청,서면역 부산1호선,도보 + 사상구6,환승이 적은 길,12.0,1200.0,VWorld LT_C_BLDGINFO WFS+odsay
reviewer_03,enriched-05d2659460187d5b99d7,route-d4176ef0f0663a4d1819,5b108ef965ed3de3aefa9b4dbe5ff1ee4f9f59810027afc998d0f6651799eb7f,general,,,부산진구청,서면역 부산1호선,도보 + 사상구6,환승이 적은 길,12.0,1200.0,VWorld LT_C_BLDGINFO WFS+odsay
reviewer_04,enriched-05d2659460187d5b99d7,route-d4176ef0f0663a4d1819,5b108ef965ed3de3aefa9b4dbe5ff1ee4f9f59810027afc998d0f6651799eb7f,general,,,부산진구청,서면역 부산1호선,도보 + 사상구6,환승이 적은 길,12.0,1200.0,VWorld LT_C_BLDGINFO WFS+odsay
reviewer_05,enriched-05d2659460187d5b99d7,route-d4176ef0f0663a4d1819,5b108ef965ed3de3aefa9b4dbe5ff1ee4f9f59810027afc998d0f6651799eb7f,general,,,부산진구청,서면역 부산1호선,도보 + 사상구6,환승이 적은 길,12.0,1200.0,VWorld LT_C_BLDGINFO WFS+odsay
reviewer_06,enriched-05d2659460187d5b99d7,route-d4176ef0f0663a4d1819,5b108ef965ed3de3aefa9b4dbe5ff1ee4f9f59810027afc998d0f6651799eb7f,general,,,부산진구청,서면역 부산1호선,도보 + 사상구6,환승이 적은 길,12.0,1200.0,VWorld LT_C_BLDGINFO WFS+odsay
reviewer_07,enriched-05d2659460187d5b99d7,route-d4176ef0f0663a4d1819,5b108ef965ed3de3aefa9b4dbe5ff1ee4f9f59810027afc998d0f6651799eb7f,general,,,부산진구청,서면역 부산1호선,도보 + 사상구6,환승이 적은 길,12.0,1200.0,VWorld LT_C_BLDGINFO WFS+odsay
reviewer_08,enriched-05d2659460187d5b99d7,route-d4176ef0f0663a4d1819,5b108ef965ed3de3aefa9b4dbe5ff1ee4f9f59810027afc998d0f6651799eb7f,general,,,부산진구청,서면역 부산1호선,도보 + 사상구6,환승이 적은 길,12.0,1200.0,VWorld LT_C_BLDGINFO WFS+odsay
reviewer_09,enriched-05d2659460187d5b99d7,route-d4176ef0f0663a4d1819,5b108ef965ed3de3aefa9b4dbe5ff1ee4f9f59810027afc998d0f6651799eb7f,general,,,부산진구청,서면역 부산1호선,도보 + 사상구6,환승이 적은 길,12.0,1200.0,VWorld LT_C_BLDGINFO WFS+odsay
reviewer_01,enriched-05d2659460187d5b99d7,route-d4176ef0f0663a4d1819,5b108ef965ed3de3aefa9b4dbe5ff1ee4f9f59810027afc998d0f6651799eb7f,elderly,,,부산진구청,서면역 부산1호선,도보 + 사상구6,환승이 적은 길,12.0,1200.0,VWorld LT_C_BLDGINFO WFS+odsay
reviewer_02,enriched-05d2659460187d5b99d7,route-d4176ef0f0663a4d1819,5b108ef965ed3de3aefa9b4dbe5ff1ee4f9f59810027afc998d0f6651799eb7f,elderly,,,부산진구청,서면역 부산1호선,도보 + 사상구6,환승이 적은 길,12.0,1200.0,VWorld LT_C_BLDGINFO WFS+odsay
reviewer_03,enriched-05d2659460187d5b99d7,route-d4176ef0f0663a4d1819,5b108ef965ed3de3aefa9b4dbe5ff1ee4f9f59810027afc998d0f6651799eb7f,elderly,,,부산진구청,서면역 부산1호선,도보 + 사상구6,환승이 적은 길,12.0,1200.0,VWorld LT_C_BLDGINFO WFS+odsay
reviewer_04,enriched-05d2659460187d5b99d7,route-d4176ef0f0663a4d1819,5b108ef965ed3de3aefa9b4dbe5ff1ee4f9f59810027afc998d0f6651799eb7f,elderly,,,부산진구청,서면역 부산1호선,도보 + 사상구6,환승이 적은 길,12.0,1200.0,VWorld LT_C_BLDGINFO WFS+odsay
reviewer_05,enriched-05d2659460187d5b99d7,route-d4176ef0f0663a4d1819,5b108ef965ed3de3aefa9b4dbe5ff1ee4f9f59810027afc998d0f6651799eb7f,elderly,,,부산진구청,서면역 부산1호선,도보 + 사상구6,환승이 적은 길,12.0,1200.0,VWorld LT_C_BLDGINFO WFS+odsay
reviewer_06,enriched-05d2659460187d5b99d7,route-d4176ef0f0663a4d1819,5b108ef965ed3de3aefa9b4dbe5ff1ee4f9f59810027afc998d0f6651799eb7f,elderly,,,부산진구청,서면역 부산1호선,도보 + 사상구6,환승이 적은 길,12.0,1200.0,VWorld LT_C_BLDGINFO WFS+odsay
reviewer_07,enriched-05d2659460187d5b99d7,route-d4176ef0f0663a4d1819,5b108ef965ed3de3aefa9b4dbe5ff1ee4f9f59810027afc998d0f6651799eb7f,elderly,,,부산진구청,서면역 부산1호선,도보 + 사상구6,환승이 적은 길,12.0,1200.0,VWorld LT_C_BLDGINFO WFS+odsay
reviewer_08,enriched-05d2659460187d5b99d7,route-d4176ef0f0663a4d1819,5b108ef965ed3de3aefa9b4dbe5ff1ee4f9f59810027afc998d0f6651799eb7f,elderly,,,부산진구청,서면역 부산1호선,도보 + 사상구6,환승이 적은 길,12.0,1200.0,VWorld LT_C_BLDGINFO WFS+odsay
reviewer_09,enriched-05d2659460187d5b99d7,route-d4176ef0f0663a4d1819,5b108ef965ed3de3aefa9b4dbe5ff1ee4f9f59810027afc998d0f6651799eb7f,elderly,,,부산진구청,서면역 부산1호선,도보 + 사상구6,환승이 적은 길,12.0,1200.0,VWorld LT_C_BLDGINFO WFS+odsay
reviewer_01,enriched-05d2659460187d5b99d7,route-d4176ef0f0663a4d1819,5b108ef965ed3de3aefa9b4dbe5ff1ee4f9f59810027afc998d0f6651799eb7f,child,,,부산진구청,서면역 부산1호선,도보 + 사상구6,환승이 적은 길,12.0,1200.0,VWorld LT_C_BLDGINFO WFS+odsay
reviewer_02,enriched-05d2659460187d5b99d7,route-d4176ef0f0663a4d1819,5b108ef965ed3de3aefa9b4dbe5ff1ee4f9f59810027afc998d0f6651799eb7f,child,,,부산진구청,서면역 부산1호선,도보 + 사상구6,환승이 적은 길,12.0,1200.0,VWorld LT_C_BLDGINFO WFS+odsay
reviewer_03,enriched-05d2659460187d5b99d7,route-d4176ef0f0663a4d1819,5b108ef965ed3de3aefa9b4dbe5ff1ee4f9f59810027afc998d0f6651799eb7f,child,,,부산진구청,서면역 부산1호선,도보 + 사상구6,환승이 적은 길,12.0,1200.0,VWorld LT_C_BLDGINFO WFS+odsay
reviewer_04,enriched-05d2659460187d5b99d7,route-d4176ef0f0663a4d1819,5b108ef965ed3de3aefa9b4dbe5ff1ee4f9f59810027afc998d0f6651799eb7f,child,,,부산진구청,서면역 부산1호선,도보 + 사상구6,환승이 적은 길,12.0,1200.0,VWorld LT_C_BLDGINFO WFS+odsay
reviewer_05,enriched-05d2659460187d5b99d7,route-d4176ef0f0663a4d1819,5b108ef965ed3de3aefa9b4dbe5ff1ee4f9f59810027afc998d0f6651799eb7f,child,,,부산진구청,서면역 부산1호선,도보 + 사상구6,환승이 적은 길,12.0,1200.0,VWorld LT_C_BLDGINFO WFS+odsay
reviewer_06,enriched-05d2659460187d5b99d7,route-d4176ef0f0663a4d1819,5b108ef965ed3de3aefa9b4dbe5ff1ee4f9f59810027afc998d0f6651799eb7f,child,,,부산진구청,서면역 부산1호선,도보 + 사상구6,환승이 적은 길,12.0,1200.0,VWorld LT_C_BLDGINFO WFS+odsay
reviewer_07,enriched-05d2659460187d5b99d7,route-d4176ef0f0663a4d1819,5b108ef965ed3de3aefa9b4dbe5ff1ee4f9f59810027afc998d0f6651799eb7f,child,,,부산진구청,서면역 부산1호선,도보 + 사상구6,환승이 적은 길,12.0,1200.0,VWorld LT_C_BLDGINFO WFS+odsay
reviewer_08,enriched-05d2659460187d5b99d7,route-d4176ef0f0663a4d1819,5b108ef965ed3de3aefa9b4dbe5ff1ee4f9f59810027afc998d0f6651799eb7f,child,,,부산진구청,서면역 부산1호선,도보 + 사상구6,환승이 적은 길,12.0,1200.0,VWorld LT_C_BLDGINFO WFS+odsay
reviewer_09,enriched-05d2659460187d5b99d7,route-d4176ef0f0663a4d1819,5b108ef965ed3de3aefa9b4dbe5ff1ee4f9f59810027afc998d0f6651799eb7f,child,,,부산진구청,서면역 부산1호선,도보 + 사상구6,환승이 적은 길,12.0,1200.0,VWorld LT_C_BLDGINFO WFS+odsay
reviewer_01,enriched-05d2659460187d5b99d7,route-d4176ef0f0663a4d1819,5b108ef965ed3de3aefa9b4dbe5ff1ee4f9f59810027afc998d0f6651799eb7f,youth,,,부산진구청,서면역 부산1호선,도보 + 사상구6,환승이 적은 길,12.0,1200.0,VWorld LT_C_BLDGINFO WFS+odsay
reviewer_02,enriched-05d2659460187d5b99d7,route-d4176ef0f0663a4d1819,5b108ef965ed3de3aefa9b4dbe5ff1ee4f9f59810027afc998d0f6651799eb7f,youth,,,부산진구청,서면역 부산1호선,도보 + 사상구6,환승이 적은 길,12.0,1200.0,VWorld LT_C_BLDGINFO WFS+odsay
reviewer_03,enriched-05d2659460187d5b99d7,route-d4176ef0f0663a4d1819,5b108ef965ed3de3aefa9b4dbe5ff1ee4f9f59810027afc998d0f6651799eb7f,youth,,,부산진구청,서면역 부산1호선,도보 + 사상구6,환승이 적은 길,12.0,1200.0,VWorld LT_C_BLDGINFO WFS+odsay
reviewer_04,enriched-05d2659460187d5b99d7,route-d4176ef0f0663a4d1819,5b108ef965ed3de3aefa9b4dbe5ff1ee4f9f59810027afc998d0f6651799eb7f,youth,,,부산진구청,서면역 부산1호선,도보 + 사상구6,환승이 적은 길,12.0,1200.0,VWorld LT_C_BLDGINFO WFS+odsay
reviewer_05,enriched-05d2659460187d5b99d7,route-d4176ef0f0663a4d1819,5b108ef965ed3de3aefa9b4dbe5ff1ee4f9f59810027afc998d0f6651799eb7f,youth,,,부산진구청,서면역 부산1호선,도보 + 사상구6,환승이 적은 길,12.0,1200.0,VWorld LT_C_BLDGINFO WFS+odsay
reviewer_06,enriched-05d2659460187d5b99d7,route-d4176ef0f0663a4d1819,5b108ef965ed3de3aefa9b4dbe5ff1ee4f9f59810027afc998d0f6651799eb7f,youth,,,부산진구청,서면역 부산1호선,도보 + 사상구6,환승이 적은 길,12.0,1200.0,VWorld LT_C_BLDGINFO WFS+odsay
reviewer_07,enriched-05d2659460187d5b99d7,route-d4176ef0f0663a4d1819,5b108ef965ed3de3aefa9b4dbe5ff1ee4f9f59810027afc998d0f6651799eb7f,youth,,,부산진구청,서면역 부산1호선,도보 + 사상구6,환승이 적은 길,12.0,1200.0,VWorld LT_C_BLDGINFO WFS+odsay
reviewer_08,enriched-05d2659460187d5b99d7,route-d4176ef0f0663a4d1819,5b108ef965ed3de3aefa9b4dbe5ff1ee4f9f59810027afc998d0f6651799eb7f,youth,,,부산진구청,서면역 부산1호선,도보 + 사상구6,환승이 적은 길,12.0,1200.0,VWorld LT_C_BLDGINFO WFS+odsay
reviewer_09,enriched-05d2659460187d5b99d7,route-d4176ef0f0663a4d1819,5b108ef965ed3de3aefa9b4dbe5ff1ee4f9f59810027afc998d0f6651799eb7f,youth,,,부산진구청,서면역 부산1호선,도보 + 사상구6,환승이 적은 길,12.0,1200.0,VWorld LT_C_BLDGINFO WFS+odsay
reviewer_01,enriched-05d2659460187d5b99d7,route-d4176ef0f0663a4d1819,5b108ef965ed3de3aefa9b4dbe5ff1ee4f9f59810027afc998d0f6651799eb7f,disabled,,,부산진구청,서면역 부산1호선,도보 + 사상구6,환승이 적은 길,12.0,1200.0,VWorld LT_C_BLDGINFO WFS+odsay
reviewer_02,enriched-05d2659460187d5b99d7,route-d4176ef0f0663a4d1819,5b108ef965ed3de3aefa9b4dbe5ff1ee4f9f59810027afc998d0f6651799eb7f,disabled,,,부산진구청,서면역 부산1호선,도보 + 사상구6,환승이 적은 길,12.0,1200.0,VWorld LT_C_BLDGINFO WFS+odsay
reviewer_03,enriched-05d2659460187d5b99d7,route-d4176ef0f0663a4d1819,5b108ef965ed3de3aefa9b4dbe5ff1ee4f9f59810027afc998d0f6651799eb7f,disabled,,,부산진구청,서면역 부산1호선,도보 + 사상구6,환승이 적은 길,12.0,1200.0,VWorld LT_C_BLDGINFO WFS+odsay
reviewer_04,enriched-05d2659460187d5b99d7,route-d4176ef0f0663a4d1819,5b108ef965ed3de3aefa9b4dbe5ff1ee4f9f59810027afc998d0f6651799eb7f,disabled,,,부산진구청,서면역 부산1호선,도보 + 사상구6,환승이 적은 길,12.0,1200.0,VWorld LT_C_BLDGINFO WFS+odsay
reviewer_05,enriched-05d2659460187d5b99d7,route-d4176ef0f0663a4d1819,5b108ef965ed3de3aefa9b4dbe5ff1ee4f9f59810027afc998d0f6651799eb7f,disabled,,,부산진구청,서면역 부산1호선,도보 + 사상구6,환승이 적은 길,12.0,1200.0,VWorld LT_C_BLDGINFO WFS+odsay
reviewer_06,enriched-05d2659460187d5b99d7,route-d4176ef0f0663a4d1819,5b108ef965ed3de3aefa9b4dbe5ff1ee4f9f59810027afc998d0f6651799eb7f,disabled,,,부산진구청,서면역 부산1호선,도보 + 사상구6,환승이 적은 길,12.0,1200.0,VWorld LT_C_BLDGINFO WFS+odsay
reviewer_07,enriched-05d2659460187d5b99d7,route-d4176ef0f0663a4d1819,5b108ef965ed3de3aefa9b4dbe5ff1ee4f9f59810027afc998d0f6651799eb7f,disabled,,,부산진구청,서면역 부산1호선,도보 + 사상구6,환승이 적은 길,12.0,1200.0,VWorld LT_C_BLDGINFO WFS+odsay
reviewer_08,enriched-05d2659460187d5b99d7,route-d4176ef0f0663a4d1819,5b108ef965ed3de3aefa9b4dbe5ff1ee4f9f59810027afc998d0f6651799eb7f,disabled,,,부산진구청,서면역 부산1호선,도보 + 사상구6,환승이 적은 길,12.0,1200.0,VWorld LT_C_BLDGINFO WFS+odsay
reviewer_09,enriched-05d2659460187d5b99d7,route-d4176ef0f0663a4d1819,5b108ef965ed3de3aefa9b4dbe5ff1ee4f9f59810027afc998d0f6651799eb7f,disabled,,,부산진구청,서면역 부산1호선,도보 + 사상구6,환승이 적은 길,12.0,1200.0,VWorld LT_C_BLDGINFO WFS+odsay
reviewer_01,enriched-05d2659460187d5b99d7,route-d4176ef0f0663a4d1819,5b108ef965ed3de3aefa9b4dbe5ff1ee4f9f59810027afc998d0f6651799eb7f,pregnant,,,부산진구청,서면역 부산1호선,도보 + 사상구6,환승이 적은 길,12.0,1200.0,VWorld LT_C_BLDGINFO WFS+odsay
reviewer_02,enriched-05d2659460187d5b99d7,route-d4176ef0f0663a4d1819,5b108ef965ed3de3aefa9b4dbe5ff1ee4f9f59810027afc998d0f6651799eb7f,pregnant,,,부산진구청,서면역 부산1호선,도보 + 사상구6,환승이 적은 길,12.0,1200.0,VWorld LT_C_BLDGINFO WFS+odsay
reviewer_03,enriched-05d2659460187d5b99d7,route-d4176ef0f0663a4d1819,5b108ef965ed3de3aefa9b4dbe5ff1ee4f9f59810027afc998d0f6651799eb7f,pregnant,,,부산진구청,서면역 부산1호선,도보 + 사상구6,환승이 적은 길,12.0,1200.0,VWorld LT_C_BLDGINFO WFS+odsay
reviewer_04,enriched-05d2659460187d5b99d7,route-d4176ef0f0663a4d1819,5b108ef965ed3de3aefa9b4dbe5ff1ee4f9f59810027afc998d0f6651799eb7f,pregnant,,,부산진구청,서면역 부산1호선,도보 + 사상구6,환승이 적은 길,12.0,1200.0,VWorld LT_C_BLDGINFO WFS+odsay
reviewer_05,enriched-05d2659460187d5b99d7,route-d4176ef0f0663a4d1819,5b108ef965ed3de3aefa9b4dbe5ff1ee4f9f59810027afc998d0f6651799eb7f,pregnant,,,부산진구청,서면역 부산1호선,도보 + 사상구6,환승이 적은 길,12.0,1200.0,VWorld LT_C_BLDGINFO WFS+odsay
reviewer_06,enriched-05d2659460187d5b99d7,route-d4176ef0f0663a4d1819,5b108ef965ed3de3aefa9b4dbe5ff1ee4f9f59810027afc998d0f6651799eb7f,pregnant,,,부산진구청,서면역 부산1호선,도보 + 사상구6,환승이 적은 길,12.0,1200.0,VWorld LT_C_BLDGINFO WFS+odsay
reviewer_07,enriched-05d2659460187d5b99d7,route-d4176ef0f0663a4d1819,5b108ef965ed3de3aefa9b4dbe5ff1ee4f9f59810027afc998d0f6651799eb7f,pregnant,,,부산진구청,서면역 부산1호선,도보 + 사상구6,환승이 적은 길,12.0,1200.0,VWorld LT_C_BLDGINFO WFS+odsay
reviewer_08,enriched-05d2659460187d5b99d7,route-d4176ef0f0663a4d1819,5b108ef965ed3de3aefa9b4dbe5ff1ee4f9f59810027afc998d0f6651799eb7f,pregnant,,,부산진구청,서면역 부산1호선,도보 + 사상구6,환승이 적은 길,12.0,1200.0,VWorld LT_C_BLDGINFO WFS+odsay
reviewer_09,enriched-05d2659460187d5b99d7,route-d4176ef0f0663a4d1819,5b108ef965ed3de3aefa9b4dbe5ff1ee4f9f59810027afc998d0f6651799eb7f,pregnant,,,부산진구청,서면역 부산1호선,도보 + 사상구6,환승이 적은 길,12.0,1200.0,VWorld LT_C_BLDGINFO WFS+odsay
reviewer_01,enriched-05d2659460187d5b99d7,route-808f04bf09623d26bad2,ead0e4a8a31f1d8aed1a249ba05926f2e33bdafad32c9ecb7efa74a577327442,general,,,부산진구청,서면역 부산1호선,도보 + 부산진구15,도보가 짧은 길 · 환승이 적은 길 · 경사가 완만한 길 · 그늘 많은 길,12.0,1118.0,VWorld LT_C_BLDGINFO WFS+odsay
reviewer_02,enriched-05d2659460187d5b99d7,route-808f04bf09623d26bad2,ead0e4a8a31f1d8aed1a249ba05926f2e33bdafad32c9ecb7efa74a577327442,general,,,부산진구청,서면역 부산1호선,도보 + 부산진구15,도보가 짧은 길 · 환승이 적은 길 · 경사가 완만한 길 · 그늘 많은 길,12.0,1118.0,VWorld LT_C_BLDGINFO WFS+odsay
reviewer_03,enriched-05d2659460187d5b99d7,route-808f04bf09623d26bad2,ead0e4a8a31f1d8aed1a249ba05926f2e33bdafad32c9ecb7efa74a577327442,general,,,부산진구청,서면역 부산1호선,도보 + 부산진구15,도보가 짧은 길 · 환승이 적은 길 · 경사가 완만한 길 · 그늘 많은 길,12.0,1118.0,VWorld LT_C_BLDGINFO WFS+odsay
reviewer_04,enriched-05d2659460187d5b99d7,route-808f04bf09623d26bad2,ead0e4a8a31f1d8aed1a249ba05926f2e33bdafad32c9ecb7efa74a577327442,general,,,부산진구청,서면역 부산1호선,도보 + 부산진구15,도보가 짧은 길 · 환승이 적은 길 · 경사가 완만한 길 · 그늘 많은 길,12.0,1118.0,VWorld LT_C_BLDGINFO WFS+odsay
reviewer_05,enriched-05d2659460187d5b99d7,route-808f04bf09623d26bad2,ead0e4a8a31f1d8aed1a249ba05926f2e33bdafad32c9ecb7efa74a577327442,general,,,부산진구청,서면역 부산1호선,도보 + 부산진구15,도보가 짧은 길 · 환승이 적은 길 · 경사가 완만한 길 · 그늘 많은 길,12.0,1118.0,VWorld LT_C_BLDGINFO WFS+odsay
reviewer_06,enriched-05d2659460187d5b99d7,route-808f04bf09623d26bad2,ead0e4a8a31f1d8aed1a249ba05926f2e33bdafad32c9ecb7efa74a577327442,general,,,부산진구청,서면역 부산1호선,도보 + 부산진구15,도보가 짧은 길 · 환승이 적은 길 · 경사가 완만한 길 · 그늘 많은 길,12.0,1118.0,VWorld LT_C_BLDGINFO WFS+odsay
reviewer_07,enriched-05d2659460187d5b99d7,route-808f04bf09623d26bad2,ead0e4a8a31f1d8aed1a249ba05926f2e33bdafad32c9ecb7efa74a577327442,general,,,부산진구청,서면역 부산1호선,도보 + 부산진구15,도보가 짧은 길 · 환승이 적은 길 · 경사가 완만한 길 · 그늘 많은 길,12.0,1118.0,VWorld LT_C_BLDGINFO WFS+odsay
reviewer_08,enriched-05d2659460187d5b99d7,route-808f04bf09623d26bad2,ead0e4a8a31f1d8aed1a249ba05926f2e33bdafad32c9ecb7efa74a577327442,general,,,부산진구청,서면역 부산1호선,도보 + 부산진구15,도보가 짧은 길 · 환승이 적은 길 · 경사가 완만한 길 · 그늘 많은 길,12.0,1118.0,VWorld LT_C_BLDGINFO WFS+odsay
reviewer_09,enriched-05d2659460187d5b99d7,route-808f04bf09623d26bad2,ead0e4a8a31f1d8aed1a249ba05926f2e33bdafad32c9ecb7efa74a577327442,general,,,부산진구청,서면역 부산1호선,도보 + 부산진구15,도보가 짧은 길 · 환승이 적은 길 · 경사가 완만한 길 · 그늘 많은 길,12.0,1118.0,VWorld LT_C_BLDGINFO WFS+odsay
reviewer_01,enriched-05d2659460187d5b99d7,route-808f04bf09623d26bad2,ead0e4a8a31f1d8aed1a249ba05926f2e33bdafad32c9ecb7efa74a577327442,elderly,,,부산진구청,서면역 부산1호선,도보 + 부산진구15,도보가 짧은 길 · 환승이 적은 길 · 경사가 완만한 길 · 그늘 많은 길,12.0,1118.0,VWorld LT_C_BLDGINFO WFS+odsay
reviewer_02,enriched-05d2659460187d5b99d7,route-808f04bf09623d26bad2,ead0e4a8a31f1d8aed1a249ba05926f2e33bdafad32c9ecb7efa74a577327442,elderly,,,부산진구청,서면역 부산1호선,도보 + 부산진구15,도보가 짧은 길 · 환승이 적은 길 · 경사가 완만한 길 · 그늘 많은 길,12.0,1118.0,VWorld LT_C_BLDGINFO WFS+odsay
reviewer_03,enriched-05d2659460187d5b99d7,route-808f04bf09623d26bad2,ead0e4a8a31f1d8aed1a249ba05926f2e33bdafad32c9ecb7efa74a577327442,elderly,,,부산진구청,서면역 부산1호선,도보 + 부산진구15,도보가 짧은 길 · 환승이 적은 길 · 경사가 완만한 길 · 그늘 많은 길,12.0,1118.0,VWorld LT_C_BLDGINFO WFS+odsay
reviewer_04,enriched-05d2659460187d5b99d7,route-808f04bf09623d26bad2,ead0e4a8a31f1d8aed1a249ba05926f2e33bdafad32c9ecb7efa74a577327442,elderly,,,부산진구청,서면역 부산1호선,도보 + 부산진구15,도보가 짧은 길 · 환승이 적은 길 · 경사가 완만한 길 · 그늘 많은 길,12.0,1118.0,VWorld LT_C_BLDGINFO WFS+odsay
reviewer_05,enriched-05d2659460187d5b99d7,route-808f04bf09623d26bad2,ead0e4a8a31f1d8aed1a249ba05926f2e33bdafad32c9ecb7efa74a577327442,elderly,,,부산진구청,서면역 부산1호선,도보 + 부산진구15,도보가 짧은 길 · 환승이 적은 길 · 경사가 완만한 길 · 그늘 많은 길,12.0,1118.0,VWorld LT_C_BLDGINFO WFS+odsay
reviewer_06,enriched-05d2659460187d5b99d7,route-808f04bf09623d26bad2,ead0e4a8a31f1d8aed1a249ba05926f2e33bdafad32c9ecb7efa74a577327442,elderly,,,부산진구청,서면역 부산1호선,도보 + 부산진구15,도보가 짧은 길 · 환승이 적은 길 · 경사가 완만한 길 · 그늘 많은 길,12.0,1118.0,VWorld LT_C_BLDGINFO WFS+odsay
reviewer_07,enriched-05d2659460187d5b99d7,route-808f04bf09623d26bad2,ead0e4a8a31f1d8aed1a249ba05926f2e33bdafad32c9ecb7efa74a577327442,elderly,,,부산진구청,서면역 부산1호선,도보 + 부산진구15,도보가 짧은 길 · 환승이 적은 길 · 경사가 완만한 길 · 그늘 많은 길,12.0,1118.0,VWorld LT_C_BLDGINFO WFS+odsay
reviewer_08,enriched-05d2659460187d5b99d7,route-808f04bf09623d26bad2,ead0e4a8a31f1d8aed1a249ba05926f2e33bdafad32c9ecb7efa74a577327442,elderly,,,부산진구청,서면역 부산1호선,도보 + 부산진구15,도보가 짧은 길 · 환승이 적은 길 · 경사가 완만한 길 · 그늘 많은 길,12.0,1118.0,VWorld LT_C_BLDGINFO WFS+odsay
reviewer_09,enriched-05d2659460187d5b99d7,route-808f04bf09623d26bad2,ead0e4a8a31f1d8aed1a249ba05926f2e33bdafad32c9ecb7efa74a577327442,elderly,,,부산진구청,서면역 부산1호선,도보 + 부산진구15,도보가 짧은 길 · 환승이 적은 길 · 경사가 완만한 길 · 그늘 많은 길,12.0,1118.0,VWorld LT_C_BLDGINFO WFS+odsay
reviewer_01,enriched-05d2659460187d5b99d7,route-808f04bf09623d26bad2,ead0e4a8a31f1d8aed1a249ba05926f2e33bdafad32c9ecb7efa74a577327442,child,,,부산진구청,서면역 부산1호선,도보 + 부산진구15,도보가 짧은 길 · 환승이 적은 길 · 경사가 완만한 길 · 그늘 많은 길,12.0,1118.0,VWorld LT_C_BLDGINFO WFS+odsay
reviewer_02,enriched-05d2659460187d5b99d7,route-808f04bf09623d26bad2,ead0e4a8a31f1d8aed1a249ba05926f2e33bdafad32c9ecb7efa74a577327442,child,,,부산진구청,서면역 부산1호선,도보 + 부산진구15,도보가 짧은 길 · 환승이 적은 길 · 경사가 완만한 길 · 그늘 많은 길,12.0,1118.0,VWorld LT_C_BLDGINFO WFS+odsay
reviewer_03,enriched-05d2659460187d5b99d7,route-808f04bf09623d26bad2,ead0e4a8a31f1d8aed1a249ba05926f2e33bdafad32c9ecb7efa74a577327442,child,,,부산진구청,서면역 부산1호선,도보 + 부산진구15,도보가 짧은 길 · 환승이 적은 길 · 경사가 완만한 길 · 그늘 많은 길,12.0,1118.0,VWorld LT_C_BLDGINFO WFS+odsay
reviewer_04,enriched-05d2659460187d5b99d7,route-808f04bf09623d26bad2,ead0e4a8a31f1d8aed1a249ba05926f2e33bdafad32c9ecb7efa74a577327442,child,,,부산진구청,서면역 부산1호선,도보 + 부산진구15,도보가 짧은 길 · 환승이 적은 길 · 경사가 완만한 길 · 그늘 많은 길,12.0,1118.0,VWorld LT_C_BLDGINFO WFS+odsay
reviewer_05,enriched-05d2659460187d5b99d7,route-808f04bf09623d26bad2,ead0e4a8a31f1d8aed1a249ba05926f2e33bdafad32c9ecb7efa74a577327442,child,,,부산진구청,서면역 부산1호선,도보 + 부산진구15,도보가 짧은 길 · 환승이 적은 길 · 경사가 완만한 길 · 그늘 많은 길,12.0,1118.0,VWorld LT_C_BLDGINFO WFS+odsay
reviewer_06,enriched-05d2659460187d5b99d7,route-808f04bf09623d26bad2,ead0e4a8a31f1d8aed1a249ba05926f2e33bdafad32c9ecb7efa74a577327442,child,,,부산진구청,서면역 부산1호선,도보 + 부산진구15,도보가 짧은 길 · 환승이 적은 길 · 경사가 완만한 길 · 그늘 많은 길,12.0,1118.0,VWorld LT_C_BLDGINFO WFS+odsay
reviewer_07,enriched-05d2659460187d5b99d7,route-808f04bf09623d26bad2,ead0e4a8a31f1d8aed1a249ba05926f2e33bdafad32c9ecb7efa74a577327442,child,,,부산진구청,서면역 부산1호선,도보 + 부산진구15,도보가 짧은 길 · 환승이 적은 길 · 경사가 완만한 길 · 그늘 많은 길,12.0,1118.0,VWorld LT_C_BLDGINFO WFS+odsay
reviewer_08,enriched-05d2659460187d5b99d7,route-808f04bf09623d26bad2,ead0e4a8a31f1d8aed1a249ba05926f2e33bdafad32c9ecb7efa74a577327442,child,,,부산진구청,서면역 부산1호선,도보 + 부산진구15,도보가 짧은 길 · 환승이 적은 길 · 경사가 완만한 길 · 그늘 많은 길,12.0,1118.0,VWorld LT_C_BLDGINFO WFS+odsay
reviewer_09,enriched-05d2659460187d5b99d7,route-808f04bf09623d26bad2,ead0e4a8a31f1d8aed1a249ba05926f2e33bdafad32c9ecb7efa74a577327442,child,,,부산진구청,서면역 부산1호선,도보 + 부산진구15,도보가 짧은 길 · 환승이 적은 길 · 경사가 완만한 길 · 그늘 많은 길,12.0,1118.0,VWorld LT_C_BLDGINFO WFS+odsay
reviewer_01,enriched-05d2659460187d5b99d7,route-808f04bf09623d26bad2,ead0e4a8a31f1d8aed1a249ba05926f2e33bdafad32c9ecb7efa74a577327442,youth,,,부산진구청,서면역 부산1호선,도보 + 부산진구15,도보가 짧은 길 · 환승이 적은 길 · 경사가 완만한 길 · 그늘 많은 길,12.0,1118.0,VWorld LT_C_BLDGINFO WFS+odsay
reviewer_02,enriched-05d2659460187d5b99d7,route-808f04bf09623d26bad2,ead0e4a8a31f1d8aed1a249ba05926f2e33bdafad32c9ecb7efa74a577327442,youth,,,부산진구청,서면역 부산1호선,도보 + 부산진구15,도보가 짧은 길 · 환승이 적은 길 · 경사가 완만한 길 · 그늘 많은 길,12.0,1118.0,VWorld LT_C_BLDGINFO WFS+odsay
reviewer_03,enriched-05d2659460187d5b99d7,route-808f04bf09623d26bad2,ead0e4a8a31f1d8aed1a249ba05926f2e33bdafad32c9ecb7efa74a577327442,youth,,,부산진구청,서면역 부산1호선,도보 + 부산진구15,도보가 짧은 길 · 환승이 적은 길 · 경사가 완만한 길 · 그늘 많은 길,12.0,1118.0,VWorld LT_C_BLDGINFO WFS+odsay
reviewer_04,enriched-05d2659460187d5b99d7,route-808f04bf09623d26bad2,ead0e4a8a31f1d8aed1a249ba05926f2e33bdafad32c9ecb7efa74a577327442,youth,,,부산진구청,서면역 부산1호선,도보 + 부산진구15,도보가 짧은 길 · 환승이 적은 길 · 경사가 완만한 길 · 그늘 많은 길,12.0,1118.0,VWorld LT_C_BLDGINFO WFS+odsay
reviewer_05,enriched-05d2659460187d5b99d7,route-808f04bf09623d26bad2,ead0e4a8a31f1d8aed1a249ba05926f2e33bdafad32c9ecb7efa74a577327442,youth,,,부산진구청,서면역 부산1호선,도보 + 부산진구15,도보가 짧은 길 · 환승이 적은 길 · 경사가 완만한 길 · 그늘 많은 길,12.0,1118.0,VWorld LT_C_BLDGINFO WFS+odsay
reviewer_06,enriched-05d2659460187d5b99d7,route-808f04bf09623d26bad2,ead0e4a8a31f1d8aed1a249ba05926f2e33bdafad32c9ecb7efa74a577327442,youth,,,부산진구청,서면역 부산1호선,도보 + 부산진구15,도보가 짧은 길 · 환승이 적은 길 · 경사가 완만한 길 · 그늘 많은 길,12.0,1118.0,VWorld LT_C_BLDGINFO WFS+odsay
reviewer_07,enriched-05d2659460187d5b99d7,route-808f04bf09623d26bad2,ead0e4a8a31f1d8aed1a249ba05926f2e33bdafad32c9ecb7efa74a577327442,youth,,,부산진구청,서면역 부산1호선,도보 + 부산진구15,도보가 짧은 길 · 환승이 적은 길 · 경사가 완만한 길 · 그늘 많은 길,12.0,1118.0,VWorld LT_C_BLDGINFO WFS+odsay
reviewer_08,enriched-05d2659460187d5b99d7,route-808f04bf09623d26bad2,ead0e4a8a31f1d8aed1a249ba05926f2e33bdafad32c9ecb7efa74a577327442,youth,,,부산진구청,서면역 부산1호선,도보 + 부산진구15,도보가 짧은 길 · 환승이 적은 길 · 경사가 완만한 길 · 그늘 많은 길,12.0,1118.0,VWorld LT_C_BLDGINFO WFS+odsay
reviewer_09,enriched-05d2659460187d5b99d7,route-808f04bf09623d26bad2,ead0e4a8a31f1d8aed1a249ba05926f2e33bdafad32c9ecb7efa74a577327442,youth,,,부산진구청,서면역 부산1호선,도보 + 부산진구15,도보가 짧은 길 · 환승이 적은 길 · 경사가 완만한 길 · 그늘 많은 길,12.0,1118.0,VWorld LT_C_BLDGINFO WFS+odsay
reviewer_01,enriched-05d2659460187d5b99d7,route-808f04bf09623d26bad2,ead0e4a8a31f1d8aed1a249ba05926f2e33bdafad32c9ecb7efa74a577327442,disabled,,,부산진구청,서면역 부산1호선,도보 + 부산진구15,도보가 짧은 길 · 환승이 적은 길 · 경사가 완만한 길 · 그늘 많은 길,12.0,1118.0,VWorld LT_C_BLDGINFO WFS+odsay
reviewer_02,enriched-05d2659460187d5b99d7,route-808f04bf09623d26bad2,ead0e4a8a31f1d8aed1a249ba05926f2e33bdafad32c9ecb7efa74a577327442,disabled,,,부산진구청,서면역 부산1호선,도보 + 부산진구15,도보가 짧은 길 · 환승이 적은 길 · 경사가 완만한 길 · 그늘 많은 길,12.0,1118.0,VWorld LT_C_BLDGINFO WFS+odsay
reviewer_03,enriched-05d2659460187d5b99d7,route-808f04bf09623d26bad2,ead0e4a8a31f1d8aed1a249ba05926f2e33bdafad32c9ecb7efa74a577327442,disabled,,,부산진구청,서면역 부산1호선,도보 + 부산진구15,도보가 짧은 길 · 환승이 적은 길 · 경사가 완만한 길 · 그늘 많은 길,12.0,1118.0,VWorld LT_C_BLDGINFO WFS+odsay
reviewer_04,enriched-05d2659460187d5b99d7,route-808f04bf09623d26bad2,ead0e4a8a31f1d8aed1a249ba05926f2e33bdafad32c9ecb7efa74a577327442,disabled,,,부산진구청,서면역 부산1호선,도보 + 부산진구15,도보가 짧은 길 · 환승이 적은 길 · 경사가 완만한 길 · 그늘 많은 길,12.0,1118.0,VWorld LT_C_BLDGINFO WFS+odsay
reviewer_05,enriched-05d2659460187d5b99d7,route-808f04bf09623d26bad2,ead0e4a8a31f1d8aed1a249ba05926f2e33bdafad32c9ecb7efa74a577327442,disabled,,,부산진구청,서면역 부산1호선,도보 + 부산진구15,도보가 짧은 길 · 환승이 적은 길 · 경사가 완만한 길 · 그늘 많은 길,12.0,1118.0,VWorld LT_C_BLDGINFO WFS+odsay
reviewer_06,enriched-05d2659460187d5b99d7,route-808f04bf09623d26bad2,ead0e4a8a31f1d8aed1a249ba05926f2e33bdafad32c9ecb7efa74a577327442,disabled,,,부산진구청,서면역 부산1호선,도보 + 부산진구15,도보가 짧은 길 · 환승이 적은 길 · 경사가 완만한 길 · 그늘 많은 길,12.0,1118.0,VWorld LT_C_BLDGINFO WFS+odsay
reviewer_07,enriched-05d2659460187d5b99d7,route-808f04bf09623d26bad2,ead0e4a8a31f1d8aed1a249ba05926f2e33bdafad32c9ecb7efa74a577327442,disabled,,,부산진구청,서면역 부산1호선,도보 + 부산진구15,도보가 짧은 길 · 환승이 적은 길 · 경사가 완만한 길 · 그늘 많은 길,12.0,1118.0,VWorld LT_C_BLDGINFO WFS+odsay
reviewer_08,enriched-05d2659460187d5b99d7,route-808f04bf09623d26bad2,ead0e4a8a31f1d8aed1a249ba05926f2e33bdafad32c9ecb7efa74a577327442,disabled,,,부산진구청,서면역 부산1호선,도보 + 부산진구15,도보가 짧은 길 · 환승이 적은 길 · 경사가 완만한 길 · 그늘 많은 길,12.0,1118.0,VWorld LT_C_BLDGINFO WFS+odsay
reviewer_09,enriched-05d2659460187d5b99d7,route-808f04bf09623d26bad2,ead0e4a8a31f1d8aed1a249ba05926f2e33bdafad32c9ecb7efa74a577327442,disabled,,,부산진구청,서면역 부산1호선,도보 + 부산진구15,도보가 짧은 길 · 환승이 적은 길 · 경사가 완만한 길 · 그늘 많은 길,12.0,1118.0,VWorld LT_C_BLDGINFO WFS+odsay
reviewer_01,enriched-05d2659460187d5b99d7,route-808f04bf09623d26bad2,ead0e4a8a31f1d8aed1a249ba05926f2e33bdafad32c9ecb7efa74a577327442,pregnant,,,부산진구청,서면역 부산1호선,도보 + 부산진구15,도보가 짧은 길 · 환승이 적은 길 · 경사가 완만한 길 · 그늘 많은 길,12.0,1118.0,VWorld LT_C_BLDGINFO WFS+odsay
reviewer_02,enriched-05d2659460187d5b99d7,route-808f04bf09623d26bad2,ead0e4a8a31f1d8aed1a249ba05926f2e33bdafad32c9ecb7efa74a577327442,pregnant,,,부산진구청,서면역 부산1호선,도보 + 부산진구15,도보가 짧은 길 · 환승이 적은 길 · 경사가 완만한 길 · 그늘 많은 길,12.0,1118.0,VWorld LT_C_BLDGINFO WFS+odsay
reviewer_03,enriched-05d2659460187d5b99d7,route-808f04bf09623d26bad2,ead0e4a8a31f1d8aed1a249ba05926f2e33bdafad32c9ecb7efa74a577327442,pregnant,,,부산진구청,서면역 부산1호선,도보 + 부산진구15,도보가 짧은 길 · 환승이 적은 길 · 경사가 완만한 길 · 그늘 많은 길,12.0,1118.0,VWorld LT_C_BLDGINFO WFS+odsay
reviewer_04,enriched-05d2659460187d5b99d7,route-808f04bf09623d26bad2,ead0e4a8a31f1d8aed1a249ba05926f2e33bdafad32c9ecb7efa74a577327442,pregnant,,,부산진구청,서면역 부산1호선,도보 + 부산진구15,도보가 짧은 길 · 환승이 적은 길 · 경사가 완만한 길 · 그늘 많은 길,12.0,1118.0,VWorld LT_C_BLDGINFO WFS+odsay
reviewer_05,enriched-05d2659460187d5b99d7,route-808f04bf09623d26bad2,ead0e4a8a31f1d8aed1a249ba05926f2e33bdafad32c9ecb7efa74a577327442,pregnant,,,부산진구청,서면역 부산1호선,도보 + 부산진구15,도보가 짧은 길 · 환승이 적은 길 · 경사가 완만한 길 · 그늘 많은 길,12.0,1118.0,VWorld LT_C_BLDGINFO WFS+odsay
reviewer_06,enriched-05d2659460187d5b99d7,route-808f04bf09623d26bad2,ead0e4a8a31f1d8aed1a249ba05926f2e33bdafad32c9ecb7efa74a577327442,pregnant,,,부산진구청,서면역 부산1호선,도보 + 부산진구15,도보가 짧은 길 · 환승이 적은 길 · 경사가 완만한 길 · 그늘 많은 길,12.0,1118.0,VWorld LT_C_BLDGINFO WFS+odsay
reviewer_07,enriched-05d2659460187d5b99d7,route-808f04bf09623d26bad2,ead0e4a8a31f1d8aed1a249ba05926f2e33bdafad32c9ecb7efa74a577327442,pregnant,,,부산진구청,서면역 부산1호선,도보 + 부산진구15,도보가 짧은 길 · 환승이 적은 길 · 경사가 완만한 길 · 그늘 많은 길,12.0,1118.0,VWorld LT_C_BLDGINFO WFS+odsay
reviewer_08,enriched-05d2659460187d5b99d7,route-808f04bf09623d26bad2,ead0e4a8a31f1d8aed1a249ba05926f2e33bdafad32c9ecb7efa74a577327442,pregnant,,,부산진구청,서면역 부산1호선,도보 + 부산진구15,도보가 짧은 길 · 환승이 적은 길 · 경사가 완만한 길 · 그늘 많은 길,12.0,1118.0,VWorld LT_C_BLDGINFO WFS+odsay
reviewer_09,enriched-05d2659460187d5b99d7,route-808f04bf09623d26bad2,ead0e4a8a31f1d8aed1a249ba05926f2e33bdafad32c9ecb7efa74a577327442,pregnant,,,부산진구청,서면역 부산1호선,도보 + 부산진구15,도보가 짧은 길 · 환승이 적은 길 · 경사가 완만한 길 · 그늘 많은 길,12.0,1118.0,VWorld LT_C_BLDGINFO WFS+odsay
reviewer_01,enriched-05d2659460187d5b99d7,route-250307b55887ac613ffc,ae29e7d8feb27d407bcb19d6fe7d59986111c4f0082be91489feb64a6cc26224,general,,,부산진구청,서면역 부산1호선,도보 + 81,제일 빠른 길 · 환승이 적은 길,11.0,860.0,VWorld LT_C_BLDGINFO WFS+odsay
reviewer_02,enriched-05d2659460187d5b99d7,route-250307b55887ac613ffc,ae29e7d8feb27d407bcb19d6fe7d59986111c4f0082be91489feb64a6cc26224,general,,,부산진구청,서면역 부산1호선,도보 + 81,제일 빠른 길 · 환승이 적은 길,11.0,860.0,VWorld LT_C_BLDGINFO WFS+odsay
reviewer_03,enriched-05d2659460187d5b99d7,route-250307b55887ac613ffc,ae29e7d8feb27d407bcb19d6fe7d59986111c4f0082be91489feb64a6cc26224,general,,,부산진구청,서면역 부산1호선,도보 + 81,제일 빠른 길 · 환승이 적은 길,11.0,860.0,VWorld LT_C_BLDGINFO WFS+odsay
reviewer_04,enriched-05d2659460187d5b99d7,route-250307b55887ac613ffc,ae29e7d8feb27d407bcb19d6fe7d59986111c4f0082be91489feb64a6cc26224,general,,,부산진구청,서면역 부산1호선,도보 + 81,제일 빠른 길 · 환승이 적은 길,11.0,860.0,VWorld LT_C_BLDGINFO WFS+odsay
reviewer_05,enriched-05d2659460187d5b99d7,route-250307b55887ac613ffc,ae29e7d8feb27d407bcb19d6fe7d59986111c4f0082be91489feb64a6cc26224,general,,,부산진구청,서면역 부산1호선,도보 + 81,제일 빠른 길 · 환승이 적은 길,11.0,860.0,VWorld LT_C_BLDGINFO WFS+odsay
reviewer_06,enriched-05d2659460187d5b99d7,route-250307b55887ac613ffc,ae29e7d8feb27d407bcb19d6fe7d59986111c4f0082be91489feb64a6cc26224,general,,,부산진구청,서면역 부산1호선,도보 + 81,제일 빠른 길 · 환승이 적은 길,11.0,860.0,VWorld LT_C_BLDGINFO WFS+odsay
reviewer_07,enriched-05d2659460187d5b99d7,route-250307b55887ac613ffc,ae29e7d8feb27d407bcb19d6fe7d59986111c4f0082be91489feb64a6cc26224,general,,,부산진구청,서면역 부산1호선,도보 + 81,제일 빠른 길 · 환승이 적은 길,11.0,860.0,VWorld LT_C_BLDGINFO WFS+odsay
reviewer_08,enriched-05d2659460187d5b99d7,route-250307b55887ac613ffc,ae29e7d8feb27d407bcb19d6fe7d59986111c4f0082be91489feb64a6cc26224,general,,,부산진구청,서면역 부산1호선,도보 + 81,제일 빠른 길 · 환승이 적은 길,11.0,860.0,VWorld LT_C_BLDGINFO WFS+odsay
reviewer_09,enriched-05d2659460187d5b99d7,route-250307b55887ac613ffc,ae29e7d8feb27d407bcb19d6fe7d59986111c4f0082be91489feb64a6cc26224,general,,,부산진구청,서면역 부산1호선,도보 + 81,제일 빠른 길 · 환승이 적은 길,11.0,860.0,VWorld LT_C_BLDGINFO WFS+odsay
reviewer_01,enriched-05d2659460187d5b99d7,route-250307b55887ac613ffc,ae29e7d8feb27d407bcb19d6fe7d59986111c4f0082be91489feb64a6cc26224,elderly,,,부산진구청,서면역 부산1호선,도보 + 81,제일 빠른 길 · 환승이 적은 길,11.0,860.0,VWorld LT_C_BLDGINFO WFS+odsay
reviewer_02,enriched-05d2659460187d5b99d7,route-250307b55887ac613ffc,ae29e7d8feb27d407bcb19d6fe7d59986111c4f0082be91489feb64a6cc26224,elderly,,,부산진구청,서면역 부산1호선,도보 + 81,제일 빠른 길 · 환승이 적은 길,11.0,860.0,VWorld LT_C_BLDGINFO WFS+odsay
reviewer_03,enriched-05d2659460187d5b99d7,route-250307b55887ac613ffc,ae29e7d8feb27d407bcb19d6fe7d59986111c4f0082be91489feb64a6cc26224,elderly,,,부산진구청,서면역 부산1호선,도보 + 81,제일 빠른 길 · 환승이 적은 길,11.0,860.0,VWorld LT_C_BLDGINFO WFS+odsay
reviewer_04,enriched-05d2659460187d5b99d7,route-250307b55887ac613ffc,ae29e7d8feb27d407bcb19d6fe7d59986111c4f0082be91489feb64a6cc26224,elderly,,,부산진구청,서면역 부산1호선,도보 + 81,제일 빠른 길 · 환승이 적은 길,11.0,860.0,VWorld LT_C_BLDGINFO WFS+odsay
reviewer_05,enriched-05d2659460187d5b99d7,route-250307b55887ac613ffc,ae29e7d8feb27d407bcb19d6fe7d59986111c4f0082be91489feb64a6cc26224,elderly,,,부산진구청,서면역 부산1호선,도보 + 81,제일 빠른 길 · 환승이 적은 길,11.0,860.0,VWorld LT_C_BLDGINFO WFS+odsay
reviewer_06,enriched-05d2659460187d5b99d7,route-250307b55887ac613ffc,ae29e7d8feb27d407bcb19d6fe7d59986111c4f0082be91489feb64a6cc26224,elderly,,,부산진구청,서면역 부산1호선,도보 + 81,제일 빠른 길 · 환승이 적은 길,11.0,860.0,VWorld LT_C_BLDGINFO WFS+odsay
reviewer_07,enriched-05d2659460187d5b99d7,route-250307b55887ac613ffc,ae29e7d8feb27d407bcb19d6fe7d59986111c4f0082be91489feb64a6cc26224,elderly,,,부산진구청,서면역 부산1호선,도보 + 81,제일 빠른 길 · 환승이 적은 길,11.0,860.0,VWorld LT_C_BLDGINFO WFS+odsay
reviewer_08,enriched-05d2659460187d5b99d7,route-250307b55887ac613ffc,ae29e7d8feb27d407bcb19d6fe7d59986111c4f0082be91489feb64a6cc26224,elderly,,,부산진구청,서면역 부산1호선,도보 + 81,제일 빠른 길 · 환승이 적은 길,11.0,860.0,VWorld LT_C_BLDGINFO WFS+odsay
reviewer_09,enriched-05d2659460187d5b99d7,route-250307b55887ac613ffc,ae29e7d8feb27d407bcb19d6fe7d59986111c4f0082be91489feb64a6cc26224,elderly,,,부산진구청,서면역 부산1호선,도보 + 81,제일 빠른 길 · 환승이 적은 길,11.0,860.0,VWorld LT_C_BLDGINFO WFS+odsay
reviewer_01,enriched-05d2659460187d5b99d7,route-250307b55887ac613ffc,ae29e7d8feb27d407bcb19d6fe7d59986111c4f0082be91489feb64a6cc26224,child,,,부산진구청,서면역 부산1호선,도보 + 81,제일 빠른 길 · 환승이 적은 길,11.0,860.0,VWorld LT_C_BLDGINFO WFS+odsay
reviewer_02,enriched-05d2659460187d5b99d7,route-250307b55887ac613ffc,ae29e7d8feb27d407bcb19d6fe7d59986111c4f0082be91489feb64a6cc26224,child,,,부산진구청,서면역 부산1호선,도보 + 81,제일 빠른 길 · 환승이 적은 길,11.0,860.0,VWorld LT_C_BLDGINFO WFS+odsay
reviewer_03,enriched-05d2659460187d5b99d7,route-250307b55887ac613ffc,ae29e7d8feb27d407bcb19d6fe7d59986111c4f0082be91489feb64a6cc26224,child,,,부산진구청,서면역 부산1호선,도보 + 81,제일 빠른 길 · 환승이 적은 길,11.0,860.0,VWorld LT_C_BLDGINFO WFS+odsay
reviewer_04,enriched-05d2659460187d5b99d7,route-250307b55887ac613ffc,ae29e7d8feb27d407bcb19d6fe7d59986111c4f0082be91489feb64a6cc26224,child,,,부산진구청,서면역 부산1호선,도보 + 81,제일 빠른 길 · 환승이 적은 길,11.0,860.0,VWorld LT_C_BLDGINFO WFS+odsay
reviewer_05,enriched-05d2659460187d5b99d7,route-250307b55887ac613ffc,ae29e7d8feb27d407bcb19d6fe7d59986111c4f0082be91489feb64a6cc26224,child,,,부산진구청,서면역 부산1호선,도보 + 81,제일 빠른 길 · 환승이 적은 길,11.0,860.0,VWorld LT_C_BLDGINFO WFS+odsay
reviewer_06,enriched-05d2659460187d5b99d7,route-250307b55887ac613ffc,ae29e7d8feb27d407bcb19d6fe7d59986111c4f0082be91489feb64a6cc26224,child,,,부산진구청,서면역 부산1호선,도보 + 81,제일 빠른 길 · 환승이 적은 길,11.0,860.0,VWorld LT_C_BLDGINFO WFS+odsay
reviewer_07,enriched-05d2659460187d5b99d7,route-250307b55887ac613ffc,ae29e7d8feb27d407bcb19d6fe7d59986111c4f0082be91489feb64a6cc26224,child,,,부산진구청,서면역 부산1호선,도보 + 81,제일 빠른 길 · 환승이 적은 길,11.0,860.0,VWorld LT_C_BLDGINFO WFS+odsay
reviewer_08,enriched-05d2659460187d5b99d7,route-250307b55887ac613ffc,ae29e7d8feb27d407bcb19d6fe7d59986111c4f0082be91489feb64a6cc26224,child,,,부산진구청,서면역 부산1호선,도보 + 81,제일 빠른 길 · 환승이 적은 길,11.0,860.0,VWorld LT_C_BLDGINFO WFS+odsay
reviewer_09,enriched-05d2659460187d5b99d7,route-250307b55887ac613ffc,ae29e7d8feb27d407bcb19d6fe7d59986111c4f0082be91489feb64a6cc26224,child,,,부산진구청,서면역 부산1호선,도보 + 81,제일 빠른 길 · 환승이 적은 길,11.0,860.0,VWorld LT_C_BLDGINFO WFS+odsay
reviewer_01,enriched-05d2659460187d5b99d7,route-250307b55887ac613ffc,ae29e7d8feb27d407bcb19d6fe7d59986111c4f0082be91489feb64a6cc26224,youth,,,부산진구청,서면역 부산1호선,도보 + 81,제일 빠른 길 · 환승이 적은 길,11.0,860.0,VWorld LT_C_BLDGINFO WFS+odsay
reviewer_02,enriched-05d2659460187d5b99d7,route-250307b55887ac613ffc,ae29e7d8feb27d407bcb19d6fe7d59986111c4f0082be91489feb64a6cc26224,youth,,,부산진구청,서면역 부산1호선,도보 + 81,제일 빠른 길 · 환승이 적은 길,11.0,860.0,VWorld LT_C_BLDGINFO WFS+odsay
reviewer_03,enriched-05d2659460187d5b99d7,route-250307b55887ac613ffc,ae29e7d8feb27d407bcb19d6fe7d59986111c4f0082be91489feb64a6cc26224,youth,,,부산진구청,서면역 부산1호선,도보 + 81,제일 빠른 길 · 환승이 적은 길,11.0,860.0,VWorld LT_C_BLDGINFO WFS+odsay
reviewer_04,enriched-05d2659460187d5b99d7,route-250307b55887ac613ffc,ae29e7d8feb27d407bcb19d6fe7d59986111c4f0082be91489feb64a6cc26224,youth,,,부산진구청,서면역 부산1호선,도보 + 81,제일 빠른 길 · 환승이 적은 길,11.0,860.0,VWorld LT_C_BLDGINFO WFS+odsay
reviewer_05,enriched-05d2659460187d5b99d7,route-250307b55887ac613ffc,ae29e7d8feb27d407bcb19d6fe7d59986111c4f0082be91489feb64a6cc26224,youth,,,부산진구청,서면역 부산1호선,도보 + 81,제일 빠른 길 · 환승이 적은 길,11.0,860.0,VWorld LT_C_BLDGINFO WFS+odsay
reviewer_06,enriched-05d2659460187d5b99d7,route-250307b55887ac613ffc,ae29e7d8feb27d407bcb19d6fe7d59986111c4f0082be91489feb64a6cc26224,youth,,,부산진구청,서면역 부산1호선,도보 + 81,제일 빠른 길 · 환승이 적은 길,11.0,860.0,VWorld LT_C_BLDGINFO WFS+odsay
reviewer_07,enriched-05d2659460187d5b99d7,route-250307b55887ac613ffc,ae29e7d8feb27d407bcb19d6fe7d59986111c4f0082be91489feb64a6cc26224,youth,,,부산진구청,서면역 부산1호선,도보 + 81,제일 빠른 길 · 환승이 적은 길,11.0,860.0,VWorld LT_C_BLDGINFO WFS+odsay
reviewer_08,enriched-05d2659460187d5b99d7,route-250307b55887ac613ffc,ae29e7d8feb27d407bcb19d6fe7d59986111c4f0082be91489feb64a6cc26224,youth,,,부산진구청,서면역 부산1호선,도보 + 81,제일 빠른 길 · 환승이 적은 길,11.0,860.0,VWorld LT_C_BLDGINFO WFS+odsay
reviewer_09,enriched-05d2659460187d5b99d7,route-250307b55887ac613ffc,ae29e7d8feb27d407bcb19d6fe7d59986111c4f0082be91489feb64a6cc26224,youth,,,부산진구청,서면역 부산1호선,도보 + 81,제일 빠른 길 · 환승이 적은 길,11.0,860.0,VWorld LT_C_BLDGINFO WFS+odsay
reviewer_01,enriched-05d2659460187d5b99d7,route-250307b55887ac613ffc,ae29e7d8feb27d407bcb19d6fe7d59986111c4f0082be91489feb64a6cc26224,disabled,,,부산진구청,서면역 부산1호선,도보 + 81,제일 빠른 길 · 환승이 적은 길,11.0,860.0,VWorld LT_C_BLDGINFO WFS+odsay
reviewer_02,enriched-05d2659460187d5b99d7,route-250307b55887ac613ffc,ae29e7d8feb27d407bcb19d6fe7d59986111c4f0082be91489feb64a6cc26224,disabled,,,부산진구청,서면역 부산1호선,도보 + 81,제일 빠른 길 · 환승이 적은 길,11.0,860.0,VWorld LT_C_BLDGINFO WFS+odsay
reviewer_03,enriched-05d2659460187d5b99d7,route-250307b55887ac613ffc,ae29e7d8feb27d407bcb19d6fe7d59986111c4f0082be91489feb64a6cc26224,disabled,,,부산진구청,서면역 부산1호선,도보 + 81,제일 빠른 길 · 환승이 적은 길,11.0,860.0,VWorld LT_C_BLDGINFO WFS+odsay
reviewer_04,enriched-05d2659460187d5b99d7,route-250307b55887ac613ffc,ae29e7d8feb27d407bcb19d6fe7d59986111c4f0082be91489feb64a6cc26224,disabled,,,부산진구청,서면역 부산1호선,도보 + 81,제일 빠른 길 · 환승이 적은 길,11.0,860.0,VWorld LT_C_BLDGINFO WFS+odsay
reviewer_05,enriched-05d2659460187d5b99d7,route-250307b55887ac613ffc,ae29e7d8feb27d407bcb19d6fe7d59986111c4f0082be91489feb64a6cc26224,disabled,,,부산진구청,서면역 부산1호선,도보 + 81,제일 빠른 길 · 환승이 적은 길,11.0,860.0,VWorld LT_C_BLDGINFO WFS+odsay
reviewer_06,enriched-05d2659460187d5b99d7,route-250307b55887ac613ffc,ae29e7d8feb27d407bcb19d6fe7d59986111c4f0082be91489feb64a6cc26224,disabled,,,부산진구청,서면역 부산1호선,도보 + 81,제일 빠른 길 · 환승이 적은 길,11.0,860.0,VWorld LT_C_BLDGINFO WFS+odsay
reviewer_07,enriched-05d2659460187d5b99d7,route-250307b55887ac613ffc,ae29e7d8feb27d407bcb19d6fe7d59986111c4f0082be91489feb64a6cc26224,disabled,,,부산진구청,서면역 부산1호선,도보 + 81,제일 빠른 길 · 환승이 적은 길,11.0,860.0,VWorld LT_C_BLDGINFO WFS+odsay
reviewer_08,enriched-05d2659460187d5b99d7,route-250307b55887ac613ffc,ae29e7d8feb27d407bcb19d6fe7d59986111c4f0082be91489feb64a6cc26224,disabled,,,부산진구청,서면역 부산1호선,도보 + 81,제일 빠른 길 · 환승이 적은 길,11.0,860.0,VWorld LT_C_BLDGINFO WFS+odsay
reviewer_09,enriched-05d2659460187d5b99d7,route-250307b55887ac613ffc,ae29e7d8feb27d407bcb19d6fe7d59986111c4f0082be91489feb64a6cc26224,disabled,,,부산진구청,서면역 부산1호선,도보 + 81,제일 빠른 길 · 환승이 적은 길,11.0,860.0,VWorld LT_C_BLDGINFO WFS+odsay
reviewer_01,enriched-05d2659460187d5b99d7,route-250307b55887ac613ffc,ae29e7d8feb27d407bcb19d6fe7d59986111c4f0082be91489feb64a6cc26224,pregnant,,,부산진구청,서면역 부산1호선,도보 + 81,제일 빠른 길 · 환승이 적은 길,11.0,860.0,VWorld LT_C_BLDGINFO WFS+odsay
reviewer_02,enriched-05d2659460187d5b99d7,route-250307b55887ac613ffc,ae29e7d8feb27d407bcb19d6fe7d59986111c4f0082be91489feb64a6cc26224,pregnant,,,부산진구청,서면역 부산1호선,도보 + 81,제일 빠른 길 · 환승이 적은 길,11.0,860.0,VWorld LT_C_BLDGINFO WFS+odsay
reviewer_03,enriched-05d2659460187d5b99d7,route-250307b55887ac613ffc,ae29e7d8feb27d407bcb19d6fe7d59986111c4f0082be91489feb64a6cc26224,pregnant,,,부산진구청,서면역 부산1호선,도보 + 81,제일 빠른 길 · 환승이 적은 길,11.0,860.0,VWorld LT_C_BLDGINFO WFS+odsay
reviewer_04,enriched-05d2659460187d5b99d7,route-250307b55887ac613ffc,ae29e7d8feb27d407bcb19d6fe7d59986111c4f0082be91489feb64a6cc26224,pregnant,,,부산진구청,서면역 부산1호선,도보 + 81,제일 빠른 길 · 환승이 적은 길,11.0,860.0,VWorld LT_C_BLDGINFO WFS+odsay
reviewer_05,enriched-05d2659460187d5b99d7,route-250307b55887ac613ffc,ae29e7d8feb27d407bcb19d6fe7d59986111c4f0082be91489feb64a6cc26224,pregnant,,,부산진구청,서면역 부산1호선,도보 + 81,제일 빠른 길 · 환승이 적은 길,11.0,860.0,VWorld LT_C_BLDGINFO WFS+odsay
reviewer_06,enriched-05d2659460187d5b99d7,route-250307b55887ac613ffc,ae29e7d8feb27d407bcb19d6fe7d59986111c4f0082be91489feb64a6cc26224,pregnant,,,부산진구청,서면역 부산1호선,도보 + 81,제일 빠른 길 · 환승이 적은 길,11.0,860.0,VWorld LT_C_BLDGINFO WFS+odsay
reviewer_07,enriched-05d2659460187d5b99d7,route-250307b55887ac613ffc,ae29e7d8feb27d407bcb19d6fe7d59986111c4f0082be91489feb64a6cc26224,pregnant,,,부산진구청,서면역 부산1호선,도보 + 81,제일 빠른 길 · 환승이 적은 길,11.0,860.0,VWorld LT_C_BLDGINFO WFS+odsay
reviewer_08,enriched-05d2659460187d5b99d7,route-250307b55887ac613ffc,ae29e7d8feb27d407bcb19d6fe7d59986111c4f0082be91489feb64a6cc26224,pregnant,,,부산진구청,서면역 부산1호선,도보 + 81,제일 빠른 길 · 환승이 적은 길,11.0,860.0,VWorld LT_C_BLDGINFO WFS+odsay
reviewer_09,enriched-05d2659460187d5b99d7,route-250307b55887ac613ffc,ae29e7d8feb27d407bcb19d6fe7d59986111c4f0082be91489feb64a6cc26224,pregnant,,,부산진구청,서면역 부산1호선,도보 + 81,제일 빠른 길 · 환승이 적은 길,11.0,860.0,VWorld LT_C_BLDGINFO WFS+odsay
reviewer_01,enriched-2d225ceca5acf4545c39,route-4a3400a0b94dafea475a,343867f9a736a9eef81b95be83ce106a4194739b67378effb49ddf2a4c38b546,general,,,부산역,서면역 부산1호선,도보 + 도시철도,제일 빠른 길 · 도보가 짧은 길 · 환승이 적은 길 · 그늘 많은 길,14.0,5738.0,VWorld LT_C_BLDGINFO WFS+odsay
reviewer_02,enriched-2d225ceca5acf4545c39,route-4a3400a0b94dafea475a,343867f9a736a9eef81b95be83ce106a4194739b67378effb49ddf2a4c38b546,general,,,부산역,서면역 부산1호선,도보 + 도시철도,제일 빠른 길 · 도보가 짧은 길 · 환승이 적은 길 · 그늘 많은 길,14.0,5738.0,VWorld LT_C_BLDGINFO WFS+odsay
reviewer_03,enriched-2d225ceca5acf4545c39,route-4a3400a0b94dafea475a,343867f9a736a9eef81b95be83ce106a4194739b67378effb49ddf2a4c38b546,general,,,부산역,서면역 부산1호선,도보 + 도시철도,제일 빠른 길 · 도보가 짧은 길 · 환승이 적은 길 · 그늘 많은 길,14.0,5738.0,VWorld LT_C_BLDGINFO WFS+odsay
reviewer_04,enriched-2d225ceca5acf4545c39,route-4a3400a0b94dafea475a,343867f9a736a9eef81b95be83ce106a4194739b67378effb49ddf2a4c38b546,general,,,부산역,서면역 부산1호선,도보 + 도시철도,제일 빠른 길 · 도보가 짧은 길 · 환승이 적은 길 · 그늘 많은 길,14.0,5738.0,VWorld LT_C_BLDGINFO WFS+odsay
reviewer_05,enriched-2d225ceca5acf4545c39,route-4a3400a0b94dafea475a,343867f9a736a9eef81b95be83ce106a4194739b67378effb49ddf2a4c38b546,general,,,부산역,서면역 부산1호선,도보 + 도시철도,제일 빠른 길 · 도보가 짧은 길 · 환승이 적은 길 · 그늘 많은 길,14.0,5738.0,VWorld LT_C_BLDGINFO WFS+odsay
reviewer_06,enriched-2d225ceca5acf4545c39,route-4a3400a0b94dafea475a,343867f9a736a9eef81b95be83ce106a4194739b67378effb49ddf2a4c38b546,general,,,부산역,서면역 부산1호선,도보 + 도시철도,제일 빠른 길 · 도보가 짧은 길 · 환승이 적은 길 · 그늘 많은 길,14.0,5738.0,VWorld LT_C_BLDGINFO WFS+odsay
reviewer_07,enriched-2d225ceca5acf4545c39,route-4a3400a0b94dafea475a,343867f9a736a9eef81b95be83ce106a4194739b67378effb49ddf2a4c38b546,general,,,부산역,서면역 부산1호선,도보 + 도시철도,제일 빠른 길 · 도보가 짧은 길 · 환승이 적은 길 · 그늘 많은 길,14.0,5738.0,VWorld LT_C_BLDGINFO WFS+odsay
reviewer_08,enriched-2d225ceca5acf4545c39,route-4a3400a0b94dafea475a,343867f9a736a9eef81b95be83ce106a4194739b67378effb49ddf2a4c38b546,general,,,부산역,서면역 부산1호선,도보 + 도시철도,제일 빠른 길 · 도보가 짧은 길 · 환승이 적은 길 · 그늘 많은 길,14.0,5738.0,VWorld LT_C_BLDGINFO WFS+odsay
reviewer_09,enriched-2d225ceca5acf4545c39,route-4a3400a0b94dafea475a,343867f9a736a9eef81b95be83ce106a4194739b67378effb49ddf2a4c38b546,general,,,부산역,서면역 부산1호선,도보 + 도시철도,제일 빠른 길 · 도보가 짧은 길 · 환승이 적은 길 · 그늘 많은 길,14.0,5738.0,VWorld LT_C_BLDGINFO WFS+odsay
reviewer_01,enriched-2d225ceca5acf4545c39,route-4a3400a0b94dafea475a,343867f9a736a9eef81b95be83ce106a4194739b67378effb49ddf2a4c38b546,elderly,,,부산역,서면역 부산1호선,도보 + 도시철도,제일 빠른 길 · 도보가 짧은 길 · 환승이 적은 길 · 그늘 많은 길,14.0,5738.0,VWorld LT_C_BLDGINFO WFS+odsay
reviewer_02,enriched-2d225ceca5acf4545c39,route-4a3400a0b94dafea475a,343867f9a736a9eef81b95be83ce106a4194739b67378effb49ddf2a4c38b546,elderly,,,부산역,서면역 부산1호선,도보 + 도시철도,제일 빠른 길 · 도보가 짧은 길 · 환승이 적은 길 · 그늘 많은 길,14.0,5738.0,VWorld LT_C_BLDGINFO WFS+odsay
reviewer_03,enriched-2d225ceca5acf4545c39,route-4a3400a0b94dafea475a,343867f9a736a9eef81b95be83ce106a4194739b67378effb49ddf2a4c38b546,elderly,,,부산역,서면역 부산1호선,도보 + 도시철도,제일 빠른 길 · 도보가 짧은 길 · 환승이 적은 길 · 그늘 많은 길,14.0,5738.0,VWorld LT_C_BLDGINFO WFS+odsay
reviewer_04,enriched-2d225ceca5acf4545c39,route-4a3400a0b94dafea475a,343867f9a736a9eef81b95be83ce106a4194739b67378effb49ddf2a4c38b546,elderly,,,부산역,서면역 부산1호선,도보 + 도시철도,제일 빠른 길 · 도보가 짧은 길 · 환승이 적은 길 · 그늘 많은 길,14.0,5738.0,VWorld LT_C_BLDGINFO WFS+odsay
reviewer_05,enriched-2d225ceca5acf4545c39,route-4a3400a0b94dafea475a,343867f9a736a9eef81b95be83ce106a4194739b67378effb49ddf2a4c38b546,elderly,,,부산역,서면역 부산1호선,도보 + 도시철도,제일 빠른 길 · 도보가 짧은 길 · 환승이 적은 길 · 그늘 많은 길,14.0,5738.0,VWorld LT_C_BLDGINFO WFS+odsay
reviewer_06,enriched-2d225ceca5acf4545c39,route-4a3400a0b94dafea475a,343867f9a736a9eef81b95be83ce106a4194739b67378effb49ddf2a4c38b546,elderly,,,부산역,서면역 부산1호선,도보 + 도시철도,제일 빠른 길 · 도보가 짧은 길 · 환승이 적은 길 · 그늘 많은 길,14.0,5738.0,VWorld LT_C_BLDGINFO WFS+odsay
reviewer_07,enriched-2d225ceca5acf4545c39,route-4a3400a0b94dafea475a,343867f9a736a9eef81b95be83ce106a4194739b67378effb49ddf2a4c38b546,elderly,,,부산역,서면역 부산1호선,도보 + 도시철도,제일 빠른 길 · 도보가 짧은 길 · 환승이 적은 길 · 그늘 많은 길,14.0,5738.0,VWorld LT_C_BLDGINFO WFS+odsay
reviewer_08,enriched-2d225ceca5acf4545c39,route-4a3400a0b94dafea475a,343867f9a736a9eef81b95be83ce106a4194739b67378effb49ddf2a4c38b546,elderly,,,부산역,서면역 부산1호선,도보 + 도시철도,제일 빠른 길 · 도보가 짧은 길 · 환승이 적은 길 · 그늘 많은 길,14.0,5738.0,VWorld LT_C_BLDGINFO WFS+odsay
reviewer_09,enriched-2d225ceca5acf4545c39,route-4a3400a0b94dafea475a,343867f9a736a9eef81b95be83ce106a4194739b67378effb49ddf2a4c38b546,elderly,,,부산역,서면역 부산1호선,도보 + 도시철도,제일 빠른 길 · 도보가 짧은 길 · 환승이 적은 길 · 그늘 많은 길,14.0,5738.0,VWorld LT_C_BLDGINFO WFS+odsay
reviewer_01,enriched-2d225ceca5acf4545c39,route-4a3400a0b94dafea475a,343867f9a736a9eef81b95be83ce106a4194739b67378effb49ddf2a4c38b546,child,,,부산역,서면역 부산1호선,도보 + 도시철도,제일 빠른 길 · 도보가 짧은 길 · 환승이 적은 길 · 그늘 많은 길,14.0,5738.0,VWorld LT_C_BLDGINFO WFS+odsay
reviewer_02,enriched-2d225ceca5acf4545c39,route-4a3400a0b94dafea475a,343867f9a736a9eef81b95be83ce106a4194739b67378effb49ddf2a4c38b546,child,,,부산역,서면역 부산1호선,도보 + 도시철도,제일 빠른 길 · 도보가 짧은 길 · 환승이 적은 길 · 그늘 많은 길,14.0,5738.0,VWorld LT_C_BLDGINFO WFS+odsay
reviewer_03,enriched-2d225ceca5acf4545c39,route-4a3400a0b94dafea475a,343867f9a736a9eef81b95be83ce106a4194739b67378effb49ddf2a4c38b546,child,,,부산역,서면역 부산1호선,도보 + 도시철도,제일 빠른 길 · 도보가 짧은 길 · 환승이 적은 길 · 그늘 많은 길,14.0,5738.0,VWorld LT_C_BLDGINFO WFS+odsay
reviewer_04,enriched-2d225ceca5acf4545c39,route-4a3400a0b94dafea475a,343867f9a736a9eef81b95be83ce106a4194739b67378effb49ddf2a4c38b546,child,,,부산역,서면역 부산1호선,도보 + 도시철도,제일 빠른 길 · 도보가 짧은 길 · 환승이 적은 길 · 그늘 많은 길,14.0,5738.0,VWorld LT_C_BLDGINFO WFS+odsay
reviewer_05,enriched-2d225ceca5acf4545c39,route-4a3400a0b94dafea475a,343867f9a736a9eef81b95be83ce106a4194739b67378effb49ddf2a4c38b546,child,,,부산역,서면역 부산1호선,도보 + 도시철도,제일 빠른 길 · 도보가 짧은 길 · 환승이 적은 길 · 그늘 많은 길,14.0,5738.0,VWorld LT_C_BLDGINFO WFS+odsay
reviewer_06,enriched-2d225ceca5acf4545c39,route-4a3400a0b94dafea475a,343867f9a736a9eef81b95be83ce106a4194739b67378effb49ddf2a4c38b546,child,,,부산역,서면역 부산1호선,도보 + 도시철도,제일 빠른 길 · 도보가 짧은 길 · 환승이 적은 길 · 그늘 많은 길,14.0,5738.0,VWorld LT_C_BLDGINFO WFS+odsay
reviewer_07,enriched-2d225ceca5acf4545c39,route-4a3400a0b94dafea475a,343867f9a736a9eef81b95be83ce106a4194739b67378effb49ddf2a4c38b546,child,,,부산역,서면역 부산1호선,도보 + 도시철도,제일 빠른 길 · 도보가 짧은 길 · 환승이 적은 길 · 그늘 많은 길,14.0,5738.0,VWorld LT_C_BLDGINFO WFS+odsay
reviewer_08,enriched-2d225ceca5acf4545c39,route-4a3400a0b94dafea475a,343867f9a736a9eef81b95be83ce106a4194739b67378effb49ddf2a4c38b546,child,,,부산역,서면역 부산1호선,도보 + 도시철도,제일 빠른 길 · 도보가 짧은 길 · 환승이 적은 길 · 그늘 많은 길,14.0,5738.0,VWorld LT_C_BLDGINFO WFS+odsay
reviewer_09,enriched-2d225ceca5acf4545c39,route-4a3400a0b94dafea475a,343867f9a736a9eef81b95be83ce106a4194739b67378effb49ddf2a4c38b546,child,,,부산역,서면역 부산1호선,도보 + 도시철도,제일 빠른 길 · 도보가 짧은 길 · 환승이 적은 길 · 그늘 많은 길,14.0,5738.0,VWorld LT_C_BLDGINFO WFS+odsay
reviewer_01,enriched-2d225ceca5acf4545c39,route-4a3400a0b94dafea475a,343867f9a736a9eef81b95be83ce106a4194739b67378effb49ddf2a4c38b546,youth,,,부산역,서면역 부산1호선,도보 + 도시철도,제일 빠른 길 · 도보가 짧은 길 · 환승이 적은 길 · 그늘 많은 길,14.0,5738.0,VWorld LT_C_BLDGINFO WFS+odsay
reviewer_02,enriched-2d225ceca5acf4545c39,route-4a3400a0b94dafea475a,343867f9a736a9eef81b95be83ce106a4194739b67378effb49ddf2a4c38b546,youth,,,부산역,서면역 부산1호선,도보 + 도시철도,제일 빠른 길 · 도보가 짧은 길 · 환승이 적은 길 · 그늘 많은 길,14.0,5738.0,VWorld LT_C_BLDGINFO WFS+odsay
reviewer_03,enriched-2d225ceca5acf4545c39,route-4a3400a0b94dafea475a,343867f9a736a9eef81b95be83ce106a4194739b67378effb49ddf2a4c38b546,youth,,,부산역,서면역 부산1호선,도보 + 도시철도,제일 빠른 길 · 도보가 짧은 길 · 환승이 적은 길 · 그늘 많은 길,14.0,5738.0,VWorld LT_C_BLDGINFO WFS+odsay
reviewer_04,enriched-2d225ceca5acf4545c39,route-4a3400a0b94dafea475a,343867f9a736a9eef81b95be83ce106a4194739b67378effb49ddf2a4c38b546,youth,,,부산역,서면역 부산1호선,도보 + 도시철도,제일 빠른 길 · 도보가 짧은 길 · 환승이 적은 길 · 그늘 많은 길,14.0,5738.0,VWorld LT_C_BLDGINFO WFS+odsay
reviewer_05,enriched-2d225ceca5acf4545c39,route-4a3400a0b94dafea475a,343867f9a736a9eef81b95be83ce106a4194739b67378effb49ddf2a4c38b546,youth,,,부산역,서면역 부산1호선,도보 + 도시철도,제일 빠른 길 · 도보가 짧은 길 · 환승이 적은 길 · 그늘 많은 길,14.0,5738.0,VWorld LT_C_BLDGINFO WFS+odsay
reviewer_06,enriched-2d225ceca5acf4545c39,route-4a3400a0b94dafea475a,343867f9a736a9eef81b95be83ce106a4194739b67378effb49ddf2a4c38b546,youth,,,부산역,서면역 부산1호선,도보 + 도시철도,제일 빠른 길 · 도보가 짧은 길 · 환승이 적은 길 · 그늘 많은 길,14.0,5738.0,VWorld LT_C_BLDGINFO WFS+odsay
reviewer_07,enriched-2d225ceca5acf4545c39,route-4a3400a0b94dafea475a,343867f9a736a9eef81b95be83ce106a4194739b67378effb49ddf2a4c38b546,youth,,,부산역,서면역 부산1호선,도보 + 도시철도,제일 빠른 길 · 도보가 짧은 길 · 환승이 적은 길 · 그늘 많은 길,14.0,5738.0,VWorld LT_C_BLDGINFO WFS+odsay
reviewer_08,enriched-2d225ceca5acf4545c39,route-4a3400a0b94dafea475a,343867f9a736a9eef81b95be83ce106a4194739b67378effb49ddf2a4c38b546,youth,,,부산역,서면역 부산1호선,도보 + 도시철도,제일 빠른 길 · 도보가 짧은 길 · 환승이 적은 길 · 그늘 많은 길,14.0,5738.0,VWorld LT_C_BLDGINFO WFS+odsay
reviewer_09,enriched-2d225ceca5acf4545c39,route-4a3400a0b94dafea475a,343867f9a736a9eef81b95be83ce106a4194739b67378effb49ddf2a4c38b546,youth,,,부산역,서면역 부산1호선,도보 + 도시철도,제일 빠른 길 · 도보가 짧은 길 · 환승이 적은 길 · 그늘 많은 길,14.0,5738.0,VWorld LT_C_BLDGINFO WFS+odsay
reviewer_01,enriched-2d225ceca5acf4545c39,route-4a3400a0b94dafea475a,343867f9a736a9eef81b95be83ce106a4194739b67378effb49ddf2a4c38b546,disabled,,,부산역,서면역 부산1호선,도보 + 도시철도,제일 빠른 길 · 도보가 짧은 길 · 환승이 적은 길 · 그늘 많은 길,14.0,5738.0,VWorld LT_C_BLDGINFO WFS+odsay
reviewer_02,enriched-2d225ceca5acf4545c39,route-4a3400a0b94dafea475a,343867f9a736a9eef81b95be83ce106a4194739b67378effb49ddf2a4c38b546,disabled,,,부산역,서면역 부산1호선,도보 + 도시철도,제일 빠른 길 · 도보가 짧은 길 · 환승이 적은 길 · 그늘 많은 길,14.0,5738.0,VWorld LT_C_BLDGINFO WFS+odsay
reviewer_03,enriched-2d225ceca5acf4545c39,route-4a3400a0b94dafea475a,343867f9a736a9eef81b95be83ce106a4194739b67378effb49ddf2a4c38b546,disabled,,,부산역,서면역 부산1호선,도보 + 도시철도,제일 빠른 길 · 도보가 짧은 길 · 환승이 적은 길 · 그늘 많은 길,14.0,5738.0,VWorld LT_C_BLDGINFO WFS+odsay
reviewer_04,enriched-2d225ceca5acf4545c39,route-4a3400a0b94dafea475a,343867f9a736a9eef81b95be83ce106a4194739b67378effb49ddf2a4c38b546,disabled,,,부산역,서면역 부산1호선,도보 + 도시철도,제일 빠른 길 · 도보가 짧은 길 · 환승이 적은 길 · 그늘 많은 길,14.0,5738.0,VWorld LT_C_BLDGINFO WFS+odsay
reviewer_05,enriched-2d225ceca5acf4545c39,route-4a3400a0b94dafea475a,343867f9a736a9eef81b95be83ce106a4194739b67378effb49ddf2a4c38b546,disabled,,,부산역,서면역 부산1호선,도보 + 도시철도,제일 빠른 길 · 도보가 짧은 길 · 환승이 적은 길 · 그늘 많은 길,14.0,5738.0,VWorld LT_C_BLDGINFO WFS+odsay
reviewer_06,enriched-2d225ceca5acf4545c39,route-4a3400a0b94dafea475a,343867f9a736a9eef81b95be83ce106a4194739b67378effb49ddf2a4c38b546,disabled,,,부산역,서면역 부산1호선,도보 + 도시철도,제일 빠른 길 · 도보가 짧은 길 · 환승이 적은 길 · 그늘 많은 길,14.0,5738.0,VWorld LT_C_BLDGINFO WFS+odsay
reviewer_07,enriched-2d225ceca5acf4545c39,route-4a3400a0b94dafea475a,343867f9a736a9eef81b95be83ce106a4194739b67378effb49ddf2a4c38b546,disabled,,,부산역,서면역 부산1호선,도보 + 도시철도,제일 빠른 길 · 도보가 짧은 길 · 환승이 적은 길 · 그늘 많은 길,14.0,5738.0,VWorld LT_C_BLDGINFO WFS+odsay
reviewer_08,enriched-2d225ceca5acf4545c39,route-4a3400a0b94dafea475a,343867f9a736a9eef81b95be83ce106a4194739b67378effb49ddf2a4c38b546,disabled,,,부산역,서면역 부산1호선,도보 + 도시철도,제일 빠른 길 · 도보가 짧은 길 · 환승이 적은 길 · 그늘 많은 길,14.0,5738.0,VWorld LT_C_BLDGINFO WFS+odsay
reviewer_09,enriched-2d225ceca5acf4545c39,route-4a3400a0b94dafea475a,343867f9a736a9eef81b95be83ce106a4194739b67378effb49ddf2a4c38b546,disabled,,,부산역,서면역 부산1호선,도보 + 도시철도,제일 빠른 길 · 도보가 짧은 길 · 환승이 적은 길 · 그늘 많은 길,14.0,5738.0,VWorld LT_C_BLDGINFO WFS+odsay
reviewer_01,enriched-2d225ceca5acf4545c39,route-4a3400a0b94dafea475a,343867f9a736a9eef81b95be83ce106a4194739b67378effb49ddf2a4c38b546,pregnant,,,부산역,서면역 부산1호선,도보 + 도시철도,제일 빠른 길 · 도보가 짧은 길 · 환승이 적은 길 · 그늘 많은 길,14.0,5738.0,VWorld LT_C_BLDGINFO WFS+odsay
reviewer_02,enriched-2d225ceca5acf4545c39,route-4a3400a0b94dafea475a,343867f9a736a9eef81b95be83ce106a4194739b67378effb49ddf2a4c38b546,pregnant,,,부산역,서면역 부산1호선,도보 + 도시철도,제일 빠른 길 · 도보가 짧은 길 · 환승이 적은 길 · 그늘 많은 길,14.0,5738.0,VWorld LT_C_BLDGINFO WFS+odsay
reviewer_03,enriched-2d225ceca5acf4545c39,route-4a3400a0b94dafea475a,343867f9a736a9eef81b95be83ce106a4194739b67378effb49ddf2a4c38b546,pregnant,,,부산역,서면역 부산1호선,도보 + 도시철도,제일 빠른 길 · 도보가 짧은 길 · 환승이 적은 길 · 그늘 많은 길,14.0,5738.0,VWorld LT_C_BLDGINFO WFS+odsay
reviewer_04,enriched-2d225ceca5acf4545c39,route-4a3400a0b94dafea475a,343867f9a736a9eef81b95be83ce106a4194739b67378effb49ddf2a4c38b546,pregnant,,,부산역,서면역 부산1호선,도보 + 도시철도,제일 빠른 길 · 도보가 짧은 길 · 환승이 적은 길 · 그늘 많은 길,14.0,5738.0,VWorld LT_C_BLDGINFO WFS+odsay
reviewer_05,enriched-2d225ceca5acf4545c39,route-4a3400a0b94dafea475a,343867f9a736a9eef81b95be83ce106a4194739b67378effb49ddf2a4c38b546,pregnant,,,부산역,서면역 부산1호선,도보 + 도시철도,제일 빠른 길 · 도보가 짧은 길 · 환승이 적은 길 · 그늘 많은 길,14.0,5738.0,VWorld LT_C_BLDGINFO WFS+odsay
reviewer_06,enriched-2d225ceca5acf4545c39,route-4a3400a0b94dafea475a,343867f9a736a9eef81b95be83ce106a4194739b67378effb49ddf2a4c38b546,pregnant,,,부산역,서면역 부산1호선,도보 + 도시철도,제일 빠른 길 · 도보가 짧은 길 · 환승이 적은 길 · 그늘 많은 길,14.0,5738.0,VWorld LT_C_BLDGINFO WFS+odsay
reviewer_07,enriched-2d225ceca5acf4545c39,route-4a3400a0b94dafea475a,343867f9a736a9eef81b95be83ce106a4194739b67378effb49ddf2a4c38b546,pregnant,,,부산역,서면역 부산1호선,도보 + 도시철도,제일 빠른 길 · 도보가 짧은 길 · 환승이 적은 길 · 그늘 많은 길,14.0,5738.0,VWorld LT_C_BLDGINFO WFS+odsay
reviewer_08,enriched-2d225ceca5acf4545c39,route-4a3400a0b94dafea475a,343867f9a736a9eef81b95be83ce106a4194739b67378effb49ddf2a4c38b546,pregnant,,,부산역,서면역 부산1호선,도보 + 도시철도,제일 빠른 길 · 도보가 짧은 길 · 환승이 적은 길 · 그늘 많은 길,14.0,5738.0,VWorld LT_C_BLDGINFO WFS+odsay
reviewer_09,enriched-2d225ceca5acf4545c39,route-4a3400a0b94dafea475a,343867f9a736a9eef81b95be83ce106a4194739b67378effb49ddf2a4c38b546,pregnant,,,부산역,서면역 부산1호선,도보 + 도시철도,제일 빠른 길 · 도보가 짧은 길 · 환승이 적은 길 · 그늘 많은 길,14.0,5738.0,VWorld LT_C_BLDGINFO WFS+odsay
reviewer_01,enriched-2d225ceca5acf4545c39,route-8f9fca27fecf9ecde25d,a377a1844b953ae89ba18d29b356eaa78b3a335b20c6bc5ba15c13ff9a4c4655,general,,,부산역,서면역 부산1호선,도보 + 167,환승이 적은 길,27.0,5619.0,VWorld LT_C_BLDGINFO WFS+odsay
reviewer_02,enriched-2d225ceca5acf4545c39,route-8f9fca27fecf9ecde25d,a377a1844b953ae89ba18d29b356eaa78b3a335b20c6bc5ba15c13ff9a4c4655,general,,,부산역,서면역 부산1호선,도보 + 167,환승이 적은 길,27.0,5619.0,VWorld LT_C_BLDGINFO WFS+odsay
reviewer_03,enriched-2d225ceca5acf4545c39,route-8f9fca27fecf9ecde25d,a377a1844b953ae89ba18d29b356eaa78b3a335b20c6bc5ba15c13ff9a4c4655,general,,,부산역,서면역 부산1호선,도보 + 167,환승이 적은 길,27.0,5619.0,VWorld LT_C_BLDGINFO WFS+odsay
reviewer_04,enriched-2d225ceca5acf4545c39,route-8f9fca27fecf9ecde25d,a377a1844b953ae89ba18d29b356eaa78b3a335b20c6bc5ba15c13ff9a4c4655,general,,,부산역,서면역 부산1호선,도보 + 167,환승이 적은 길,27.0,5619.0,VWorld LT_C_BLDGINFO WFS+odsay
reviewer_05,enriched-2d225ceca5acf4545c39,route-8f9fca27fecf9ecde25d,a377a1844b953ae89ba18d29b356eaa78b3a335b20c6bc5ba15c13ff9a4c4655,general,,,부산역,서면역 부산1호선,도보 + 167,환승이 적은 길,27.0,5619.0,VWorld LT_C_BLDGINFO WFS+odsay
reviewer_06,enriched-2d225ceca5acf4545c39,route-8f9fca27fecf9ecde25d,a377a1844b953ae89ba18d29b356eaa78b3a335b20c6bc5ba15c13ff9a4c4655,general,,,부산역,서면역 부산1호선,도보 + 167,환승이 적은 길,27.0,5619.0,VWorld LT_C_BLDGINFO WFS+odsay
reviewer_07,enriched-2d225ceca5acf4545c39,route-8f9fca27fecf9ecde25d,a377a1844b953ae89ba18d29b356eaa78b3a335b20c6bc5ba15c13ff9a4c4655,general,,,부산역,서면역 부산1호선,도보 + 167,환승이 적은 길,27.0,5619.0,VWorld LT_C_BLDGINFO WFS+odsay
reviewer_08,enriched-2d225ceca5acf4545c39,route-8f9fca27fecf9ecde25d,a377a1844b953ae89ba18d29b356eaa78b3a335b20c6bc5ba15c13ff9a4c4655,general,,,부산역,서면역 부산1호선,도보 + 167,환승이 적은 길,27.0,5619.0,VWorld LT_C_BLDGINFO WFS+odsay
reviewer_09,enriched-2d225ceca5acf4545c39,route-8f9fca27fecf9ecde25d,a377a1844b953ae89ba18d29b356eaa78b3a335b20c6bc5ba15c13ff9a4c4655,general,,,부산역,서면역 부산1호선,도보 + 167,환승이 적은 길,27.0,5619.0,VWorld LT_C_BLDGINFO WFS+odsay
reviewer_01,enriched-2d225ceca5acf4545c39,route-8f9fca27fecf9ecde25d,a377a1844b953ae89ba18d29b356eaa78b3a335b20c6bc5ba15c13ff9a4c4655,elderly,,,부산역,서면역 부산1호선,도보 + 167,환승이 적은 길,27.0,5619.0,VWorld LT_C_BLDGINFO WFS+odsay
reviewer_02,enriched-2d225ceca5acf4545c39,route-8f9fca27fecf9ecde25d,a377a1844b953ae89ba18d29b356eaa78b3a335b20c6bc5ba15c13ff9a4c4655,elderly,,,부산역,서면역 부산1호선,도보 + 167,환승이 적은 길,27.0,5619.0,VWorld LT_C_BLDGINFO WFS+odsay
reviewer_03,enriched-2d225ceca5acf4545c39,route-8f9fca27fecf9ecde25d,a377a1844b953ae89ba18d29b356eaa78b3a335b20c6bc5ba15c13ff9a4c4655,elderly,,,부산역,서면역 부산1호선,도보 + 167,환승이 적은 길,27.0,5619.0,VWorld LT_C_BLDGINFO WFS+odsay
reviewer_04,enriched-2d225ceca5acf4545c39,route-8f9fca27fecf9ecde25d,a377a1844b953ae89ba18d29b356eaa78b3a335b20c6bc5ba15c13ff9a4c4655,elderly,,,부산역,서면역 부산1호선,도보 + 167,환승이 적은 길,27.0,5619.0,VWorld LT_C_BLDGINFO WFS+odsay
reviewer_05,enriched-2d225ceca5acf4545c39,route-8f9fca27fecf9ecde25d,a377a1844b953ae89ba18d29b356eaa78b3a335b20c6bc5ba15c13ff9a4c4655,elderly,,,부산역,서면역 부산1호선,도보 + 167,환승이 적은 길,27.0,5619.0,VWorld LT_C_BLDGINFO WFS+odsay
reviewer_06,enriched-2d225ceca5acf4545c39,route-8f9fca27fecf9ecde25d,a377a1844b953ae89ba18d29b356eaa78b3a335b20c6bc5ba15c13ff9a4c4655,elderly,,,부산역,서면역 부산1호선,도보 + 167,환승이 적은 길,27.0,5619.0,VWorld LT_C_BLDGINFO WFS+odsay
reviewer_07,enriched-2d225ceca5acf4545c39,route-8f9fca27fecf9ecde25d,a377a1844b953ae89ba18d29b356eaa78b3a335b20c6bc5ba15c13ff9a4c4655,elderly,,,부산역,서면역 부산1호선,도보 + 167,환승이 적은 길,27.0,5619.0,VWorld LT_C_BLDGINFO WFS+odsay
reviewer_08,enriched-2d225ceca5acf4545c39,route-8f9fca27fecf9ecde25d,a377a1844b953ae89ba18d29b356eaa78b3a335b20c6bc5ba15c13ff9a4c4655,elderly,,,부산역,서면역 부산1호선,도보 + 167,환승이 적은 길,27.0,5619.0,VWorld LT_C_BLDGINFO WFS+odsay
reviewer_09,enriched-2d225ceca5acf4545c39,route-8f9fca27fecf9ecde25d,a377a1844b953ae89ba18d29b356eaa78b3a335b20c6bc5ba15c13ff9a4c4655,elderly,,,부산역,서면역 부산1호선,도보 + 167,환승이 적은 길,27.0,5619.0,VWorld LT_C_BLDGINFO WFS+odsay
reviewer_01,enriched-2d225ceca5acf4545c39,route-8f9fca27fecf9ecde25d,a377a1844b953ae89ba18d29b356eaa78b3a335b20c6bc5ba15c13ff9a4c4655,child,,,부산역,서면역 부산1호선,도보 + 167,환승이 적은 길,27.0,5619.0,VWorld LT_C_BLDGINFO WFS+odsay
reviewer_02,enriched-2d225ceca5acf4545c39,route-8f9fca27fecf9ecde25d,a377a1844b953ae89ba18d29b356eaa78b3a335b20c6bc5ba15c13ff9a4c4655,child,,,부산역,서면역 부산1호선,도보 + 167,환승이 적은 길,27.0,5619.0,VWorld LT_C_BLDGINFO WFS+odsay
reviewer_03,enriched-2d225ceca5acf4545c39,route-8f9fca27fecf9ecde25d,a377a1844b953ae89ba18d29b356eaa78b3a335b20c6bc5ba15c13ff9a4c4655,child,,,부산역,서면역 부산1호선,도보 + 167,환승이 적은 길,27.0,5619.0,VWorld LT_C_BLDGINFO WFS+odsay
reviewer_04,enriched-2d225ceca5acf4545c39,route-8f9fca27fecf9ecde25d,a377a1844b953ae89ba18d29b356eaa78b3a335b20c6bc5ba15c13ff9a4c4655,child,,,부산역,서면역 부산1호선,도보 + 167,환승이 적은 길,27.0,5619.0,VWorld LT_C_BLDGINFO WFS+odsay
reviewer_05,enriched-2d225ceca5acf4545c39,route-8f9fca27fecf9ecde25d,a377a1844b953ae89ba18d29b356eaa78b3a335b20c6bc5ba15c13ff9a4c4655,child,,,부산역,서면역 부산1호선,도보 + 167,환승이 적은 길,27.0,5619.0,VWorld LT_C_BLDGINFO WFS+odsay
reviewer_06,enriched-2d225ceca5acf4545c39,route-8f9fca27fecf9ecde25d,a377a1844b953ae89ba18d29b356eaa78b3a335b20c6bc5ba15c13ff9a4c4655,child,,,부산역,서면역 부산1호선,도보 + 167,환승이 적은 길,27.0,5619.0,VWorld LT_C_BLDGINFO WFS+odsay
reviewer_07,enriched-2d225ceca5acf4545c39,route-8f9fca27fecf9ecde25d,a377a1844b953ae89ba18d29b356eaa78b3a335b20c6bc5ba15c13ff9a4c4655,child,,,부산역,서면역 부산1호선,도보 + 167,환승이 적은 길,27.0,5619.0,VWorld LT_C_BLDGINFO WFS+odsay
reviewer_08,enriched-2d225ceca5acf4545c39,route-8f9fca27fecf9ecde25d,a377a1844b953ae89ba18d29b356eaa78b3a335b20c6bc5ba15c13ff9a4c4655,child,,,부산역,서면역 부산1호선,도보 + 167,환승이 적은 길,27.0,5619.0,VWorld LT_C_BLDGINFO WFS+odsay
reviewer_09,enriched-2d225ceca5acf4545c39,route-8f9fca27fecf9ecde25d,a377a1844b953ae89ba18d29b356eaa78b3a335b20c6bc5ba15c13ff9a4c4655,child,,,부산역,서면역 부산1호선,도보 + 167,환승이 적은 길,27.0,5619.0,VWorld LT_C_BLDGINFO WFS+odsay
reviewer_01,enriched-2d225ceca5acf4545c39,route-8f9fca27fecf9ecde25d,a377a1844b953ae89ba18d29b356eaa78b3a335b20c6bc5ba15c13ff9a4c4655,youth,,,부산역,서면역 부산1호선,도보 + 167,환승이 적은 길,27.0,5619.0,VWorld LT_C_BLDGINFO WFS+odsay
reviewer_02,enriched-2d225ceca5acf4545c39,route-8f9fca27fecf9ecde25d,a377a1844b953ae89ba18d29b356eaa78b3a335b20c6bc5ba15c13ff9a4c4655,youth,,,부산역,서면역 부산1호선,도보 + 167,환승이 적은 길,27.0,5619.0,VWorld LT_C_BLDGINFO WFS+odsay
reviewer_03,enriched-2d225ceca5acf4545c39,route-8f9fca27fecf9ecde25d,a377a1844b953ae89ba18d29b356eaa78b3a335b20c6bc5ba15c13ff9a4c4655,youth,,,부산역,서면역 부산1호선,도보 + 167,환승이 적은 길,27.0,5619.0,VWorld LT_C_BLDGINFO WFS+odsay
reviewer_04,enriched-2d225ceca5acf4545c39,route-8f9fca27fecf9ecde25d,a377a1844b953ae89ba18d29b356eaa78b3a335b20c6bc5ba15c13ff9a4c4655,youth,,,부산역,서면역 부산1호선,도보 + 167,환승이 적은 길,27.0,5619.0,VWorld LT_C_BLDGINFO WFS+odsay
reviewer_05,enriched-2d225ceca5acf4545c39,route-8f9fca27fecf9ecde25d,a377a1844b953ae89ba18d29b356eaa78b3a335b20c6bc5ba15c13ff9a4c4655,youth,,,부산역,서면역 부산1호선,도보 + 167,환승이 적은 길,27.0,5619.0,VWorld LT_C_BLDGINFO WFS+odsay
reviewer_06,enriched-2d225ceca5acf4545c39,route-8f9fca27fecf9ecde25d,a377a1844b953ae89ba18d29b356eaa78b3a335b20c6bc5ba15c13ff9a4c4655,youth,,,부산역,서면역 부산1호선,도보 + 167,환승이 적은 길,27.0,5619.0,VWorld LT_C_BLDGINFO WFS+odsay
reviewer_07,enriched-2d225ceca5acf4545c39,route-8f9fca27fecf9ecde25d,a377a1844b953ae89ba18d29b356eaa78b3a335b20c6bc5ba15c13ff9a4c4655,youth,,,부산역,서면역 부산1호선,도보 + 167,환승이 적은 길,27.0,5619.0,VWorld LT_C_BLDGINFO WFS+odsay
reviewer_08,enriched-2d225ceca5acf4545c39,route-8f9fca27fecf9ecde25d,a377a1844b953ae89ba18d29b356eaa78b3a335b20c6bc5ba15c13ff9a4c4655,youth,,,부산역,서면역 부산1호선,도보 + 167,환승이 적은 길,27.0,5619.0,VWorld LT_C_BLDGINFO WFS+odsay
reviewer_09,enriched-2d225ceca5acf4545c39,route-8f9fca27fecf9ecde25d,a377a1844b953ae89ba18d29b356eaa78b3a335b20c6bc5ba15c13ff9a4c4655,youth,,,부산역,서면역 부산1호선,도보 + 167,환승이 적은 길,27.0,5619.0,VWorld LT_C_BLDGINFO WFS+odsay
reviewer_01,enriched-2d225ceca5acf4545c39,route-8f9fca27fecf9ecde25d,a377a1844b953ae89ba18d29b356eaa78b3a335b20c6bc5ba15c13ff9a4c4655,disabled,,,부산역,서면역 부산1호선,도보 + 167,환승이 적은 길,27.0,5619.0,VWorld LT_C_BLDGINFO WFS+odsay
reviewer_02,enriched-2d225ceca5acf4545c39,route-8f9fca27fecf9ecde25d,a377a1844b953ae89ba18d29b356eaa78b3a335b20c6bc5ba15c13ff9a4c4655,disabled,,,부산역,서면역 부산1호선,도보 + 167,환승이 적은 길,27.0,5619.0,VWorld LT_C_BLDGINFO WFS+odsay
reviewer_03,enriched-2d225ceca5acf4545c39,route-8f9fca27fecf9ecde25d,a377a1844b953ae89ba18d29b356eaa78b3a335b20c6bc5ba15c13ff9a4c4655,disabled,,,부산역,서면역 부산1호선,도보 + 167,환승이 적은 길,27.0,5619.0,VWorld LT_C_BLDGINFO WFS+odsay
reviewer_04,enriched-2d225ceca5acf4545c39,route-8f9fca27fecf9ecde25d,a377a1844b953ae89ba18d29b356eaa78b3a335b20c6bc5ba15c13ff9a4c4655,disabled,,,부산역,서면역 부산1호선,도보 + 167,환승이 적은 길,27.0,5619.0,VWorld LT_C_BLDGINFO WFS+odsay
reviewer_05,enriched-2d225ceca5acf4545c39,route-8f9fca27fecf9ecde25d,a377a1844b953ae89ba18d29b356eaa78b3a335b20c6bc5ba15c13ff9a4c4655,disabled,,,부산역,서면역 부산1호선,도보 + 167,환승이 적은 길,27.0,5619.0,VWorld LT_C_BLDGINFO WFS+odsay
reviewer_06,enriched-2d225ceca5acf4545c39,route-8f9fca27fecf9ecde25d,a377a1844b953ae89ba18d29b356eaa78b3a335b20c6bc5ba15c13ff9a4c4655,disabled,,,부산역,서면역 부산1호선,도보 + 167,환승이 적은 길,27.0,5619.0,VWorld LT_C_BLDGINFO WFS+odsay
reviewer_07,enriched-2d225ceca5acf4545c39,route-8f9fca27fecf9ecde25d,a377a1844b953ae89ba18d29b356eaa78b3a335b20c6bc5ba15c13ff9a4c4655,disabled,,,부산역,서면역 부산1호선,도보 + 167,환승이 적은 길,27.0,5619.0,VWorld LT_C_BLDGINFO WFS+odsay
reviewer_08,enriched-2d225ceca5acf4545c39,route-8f9fca27fecf9ecde25d,a377a1844b953ae89ba18d29b356eaa78b3a335b20c6bc5ba15c13ff9a4c4655,disabled,,,부산역,서면역 부산1호선,도보 + 167,환승이 적은 길,27.0,5619.0,VWorld LT_C_BLDGINFO WFS+odsay
reviewer_09,enriched-2d225ceca5acf4545c39,route-8f9fca27fecf9ecde25d,a377a1844b953ae89ba18d29b356eaa78b3a335b20c6bc5ba15c13ff9a4c4655,disabled,,,부산역,서면역 부산1호선,도보 + 167,환승이 적은 길,27.0,5619.0,VWorld LT_C_BLDGINFO WFS+odsay
reviewer_01,enriched-2d225ceca5acf4545c39,route-8f9fca27fecf9ecde25d,a377a1844b953ae89ba18d29b356eaa78b3a335b20c6bc5ba15c13ff9a4c4655,pregnant,,,부산역,서면역 부산1호선,도보 + 167,환승이 적은 길,27.0,5619.0,VWorld LT_C_BLDGINFO WFS+odsay
reviewer_02,enriched-2d225ceca5acf4545c39,route-8f9fca27fecf9ecde25d,a377a1844b953ae89ba18d29b356eaa78b3a335b20c6bc5ba15c13ff9a4c4655,pregnant,,,부산역,서면역 부산1호선,도보 + 167,환승이 적은 길,27.0,5619.0,VWorld LT_C_BLDGINFO WFS+odsay
reviewer_03,enriched-2d225ceca5acf4545c39,route-8f9fca27fecf9ecde25d,a377a1844b953ae89ba18d29b356eaa78b3a335b20c6bc5ba15c13ff9a4c4655,pregnant,,,부산역,서면역 부산1호선,도보 + 167,환승이 적은 길,27.0,5619.0,VWorld LT_C_BLDGINFO WFS+odsay
reviewer_04,enriched-2d225ceca5acf4545c39,route-8f9fca27fecf9ecde25d,a377a1844b953ae89ba18d29b356eaa78b3a335b20c6bc5ba15c13ff9a4c4655,pregnant,,,부산역,서면역 부산1호선,도보 + 167,환승이 적은 길,27.0,5619.0,VWorld LT_C_BLDGINFO WFS+odsay
reviewer_05,enriched-2d225ceca5acf4545c39,route-8f9fca27fecf9ecde25d,a377a1844b953ae89ba18d29b356eaa78b3a335b20c6bc5ba15c13ff9a4c4655,pregnant,,,부산역,서면역 부산1호선,도보 + 167,환승이 적은 길,27.0,5619.0,VWorld LT_C_BLDGINFO WFS+odsay
reviewer_06,enriched-2d225ceca5acf4545c39,route-8f9fca27fecf9ecde25d,a377a1844b953ae89ba18d29b356eaa78b3a335b20c6bc5ba15c13ff9a4c4655,pregnant,,,부산역,서면역 부산1호선,도보 + 167,환승이 적은 길,27.0,5619.0,VWorld LT_C_BLDGINFO WFS+odsay
reviewer_07,enriched-2d225ceca5acf4545c39,route-8f9fca27fecf9ecde25d,a377a1844b953ae89ba18d29b356eaa78b3a335b20c6bc5ba15c13ff9a4c4655,pregnant,,,부산역,서면역 부산1호선,도보 + 167,환승이 적은 길,27.0,5619.0,VWorld LT_C_BLDGINFO WFS+odsay
reviewer_08,enriched-2d225ceca5acf4545c39,route-8f9fca27fecf9ecde25d,a377a1844b953ae89ba18d29b356eaa78b3a335b20c6bc5ba15c13ff9a4c4655,pregnant,,,부산역,서면역 부산1호선,도보 + 167,환승이 적은 길,27.0,5619.0,VWorld LT_C_BLDGINFO WFS+odsay
reviewer_09,enriched-2d225ceca5acf4545c39,route-8f9fca27fecf9ecde25d,a377a1844b953ae89ba18d29b356eaa78b3a335b20c6bc5ba15c13ff9a4c4655,pregnant,,,부산역,서면역 부산1호선,도보 + 167,환승이 적은 길,27.0,5619.0,VWorld LT_C_BLDGINFO WFS+odsay
reviewer_01,enriched-2d225ceca5acf4545c39,route-1e5993e363b414dda1bf,aa544ac15931480c48629b1c9576a5dbd56b057649198d2dc27cdbc52e9631ae,general,,,부산역,서면역 부산1호선,도보 + 17,환승이 적은 길 · 경사가 완만한 길,27.0,5758.0,VWorld LT_C_BLDGINFO WFS+odsay
reviewer_02,enriched-2d225ceca5acf4545c39,route-1e5993e363b414dda1bf,aa544ac15931480c48629b1c9576a5dbd56b057649198d2dc27cdbc52e9631ae,general,,,부산역,서면역 부산1호선,도보 + 17,환승이 적은 길 · 경사가 완만한 길,27.0,5758.0,VWorld LT_C_BLDGINFO WFS+odsay
reviewer_03,enriched-2d225ceca5acf4545c39,route-1e5993e363b414dda1bf,aa544ac15931480c48629b1c9576a5dbd56b057649198d2dc27cdbc52e9631ae,general,,,부산역,서면역 부산1호선,도보 + 17,환승이 적은 길 · 경사가 완만한 길,27.0,5758.0,VWorld LT_C_BLDGINFO WFS+odsay
reviewer_04,enriched-2d225ceca5acf4545c39,route-1e5993e363b414dda1bf,aa544ac15931480c48629b1c9576a5dbd56b057649198d2dc27cdbc52e9631ae,general,,,부산역,서면역 부산1호선,도보 + 17,환승이 적은 길 · 경사가 완만한 길,27.0,5758.0,VWorld LT_C_BLDGINFO WFS+odsay
reviewer_05,enriched-2d225ceca5acf4545c39,route-1e5993e363b414dda1bf,aa544ac15931480c48629b1c9576a5dbd56b057649198d2dc27cdbc52e9631ae,general,,,부산역,서면역 부산1호선,도보 + 17,환승이 적은 길 · 경사가 완만한 길,27.0,5758.0,VWorld LT_C_BLDGINFO WFS+odsay
reviewer_06,enriched-2d225ceca5acf4545c39,route-1e5993e363b414dda1bf,aa544ac15931480c48629b1c9576a5dbd56b057649198d2dc27cdbc52e9631ae,general,,,부산역,서면역 부산1호선,도보 + 17,환승이 적은 길 · 경사가 완만한 길,27.0,5758.0,VWorld LT_C_BLDGINFO WFS+odsay
reviewer_07,enriched-2d225ceca5acf4545c39,route-1e5993e363b414dda1bf,aa544ac15931480c48629b1c9576a5dbd56b057649198d2dc27cdbc52e9631ae,general,,,부산역,서면역 부산1호선,도보 + 17,환승이 적은 길 · 경사가 완만한 길,27.0,5758.0,VWorld LT_C_BLDGINFO WFS+odsay
reviewer_08,enriched-2d225ceca5acf4545c39,route-1e5993e363b414dda1bf,aa544ac15931480c48629b1c9576a5dbd56b057649198d2dc27cdbc52e9631ae,general,,,부산역,서면역 부산1호선,도보 + 17,환승이 적은 길 · 경사가 완만한 길,27.0,5758.0,VWorld LT_C_BLDGINFO WFS+odsay
reviewer_09,enriched-2d225ceca5acf4545c39,route-1e5993e363b414dda1bf,aa544ac15931480c48629b1c9576a5dbd56b057649198d2dc27cdbc52e9631ae,general,,,부산역,서면역 부산1호선,도보 + 17,환승이 적은 길 · 경사가 완만한 길,27.0,5758.0,VWorld LT_C_BLDGINFO WFS+odsay
reviewer_01,enriched-2d225ceca5acf4545c39,route-1e5993e363b414dda1bf,aa544ac15931480c48629b1c9576a5dbd56b057649198d2dc27cdbc52e9631ae,elderly,,,부산역,서면역 부산1호선,도보 + 17,환승이 적은 길 · 경사가 완만한 길,27.0,5758.0,VWorld LT_C_BLDGINFO WFS+odsay
reviewer_02,enriched-2d225ceca5acf4545c39,route-1e5993e363b414dda1bf,aa544ac15931480c48629b1c9576a5dbd56b057649198d2dc27cdbc52e9631ae,elderly,,,부산역,서면역 부산1호선,도보 + 17,환승이 적은 길 · 경사가 완만한 길,27.0,5758.0,VWorld LT_C_BLDGINFO WFS+odsay
reviewer_03,enriched-2d225ceca5acf4545c39,route-1e5993e363b414dda1bf,aa544ac15931480c48629b1c9576a5dbd56b057649198d2dc27cdbc52e9631ae,elderly,,,부산역,서면역 부산1호선,도보 + 17,환승이 적은 길 · 경사가 완만한 길,27.0,5758.0,VWorld LT_C_BLDGINFO WFS+odsay
reviewer_04,enriched-2d225ceca5acf4545c39,route-1e5993e363b414dda1bf,aa544ac15931480c48629b1c9576a5dbd56b057649198d2dc27cdbc52e9631ae,elderly,,,부산역,서면역 부산1호선,도보 + 17,환승이 적은 길 · 경사가 완만한 길,27.0,5758.0,VWorld LT_C_BLDGINFO WFS+odsay
reviewer_05,enriched-2d225ceca5acf4545c39,route-1e5993e363b414dda1bf,aa544ac15931480c48629b1c9576a5dbd56b057649198d2dc27cdbc52e9631ae,elderly,,,부산역,서면역 부산1호선,도보 + 17,환승이 적은 길 · 경사가 완만한 길,27.0,5758.0,VWorld LT_C_BLDGINFO WFS+odsay
reviewer_06,enriched-2d225ceca5acf4545c39,route-1e5993e363b414dda1bf,aa544ac15931480c48629b1c9576a5dbd56b057649198d2dc27cdbc52e9631ae,elderly,,,부산역,서면역 부산1호선,도보 + 17,환승이 적은 길 · 경사가 완만한 길,27.0,5758.0,VWorld LT_C_BLDGINFO WFS+odsay
reviewer_07,enriched-2d225ceca5acf4545c39,route-1e5993e363b414dda1bf,aa544ac15931480c48629b1c9576a5dbd56b057649198d2dc27cdbc52e9631ae,elderly,,,부산역,서면역 부산1호선,도보 + 17,환승이 적은 길 · 경사가 완만한 길,27.0,5758.0,VWorld LT_C_BLDGINFO WFS+odsay
reviewer_08,enriched-2d225ceca5acf4545c39,route-1e5993e363b414dda1bf,aa544ac15931480c48629b1c9576a5dbd56b057649198d2dc27cdbc52e9631ae,elderly,,,부산역,서면역 부산1호선,도보 + 17,환승이 적은 길 · 경사가 완만한 길,27.0,5758.0,VWorld LT_C_BLDGINFO WFS+odsay
reviewer_09,enriched-2d225ceca5acf4545c39,route-1e5993e363b414dda1bf,aa544ac15931480c48629b1c9576a5dbd56b057649198d2dc27cdbc52e9631ae,elderly,,,부산역,서면역 부산1호선,도보 + 17,환승이 적은 길 · 경사가 완만한 길,27.0,5758.0,VWorld LT_C_BLDGINFO WFS+odsay
reviewer_01,enriched-2d225ceca5acf4545c39,route-1e5993e363b414dda1bf,aa544ac15931480c48629b1c9576a5dbd56b057649198d2dc27cdbc52e9631ae,child,,,부산역,서면역 부산1호선,도보 + 17,환승이 적은 길 · 경사가 완만한 길,27.0,5758.0,VWorld LT_C_BLDGINFO WFS+odsay
reviewer_02,enriched-2d225ceca5acf4545c39,route-1e5993e363b414dda1bf,aa544ac15931480c48629b1c9576a5dbd56b057649198d2dc27cdbc52e9631ae,child,,,부산역,서면역 부산1호선,도보 + 17,환승이 적은 길 · 경사가 완만한 길,27.0,5758.0,VWorld LT_C_BLDGINFO WFS+odsay
reviewer_03,enriched-2d225ceca5acf4545c39,route-1e5993e363b414dda1bf,aa544ac15931480c48629b1c9576a5dbd56b057649198d2dc27cdbc52e9631ae,child,,,부산역,서면역 부산1호선,도보 + 17,환승이 적은 길 · 경사가 완만한 길,27.0,5758.0,VWorld LT_C_BLDGINFO WFS+odsay
reviewer_04,enriched-2d225ceca5acf4545c39,route-1e5993e363b414dda1bf,aa544ac15931480c48629b1c9576a5dbd56b057649198d2dc27cdbc52e9631ae,child,,,부산역,서면역 부산1호선,도보 + 17,환승이 적은 길 · 경사가 완만한 길,27.0,5758.0,VWorld LT_C_BLDGINFO WFS+odsay
reviewer_05,enriched-2d225ceca5acf4545c39,route-1e5993e363b414dda1bf,aa544ac15931480c48629b1c9576a5dbd56b057649198d2dc27cdbc52e9631ae,child,,,부산역,서면역 부산1호선,도보 + 17,환승이 적은 길 · 경사가 완만한 길,27.0,5758.0,VWorld LT_C_BLDGINFO WFS+odsay
reviewer_06,enriched-2d225ceca5acf4545c39,route-1e5993e363b414dda1bf,aa544ac15931480c48629b1c9576a5dbd56b057649198d2dc27cdbc52e9631ae,child,,,부산역,서면역 부산1호선,도보 + 17,환승이 적은 길 · 경사가 완만한 길,27.0,5758.0,VWorld LT_C_BLDGINFO WFS+odsay
reviewer_07,enriched-2d225ceca5acf4545c39,route-1e5993e363b414dda1bf,aa544ac15931480c48629b1c9576a5dbd56b057649198d2dc27cdbc52e9631ae,child,,,부산역,서면역 부산1호선,도보 + 17,환승이 적은 길 · 경사가 완만한 길,27.0,5758.0,VWorld LT_C_BLDGINFO WFS+odsay
reviewer_08,enriched-2d225ceca5acf4545c39,route-1e5993e363b414dda1bf,aa544ac15931480c48629b1c9576a5dbd56b057649198d2dc27cdbc52e9631ae,child,,,부산역,서면역 부산1호선,도보 + 17,환승이 적은 길 · 경사가 완만한 길,27.0,5758.0,VWorld LT_C_BLDGINFO WFS+odsay
reviewer_09,enriched-2d225ceca5acf4545c39,route-1e5993e363b414dda1bf,aa544ac15931480c48629b1c9576a5dbd56b057649198d2dc27cdbc52e9631ae,child,,,부산역,서면역 부산1호선,도보 + 17,환승이 적은 길 · 경사가 완만한 길,27.0,5758.0,VWorld LT_C_BLDGINFO WFS+odsay
reviewer_01,enriched-2d225ceca5acf4545c39,route-1e5993e363b414dda1bf,aa544ac15931480c48629b1c9576a5dbd56b057649198d2dc27cdbc52e9631ae,youth,,,부산역,서면역 부산1호선,도보 + 17,환승이 적은 길 · 경사가 완만한 길,27.0,5758.0,VWorld LT_C_BLDGINFO WFS+odsay
reviewer_02,enriched-2d225ceca5acf4545c39,route-1e5993e363b414dda1bf,aa544ac15931480c48629b1c9576a5dbd56b057649198d2dc27cdbc52e9631ae,youth,,,부산역,서면역 부산1호선,도보 + 17,환승이 적은 길 · 경사가 완만한 길,27.0,5758.0,VWorld LT_C_BLDGINFO WFS+odsay
reviewer_03,enriched-2d225ceca5acf4545c39,route-1e5993e363b414dda1bf,aa544ac15931480c48629b1c9576a5dbd56b057649198d2dc27cdbc52e9631ae,youth,,,부산역,서면역 부산1호선,도보 + 17,환승이 적은 길 · 경사가 완만한 길,27.0,5758.0,VWorld LT_C_BLDGINFO WFS+odsay
reviewer_04,enriched-2d225ceca5acf4545c39,route-1e5993e363b414dda1bf,aa544ac15931480c48629b1c9576a5dbd56b057649198d2dc27cdbc52e9631ae,youth,,,부산역,서면역 부산1호선,도보 + 17,환승이 적은 길 · 경사가 완만한 길,27.0,5758.0,VWorld LT_C_BLDGINFO WFS+odsay
reviewer_05,enriched-2d225ceca5acf4545c39,route-1e5993e363b414dda1bf,aa544ac15931480c48629b1c9576a5dbd56b057649198d2dc27cdbc52e9631ae,youth,,,부산역,서면역 부산1호선,도보 + 17,환승이 적은 길 · 경사가 완만한 길,27.0,5758.0,VWorld LT_C_BLDGINFO WFS+odsay
reviewer_06,enriched-2d225ceca5acf4545c39,route-1e5993e363b414dda1bf,aa544ac15931480c48629b1c9576a5dbd56b057649198d2dc27cdbc52e9631ae,youth,,,부산역,서면역 부산1호선,도보 + 17,환승이 적은 길 · 경사가 완만한 길,27.0,5758.0,VWorld LT_C_BLDGINFO WFS+odsay
reviewer_07,enriched-2d225ceca5acf4545c39,route-1e5993e363b414dda1bf,aa544ac15931480c48629b1c9576a5dbd56b057649198d2dc27cdbc52e9631ae,youth,,,부산역,서면역 부산1호선,도보 + 17,환승이 적은 길 · 경사가 완만한 길,27.0,5758.0,VWorld LT_C_BLDGINFO WFS+odsay
reviewer_08,enriched-2d225ceca5acf4545c39,route-1e5993e363b414dda1bf,aa544ac15931480c48629b1c9576a5dbd56b057649198d2dc27cdbc52e9631ae,youth,,,부산역,서면역 부산1호선,도보 + 17,환승이 적은 길 · 경사가 완만한 길,27.0,5758.0,VWorld LT_C_BLDGINFO WFS+odsay
reviewer_09,enriched-2d225ceca5acf4545c39,route-1e5993e363b414dda1bf,aa544ac15931480c48629b1c9576a5dbd56b057649198d2dc27cdbc52e9631ae,youth,,,부산역,서면역 부산1호선,도보 + 17,환승이 적은 길 · 경사가 완만한 길,27.0,5758.0,VWorld LT_C_BLDGINFO WFS+odsay
reviewer_01,enriched-2d225ceca5acf4545c39,route-1e5993e363b414dda1bf,aa544ac15931480c48629b1c9576a5dbd56b057649198d2dc27cdbc52e9631ae,disabled,,,부산역,서면역 부산1호선,도보 + 17,환승이 적은 길 · 경사가 완만한 길,27.0,5758.0,VWorld LT_C_BLDGINFO WFS+odsay
reviewer_02,enriched-2d225ceca5acf4545c39,route-1e5993e363b414dda1bf,aa544ac15931480c48629b1c9576a5dbd56b057649198d2dc27cdbc52e9631ae,disabled,,,부산역,서면역 부산1호선,도보 + 17,환승이 적은 길 · 경사가 완만한 길,27.0,5758.0,VWorld LT_C_BLDGINFO WFS+odsay
reviewer_03,enriched-2d225ceca5acf4545c39,route-1e5993e363b414dda1bf,aa544ac15931480c48629b1c9576a5dbd56b057649198d2dc27cdbc52e9631ae,disabled,,,부산역,서면역 부산1호선,도보 + 17,환승이 적은 길 · 경사가 완만한 길,27.0,5758.0,VWorld LT_C_BLDGINFO WFS+odsay
reviewer_04,enriched-2d225ceca5acf4545c39,route-1e5993e363b414dda1bf,aa544ac15931480c48629b1c9576a5dbd56b057649198d2dc27cdbc52e9631ae,disabled,,,부산역,서면역 부산1호선,도보 + 17,환승이 적은 길 · 경사가 완만한 길,27.0,5758.0,VWorld LT_C_BLDGINFO WFS+odsay
reviewer_05,enriched-2d225ceca5acf4545c39,route-1e5993e363b414dda1bf,aa544ac15931480c48629b1c9576a5dbd56b057649198d2dc27cdbc52e9631ae,disabled,,,부산역,서면역 부산1호선,도보 + 17,환승이 적은 길 · 경사가 완만한 길,27.0,5758.0,VWorld LT_C_BLDGINFO WFS+odsay
reviewer_06,enriched-2d225ceca5acf4545c39,route-1e5993e363b414dda1bf,aa544ac15931480c48629b1c9576a5dbd56b057649198d2dc27cdbc52e9631ae,disabled,,,부산역,서면역 부산1호선,도보 + 17,환승이 적은 길 · 경사가 완만한 길,27.0,5758.0,VWorld LT_C_BLDGINFO WFS+odsay
reviewer_07,enriched-2d225ceca5acf4545c39,route-1e5993e363b414dda1bf,aa544ac15931480c48629b1c9576a5dbd56b057649198d2dc27cdbc52e9631ae,disabled,,,부산역,서면역 부산1호선,도보 + 17,환승이 적은 길 · 경사가 완만한 길,27.0,5758.0,VWorld LT_C_BLDGINFO WFS+odsay
reviewer_08,enriched-2d225ceca5acf4545c39,route-1e5993e363b414dda1bf,aa544ac15931480c48629b1c9576a5dbd56b057649198d2dc27cdbc52e9631ae,disabled,,,부산역,서면역 부산1호선,도보 + 17,환승이 적은 길 · 경사가 완만한 길,27.0,5758.0,VWorld LT_C_BLDGINFO WFS+odsay
reviewer_09,enriched-2d225ceca5acf4545c39,route-1e5993e363b414dda1bf,aa544ac15931480c48629b1c9576a5dbd56b057649198d2dc27cdbc52e9631ae,disabled,,,부산역,서면역 부산1호선,도보 + 17,환승이 적은 길 · 경사가 완만한 길,27.0,5758.0,VWorld LT_C_BLDGINFO WFS+odsay
reviewer_01,enriched-2d225ceca5acf4545c39,route-1e5993e363b414dda1bf,aa544ac15931480c48629b1c9576a5dbd56b057649198d2dc27cdbc52e9631ae,pregnant,,,부산역,서면역 부산1호선,도보 + 17,환승이 적은 길 · 경사가 완만한 길,27.0,5758.0,VWorld LT_C_BLDGINFO WFS+odsay
reviewer_02,enriched-2d225ceca5acf4545c39,route-1e5993e363b414dda1bf,aa544ac15931480c48629b1c9576a5dbd56b057649198d2dc27cdbc52e9631ae,pregnant,,,부산역,서면역 부산1호선,도보 + 17,환승이 적은 길 · 경사가 완만한 길,27.0,5758.0,VWorld LT_C_BLDGINFO WFS+odsay
reviewer_03,enriched-2d225ceca5acf4545c39,route-1e5993e363b414dda1bf,aa544ac15931480c48629b1c9576a5dbd56b057649198d2dc27cdbc52e9631ae,pregnant,,,부산역,서면역 부산1호선,도보 + 17,환승이 적은 길 · 경사가 완만한 길,27.0,5758.0,VWorld LT_C_BLDGINFO WFS+odsay
reviewer_04,enriched-2d225ceca5acf4545c39,route-1e5993e363b414dda1bf,aa544ac15931480c48629b1c9576a5dbd56b057649198d2dc27cdbc52e9631ae,pregnant,,,부산역,서면역 부산1호선,도보 + 17,환승이 적은 길 · 경사가 완만한 길,27.0,5758.0,VWorld LT_C_BLDGINFO WFS+odsay
reviewer_05,enriched-2d225ceca5acf4545c39,route-1e5993e363b414dda1bf,aa544ac15931480c48629b1c9576a5dbd56b057649198d2dc27cdbc52e9631ae,pregnant,,,부산역,서면역 부산1호선,도보 + 17,환승이 적은 길 · 경사가 완만한 길,27.0,5758.0,VWorld LT_C_BLDGINFO WFS+odsay
reviewer_06,enriched-2d225ceca5acf4545c39,route-1e5993e363b414dda1bf,aa544ac15931480c48629b1c9576a5dbd56b057649198d2dc27cdbc52e9631ae,pregnant,,,부산역,서면역 부산1호선,도보 + 17,환승이 적은 길 · 경사가 완만한 길,27.0,5758.0,VWorld LT_C_BLDGINFO WFS+odsay
reviewer_07,enriched-2d225ceca5acf4545c39,route-1e5993e363b414dda1bf,aa544ac15931480c48629b1c9576a5dbd56b057649198d2dc27cdbc52e9631ae,pregnant,,,부산역,서면역 부산1호선,도보 + 17,환승이 적은 길 · 경사가 완만한 길,27.0,5758.0,VWorld LT_C_BLDGINFO WFS+odsay
reviewer_08,enriched-2d225ceca5acf4545c39,route-1e5993e363b414dda1bf,aa544ac15931480c48629b1c9576a5dbd56b057649198d2dc27cdbc52e9631ae,pregnant,,,부산역,서면역 부산1호선,도보 + 17,환승이 적은 길 · 경사가 완만한 길,27.0,5758.0,VWorld LT_C_BLDGINFO WFS+odsay
reviewer_09,enriched-2d225ceca5acf4545c39,route-1e5993e363b414dda1bf,aa544ac15931480c48629b1c9576a5dbd56b057649198d2dc27cdbc52e9631ae,pregnant,,,부산역,서면역 부산1호선,도보 + 17,환승이 적은 길 · 경사가 완만한 길,27.0,5758.0,VWorld LT_C_BLDGINFO WFS+odsay
