시설명,분점명,카테고리1,카테고리2,카테고리3,시도 명칭,시군구 명칭,법정읍면동명칭,리 명칭,번지,도로명 이름,건물 번호,위도,경도,우편번호,도로명주소,지번주소,전화번호,홈페이지,블로그 주소,페이스북 주소,인스타 주소,휴무일,운영시간,무료주차 가능여부,유료주차 가능여부,입장료 유무 여부,장애인용 출입문,휠체어 대여 가능 여부,장애인 화장실 유무,장애인 전용 주차장 여부,대형주차장 가능여부,시각장애인 안내견 동반 가능 여부,점자 가이드 여부,오디오 가이드(한국어),최종작성일
40계단거리,,문화관광/명소,관광지,유명관광지,부산광역시,중구,중앙동,,20 번지,,,35.10338417,129.035636,,,부산광역시 중구 중앙동3가 20,051-600-4044,정보없음,정보없음,정보없음,정보없음,정보없음,정보없음,N,N,N,N,N,N,N,N,Y,N,N,2022-11-25
40계단문화관,,전시/공연,전시/기념관,대형기념관/묘역,부산광역시,중구,동광동,,44-3 번지,동광길,49 번,35.10500721,129.03448,48927,부산광역시 중구 동광길 49,부산광역시 중구 동광동5가 44-3,051-600-4046,https://url.kr/ltpdhr,정보없음,정보없음,정보없음,매주 월요일,"평일(화-금) 10:00-18:00, 주말 10:00-17:00",Y,N,N,Y,N,N,Y,N,Y,N,N,2022-11-25
가든스테이지,,전시/공연,영화/연극/공연,N,부산광역시,기장군,기장읍,시랑리,산 46 번지,동부산관광로,42 번,35.19606181,129.213207,46083,부산광역시 기장군 기장읍 동부산광역시관광로 42,부산광역시 기장군 기장읍 시랑리 산 46,1661-2000,www.lotteworld.com,정보없음,정보없음,정보없음,연중무휴,정보없음,N,Y,Y,Y,Y,Y,Y,Y,Y,Y,N,2022-11-25
가람아트홀,,전시/공연,영화/연극/공연,대형예술센터,부산광역시,남구,대연동,,965-2 번지,유엔평화로76번길,26 번,35.12771884,129.092786,48533,부산광역시 남구 유엔평화로76번길 26,부산광역시 남구 대연동 965-2,051-621-6669,garamarthall.modoo.at/,정보없음,정보없음,www.instagram.com/garamarthall/,공연별 상이,공연일정에따라 유동적,Y,N,Y,N,N,N,N,N,N,N,N,2022-11-25
가마골소극장,,전시/공연,영화/연극/공연,공연/연극/문화센터,부산광역시,연제구,거제동,,18-22 번지,월드컵대로,190 번,35.18835625,129.076123,47521,부산광역시 연제구 월드컵대로 190,부산광역시 연제구 거제동 18-22,051-723-0568,kamagol.modoo.at/,정보없음,정보없음,정보없음,"매주 월요일, 공휴일",09:00-22:00,Y,N,Y,Y,N,N,N,Y,N,N,N,2022-11-25
가야공원유원지,,문화관광/명소,관광지,일반유원지/일반놀이공원,부산광역시,부산진구,가야동,,산 44-5 번지,,,35.14609828,129.028145,47390,,부산광역시 부산진구 가야동 산 44-5,,정보없음,정보없음,정보없음,정보없음,정보없음,정보없음,N,N,N,N,N,N,N,N,N,N,N,2022-11-25
가온아트홀,,전시/공연,영화/연극/공연,공연/연극/문화센터,부산광역시,동구,범일동,,830-9 번지,자성로133번길,10 번,35.13820831,129.064915,48742,부산광역시 동구 자성로133번길 10,부산광역시 동구 범일동 830-9,1600-1602,https://url.kr/mw5efr,정보없음,정보없음,정보없음,연중무휴,10:00-22:00,N,Y,Y,Y,N,N,Y,Y,Y,N,N,2022-11-25
가톨릭소극장,,전시/공연,영화/연극/공연,N,부산광역시,중구,대청동,,81-1 번지,중구로,71 번,35.10435395,129.028573,48968,부산광역시 중구 중구로 71,부산광역시 중구 대청동4가 81-1,051-462-1870,www.bccenter.or.kr/,정보없음,정보없음,정보없음,"매주 토요일, 일요일, 공휴일",평일 09:00-17:00,N,Y,N,Y,N,Y,Y,N,Y,Y,N,2022-11-25
감만창의문화촌,,전시/공연,전시/기념관,기타전시/박물관,부산광역시,남구,감만동,,78 번지,우암로,84-1 번,35.11844574,129.081328,48543,부산광역시 남구 우암로 84-1,부산광역시 남구 감만동 78,051-745-7246,https://url.kr/ge1vyr,정보없음,정보없음,정보없음,"매주 토요일, 일요일, 공휴일",09:00-18:00,Y,N,N,Y,N,Y,Y,N,Y,Y,Y,2022-11-25
감지해변,,문화관광/명소,관광지,해수욕장,부산광역시,영도구,동삼동,,,,,35.07774842,129.071639,,,부산광역시 영도구 동삼동,051-419-4064,정보없음,정보없음,정보없음,정보없음,정보없음,정보없음,N,N,N,N,N,N,N,N,N,N,N,2022-11-25
감천문화마을작은박물관,,전시/공연,전시/기념관,기타전시/박물관,부산광역시,사하구,감천동,,1-5 번지,감내2로,191 번,35.09797021,129.010432,49368,부산광역시 사하구 감내2로 191,부산광역시 사하구 감천동 1-5,051-204-1444,www.gamcheon.or.kr/,정보없음,정보없음,정보없음,정보없음,정보없음,N,N,N,N,N,N,N,N,Y,N,N,2022-11-25
강서다목적운동장,,레저/체육/공원,대형체육시설,공설/시민운동장,부산광역시,강서구,대저2동,,1200-3 번지,,,35.19550632,128.966267,46719,,부산광역시 강서구 대저2동 1200-3,051-310-6022,https://url.kr/4eistn,정보없음,정보없음,정보없음,연중무휴,상시개방,Y,N,N,N,N,Y,Y,Y,Y,N,N,2022-11-25
강서체육공원,,레저/체육/공원,공원,대형시민/도심공원,부산광역시,강서구,대저1동,,2155 번지,체육공원로,43 번,35.21095917,128.972212,46703,부산광역시 강서구 체육공원로 43,부산광역시 강서구 대저1동 2155,051-970-1200,www.busan.go.kr/stadium/sfstadiumgsintro,정보없음,정보없음,정보없음,연중무휴,상시개방,Y,Y,N,Y,N,Y,Y,Y,Y,Y,N,2022-11-25
강서체육공원양궁경기장,,레저/체육/공원,대형체육시설,주/보조경기장,부산광역시,강서구,대저1동,,2155 번지,체육공원로,43 번,35.21095917,128.972212,46703,부산광역시 강서구 체육공원로 43,부산광역시 강서구 대저1동 2155,051-970-1200,https://url.kr/lyz1wj,정보없음,정보없음,정보없음,매주 월요일,09:00-18:00,Y,N,Y,N,N,Y,Y,Y,Y,N,N,2022-11-25
강서체육공원축구장,,레저/체육/공원,대형체육시설,지역축구장,부산광역시,강서구,대저1동,,2155 번지,체육공원로,43 번,35.21095917,128.972212,46703,부산광역시 강서구 체육공원로 43,부산광역시 강서구 대저1동 2155,051-970-1217,www.busan.go.kr/stadium/sfstadiumgsfootball,정보없음,정보없음,정보없음,매주 월요일,"체육시설마다 다름, 별도 문의",Y,Y,N,Y,N,Y,Y,Y,Y,Y,N,2022-11-25
강서체육공원하키경기장,,레저/체육/공원,대형체육시설,주/보조경기장,부산광역시,강서구,대저1동,,2155 번지,체육공원로,43 번,35.21095917,128.972212,46703,부산광역시 강서구 체육공원로 43,부산광역시 강서구 대저1동 2155,051-970-1200,www.busan.go.kr/stadium/sfstadiumgshockey,정보없음,정보없음,정보없음,매주 월요일,09시-18시,Y,N,Y,N,N,Y,Y,Y,Y,N,N,2022-11-25
갤러리마레,,전시/공연,전시/기념관,기타전시/박물관,부산광역시,수영구,민락동,,336-36 번지,민락수변로,213 번,35.16171473,129.130266,48275,부산광역시 수영구 민락수변로 213,부산광역시 수영구 민락동 336-36,051-757-1114,www.gallerymare.com/,blog.naver.com/gallerymare,정보없음,정보없음,매주 월요일,10:30-18:30,Y,Y,N,Y,Y,Y,Y,Y,Y,Y,Y,2022-11-25
갤러리시선,,전시/공연,전시/기념관,기타전시/박물관,부산광역시,서구,부민동,,9-1 번지,흑교로,99 번,35.10738121,129.021981,49223,부산광역시 서구 흑교로 99,부산광역시 서구 부용동1가 9-1,051-254-7750,sisun.shop/,정보없음,정보없음,정보없음,정보없음,정보없음,Y,N,N,Y,N,N,N,N,Y,N,N,2022-11-25
갤러리이배,,전시/공연,전시/기념관,미술관,부산광역시,해운대구,중동,,1510-1 번지,달맞이길65번길,56 번,35.15975458,129.174626,48117,부산광역시 해운대구 달맞이길65번길 56,부산광역시 해운대구 중동 1510-1,051-756-2111,www.galleryleebae.com/,정보없음,정보없음,www.instagram.com/galleryleebae/,"매주 일요일, 월요일, 공휴일",10:30-18:30,Y,N,N,Y,N,N,N,N,N,N,Y,2022-11-25
경성대학교미술관,,전시/공연,전시/기념관,미술관,부산광역시,남구,대연동,,산 37-1 번지,수영로,309 번,35.13843836,129.100099,48434,부산광역시 남구 수영로 309,부산광역시 남구 대연동 산 37-1,051-663-5363,cms1.ks.ac.kr/culture/Contents.do?mCode=MN0972,정보없음,정보없음,정보없음,정보없음,09:00-18:00,N,Y,N,Y,N,Y,Y,Y,N,Y,N,2022-11-25
고려제강기념관,,전시/공연,전시/기념관,기타전시/박물관,부산광역시,수영구,망미동,,496 번지,구락로141번길,63 번,35.17689052,129.113461,48212,부산광역시 수영구 구락로141번길 63,부산광역시 수영구 망미동 496,051-760-2604,kiswiremuseum.com/,정보없음,정보없음,www.instagram.com/kiswiremuseum/,"매주 일요일, 월요일, 공휴일",화요일-토요일 (10:00-18:00),Y,Y,N,N,N,Y,Y,N,N,N,Y,2022-11-25
고리스포츠문화센터,,전시/공연,영화/연극/공연,공연/연극/문화센터,부산광역시,기장군,장안읍,효암리,산 67 번지,해맞이로,454 번,35.32913971,129.287705,46036,부산광역시 기장군 장안읍 해맞이로 454,부산광역시 기장군 장안읍 효암리 산 67,051-726-5195,gorisport.co.kr/main/main.html,정보없음,정보없음,정보없음,매주 월요일,"주중 (화-금) : 06:00-22:00,-주말 및 공휴일 : 06:00-18:00",Y,N,Y,Y,N,N,Y,N,N,N,N,2022-11-25
고은사진미술관,,전시/공연,전시/기념관,미술관,부산광역시,해운대구,우동,,1005-17 번지,해운대로452번길,16 번,35.16328812,129.141211,48089,부산광역시 해운대구 해운대로452번길 16,부산광역시 해운대구 우동 1005-17,051-746-0055,www.goeunmuseum.kr/,정보없음,정보없음,www.instagram.com/goeun_museum_of_photography/,"매주 월요일, 공휴일","3월-10월 10:00-19:00, 11월-2월 10:00-18:00",N,N,N,Y,N,N,Y,N,N,N,N,2022-11-25
골프존파크,장전부산대점,레저/체육/공원,대형체육시설,N,부산광역시,금정구,장전동,,414-23 번지,부산대학로,29 번,35.23079153,129.08802,46291,부산광역시 금정구 부산광역시대학로 29,부산광역시 금정구 장전동 414-23,0507-1309-5804,정보없음,정보없음,정보없음,정보없음,연중무휴,"월-금 09:00-새벽 05:00, 토-일 08:00-새벽 05:00",Y,N,Y,Y,N,N,N,N,Y,N,N,2022-11-25
골프존파크,문현부산24점,레저/체육/공원,대형체육시설,N,부산광역시,남구,문현동,,815 번지,자성로,152 번,35.13648976,129.066904,48475,부산광역시 남구 자성로 152,부산광역시 남구 문현동 815,051-638-8080,정보없음,정보없음,정보없음,정보없음,정보없음,"평일 10:30-01:00, 주말 10:30-01:00, 공휴일 10:30-01:00",Y,N,Y,N,N,N,N,N,N,N,N,2022-11-25
골프존파크,비전스포츠점,레저/체육/공원,대형체육시설,N,부산광역시,사하구,다대동,,1573 번지,다송로72번길,82 번,35.06029272,128.979821,49521,부산광역시 사하구 다송로72번길 82,부산광역시 사하구 다대동 1573,051-266-8205,정보없음,정보없음,정보없음,정보없음,연중무휴,정보없음,Y,N,Y,N,N,N,Y,N,N,N,N,2022-11-25
골프존파크 ,범천UPGA점,레저/체육/공원,대형체육시설,N,부산광역시,부산진구,범천동,,839-32 번지,자유평화로3번길,14-21 번,35.14222628,129.061892,47366,부산광역시 부산진구 자유평화로3번길 14-21,부산광역시 부산진구 범천동 839-32,051-638-0088,정보없음,정보없음,정보없음,정보없음,연중무휴,10:00-23:00,Y,N,Y,Y,N,N,N,N,N,N,N,2022-11-25
골프존파크 녹산 golf1872,,레저/체육/공원,대형체육시설,N,부산광역시,강서구,녹산동,,735 번지,낙동남로456번길,27 번,35.11103918,128.870548,46734,부산광역시 강서구 낙동남로456번길 27,부산광역시 강서구 녹산동 735,051-202-1872,정보없음,정보없음,정보없음,정보없음,연중무휴,10:00-22:00,Y,N,Y,Y,N,N,Y,Y,N,N,N,2022-11-25
골프존파크스사모,SM스크린점,레저/체육/공원,대형체육시설,N,부산광역시,북구,화명동,,2271-3 번지,화명신도시로,129 번,35.23559885,129.01066,46524,부산광역시 북구 화명신도시로 129,부산광역시 북구 화명동 2271-3,051-334-4000,정보없음,정보없음,정보없음,정보없음,연중무휴,09:30-00:00,Y,N,Y,N,N,N,Y,N,N,N,N,2022-11-25
공간소극장,,전시/공연,영화/연극/공연,공연/연극/문화센터,부산광역시,수영구,남천동,,556-15 번지,황령대로,497 번,35.13817282,129.108174,48313,부산광역시 수영구 황령대로 497,부산광역시 수영구 남천동 556-15,051-611-8518,cafe.naver.com/ggtheater,정보없음,정보없음,정보없음,공연별 상이,공연일정에 따라,N,Y,N,Y,N,Y,Y,N,N,N,N,2022-11-25
공중수목원(2023년1월예정),,문화관광/명소,관광지,휴양림/수목원,부산광역시,중구,중앙동,,20-1 번지,중앙대로,2 번,35.0979849,129.036632,48944,부산광역시 중구 중앙대로 2,부산광역시 중구 중앙동7가 20-1,,정보없음,정보없음,정보없음,정보없음,정보없음,정보없음,N,N,N,N,N,N,N,N,N,N,N,2022-11-25
광안대로전시관,,전시/공연,전시/기념관,기타전시/박물관,부산광역시,해운대구,재송동,,706-7 번지,수영강변대로,203 번,35.17716342,129.120555,48050,부산광역시 해운대구 수영강변대로 203,부산광역시 해운대구 재송동 706-7,051-780-0021,gwanganbridge.bisco.or.kr/,정보없음,정보없음,정보없음,정보없음,09:00-18:00,N,N,N,N,N,N,N,N,N,N,N,2022-11-25
광안리해수욕장,,문화관광/명소,관광지,해수욕장,부산광역시,수영구,광안동,,261-1 번지,,,35.15271723,129.11816,,,부산광역시 수영구 광안동 261-1,051-610-4848,www.suyeong.go.kr/tour,정보없음,정보없음,정보없음,상시변동,정보없음,N,Y,N,Y,Y,Y,Y,Y,Y,Y,N,2022-11-25
구덕민속예술관,,전시/공연,전시/기념관,기타전시/박물관,부산광역시,서구,서대신4동,,산 2-3 번지,대신공원로,34-91 번,35.12393563,129.018483,49200,부산광역시 서구 대신공원로 34-91,부산광역시 서구 서대신동3가 산 2-3,051-242-3100,정보없음,blog.naver.com/bgdms,정보없음,정보없음,"2,4주 제외 토요일, 일요일, 공휴일","평일, 2,4주 토일 09:00-18:00",N,N,N,Y,N,N,N,N,Y,N,N,2022-11-25
구덕운동장축구장,,레저/체육/공원,대형체육시설,지역축구장,부산광역시,서구,서대신4동,,210-1 번지,망양로,57 번,35.11659638,129.01453,49204,부산광역시 서구 망양로 57,부산광역시 서구 서대신동3가 210-1,051-255-1101,www.busan.go.kr/stadium/sfgdintro,정보없음,정보없음,정보없음,"매주 토요일, 일요일, 공휴일",축구 구단이나 리그와 협약으로 운영,N,Y,N,Y,N,Y,Y,N,N,N,N,2022-11-25
구덕종합운동장,,레저/체육/공원,대형체육시설,종합운동장컴플렉스,부산광역시,서구,서대신4동,,210-1 번지,망양로,57 번,35.11659638,129.01453,49204,부산광역시 서구 망양로 57,부산광역시 서구 서대신동3가 210-1,051-602-2211,www.busan.go.kr/stadium/sfgdintro,정보없음,정보없음,정보없음,정보없음,현재공사중,N,Y,N,Y,N,Y,Y,N,N,N,N,2022-11-25
구락생활문화센터,,전시/공연,영화/연극/공연,공연/연극/문화센터,부산광역시,수영구,망미동,,257-2 번지,수미로35번길,40 번,35.17532688,129.11526,48216,부산광역시 수영구 수미로35번길 40,부산광역시 수영구 망미동 257-2,051-610-8947,정보없음,blog.naver.com/gurakccc,정보없음,정보없음,매주 일요일,월-금09:00-19:00 토 09:00-17:00,Y,N,N,N,N,N,N,N,Y,Y,N,2022-11-25
국가기록원부산기록관,,전시/공연,전시/기념관,기타전시/박물관,부산광역시,연제구,거제동,,1400 번지,경기장로,28 번,35.19080037,129.05368,47500,부산광역시 연제구 경기장로 28,부산광역시 연제구 거제동 1400,051-550-8023,https://www.archives.go.kr,정보없음,정보없음,정보없음,정보없음,정보없음,N,N,N,N,N,N,N,N,N,N,N,2022-11-25
국립달음산자연휴양림,,문화관광/명소,관광지,휴양림/수목원,부산광역시,기장군,일광읍,용천리,산 252 번지,화용길,299-106 번,35.30270542,129.185395,46046,부산광역시 기장군 일광읍 화용길 299-106,부산광역시 기장군 일광읍 용천리 산 252,051-722-3023,www.foresttrip.go.kr/indvz/main.do?hmpgId=0202,정보없음,정보없음,정보없음,매주 화요일,09:00-18:00,Y,N,Y,Y,Y,Y,Y,N,Y,Y,N,2022-11-25
국립부산과학관,,전시/공연,전시/기념관,대형전시/박물관,부산광역시,기장군,기장읍,석산리,293 번지,동부산관광6로,59 번,35.20442158,129.2126,46081,부산광역시 기장군 기장읍 동부산광역시관광6로 59,부산광역시 기장군 기장읍 석산리 293,051-750-2300,www.sciport.or.kr/kor/Main.do,blog.naver.com/sciport2016,www.facebook.com/sciport2016,www.instagram.com/sciport_busan/,"매주 월요일, 공휴일",09:30-17:30 (입장 마감시간 16:30),N,Y,Y,Y,Y,Y,Y,Y,Y,Y,Y,2022-11-25
국립부산국악원,,전시/공연,영화/연극/공연,공연/연극/문화센터,부산광역시,부산진구,연지동,,219-2 번지,국악로,2 번,35.17145978,129.05413,47130,부산광역시 부산진구 국악로 2,부산광역시 부산진구 연지동 219-2,051-811-0114,busan.gugak.go.kr/main.do,정보없음,www.facebook.com/busan.gugak2008,정보없음,"매주 일요일, 월요일, 공휴일",화-토 오전 9:00-오후 6:00,Y,N,N,Y,Y,Y,Y,Y,Y,Y,N,2022-11-25
국립수산과학원수산과학관,,전시/공연,전시/기념관,기타전시/박물관,부산광역시,기장군,기장읍,시랑리,408-1 번지,기장해안로,216 번,35.19109529,129.222284,46083,부산광역시 기장군 기장읍 기장해안로 216,부산광역시 기장군 기장읍 시랑리 408-1,051-720-3061,https://url.kr/yp5jdr,정보없음,정보없음,정보없음,매주 월요일,화-일 09:30-17:30,Y,N,N,Y,Y,Y,Y,Y,Y,N,N,2022-11-25
국립해양박물관,,전시/공연,전시/기념관,대형전시/박물관,부산광역시,영도구,동삼동,,1156 번지,해양로301번길,45 번,35.07856342,129.080245,49111,부산광역시 영도구 해양로301번길 45,부산광역시 영도구 동삼동 1156,051-309-1900,www.mmk.or.kr/,blog.naver.com/museum4you,www.facebook.com/museum4u,정보없음,"매주 월요일, 공휴일","평일(화-금요일) 09:00-18:00, 토요일 5-8월 09:00-21:00, 9-4월 09:00-19:00, 일,공휴일 09:00-19:00 (설,추석익일, 어린이날, 광복절 09:00-21:00)",N,Y,N,Y,Y,Y,Y,Y,Y,Y,Y,2022-11-25
국민생활체육전국요트연합회,,레저/체육/공원,대형레저시설,요트장,부산광역시,해운대구,우동,,1393 번지,해운대해변로,84 번,35.15979857,129.141957,48090,부산광역시 해운대구 해운대해변로 84,부산광역시 해운대구 우동 1393,051-747-9113,정보없음,정보없음,정보없음,정보없음,정보없음,정보없음,N,N,N,N,N,N,N,N,N,N,N,2022-11-25
국제환경에너지산업전,,전시/공연,전시/기념관,기타전시/박물관,부산광역시,해운대구,우동,,1500 번지,APEC로,55 번,35.16906372,129.136018,48060,부산광역시 해운대구 APEC로 55,부산광역시 해운대구 우동 1500,051-740-7486,entechkorea.net/wp/,정보없음,정보없음,정보없음,정보없음,정보없음,N,Y,N,Y,Y,Y,Y,Y,Y,Y,N,2022-11-25
그루터기공방,,전시/공연,전시/기념관,기타전시/박물관,부산광역시,금정구,두구동,,302-3 번지,체육공원로,609 번,35.29504845,129.111327,46206,부산광역시 금정구 체육공원로 609,부산광역시 금정구 두구동 302-3,,정보없음,blog.naver.com/gru3303,정보없음,정보없음,정보없음,정보없음,N,N,N,N,N,N,N,N,N,N,N,2022-11-25
그린앤테크지사GDR연습장,,레저/체육/공원,대형체육시설,N,부산광역시,강서구,지사동,,1215-2 번지,과학산단로,349 번,35.14866365,128.831181,46742,부산광역시 강서구 과학산단로 349,부산광역시 강서구 지사동 1215-2,051-832-5595,m.golfzon.com/shop/#/main/16199,정보없음,정보없음,정보없음,정보없음,09:00-새벽 00:30,Y,N,Y,Y,N,N,Y,Y,N,N,N,2022-11-25
금강공원,,문화관광/명소,관광지,일반유원지/일반놀이공원,부산광역시,동래구,온천동,,산 17-7 번지,우장춘로,157-67 번,35.22225706,129.07348,47700,부산광역시 동래구 우장춘로 157-67,부산광역시 동래구 온천동 산 17-7,051-860-7880,www.bisco.or.kr/geumgangpark/,정보없음,정보없음,정보없음,연중무휴,매일 09:00-18:00,N,Y,Y,Y,N,Y,Y,N,Y,N,N,2022-11-25
금강식물원,,문화관광/명소,관광지,식물원,부산광역시,동래구,온천동,,산 1-13 번지,우장춘로,221 번,35.22604813,129.077136,47700,부산광역시 동래구 우장춘로 221,부산광역시 동래구 온천동 산 1-13,051-582-3284,정보없음,정보없음,정보없음,정보없음,연중무휴,08:00-17:00,N,N,Y,N,N,N,N,N,Y,Y,N,2022-11-25
금난새뮤직센터,,전시/공연,영화/연극/공연,공연/연극/문화센터,부산광역시,수영구,망미동,,475-1 번지,구락로123번길,20 번,35.17623464,129.115567,48212,부산광역시 수영구 구락로123번길 20,부산광역시 수영구 망미동 475-1,051-756-0037,정보없음,정보없음,정보없음,www.instagram.com/gumnanse.music.center/,정보없음,정보없음,Y,Y,N,Y,N,Y,Y,Y,N,Y,N,2022-11-25
금사락,,전시/공연,영화/연극/공연,공연/연극/문화센터,부산광역시,금정구,회동동,,157-6 번지,개좌로,162 번,35.2259608,129.118326,46259,부산광역시 금정구 개좌로 162,부산광역시 금정구 회동동 157-6,070-4322-3557,www.kumsarock.com/,정보없음,정보없음,정보없음,대관개념이라 유동적,매일 10:00-18:00(공연에따라),Y,Y,Y,Y,N,N,N,N,Y,N,N,2022-11-25
금정골프트러블샷연습장,,레저/체육/공원,대형체육시설,N,부산광역시,금정구,남산동,,388-1 번지,,,35.27110616,129.094183,46214,,부산광역시 금정구 남산동 388-1,,정보없음,정보없음,정보없음,정보없음,정보없음,정보없음,N,N,Y,N,N,N,N,N,N,N,N,2022-11-25
금정구민운동장,,레저/체육/공원,대형체육시설,지역(마을/단지)운동장,부산광역시,금정구,두구동,,1482-22 번지,,,35.27836242,129.105009,46209,,부산광역시 금정구 두구동 1482-22,051-519-4126,https://url.kr/d52ztm,정보없음,정보없음,정보없음,정보없음,"하절기(4-9월) : 08-19시, 동절기(10-3월) : 08-18시",Y,N,Y,N,N,N,N,N,Y,N,N,2022-11-25
금정문화원,,전시/공연,영화/연극/공연,공연/연극/문화센터,부산광역시,금정구,구서동,,83-3 번지,중앙대로1826번길,10-4 번,35.24729036,129.093187,46250,부산광역시 금정구 중앙대로1826번길 10-4,부산광역시 금정구 구서동 83-3,051-581-9071,www.kumjung.or.kr/main.php,정보없음,정보없음,정보없음,"매주 토요일, 일요일, 공휴일",09:00-18:00,Y,N,N,Y,N,Y,Y,N,N,Y,N,2022-11-25
금정산성,동문,문화관광/명소,명승지,성/성터,부산광역시,금정구,금성동,,산 41-4 번지,동문로,38 번,35.24623162,129.063466,46237,부산광역시 금정구 동문로 38,부산광역시 금정구 금성동 산 41-4,051-519-4082,https://url.kr/fq43mu,정보없음,정보없음,정보없음,정보없음,상시개방,Y,N,N,N,N,N,N,N,Y,N,N,2022-11-25
기장도예촌(2023년1월예정),,문화관광/명소,관광지,N,부산광역시,기장군,장안읍,기룡리,산 126 번지,장안로,211 번,35.36009981,129.240029,46028,부산광역시 기장군 장안읍 장안로 211,부산광역시 기장군 장안읍 기룡리 산 126,,정보없음,정보없음,정보없음,정보없음,정보없음,정보없음,N,N,N,N,N,N,N,N,N,N,N,2022-11-25
기장동원로얄CC,,레저/체육/공원,대형레저시설,골프장CC,부산광역시,기장군,기장읍,만화리,산 104-5 번지,반송로,1345 번,35.25254255,129.189224,46052,부산광역시 기장군 기장읍 반송로 1345,부산광역시 기장군 기장읍 만화리 산 104-5,0507-1442-6002,www.dongwongolf.co.kr/,정보없음,정보없음,정보없음,정보없음,정보없음,N,Y,Y,N,N,N,Y,N,N,Y,N,2022-11-25
기장풋살클럽,,레저/체육/공원,대형체육시설,지역축구장,부산광역시,기장군,일광읍,삼성리,158 번지,일역길,37 번,35.25689278,129.232362,46044,부산광역시 기장군 일광읍 일역길 37,부산광역시 기장군 일광읍 삼성리 158,,정보없음,정보없음,정보없음,정보없음,정보없음,정보없음,Y,Y,Y,Y,N,N,N,N,N,N,N,2022-11-25
기장해녀촌,,문화관광/명소,관광지,유명관광지,부산광역시,기장군,기장읍,연화리,119-10 번지,연화1길,184 번,35.21838339,129.228086,46082,부산광역시 기장군 기장읍 연화1길 184,부산광역시 기장군 기장읍 연화리 119-10,,정보없음,정보없음,정보없음,정보없음,정보없음,정보없음,Y,N,N,Y,N,N,N,N,Y,N,N,2022-11-25
꽈꾸극장,,전시/공연,영화/연극/공연,공연/연극/문화센터,부산광역시,수영구,남천동,,69-10 번지,수영로,417-2 번,35.1434455,129.108727,48316,부산광역시 수영구 수영로 417-2,부산광역시 수영구 남천동 69-10,051-611-0075,정보없음,정보없음,정보없음,정보없음,정보없음,정보없음,N,N,N,N,N,N,N,N,N,N,N,2022-11-25
꿈나래어린이극장,,전시/공연,영화/연극/공연,N,부산광역시,금정구,두구동,,1641 번지,체육공원로399번길,324 번,35.28912174,129.107042,46207,부산광역시 금정구 체육공원로399번길 324,부산광역시 금정구 두구동 1641,1577-0880,m.spo1.or.kr/spo1/contents/view.do?mId=103,blog.naver.com/spo1_park,www.facebook.com/spo1park,www.instagram.com/spo1_park/,정보없음,09:00-21:00,Y,Y,N,Y,Y,Y,Y,Y,Y,Y,N,2022-11-25
나이스스크린골프,,레저/체육/공원,대형체육시설,N,부산광역시,해운대구,반여동,,1200-2 번지,수영강변대로,504 번,35.20290438,129.118884,48038,부산광역시 해운대구 수영강변대로 504,부산광역시 해운대구 반여동 1200-2,051-531-0604,정보없음,정보없음,정보없음,정보없음,정보없음,정보없음,N,N,N,N,N,N,N,N,N,N,N,2022-11-25
낙동강둔치공원,,레저/체육/공원,공원,대형시민/도심공원,부산광역시,강서구,대저1동,,1-5 번지,,,35.2158481,128.991446,46703,,부산광역시 강서구 대저1동 1-5,051-310-6028,정보없음,정보없음,정보없음,정보없음,연중무휴,00:00-24:00,Y,N,N,N,N,Y,Y,Y,Y,Y,N,2022-11-25
낙동강문화관,,전시/공연,영화/연극/공연,공연/연극/문화센터,부산광역시,사하구,하단동,,1150-2 번지,낙동남로1233번길,1 번,35.1082527,128.947419,49300,부산광역시 사하구 낙동남로1233번길 1,부산광역시 사하구 하단동 1150-2,051-292-1042,www.kweco.or.kr/,blog.naver.com/4u_wwp,정보없음,www.instagram.com/nakdong_/,매주 월요일,매일09:30-17:30 12:00-13:00 휴게시간,Y,Y,N,Y,N,Y,Y,N,N,Y,Y,2022-11-25
낙동강아트홀(2023년7월예정),,전시/공연,영화/연극/공연,공연/연극/문화센터,부산광역시,강서구,명지동,,630-8 번지,,,35.10172962,128.904248,46726,부산광역시 강서구 명지국제1로 141,부산광역시 강서구 명지동 630-8,051-970-2771,https://www.busan.go.kr/eng/bsfacility01/1734149,정보없음,정보없음,정보없음,정보없음,정보없음,N,N,N,N,N,N,N,N,N,N,N,2022-11-25
낙동강철새도래지,,문화관광/명소,관광지,N,부산광역시,강서구,명지동,,,,,35.10822745,128.926451,,,부산광역시 강서구 명지동,,정보없음,정보없음,정보없음,정보없음,정보없음,정보없음,N,N,N,N,N,N,N,N,N,N,N,2022-11-25
낙동강하구탐방체험장,,문화관광/명소,관광지,N,부산광역시,사하구,하단동,,1211-1 번지,낙동남로,1240-10 번,35.08856063,128.943677,49436,부산광역시 사하구 낙동남로 1240-10,부산광역시 사하구 하단동 1211-1,051-209-2063,정보없음,정보없음,정보없음,정보없음,"매주 월요일, 공휴일",09:00-18:00(입장시간 09:00-17:00),N,Y,N,Y,Y,Y,Y,Y,Y,Y,Y,2022-11-25
낙동문화원,,전시/공연,영화/연극/공연,공연/연극/문화센터,부산광역시,북구,덕천동,,434 번지,금곡대로46번길,50 번,35.21343923,129.005752,46547,부산광역시 북구 금곡대로46번길 50,부산광역시 북구 덕천동 434,051-362-8718,nakdong.kccf.or.kr/home/main/intro.php?menuinfo_code=change,정보없음,정보없음,정보없음,정보없음,정보없음,Y,Y,N,Y,N,Y,Y,N,N,N,N,2022-11-25
남부창의마루,,전시/공연,영화/연극/공연,공연/연극/문화센터,부산광역시,남구,대연동,,1788-2 번지,진남로,120-5 번,35.13939908,129.081156,48449,부산광역시 남구 진남로 120-5,부산광역시 남구 대연동 1788-2,051-631-2021,home.pen.go.kr/ncm/main.do,정보없음,정보없음,정보없음,"매주 토요일, 일요일, 공휴일","월,화,수,목 9:00-18:00,금 8:00-17:00",N,N,Y,N,N,Y,Y,N,Y,N,N,2022-11-25
남산문화원,,전시/공연,영화/연극/공연,공연/연극/문화센터,부산광역시,금정구,남산동,,51-27 번지,중앙대로,2086 번,35.27043113,129.093074,46214,부산광역시 금정구 중앙대로 2086,부산광역시 금정구 남산동 51-27,,정보없음,정보없음,정보없음,정보없음,"매주 토요일, 일요일, 공휴일","요가 화목 19:00-21:00,라인댄스 월수 19:30-21:30,민요 금 14:00-16:00",N,N,N,N,N,N,N,N,N,N,N,2022-11-25
낭만요트,,레저/체육/공원,대형레저시설,요트장,부산광역시,해운대구,우동,,1393 번지,해운대해변로,84 번,35.15979857,129.141957,48090,부산광역시 해운대구 해운대해변로 84,부산광역시 해운대구 우동 1393,,정보없음,정보없음,정보없음,정보없음,연중무휴,13:00-23:00,Y,N,Y,Y,N,N,Y,Y,Y,N,N,2022-11-25
노을정휴게소,,문화관광/명소,관광지,유명관광지,부산광역시,사하구,다대동,,1546 번지,다대로,741 번,35.04960545,128.960636,49500,부산광역시 사하구 다대로 741,부산광역시 사하구 다대동 1546,,정보없음,정보없음,정보없음,정보없음,정보없음,정보없음,N,N,N,Y,N,N,N,N,Y,N,N,2022-11-25
녹산고향동산기념관,,전시/공연,전시/기념관,기타전시/박물관,부산광역시,강서구,범방동,,1998 번지,범방4로,136 번,35.15464434,128.886477,46727,부산광역시 강서구 범방4로 136,부산광역시 강서구 범방동 1998,051-971-6520,정보없음,정보없음,정보없음,정보없음,"매주 토요일, 일요일, 공휴일",09:00-17:00,Y,N,N,N,N,N,N,N,Y,N,N,2022-11-25
누리마루,,전시/공연,전시/기념관,컨벤션센터,부산광역시,해운대구,우동,,714-1 번지,동백로,116 번,35.15234205,129.151362,48100,부산광역시 해운대구 동백로 116,부산광역시 해운대구 우동 714-1,051-743-1974,www.busan.go.kr/nurimaru/,blog.naver.com/nurimarumarketing,정보없음,정보없음,"매월 첫째주 월요일,  만약에 월요일 공휴일이면 개관","월-일 09:00-18:00, 1시간 전 입장 마감",N,N,N,Y,Y,Y,Y,Y,Y,Y,Y,2022-11-25
뉴코아아울렛문화센터,,전시/공연,영화/연극/공연,공연/연극/문화센터,부산광역시,사하구,괴정동,,961-1 번지,사하로,190 번,35.09897498,128.994054,49356,부산광역시 사하구 사하로 190,부산광역시 사하구 괴정동 961-1,02-323-0456,www.elandretail.com/culture/culture02.do,정보없음,정보없음,정보없음,정보없음,정보없음,Y,Y,Y,Y,N,Y,Y,N,N,N,N,2022-11-25
다대포민속예술관,,전시/공연,영화/연극/공연,대형예술센터,부산광역시,사하구,다대동,,680-24 번지,다대동로,12 번,35.05469974,128.971751,49522,부산광역시 사하구 다대동로 12,부산광역시 사하구 다대동 680-24,051-263-0757,www.busandabom.net/index.nm?menuCd=192,정보없음,정보없음,정보없음,정보없음,"09:00-17:00, 매월 첫주 토,셋째주 일 09:30-12:30",Y,N,N,N,N,N,N,N,N,N,N,2022-11-25
다대포해수욕장,,문화관광/명소,관광지,해수욕장,부산광역시,사하구,다대동,,,,,35.06027822,128.967656,,,부산광역시 사하구 다대동,051-220-5895,https://tinyurl.com/yc4k7ycz,정보없음,정보없음,정보없음,상시변동,정보없음,N,Y,N,Y,Y,Y,Y,Y,Y,N,N,2022-11-25
다사랑복합문화예술회관,,전시/공연,영화/연극/공연,공연/연극/문화센터,부산광역시,부산진구,가야동,,449 번지,대학로,60 번,35.15044055,129.034459,47336,부산광역시 부산진구 대학로 60,부산광역시 부산진구 가야동 449,051-891-1744,www.xn--9i1b2b12rnnlbwc3yf.org/,정보없음,정보없음,정보없음,"매주 토요일, 일요일, 공휴일",09:00-18:00,Y,N,N,Y,N,Y,Y,N,N,Y,Y,2022-11-25
닥밭골문화나눔터,,전시/공연,전시/기념관,기타전시/박물관,부산광역시,서구,동대신2동,,80-1 번지,보동길,294-24 번,35.11402728,129.023704,49215,부산광역시 서구 보동길 294-24,부산광역시 서구 동대신동2가 80-1,051-240-6421,정보없음,정보없음,정보없음,정보없음,연중무휴,상시개방,Y,N,N,N,N,N,N,N,Y,N,N,2022-11-25
닥터골프,,레저/체육/공원,대형체육시설,N,부산광역시,금정구,구서동,,85-9 번지,중앙대로,1829 번,35.24766642,129.091962,46273,부산광역시 금정구 중앙대로 1829,부산광역시 금정구 구서동 85-9,051-744-4200,drfit24-golf.com/36,blog.naver.com/dgdrgolf,정보없음,www.instagram.com/drgolf_official/,정보없음,매일 06:00-23:00,Y,Y,Y,Y,N,Y,Y,Y,N,N,N,2022-11-25
달맞이동산지구,,레저/체육/공원,공원,대형시민/도심공원,부산광역시,해운대구,중동,,산 42-25 번지,달맞이길,184 번,35.15709268,129.182126,48116,부산광역시 해운대구 달맞이길 184,부산광역시 해운대구 중동 산 42-25,051-749-5717,정보없음,정보없음,정보없음,정보없음,연중무휴,상시개방,N,Y,N,Y,N,N,Y,Y,Y,Y,N,2022-11-25
대연수목전시원,,문화관광/명소,관광지,식물원,부산광역시,남구,대연동,,713 번지,신선로447번길,24 번,35.12544718,129.098539,48529,부산광역시 남구 신선로447번길 24,부산광역시 남구 대연동 713,051-888-6870,정보없음,정보없음,정보없음,정보없음,연중무휴, 24시간,N,N,N,Y,N,Y,N,N,Y,N,N,2022-11-25
대청큰마루터기상전시관,,전시/공연,전시/기념관,기타전시/박물관,부산광역시,중구,대청동,,9-305 번지,복병산길32번길,5-11 번,35.10479588,129.032236,48926,부산광역시 중구 복병산길32번길 5-11,부산광역시 중구 대청동1가 9-305,051-718-0229,정보없음,정보없음,정보없음,정보없음,공휴일,주 2회(화·목)10:00-16:00 (사전예약),Y,N,N,N,N,N,N,N,Y,N,N,2022-11-25
더베이101요트투어,,레저/체육/공원,대형레저시설,요트장,부산광역시,해운대구,우동,,747-7 번지,동백로,52 번,35.15658369,129.152069,48100,부산광역시 해운대구 동백로 52,부산광역시 해운대구 우동 747-7,1833-4212,www.thebay101yacht.com/,정보없음,정보없음,정보없음,연중무휴,11:00-22:00,Y,Y,N,Y,Y,Y,Y,Y,Y,N,N,2022-11-25
더스윙블랙,명지국제신도시점,레저/체육/공원,대형체육시설,N,부산광역시,강서구,명지동,,3603-7 번지,명지국제2로28번길,34 번,35.09284554,128.908859,46726,부산광역시 강서구 명지국제2로28번길 34,부산광역시 강서구 명지동 3603-7,051-207-4643,www.the-swing.co.kr/V2Design/index.html,blog.naver.com/tnqhr6462,정보없음,정보없음,"매달 3번째 토요일, 명절당일","주중 07:00-22:00, 일 09:00-21:00",Y,N,Y,N,N,N,Y,N,N,N,N,2022-11-25
도경마린,,레저/체육/공원,대형레저시설,요트장,부산광역시,기장군,장안읍,장안리,343-2 번지,장안로,296-24 번,35.36559715,129.249165,46028,부산광역시 기장군 장안읍 장안로 296-24,부산광역시 기장군 장안읍 장안리 343-2,,www.dokyungmarine.com/,정보없음,정보없음,정보없음,연중무휴,00:00-24:00,N,N,Y,N,N,N,N,N,N,N,N,2022-11-25
독도체험관(2023년12월예정),,전시/공연,전시/기념관,기타전시/박물관,부산광역시,사하구,감천동,,10-2 번지,옥천로,130 번,35.09686103,129.01109,49368,부산광역시 사하구 옥천로 130,부산광역시 사하구 감천동 10-2,,정보없음,정보없음,정보없음,정보없음,정보없음,정보없음,N,N,N,N,N,N,N,N,N,N,N,2022-11-25
동래문화회관,,전시/공연,영화/연극/공연,대형예술센터,부산광역시,동래구,명륜동,,137 번지,문화로,80 번,35.21195069,129.090546,47746,부산광역시 동래구 문화로 80,부산광역시 동래구 명륜동 137,051-550-6611,www.dongnae.go.kr/culture/index.dongnae,정보없음,www.facebook.com/dongnaegu,정보없음,정보없음,10시-18시,N,Y,N,Y,N,Y,Y,Y,N,N,N,2022-11-25
동래읍성역사관,,전시/공연,전시/기념관,기타전시/박물관,부산광역시,동래구,복천동,,16-5 번지,복천로,63 번,35.20877819,129.091172,47800,부산광역시 동래구 복천로 63,부산광역시 동래구 복천동 16-5,051-550-0346,museum.busan.go.kr/bokcheon/index,정보없음,정보없음,정보없음,"매주 월요일, 공휴일",평일 및 일요일 : 09:00-18:00,N,N,N,N,N,N,N,N,N,N,N,2022-11-25
동래읍성임진왜란역사관,,전시/공연,전시/기념관,기타전시/박물관,부산광역시,동래구,수안동,,552 번지,충렬대로,225 번,35.20212912,129.08435,47814,부산광역시 동래구 충렬대로 225,부산광역시 동래구 수안동 552,051-605-0122,정보없음,정보없음,정보없음,정보없음,"매주 월요일, 공휴일",화-일 10:00-19:00,N,N,N,Y,N,Y,N,N,Y,N,Y,2022-11-25
동백유원지,,문화관광/명소,관광지,일반유원지/일반놀이공원,부산광역시,해운대구,우동,,708-3 번지,동백로,99 번,35.15362117,129.152293,48100,부산광역시 해운대구 동백로 99,부산광역시 해운대구 우동 708-3,,정보없음,정보없음,정보없음,정보없음,정보없음,정보없음,Y,N,N,N,N,N,Y,Y,Y,N,N,2022-11-25
동의대학교박물관,,전시/공연,전시/기념관,기타전시/박물관,부산광역시,부산진구,가야동,,467 번지,엄광로,176 번,35.14431845,129.03631,47340,부산광역시 부산진구 엄광로 176,부산광역시 부산진구 가야동 467,051-890-1743,www.deu.ac.kr/www/content/98,정보없음,정보없음,정보없음,"매주 토요일, 일요일, 공휴일",평일 :09:30 ∼ 16:30,N,Y,N,Y,N,Y,Y,Y,Y,N,N,2022-11-25
디오티미술관,,전시/공연,전시/기념관,미술관,부산광역시,금정구,장전동,,503-44 번지,금샘로,35 번,35.22888083,129.076773,46240,부산광역시 금정구 금샘로 35,부산광역시 금정구 장전동 503-44,051-518-8480,dotmuseum.co.kr/,blog.naver.com/art_dot,정보없음,instagram.com/dot_museum,"매주 일요일, 월요일, 공휴일",11:00-18:00,Y,N,Y,Y,N,N,N,N,N,N,N,2022-11-25
디코소극장,,전시/공연,영화/연극/공연,공연/연극/문화센터,부산광역시,수영구,남천동,,556-23 번지,황령대로,493 번,35.13829334,129.107913,48313,부산광역시 수영구 황령대로 493,부산광역시 수영구 남천동 556-23,070-7886-8232,cafe.naver.com/dicotheater,정보없음,정보없음,정보없음,정보없음,정보없음,N,N,Y,N,N,Y,N,N,N,N,N,2022-11-25
런닝맨,부산점,문화관광/명소,관광지,테마공원/대형놀이공원,부산광역시,부산진구,부전동,,227-2 번지,중앙대로,672 번,35.15300622,129.059606,47296,부산광역시 부산진구 중앙대로 672,부산광역시 부산진구 부전동 227-2,051-520-3636,정보없음,정보없음,정보없음,정보없음,정보없음,매일 11:00-20:00,Y,Y,Y,Y,Y,Y,Y,Y,Y,Y,Y,2022-11-25
레더애,,전시/공연,영화/연극/공연,N,부산광역시,사하구,괴정동,,486-1 번지,괴정로,272 번,35.09670819,128.990976,49388,부산광역시 사하구 괴정로 272,부산광역시 사하구 괴정동 486-1,,정보없음,blog.naver.com/clickmihee,정보없음,www.instagram.com/leather_craft_tool,공휴일,"평일 10:00-18:00,매일 13:00-14:00 점심시간으로 자리비움,토요일 11:00-16:00",N,N,N,N,N,N,N,N,Y,N,N,2022-11-25
레몬트리소극장,,전시/공연,영화/연극/공연,공연/연극/문화센터,부산광역시,수영구,남천동,,69-6 번지,수영로,421-1 번,35.14371269,129.108965,48316,부산광역시 수영구 수영로 421-1,부산광역시 수영구 남천동 69-6,051-626-0116,정보없음,정보없음,정보없음,정보없음,공연별 상이,공연에따라 변동,N,N,Y,N,N,N,N,N,N,N,N,2022-11-25
록봉어린이민속교육박물관,,전시/공연,전시/기념관,기타전시/박물관,부산광역시,강서구,천성동,,813 번지,가덕해안로,741 번,35.03152966,128.813583,46770,부산광역시 강서구 가덕해안로 741,부산광역시 강서구 천성동 813,051-892-5997,정보없음,정보없음,정보없음,정보없음,매주 월요일,매일 10:00-18:00(17:00까지 입장),Y,N,Y,N,N,N,N,N,N,N,N,2022-11-25
롯데몰동부산점가족썰매장,,레저/체육/공원,대형레저시설,눈썰매장,부산광역시,기장군,기장읍,당사리,524 번지,기장해안로,147 번,35.1922145,129.21278,46084,부산광역시 기장군 기장읍 기장해안로 147,부산광역시 기장군 기장읍 당사리 524,,정보없음,정보없음,정보없음,정보없음,정보없음,정보없음,N,N,N,N,N,N,N,N,N,N,N,2022-11-25
롯데백화점동래점문화센터,동래점,전시/공연,영화/연극/공연,공연/연극/문화센터,부산광역시,동래구,온천동,,502-3 번지,중앙대로,1393 번,35.21170799,129.07748,47727,부산광역시 동래구 중앙대로 1393,부산광역시 동래구 온천동 502-3,051-668-2351,culture.lotteshopping.com/information/branch.do?strCd=0016,정보없음,정보없음,정보없음,백화점 휴점일,10:30-19:00,Y,Y,N,Y,Y,Y,Y,N,Y,N,N,2022-11-25
롯데월드어드벤처,부산,문화관광/명소,관광지,테마공원/대형놀이공원,부산광역시,기장군,기장읍,시랑리,348-63 번지,,,35.19565879,129.213746,46083,,부산광역시 기장군 기장읍 시랑리 348-63,1661-2000,adventure.lotteworld.com/kor/main/index.do,정보없음,www.facebook.com/happylotteworld,www.instagram.com/happylotteworld/,정보없음,"일-목 10:00-21:00,금,토 10:00-22:00",Y,Y,Y,N,Y,Y,Y,Y,Y,N,N,2022-11-25
루나요트,,레저/체육/공원,대형레저시설,요트장,부산광역시,해운대구,우동,,1393 번지,해운대해변로,84 번,35.15979857,129.141957,48090,부산광역시 해운대구 해운대해변로 84,부산광역시 해운대구 우동 1393,0507-1400-3394,lunayachts.com/,정보없음,정보없음,정보없음,연중무휴,"매일,10:00-22:00",Y,N,Y,Y,N,N,Y,Y,Y,N,N,2022-11-25
루트아르떼아트홀,,전시/공연,영화/연극/공연,N,부산광역시,동래구,온천동,,425-26 번지,동래로,3 번,35.21395501,129.077154,47715,부산광역시 동래구 동래로 3,부산광역시 동래구 온천동 425-26,0507-1358-1221,정보없음,정보없음,정보없음,정보없음,연중무휴,24시간 운영,Y,Y,Y,Y,N,Y,Y,Y,Y,Y,Y,2022-11-25
리더스마이스,,전시/공연,전시/기념관,기타전시/박물관,부산광역시,해운대구,우동,,1514 번지,APEC로,17 번,35.16593245,129.132412,48060,부산광역시 해운대구 APEC로 17,부산광역시 해운대구 우동 1514,051-745-8141,정보없음,정보없음,정보없음,정보없음,정보없음,정보없음,N,N,N,N,N,N,N,N,N,N,N,2022-11-25
린보,,전시/공연,영화/연극/공연,N,부산광역시,해운대구,중동,,1484-1 번지,달맞이길117번라길,106 번,35.16247346,129.182966,48115,부산광역시 해운대구 달맞이길117번라길 106,부산광역시 해운대구 중동 1484-1,0507-1309-2983,정보없음,정보없음,정보없음,정보없음,"매주 월요일, 화요일, 공휴일",10:00-18:00,N,N,N,Y,N,N,N,N,Y,N,N,2022-11-25
마인드휘트니스,부산명지점,레저/체육/공원,대형체육시설,N,부산광역시,강서구,명지동,,3586-4 번지,명지국제8로10번길,38 번,35.09440044,128.903451,46726,부산광역시 강서구 명지국제8로10번길 38,부산광역시 강서구 명지동 3586-4,0507-1376-0797,정보없음,blog.naver.com/mindfitness17,정보없음,www.instagram.com/mindfitness_busanmyeongji/,"매달 2, 4번째 일요일","주중 06:00-23:50,토요일 08:00-20:00",Y,N,Y,Y,N,N,Y,Y,N,Y,N,2022-11-25
맥도생태공원야구장,,레저/체육/공원,대형체육시설,지역야구장,부산광역시,강서구,대저2동,,1200-33 번지,,,35.149009,128.954567,46719,,부산광역시 강서구 대저2동 1200-33,051-310-6028,www.busan.go.kr/,정보없음,정보없음,정보없음,정보없음,"4월-9월 09:00-18:00, 10월-3월 08:00-17:00",Y,N,N,N,N,Y,Y,Y,Y,N,N,2022-11-25
모드니골프스쿨,,레저/체육/공원,대형체육시설,N,부산광역시,해운대구,중동,,1754-1 번지,좌동순환로,11 번,35.16750995,129.166986,48084,부산광역시 해운대구 좌동순환로 11,부산광역시 해운대구 중동 1754-1,051-743-1872,정보없음,정보없음,정보없음,정보없음,"매주 토요일, 일요일, 공휴일",10:00-22:00,Y,N,Y,Y,N,N,Y,N,N,N,N,2022-11-25
목석원예관,,전시/공연,전시/기념관,기타전시/박물관,부산광역시,서구,서대신4동,,산 18-15 번지,꽃마을로163번길,73 번,35.12641349,129.005743,49200,부산광역시 서구 꽃마을로163번길 73,부산광역시 서구 서대신동3가 산 18-15,051-240-3521,정보없음,정보없음,정보없음,정보없음,매주 월요일,"하절기 03월-10월, 매일 09:00-18:00, 동절기 11월-02월, 매일 09:00-17:00",Y,N,N,N,N,Y,N,Y,Y,N,N,2022-11-25
몰운대유원지,,문화관광/명소,관광지,일반유원지/일반놀이공원,부산광역시,사하구,다대동,,산 144 번지,,,35.03931428,128.96894,,,부산광역시 사하구 다대동 산 144,051-220-4548,정보없음,정보없음,정보없음,정보없음,정보없음,정보없음,N,Y,N,Y,N,N,N,Y,Y,N,N,2022-11-25
몰운대전망대,,문화관광/명소,관광지,N,부산광역시,사하구,다대동,,산 144 번지,,,35.03931428,128.96894,,,부산광역시 사하구 다대동 산 144,051-220-4548,정보없음,정보없음,정보없음,정보없음,정보없음,정보없음,N,Y,N,N,N,N,N,Y,Y,N,N,2022-11-25
물문화관,,전시/공연,전시/기념관,기타전시/박물관,부산광역시,사하구,하단동,,1150-2 번지,낙동남로1233번길,1 번,35.1082527,128.947419,49300,부산광역시 사하구 낙동남로1233번길 1,부산광역시 사하구 하단동 1150-2,051-292-1042,cafe.naver.com/nakdongculture,정보없음,정보없음,정보없음,"매주 월요일, 공휴일",평일(9:30-17:30),Y,Y,N,Y,N,Y,Y,N,N,Y,Y,2022-11-25
뮤지엄다,,전시/공연,전시/기념관,미술관,부산광역시,해운대구,우동,,1469-1 번지,센텀서로,20 번,35.1713212,129.128981,48058,부산광역시 해운대구 센텀서로 20,부산광역시 해운대구 우동 1469-1,051-731-3302,kunst1.co.kr/museumone,정보없음,정보없음,www.instagram.com/museum1_official,연중무휴,"월-금 10:00-19:00, 토-일 10:00-20:00",Y,Y,Y,Y,N,Y,Y,Y,N,N,Y,2022-11-25
미르소극장,,전시/공연,영화/연극/공연,공연/연극/문화센터,부산광역시,금정구,구서동,,1032-3 번지,금샘로,361 번,35.25544008,129.084412,46235,부산광역시 금정구 금샘로 361,부산광역시 금정구 구서동 1032-3,070-4138-0470,cafe.daum.net/mir.dance,정보없음,정보없음,정보없음,정보없음,정보없음,N,N,N,N,N,N,N,N,N,N,N,2022-11-25
민주공원소극장,,전시/공연,영화/연극/공연,N,부산광역시,중구,영주동,,산 10-7 번지,민주공원길,19 번,35.10968396,129.028028,48901,부산광역시 중구 민주공원길 19,부산광역시 중구 영주동 산 10-7,051-790-7400,www.demopark.or.kr/,정보없음,정보없음,정보없음,"매주 월요일, 공휴일",09:00-22:00,Y,N,N,Y,Y,Y,Y,N,Y,Y,N,2022-11-25
민주공원중극장,,전시/공연,영화/연극/공연,N,부산광역시,중구,영주동,,산 10-7 번지,민주공원길,19 번,35.10968396,129.028028,48901,부산광역시 중구 민주공원길 19,부산광역시 중구 영주동 산 10-7,051-790-7400,www.demopark.or.kr/main/,정보없음,정보없음,정보없음,"매주 월요일, 공휴일",09:00-22:00,Y,N,N,Y,Y,Y,Y,N,Y,Y,N,2022-11-25
박기종기념관,,전시/공연,전시/기념관,기타전시/박물관,부산광역시,중구,영주동,,293-23 번지,망양로,362 번,35.10924735,129.031051,48917,부산광역시 중구 망양로 362,부산광역시 중구 영주동 293-23,051-466-4068,www.bsjunggucc.com/sub/template.php?midx=99,정보없음,정보없음,정보없음,"매주 일요일, 월요일, 공휴일",9:00-18:00,N,N,N,Y,N,N,Y,N,Y,N,N,2022-11-25
박태준기념관,,전시/공연,전시/기념관,대형기념관/묘역,부산광역시,기장군,장안읍,임랑리,120-3 번지,임랑해안길,1 번,35.31687517,129.261222,46038,부산광역시 기장군 장안읍 임랑해안길 1,부산광역시 기장군 장안읍 임랑리 120-3,051-709-3975,정보없음,정보없음,정보없음,정보없음,"매주 월요일, 공휴일",09:00-18:00,Y,N,N,Y,N,Y,Y,Y,Y,Y,N,2022-11-25
백산기념관,,전시/공연,전시/기념관,대형기념관/묘역,부산광역시,중구,동광동,,10-1 번지,백산길,11 번,35.10195934,129.034567,48955,부산광역시 중구 백산길 11,부산광역시 중구 동광동3가 10-1,051-600-4067,https://tinyurl.com/ypme87d9,정보없음,정보없음,정보없음,"매주 월요일, 공휴일","화요일-금요일 : 10:00-18:00,토, 일요일 : 10:00-17:00,점심시간 12:00-13:00 미운영",N,N,Y,Y,N,N,N,N,N,N,N,2022-11-25
백운포체육공원,,레저/체육/공원,공원,대형시민/도심공원,부산광역시,남구,용호동,,895-3 번지,백운포로,106 번,35.10415758,129.110078,48563,부산광역시 남구 백운포로 106,부산광역시 남구 용호동 895-3,051-601-3427,www.namgusports.go.kr/guide/rent/index,정보없음,정보없음,정보없음,연중무휴,06:00-24:00,N,Y,N,Y,N,N,Y,Y,Y,Y,N,2022-11-25
범어사성보박물관,,전시/공연,전시/기념관,기타전시/박물관,부산광역시,금정구,청룡동,,546 번지,범어사로,250 번,35.28304264,129.067621,46200,부산광역시 금정구 범어사로 250,부산광역시 금정구 청룡동 546,051-508-6139,www.beomeomuseum.org/,정보없음,정보없음,정보없음,"매주 월요일, 공휴일",09:00-17:00,N,Y,N,N,N,N,N,Y,N,N,N,2022-11-25
베이사이드GC,,레저/체육/공원,대형레저시설,골프장CC,부산광역시,기장군,일광읍,이천리,산 32 번지,이천8길,100 번,35.28184677,129.239535,46041,부산광역시 기장군 일광읍 이천8길 100,부산광역시 기장군 일광읍 이천리 산 32,051-930-0000,www.bayside.co.kr/,정보없음,정보없음,정보없음,정보없음,정보없음,Y,N,Y,N,N,N,Y,Y,N,N,N,2022-11-25
벡스코 키즈월드,,레저/체육/공원,대형레저시설,눈썰매장,부산광역시,해운대구,우동,,1413-4 번지,APEC로,30 번,35.16578256,129.135027,48060,부산광역시 해운대구 APEC로 30,부산광역시 해운대구 우동 1413-4,070-4801-6034,정보없음,정보없음,정보없음,정보없음,정보없음,정보없음,N,N,Y,N,N,N,N,N,N,N,N,2022-11-25
보트앤,,레저/체육/공원,대형레저시설,요트장,부산광역시,해운대구,우동,,1393 번지,해운대해변로,84 번,35.15979857,129.141957,48090,부산광역시 해운대구 해운대해변로 84,부산광역시 해운대구 우동 1393,0507-1311-7954,boatn.co.k,정보없음,정보없음,정보없음,연중무휴,매일 00:00-23:00,Y,N,Y,Y,N,N,Y,Y,Y,N,N,2022-11-25
복천박물관,,전시/공연,전시/기념관,대형전시/박물관,부산광역시,동래구,복천동,,16-5 번지,복천로,63 번,35.20877819,129.091172,47800,부산광역시 동래구 복천로 63,부산광역시 동래구 복천동 16-5,051-554-4263,museum.busan.go.kr/bokcheon/index,정보없음,정보없음,정보없음,"매주 월요일, 공휴일","관람시간 09:00-18:00 ,입장시간 09:00-17:00",Y,N,N,Y,Y,Y,Y,Y,N,Y,Y,2022-11-25
본골프,,레저/체육/공원,대형체육시설,N,부산광역시,연제구,거제동,,1476-9 번지,법원북로3번길,7 번,35.1935377,129.067383,47502,부산광역시 연제구 법원북로3번길 7,부산광역시 연제구 거제동 1476-9,051-506-8182,정보없음,정보없음,정보없음,정보없음,매주 일요일,"평일 10:00-21:00,토요일 10:00-18:00",N,N,Y,N,N,N,Y,N,N,N,N,2022-11-25
부경대학교박물관,,전시/공연,전시/기념관,기타전시/박물관,부산광역시,남구,대연동,,430-1 번지,용소로,45 번,35.13117521,129.104866,48513,부산광역시 남구 용소로 45,부산광역시 남구 대연동 430-1,051-629-6771,cms.pknu.ac.kr/museum/main.do,정보없음,정보없음,정보없음,"매주 토요일, 일요일, 공휴일",월-금요일 10 : 00-17 : 00,N,Y,N,Y,N,Y,Y,Y,N,N,N,2022-11-25
부산가톨릭센터,,전시/공연,영화/연극/공연,공연/연극/문화센터,부산광역시,중구,대청동,,81-1 번지,중구로,71 번,35.10435395,129.028573,48968,부산광역시 중구 중구로 71,부산광역시 중구 대청동4가 81-1,051-462-1870,www.bccenter.or.kr/,정보없음,정보없음,정보없음,"매주 토요일, 일요일, 공휴일",매일 09:30-05:30,N,Y,Y,N,N,Y,Y,N,Y,N,N,2022-11-25
부산강서문화원,,전시/공연,영화/연극/공연,공연/연극/문화센터,부산광역시,강서구,대저1동,,2300 번지,낙동북로,477 번,35.21220294,128.980585,46702,부산광역시 강서구 낙동북로 477,부산광역시 강서구 대저1동 2300,051-972-6369,www.bsgangseo.com/,정보없음,정보없음,정보없음,"매주 토요일, 일요일, 공휴일",09:00-18:00,Y,Y,N,Y,N,Y,Y,Y,N,N,N,2022-11-25
부산건축인테리어전시회,,전시/공연,전시/기념관,기타전시/박물관,부산광역시,해운대구,우동,,1500 번지,APEC로,55 번,35.16906372,129.136018,48060,부산광역시 해운대구 APEC로 55,부산광역시 해운대구 우동 1500,051-740-7706,livingexpo.co.kr/main.php,정보없음,정보없음,정보없음,정보없음,10:00-18:00,N,Y,Y,Y,Y,Y,Y,Y,Y,Y,N,2022-11-25
부산과학체험관,,전시/공연,전시/기념관,기타전시/박물관,부산광역시,동구,초량동,,1167 번지,중앙대로260번길,11 번,35.12032104,129.044128,48731,부산광역시 동구 중앙대로260번길 11,부산광역시 동구 초량동 1167,051-792-3000,home.pen.go.kr/scinuri/main.do,정보없음,정보없음,정보없음,"매주 월요일, 공휴일","(오전) 09:30-12:00,(오후) 14:00-16:30",N,Y,Y,Y,Y,Y,Y,Y,Y,Y,N,2022-11-25
부산광복기념관,,전시/공연,전시/기념관,기타전시/박물관,부산광역시,서구,동대신2동,,99-11 번지,망양로193번길,167 번,35.11130603,129.027514,49214,부산광역시 서구 망양로193번길 167,부산광역시 서구 동대신동2가 99-11,051-860-7819,bisco.or.kr/gwangbok,정보없음,정보없음,정보없음,매주 월요일,"매일 09:00-18:00 하절기(3월-10월), 매일 09:00-17:00 동절기(11월-2월)",Y,N,N,Y,N,N,Y,N,Y,Y,Y,2022-11-25
부산광역시119안전체험관,,전시/공연,전시/기념관,기타전시/박물관,부산광역시,동래구,온천동,,330 번지,우장춘로,117 번,35.21790199,129.074247,47700,부산광역시 동래구 우장춘로 117,부산광역시 동래구 온천동 330,051-760-5870,safe119.busan.go.kr/,정보없음,정보없음,정보없음,"매주 월요일, 공휴일",화-일 09:00-18:00,Y,N,N,Y,Y,Y,Y,Y,Y,Y,N,2022-11-25
부산광역시국제교류전시관,,전시/공연,전시/기념관,기타전시/박물관,부산광역시,연제구,연산동,,1000 번지,중앙대로,1001 번,35.17992599,129.075095,47545,부산광역시 연제구 중앙대로 1001,부산광역시 연제구 연산동 1000,051-888-5099,www.busan.go.kr/exhibition,정보없음,정보없음,정보없음,"매주 토요일, 일요일, 공휴일",평일 09:00-18:00,N,Y,N,Y,N,Y,Y,Y,Y,N,Y,2022-11-25
부산광역시체육회관,,전시/공연,전시/기념관,기타전시/박물관,부산광역시,동래구,사직동,,749-6 번지,사직로,77 번,35.19469781,129.057426,47873,부산광역시 동래구 사직로 77,부산광역시 동래구 사직동 749-6,051-500-7992,www.sports.busan.kr/hall/info.html,정보없음,정보없음,정보없음,매주 월요일,09:00-18:00,Y,N,N,Y,N,N,Y,Y,Y,Y,Y,2022-11-25
부산교육대학교한새뮤지엄,,전시/공연,전시/기념관,기타전시/박물관,부산광역시,연제구,거제동,,285-6 번지,교대로,24 번,35.19569321,129.077083,47503,부산광역시 연제구 교대로 24,부산광역시 연제구 거제동 285-6,051-500-7653,정보없음,정보없음,정보없음,정보없음,연중무휴,매일 10:00-17:00,N,Y,N,Y,N,N,Y,N,Y,N,N,2022-11-25
부산국제관광전,,전시/공연,전시/기념관,기타전시/박물관,부산광역시,해운대구,우동,,1413-4 번지,APEC로,30 번,35.16578256,129.135027,48060,부산광역시 해운대구 APEC로 30,부산광역시 해운대구 우동 1413-4,02-757-6161,www.bitf.co.kr/,정보없음,정보없음,정보없음,정보없음,정보없음,N,Y,N,Y,Y,Y,Y,Y,Y,Y,N,2022-11-25
부산국제아트센터(2023년7월예정),,전시/공연,영화/연극/공연,공연/연극/문화센터,부산광역시,부산진구,범전동,,200 번지,시민공원로,73 번,35.16545511,129.055854,47197,부산광역시 부산진구 시민공원로 73,부산광역시 부산진구 범전동 200,051-640-8888,https://classicbusan.busan.go.kr/,정보없음,정보없음,정보없음,매주 월요일,공연별 상이,N,N,N,N,N,N,N,N,N,N,N,2022-11-25
부산근대역사관,,전시/공연,전시/기념관,대형기념관/묘역,부산광역시,중구,대청동,,24-2 번지,대청로,104 번,35.10267057,129.03116,48949,부산광역시 중구 대청로 104,부산광역시 중구 대청동2가 24-2,051-601-1835,museum.busan.go.kr/modern/index,정보없음,정보없음,정보없음,정보없음,정보없음,N,N,N,N,N,N,N,N,N,N,N,2022-11-25
부산근현대역사관(2022년12월예정),,전시/공연,전시/기념관,기타전시/박물관,부산광역시,중구,대청동,,44 번지,대청로,112 번,35.10234512,129.031785,48949,부산광역시 중구 대청로 112,부산광역시 중구 대청동1가 44,051-607-8000,museum.busan.go.kr/modern/index,정보없음,정보없음,정보없음,"1월 1일, 매주 월요일 (월요일이 공휴일이면 다음날)",09:00-18:00 (입장마감 17:00),N,N,N,N,N,N,N,N,N,N,N,2022-11-25
부산글로벌웹툰센터,,전시/공연,영화/연극/공연,공연/연극/문화센터,부산광역시,해운대구,우동,,1466-1 번지,수영강변대로,140 번,35.17272937,129.125609,48058,부산광역시 해운대구 수영강변대로 140,부산광역시 해운대구 우동 1466-1,051-749-9161,정보없음,blog.naver.com/bipa_webtoon,www.facebook.com/bipa.webtoon,정보없음,"매주 월요일, 공휴일","화-일,오전 9:00-오후 6:00",N,Y,N,Y,N,Y,N,N,N,N,N,2022-11-25
부산기장보트조종면허면제교육장,,레저/체육/공원,대형레저시설,요트장,부산광역시,기장군,기장읍,시랑리,95 번지,동암해안길,55-1 번,35.1969365,129.225525,46083,부산광역시 기장군 기장읍 동암해안길 55-1,부산광역시 기장군 기장읍 시랑리 95,051-742-0367,www.jojong.net/,정보없음,정보없음,정보없음,연중무휴,09:00-18:00,Y,N,N,N,N,N,N,Y,Y,N,N,2022-11-25
부산대학교박물관,,전시/공연,전시/기념관,기타전시/박물관,부산광역시,금정구,장전동,,40 번지,부산대학로63번길,2 번,35.2322428,129.083824,46241,부산광역시 금정구 부산광역시대학로63번길 2,부산광역시 금정구 장전동 40,051-510-1838,pnumuseum.pusan.ac.kr/pnumuseum/index..do,정보없음,정보없음,정보없음,"매주 일요일, 공휴일",09:00-17:00,Y,N,N,Y,N,Y,Y,N,Y,N,Y,2022-11-25
부산동구문화원,,전시/공연,영화/연극/공연,공연/연극/문화센터,부산광역시,동구,수정동,,64-1 번지,중앙대로349번길,20 번,35.12711804,129.046059,48791,부산광역시 동구 중앙대로349번길 20,부산광역시 동구 수정동 64-1,0507-1323-4928,bdgcc.or.kr/,정보없음,정보없음,정보없음,정보없음,주중 09:00-18:00,N,N,N,N,N,N,N,N,Y,N,N,2022-11-25
부산메트로홀,,전시/공연,영화/연극/공연,N,부산광역시,수영구,광안동,,143-1 번지,수영로582번길,10 번,35.15743194,129.113587,48297,부산광역시 수영구 수영로582번길 10,부산광역시 수영구 광안동 143-1,1600-0316,정보없음,blog.naver.com/playthebusan,정보없음,정보없음,정보없음,정보없음,N,Y,N,Y,N,Y,Y,Y,Y,Y,N,2022-11-25
부산문화콘텐츠콤플렉스,,전시/공연,영화/연극/공연,N,부산광역시,해운대구,우동,,1466-1 번지,수영강변대로,140 번,35.17272937,129.125609,48058,부산광역시 해운대구 수영강변대로 140,부산광역시 해운대구 우동 1466-1,051-749-9157,busanit.or.kr/bcc,정보없음,정보없음,정보없음,"매주 토요일, 일요일, 공휴일",09:00-18:00,N,Y,N,Y,N,Y,Y,Y,N,Y,N,2022-11-25
부산문화회관,,전시/공연,영화/연극/공연,공연/연극/문화센터,부산광역시,남구,대연동,,848-4 번지,유엔평화로76번길,1 번,35.12718493,129.093478,48534,부산광역시 남구 유엔평화로76번길 1,부산광역시 남구 대연동 848-4,051-607-6000,www.bscc.or.kr/intro/,정보없음,www.facebook.com/busanculturalcenter,www.instagram.com/bsculturalcenter_official/,정보없음,"매일 09:00-21:30,고객지원센터 운영 09:00-18:00",N,Y,N,Y,Y,Y,Y,Y,Y,Y,N,2022-11-25
부산미래도시관,,전시/공연,전시/기념관,기타전시/박물관,부산광역시,연제구,연산동,,1000 번지,중앙대로,1001 번,35.17992599,129.075095,47545,부산광역시 연제구 중앙대로 1001,부산광역시 연제구 연산동 1000,051-888-5795,www.busan.go.kr/index,정보없음,정보없음,www.instagram.com/busancity/,"매주 토요일, 일요일, 공휴일","월-금,오전 9:00-오후 6:00",N,N,N,N,N,N,N,N,N,N,N,2022-11-25
부산민속예술관,,전시/공연,전시/기념관,기타전시/박물관,부산광역시,동래구,온천동,,산 13-3 번지,우장춘로,195-46 번,35.22257823,129.075389,47700,부산광역시 동래구 우장춘로 195-46,부산광역시 동래구 온천동 산 13-3,051-555-0092,www.busanminsok.or.kr,정보없음,정보없음,정보없음,정보없음,정보없음,N,N,N,Y,N,N,N,N,N,Y,Y,2022-11-25
부산민주공원민주항쟁기념관,,전시/공연,전시/기념관,기타전시/박물관,부산광역시,중구,영주동,,10-7 번지,민주공원길,19-0 번,35.109684,129.028028,48901,부산광역시 중구 민주공원길 19,부산광역시 중구 영주동 산10-7,051-790-7400,www.demopark.or.kr/main/,정보없음,정보없음,정보없음,"매주 월요일, 공휴일",09:00-18:00(17:30까지 입장),Y,N,N,Y,Y,Y,Y,Y,Y,Y,Y,2022-11-25
부산박물관,,전시/공연,전시/기념관,대형전시/박물관,부산광역시,남구,대연동,,948-1 번지,유엔평화로,63 번,35.1295556,129.092942,48529,부산광역시 남구 유엔평화로 63,부산광역시 남구 대연동 948-1,051-610-7111,museum.busan.go.kr/busan/index,blog.naver.com/bs_museum,www.facebook.com/BSmuseum,www.instagram.com/busan_museum/,"매주 월요일, 공휴일","관람시간 09:00-18:00,입장시간 09:00-17:00",Y,Y,N,Y,Y,Y,Y,Y,N,N,Y,2022-11-25
부산베이비&키즈페어,,전시/공연,전시/기념관,기타전시/박물관,부산광역시,해운대구,우동,,1500 번지,APEC로,55 번,35.16906372,129.136018,48060,부산광역시 해운대구 APEC로 55,부산광역시 해운대구 우동 1500,02-761-2516,www.babynkidsfair.com/fairDash.do?hl=KOR,정보없음,정보없음,정보없음,정보없음,오전 10시-오후 6시,N,Y,Y,Y,Y,Y,Y,Y,Y,Y,N,2022-11-25
부산북구문화예술회관,,전시/공연,영화/연극/공연,N,부산광역시,북구,덕천동,,434 번지,금곡대로46번길,50 번,35.21343923,129.005752,46547,부산광역시 북구 금곡대로46번길 50,부산광역시 북구 덕천동 434,051-309-4081,https://tinyurl.com/nhxytdv4,정보없음,정보없음,정보없음,"매주 월요일, 공휴일",화-일 09:00-22:00,Y,N,N,Y,N,Y,Y,Y,N,N,N,2022-11-25
부산사직종합운동장사직야구장,,레저/체육/공원,대형체육시설,프로야구경기장,부산광역시,동래구,사직동,,960 번지,사직로,45 번,35.1943668,129.059901,47874,부산광역시 동래구 사직로 45,부산광역시 동래구 사직동 960,051-852-1982,www.giantsclub.com/home/giants/cyber_tour.html,정보없음,정보없음,정보없음,상시변동,"롯데자이언츠 경기에 따라 다름, 별도 문의",N,Y,Y,Y,N,Y,Y,N,N,Y,N,2022-11-25
부산생활체육공원풋살장,,레저/체육/공원,대형체육시설,지역축구장,부산광역시,서구,서대신4동,,210-1 번지,망양로,57 번,35.11659638,129.01453,49204,부산광역시 서구 망양로 57,부산광역시 서구 서대신동3가 210-1,051-243-5959,정보없음,정보없음,정보없음,정보없음,정보없음,"평일 08:00-18:00,토,일요일,공휴일 08:00-18:00,평일, 공휴일 야간 18:00-22:00",N,Y,Y,Y,N,N,Y,Y,Y,N,N,2022-11-25
부산서구문화원,,전시/공연,영화/연극/공연,공연/연극/문화센터,부산광역시,서구,아미동,,20-2 번지,까치고개로197번길,46 번,35.10197694,129.017596,49241,부산광역시 서구 까치고개로197번길 46,부산광역시 서구 아미동2가 20-2,051-231-4085,www.seogucc.or.kr/,정보없음,facebook.com/seogumh,정보없음,매주 월요일,09:00-18:00,Y,Y,N,Y,N,N,N,N,N,N,N,2022-11-25
부산세관박물관,,전시/공연,전시/기념관,기타전시/박물관,부산광역시,중구,중앙동,,17-26 번지,충장대로,20 번,35.1046453,129.037881,48940,부산광역시 중구 충장대로 20,부산광역시 중구 중앙동4가 17-26,051-620-6092,korean.visitkorea.or.kr/,정보없음,정보없음,정보없음,"매주 토요일, 일요일, 공휴일",월-금 10:00-17:00,Y,N,N,Y,Y,Y,Y,Y,Y,Y,N,2022-11-25
부산수산자원연구소축구장,,레저/체육/공원,대형체육시설,지역축구장,부산광역시,강서구,명지동,,3247 번지,명지오션시티4로,21 번,35.08718823,128.904024,46763,부산광역시 강서구 명지오션시티4로 21,부산광역시 강서구 명지동 3247,051-209-0911,https://www.busan.go.kr/fisheries/,정보없음,정보없음,정보없음,정보없음,정보없음,N,N,N,N,N,N,N,N,N,N,N,2022-11-25
부산스마트시티전시관,,전시/공연,전시/기념관,기타전시/박물관,부산광역시,해운대구,우동,,1475 번지,센텀동로,41 번,35.17285196,129.130719,48059,부산광역시 해운대구 센텀동로 41,부산광역시 해운대구 우동 1475,051-749-9491,www.k-smartcity.kr/,정보없음,정보없음,정보없음,"매주 토요일, 일요일, 공휴일","평일 10:00-18:00,",Y,N,N,Y,N,Y,Y,Y,Y,Y,Y,2022-11-25
부산시립미술관,,전시/공연,전시/기념관,대형미술관,부산광역시,해운대구,우동,,1413 번지,APEC로,58 번,35.16668716,129.137027,48060,부산광역시 해운대구 APEC로 58,부산광역시 해운대구 우동 1413,051-744-2602,art.busan.go.kr/index.nm,blog.naver.com/busanmuseumof,www.facebook.com/artbusan,정보없음,"매주 월요일, 공휴일","본관: 화-목, 일 10:00-18:00/금-토 10:00-21:00,어린이갤러리: 10:00-18:00,이우환공간: 10:00-18:00",N,Y,Y,Y,Y,Y,Y,Y,Y,Y,Y,2022-11-25
부산시립미술관부산시립어린이미술관,,전시/공연,전시/기념관,미술관,부산광역시,해운대구,우동,,1413 번지,APEC로,58 번,35.16668716,129.137027,48060,부산광역시 해운대구 APEC로 58,부산광역시 해운대구 우동 1413,0507-1404-2602,art.busan.go.kr/index.nm,정보없음,www.facebook.com/artbusan,www.instagram.com/busanmuseumofart,"매주 월요일, 공휴일",10:00-18:00,N,Y,Y,Y,Y,N,Y,N,N,N,Y,2022-11-25
부산시립박물관복천분관,,전시/공연,전시/기념관,기타전시/박물관,부산광역시,동래구,복천동,,50 번지,복천로,66 번,35.20738474,129.091793,47802,부산광역시 동래구 복천로 66,부산광역시 동래구 복천동 50,051-554-4263,museum.busan.go.kr/bokcheon/bkview,정보없음,정보없음,정보없음,"매주 월요일, 공휴일",화-일 09:00-18:00,Y,N,N,Y,Y,Y,Y,Y,N,N,N,2022-11-25
부산시민공원,,레저/체육/공원,공원,대형시민/도심공원,부산광역시,부산진구,범전동,,200 번지,시민공원로,73 번,35.16545511,129.055854,47197,부산광역시 부산진구 시민공원로 73,부산광역시 부산진구 범전동 200,051-850-6000,www.citizenpark.or.kr/,정보없음,정보없음,정보없음,연중무휴,05:00-24:00,N,Y,N,Y,Y,Y,Y,Y,Y,Y,Y,2022-11-25
부산시민체육공원농구장,,레저/체육/공원,대형체육시설,공설/시민운동장,부산광역시,서구,서대신4동,,210-1 번지,망양로,61 번,35.11534644,129.015695,49204,부산광역시 서구 망양로 61,부산광역시 서구 서대신동3가 210-1,051-255-1101,정보없음,정보없음,정보없음,정보없음,연중무휴,상시개방,N,Y,N,Y,N,N,Y,Y,Y,N,N,2022-11-25
부산시민체육공원다목적구장,,레저/체육/공원,대형체육시설,공설/시민운동장,부산광역시,서구,서대신4동,,210-1 번지,망양로,61 번,35.11534644,129.015695,49204,부산광역시 서구 망양로 61,부산광역시 서구 서대신동3가 210-1,051-602-2211,정보없음,정보없음,정보없음,정보없음,정보없음,"아침 트랙 무료개방 05:00에 영업 시작,아침 트랙 무료개방 05:00-08:30,저녁 트랙 무료개방 17:30-22:00",N,Y,Y,Y,N,N,Y,Y,Y,N,N,2022-11-25
부산시체육시설관리사업소요트경기장,,레저/체육/공원,대형레저시설,요트장,부산광역시,해운대구,반송동,,150-1 번지,,,35.22909744,129.161349,48011,,부산광역시 해운대구 반송동 150-1,051-740-2201,www.busan.go.kr/stadium/sftelsyacht,정보없음,정보없음,정보없음,정보없음,정보없음,N,N,N,N,N,N,N,N,N,N,N,2022-11-25
부산씨라이프아쿠아리움,,문화관광/명소,관광지,아쿠아리움/대형수족관,부산광역시,해운대구,중동,,1411-4 번지,해운대해변로,266 번,35.15919963,129.161015,48100,부산광역시 해운대구 해운대해변로 266,부산광역시 해운대구 중동 1411-4,051-740-1700,정보없음,정보없음,www.facebook.com/sealifebusanaquarium,정보없음,연중무휴,평일 10:00-19:00 * 입장마감 : 18시주말 10:00-20:00 * 입장마감 : 19시,N,Y,Y,Y,Y,Y,Y,Y,N,Y,Y,2022-11-25
부산아시아드주경기장,,레저/체육/공원,대형체육시설,월드컵경기장,부산광역시,연제구,거제동,,1299 번지,월드컵대로,344 번,35.19008744,129.058356,47500,부산광역시 연제구 월드컵대로 344,부산광역시 연제구 거제동 1299,051-500-2123,www.busan.go.kr/stadium/index,정보없음,정보없음,정보없음,정보없음,운영시간=대여시간,N,Y,N,Y,N,Y,Y,N,Y,Y,N,2022-11-25
부산어린이대공원,,문화관광/명소,관광지,테마공원/대형놀이공원,부산광역시,부산진구,초읍동,,43 번지,새싹로,295 번,35.18250474,129.046693,47100,부산광역시 부산진구 새싹로 295,부산광역시 부산진구 초읍동 43,051-860-7848,www.bisco.or.kr/bschildpark/,정보없음,정보없음,정보없음,정보없음,매일00:00-24:00,N,N,N,Y,Y,Y,Y,Y,Y,Y,N,2022-11-25
부산어린이VR재난안전체험교육장,,전시/공연,전시/기념관,N,부산광역시,수영구,광안동,,1034-4 번지,망미번영로,21-1 번,35.16961978,129.108425,48240,부산광역시 수영구 망미번영로 21-1,부산광역시 수영구 광안동 1034-4,051-755-8119,www.busanxr.or.kr/,정보없음,정보없음,www.instagram.com/busan_vrar/,매주 월요일,화-일10:00-18:00,Y,N,N,Y,N,N,N,N,Y,N,N,2022-11-25
부산어촌민속관,,전시/공연,전시/기념관,기타전시/박물관,부산광역시,북구,화명동,,2279 번지,학사로,128 번,35.23375269,129.008454,46527,부산광역시 북구 학사로 128,부산광역시 북구 화명동 2279,051-550-8888,www.busan.go.kr/sea/onfolkintro,정보없음,정보없음,정보없음,"매주 월요일, 공휴일",오전 9시-오후 6시(오후 5시까지 입장),Y,N,N,Y,Y,Y,Y,Y,Y,Y,Y,2022-11-25
부산여자대학교차박물관,,전시/공연,전시/기념관,기타전시/박물관,부산광역시,부산진구,양정동,,74-161 번지,진남로,506 번,35.16923652,129.072055,47228,부산광역시 부산진구 진남로 506,부산광역시 부산진구 양정동 74-161,051-850-3112,www.bwc.ac.kr/sch/sub02/sub0203_08.asp,정보없음,정보없음,정보없음,"매주 토요일, 일요일, 공휴일",10:00-17:30,Y,N,N,Y,Y,Y,Y,Y,Y,N,N,2022-11-25
부산영화체험박물관,,전시/공연,전시/기념관,기타전시/박물관,부산광역시,중구,동광동,,41-4 번지,대청로126번길,12 번,35.10169228,129.033592,48950,부산광역시 중구 대청로126번길 12,부산광역시 중구 동광동3가 41-4,051-715-4200,busanbom.modoo.at/,정보없음,정보없음,www.instagram.com/bom_bom_a/,"매주 월요일, 공휴일",10:00-18:00,Y,Y,Y,Y,Y,Y,Y,Y,Y,Y,Y,2022-11-25
부산예술회관,,전시/공연,영화/연극/공연,공연/연극/문화센터,부산광역시,남구,대연동,,603-7 번지,용소로,78 번,35.13073781,129.102456,48501,부산광역시 남구 용소로 78,부산광역시 남구 대연동 603-7,051-631-1377,www.bsart.or.kr/,정보없음,정보없음,정보없음,정보없음,"평일 09:00-22:00 점심시간 12:00-13:00,주말 09:00-22:00 점심시간 12:00-13:00,공휴일 09:00-22:00 점심시간 12:00-13:00",Y,N,N,Y,N,Y,Y,Y,Y,Y,N,2022-11-25
부산오페라하우스(2024년예정),,전시/공연,영화/연극/공연,공연/연극/문화센터,부산광역시,동구,초량동,,,,,35.12133552,129.033586,,,부산광역시 동구 초량동,,정보없음,정보없음,정보없음,정보없음,정보없음,정보없음,N,N,N,N,N,N,N,N,N,N,N,2022-11-25
부산요트경기장,,레저/체육/공원,대형레저시설,요트장,부산광역시,해운대구,우동,,1393 번지,해운대해변로,84 번,35.15979857,129.141957,48090,부산광역시 해운대구 해운대해변로 84,부산광역시 해운대구 우동 1393,051-741-6440,정보없음,정보없음,정보없음,정보없음,"매주 토요일, 일요일, 공휴일",09:00-18:00,Y,N,Y,Y,N,N,Y,Y,Y,N,N,2022-11-25
부산요트투어 아쿠아마린,,레저/체육/공원,대형레저시설,요트장,부산광역시,해운대구,우동,,1393 번지,해운대해변로,84 번,35.15979857,129.141957,48090,부산광역시 해운대구 해운대해변로 84,부산광역시 해운대구 우동 1393,,정보없음,정보없음,정보없음,정보없음,상시변동,10:00-24:00,Y,N,Y,Y,N,N,Y,Y,Y,N,N,2022-11-25
부산요트투어G,,레저/체육/공원,대형레저시설,요트장,부산광역시,해운대구,우동,,1393 번지,해운대해변로,84 번,35.15979857,129.141957,48090,부산광역시 해운대구 해운대해변로 84,부산광역시 해운대구 우동 1393,0507-1350-6087,yachtg.co.kr,정보없음,정보없음,www.instagram.com/yacht_g/,연중무휴,매일10:00-24:00,Y,N,Y,Y,N,N,Y,Y,Y,N,N,2022-11-25
부산월드컵경기장보조경기장,,레저/체육/공원,대형체육시설,주/보조경기장,부산광역시,연제구,거제동,,1299 번지,월드컵대로,344 번,35.19008744,129.058356,47500,부산광역시 연제구 월드컵대로 344,부산광역시 연제구 거제동 1299,051-500-2123,정보없음,정보없음,정보없음,정보없음,정보없음,"개방시간 : 05:00-09:00, 17:00-24:00",N,Y,N,Y,N,Y,Y,N,Y,N,N,2022-11-25
부산장애인요트연맹,,레저/체육/공원,대형레저시설,요트장,부산광역시,해운대구,우동,,1393 번지,,,35.16058667,129.139946,48090,,부산광역시 해운대구 우동 1393,051-743-3844,정보없음,정보없음,정보없음,정보없음,"매주 토요일, 일요일, 공휴일",유동적으로 운영,Y,N,N,Y,N,Y,Y,Y,Y,Y,N,2022-11-25
부산전통예술관,,전시/공연,전시/기념관,기타전시/박물관,부산광역시,수영구,광안동,,산 106 번지,수영로521번길,63 번,35.15261645,129.105739,48259,부산광역시 수영구 수영로521번길 63,부산광역시 수영구 광안동 산 106,051-758-2530,www.btac.co.kr,정보없음,정보없음,정보없음,공휴일,10:00-17:00,Y,N,N,Y,N,Y,Y,N,Y,Y,N,2022-11-25
부산정관박물관,,전시/공연,전시/기념관,대형전시/박물관,부산광역시,기장군,정관읍,방곡리,442 번지,정관중앙로,110 번,35.32633483,129.182227,46019,부산광역시 기장군 정관읍 정관중앙로 110,부산광역시 기장군 정관읍 방곡리 442,051-720-6900,museum.busan.go.kr/jeonggwan/index,정보없음,정보없음,정보없음,"매주 월요일, 공휴일",09:00-18:00,Y,N,N,Y,Y,Y,Y,Y,N,Y,Y,2022-11-25
부산종합운동장,,레저/체육/공원,대형체육시설,종합운동장컴플렉스,부산광역시,동래구,사직동,,960 번지,사직로,45 번,35.1943668,129.059901,47874,부산광역시 동래구 사직로 45,부산광역시 동래구 사직동 960,051-504-8001,www.busan.go.kr/stadium/index,정보없음,정보없음,정보없음,정보없음,운영시간=대여시간,N,Y,N,Y,N,Y,Y,N,Y,Y,N,2022-11-25
부산진일신여학교역사기념관,,전시/공연,전시/기념관,기타전시/박물관,부산광역시,동구,좌천동,,768-1 번지,정공단로17번길,17 번,35.13462646,129.052889,48724,부산광역시 동구 정공단로17번길 17,부산광역시 동구 좌천동 768-1,051-635-7113,정보없음,정보없음,정보없음,정보없음,"매주 토요일, 일요일, 공휴일",평일 09:00-17:00,Y,N,N,N,N,Y,Y,N,Y,N,Y,2022-11-25
부산창업박람회,,전시/공연,전시/기념관,기타전시/박물관,부산광역시,해운대구,우동,,1500 번지,APEC로,55 번,35.16906372,129.136018,48060,부산광역시 해운대구 APEC로 55,부산광역시 해운대구 우동 1500,051-512-0327,www.bexpo.co.kr/default/,정보없음,정보없음,www.instagram.com/nbifs_busan/,상시변동,"행사에 따라 다름, 행사 대관은 일반적으로 09:00-18:00, 출입문 개방 폐쇄는 일반적으로 06:00-22:00",N,Y,N,Y,Y,Y,Y,Y,Y,Y,N,2022-11-25
부산칠드런스뮤지엄,,문화관광/명소,관광지,테마공원/대형놀이공원,부산광역시,기장군,기장읍,시랑리,717 번지,기장해안로,172 번,35.19201833,129.217768,46084,부산광역시 기장군 기장읍 기장해안로 172,부산광역시 기장군 기장읍 시랑리 717,051-711-8862,m.childrensmuseums.co.kr/,정보없음,정보없음,정보없음,매주 월요일,"평일 10:00-19:00,주말 및 공휴일 10:00-20:00",Y,Y,Y,Y,N,Y,Y,N,Y,Y,N,2022-11-25
부산커피박물관,,전시/공연,전시/기념관,기타전시/박물관,부산광역시,부산진구,전포동,,683-11 번지,동천로,70 번,35.15494974,129.062679,47294,부산광역시 부산진구 동천로 70,부산광역시 부산진구 전포동 683-11,,정보없음,정보없음,정보없음,정보없음,"매주 토요일, 일요일, 공휴일",10:00-17:00,N,Y,N,Y,N,N,Y,N,Y,Y,Y,2022-11-25
부산컨벤션뷰로,,전시/공연,전시/기념관,기타전시/박물관,부산광역시,해운대구,우동,,1500 번지,APEC로,55 번,35.16906372,129.136018,48060,부산광역시 해운대구 APEC로 55,부산광역시 해운대구 우동 1500,051-740-7300,www.bexco.co.kr/,blog.naver.com/bexcoblog,www.facebook.com/bexcokr,http://instagram.com/bexco_busan_/,상시변동,"행사에 따라 다름, 행사 대관은 일반적으로 09:00-18:00, 출입문 개방 폐쇄는 일반적으로 06:00-22:00",N,Y,N,Y,Y,Y,Y,Y,Y,Y,N,2022-11-25
부산코리아빌드,,전시/공연,전시/기념관,기타전시/박물관,부산광역시,해운대구,우동,,1500 번지,APEC로,55 번,35.16906372,129.136018,48060,부산광역시 해운대구 APEC로 55,부산광역시 해운대구 우동 1500,1600-5340,koreabuild.co.kr/bexco/,정보없음,정보없음,정보없음,상시변동,"행사에 따라 다름, 행사 대관은 일반적으로 09:00-18:00, 출입문 개방 폐쇄는 일반적으로 06:00-22:00",N,Y,N,Y,Y,Y,Y,Y,Y,Y,N,2022-11-25
부산통일관,,전시/공연,전시/기념관,기타전시/박물관,부산광역시,부산진구,초읍동,,236 번지,초읍천로,113-10 번,35.18232366,129.045618,47100,부산광역시 부산진구 초읍천로 113-10,부산광역시 부산진구 초읍동 236,051-808-7960,정보없음,정보없음,정보없음,정보없음,연중무휴,매일 09:00-18:00 동절기 17시까지,Y,Y,N,Y,N,Y,Y,N,Y,N,N,2022-11-25
부산포민속박물관,,전시/공연,전시/기념관,기타전시/박물관,부산광역시,부산진구,부전동,,168-176 번지,중앙대로702번길,21 번,35.15554992,129.06037,47292,부산광역시 부산진구 중앙대로702번길 21,부산광역시 부산진구 부전동 168-176,051-803-4300,정보없음,blog.naver.com/busanpo4300,정보없음,정보없음,"매주 월요일, 공휴일","하절기(3-10월)10:00-18:00 ,동절기(11-2월)10:00-17:00",N,Y,N,N,N,N,Y,N,Y,N,Y,2022-11-25
부산학생교육문화회관,,전시/공연,영화/연극/공연,공연/연극/문화센터,부산광역시,부산진구,초읍동,,43-1 번지,성지곡로,15 번,35.18409567,129.046671,47100,부산광역시 부산진구 성지곡로 15,부산광역시 부산진구 초읍동 43-1,051-605-5114,home.pen.go.kr/becs/main.do,정보없음,정보없음,정보없음,"매주 일요일, 월요일, 공휴일",평일 09:00-18:00 토요일 08:00-17:00,N,Y,N,Y,N,Y,Y,Y,N,Y,N,2022-11-25
부산항홍보관,,전시/공연,전시/기념관,기타전시/박물관,부산광역시,강서구,성북동,,1501 번지,신항로,96-87 번,35.08621921,128.83058,46767,부산광역시 강서구 신항로 96-87,부산광역시 강서구 성북동 1501,051-972-6348,www.bpfmc.or.kr/new-port_3.do,정보없음,정보없음,정보없음,매주 평일,법정공휴일 휴관,N,Y,N,Y,Y,Y,Y,Y,Y,Y,Y,2022-11-25
부산해바라기소극장,,전시/공연,영화/연극/공연,N,부산광역시,남구,대연동,,52-18 번지,용소로13번길,30 번,35.13676252,129.102258,48512,부산광역시 남구 용소로13번길 30,부산광역시 남구 대연동 52-18,1600-1716,https://tinyurl.com/p6r26s39,정보없음,정보없음,정보없음,"매주 토요일, 일요일, 공휴일",09:00-22:00,N,Y,Y,N,N,N,Y,N,Y,Y,Y,2022-11-25
부산해양자연사박물관,,전시/공연,전시/기념관,기타전시/박물관,부산광역시,동래구,온천동,,산 13-1 번지,우장춘로,175 번,35.22196011,129.075648,47700,부산광역시 동래구 우장춘로 175,부산광역시 동래구 온천동 산 13-1,051-553-4944,www.busan.go.kr/sea/index,정보없음,정보없음,정보없음,"매주 월요일, 공휴일","오전 9시-오후 6시, 입장시간 : 오후 5시까지",N,N,N,Y,Y,N,N,N,N,Y,Y,2022-11-25
부산현대미술관,,전시/공연,전시/기념관,대형미술관,부산광역시,사하구,하단동,,1149-37 번지,낙동남로,1191 번,35.10933193,128.942694,49300,부산광역시 사하구 낙동남로 1191,부산광역시 사하구 하단동 1149-37,051-220-7400,www.busan.go.kr/moca/index,정보없음,정보없음,정보없음,"월요일(월요일이 공휴일인 경우 공휴일 다음 첫 번째 평일), 공휴일",화-일 : 10:00-18:00,N,Y,N,Y,Y,Y,Y,Y,N,Y,Y,2022-11-25
부산홈리빙생활용품전시회,,전시/공연,전시/기념관,기타전시/박물관,부산광역시,해운대구,우동,,1500 번지,APEC로,55 번,35.16906372,129.136018,48060,부산광역시 해운대구 APEC로 55,부산광역시 해운대구 우동 1500,051-740-7709,busangift.kr/main.php,정보없음,정보없음,정보없음,정보없음,"2022.11.24(목)-27(일),10:00-18:00",N,Y,Y,Y,Y,Y,Y,Y,Y,Y,N,2022-11-25
부산CC,,레저/체육/공원,대형레저시설,골프장CC,부산광역시,금정구,노포동,,368 번지,중앙대로2327번길,112 번,35.29563962,129.094972,46202,부산광역시 금정구 중앙대로2327번길 112,부산광역시 금정구 노포동 368,051-509-0707,www.bscc.co.kr/main/main.asp,정보없음,정보없음,정보없음,공휴일,06:00-20:30,Y,N,Y,N,N,N,Y,Y,N,N,N,2022-11-25
부산MBC드림홀,,전시/공연,영화/연극/공연,공연/연극/문화센터,부산광역시,수영구,민락동,,316-2 번지,감포로8번길,69 번,35.16053715,129.124477,48276,부산광역시 수영구 감포로8번길 69,부산광역시 수영구 민락동 316-2,051-760-1000,www.busanmbc.co.kr/,정보없음,정보없음,정보없음,정보없음,매일 15:30-22:00,N,Y,N,Y,N,N,Y,N,N,N,N,2022-11-25
불교서적전시관,,전시/공연,전시/기념관,기타전시/박물관,부산광역시,동구,범일동,,330-152 번지,범일로,54 번,35.13488392,129.059796,48747,부산광역시 동구 범일로 54,부산광역시 동구 범일동 330-152,051-647-7393,정보없음,https://han.gl/spEOP,정보없음,정보없음,매주 일요일,평일 09:00-18:00,N,N,N,Y,N,N,N,N,N,N,N,2022-11-25
브라보요트,,레저/체육/공원,대형레저시설,요트장,부산광역시,해운대구,우동,,1393 번지,해운대해변로,84 번,35.15979857,129.141957,48090,부산광역시 해운대구 해운대해변로 84,부산광역시 해운대구 우동 1393,,정보없음,정보없음,정보없음,정보없음,연중무휴,매일09:00-22:00,Y,N,Y,Y,N,N,Y,Y,Y,N,N,2022-11-25
브라보요트,,레저/체육/공원,대형레저시설,요트장,부산광역시,해운대구,우동,,541-5 번지,구남로18번길,24 번,35.1618684,129.158785,48094,부산광역시 해운대구 구남로18번길 24,부산광역시 해운대구 우동 541-5,,정보없음,정보없음,정보없음,정보없음,연중무휴,매일 09:00-22:00,N,N,N,N,N,N,N,N,N,N,N,2022-11-25
블루오션요트클럽,,레저/체육/공원,대형레저시설,요트장,부산광역시,해운대구,우동,,1393 번지,해운대해변로,52 번,35.16249774,129.138079,48090,부산광역시 해운대구 해운대해변로 52,부산광역시 해운대구 우동 1393,,정보없음,정보없음,정보없음,정보없음,정보없음,정보없음,N,N,N,N,N,N,N,N,N,N,N,2022-11-25
비비씨어터,,전시/공연,영화/연극/공연,공연/연극/문화센터,부산광역시,부산진구,부전동,,217-1 번지,중앙대로692번길,38 번,35.15420361,129.061284,47296,부산광역시 부산진구 중앙대로692번길 38,부산광역시 부산진구 부전동 217-1,051-804-2252,정보없음,정보없음,정보없음,정보없음,정보없음,정보없음,N,N,Y,N,N,N,N,N,N,N,N,2022-11-25
비욘드가라지,,전시/공연,영화/연극/공연,공연/연극/문화센터,부산광역시,중구,중앙동,,22 번지,대교로,135 번,35.1022038,129.037379,48943,부산광역시 중구 대교로 135,부산광역시 중구 중앙동5가 22,,정보없음,blog.naver.com/gosouth_kor,정보없음,정보없음,정보없음,10:30-오전 1:00,N,Y,N,Y,N,N,Y,Y,Y,N,N,2022-11-25
빈빈문화원,,전시/공연,영화/연극/공연,공연/연극/문화센터,부산광역시,수영구,남천동,,69-40 번지,남천서로,20 번,35.14363002,129.107057,48316,부산광역시 수영구 남천서로 20,부산광역시 수영구 남천동 69-40,051-627-2063,정보없음,정보없음,정보없음,정보없음,정보없음,09:30-18:00,N,N,N,N,N,N,N,N,N,N,N,2022-11-25
사상문화원,,전시/공연,영화/연극/공연,공연/연극/문화센터,부산광역시,사상구,학장동,,288-12 번지,가야대로196번길,51 번,35.14738137,128.995023,47022,부산광역시 사상구 가야대로196번길 51,부산광역시 사상구 학장동 288-12,051-316-9111,www.sasangculture.or.kr/,정보없음,정보없음,정보없음,공휴일,"평일 09:00-22:00, 09:00-17:00",N,Y,N,Y,N,N,Y,N,N,N,N,2022-11-25
사상생활사박물관,,전시/공연,전시/기념관,기타전시/박물관,부산광역시,사상구,삼락동,,414-13 번지,낙동대로1258번길,36 번,35.17202277,128.978719,46912,부산광역시 사상구 낙동대로1258번길 36,부산광역시 사상구 삼락동 414-13,051-310-5136,www.sasang.go.kr/lmuseum/,정보없음,정보없음,정보없음,"매주 월요일, 공휴일",09:00-18:00(입장은 17:30분까지),Y,N,N,Y,Y,Y,Y,N,Y,Y,Y,2022-11-25
사상인디스테이션,,전시/공연,영화/연극/공연,공연/연극/문화센터,부산광역시,사상구,괘법동,,572-1 번지,사상로,190 번,35.16223649,128.985318,46968,부산광역시 사상구 사상로 190,부산광역시 사상구 괘법동 572-1,051-316-7630,https://tinyurl.com/78r4wjne,정보없음,www.facebook.com/catssasang,정보없음,공휴일,09:00-18:00,N,N,N,Y,N,Y,N,N,Y,Y,N,2022-11-25
사하문화원,,전시/공연,영화/연극/공연,공연/연극/문화센터,부산광역시,사하구,하단동,,1151-14 번지,낙동남로1233번길,25 번,35.11003324,128.944957,49300,부산광역시 사하구 낙동남로1233번길 25,부산광역시 사하구 하단동 1151-14,051-204-2587,sahacc.kr/index/index.asp,정보없음,정보없음,정보없음,상시변동,09:00-18:00(공연이 있을시 연장),Y,N,N,Y,Y,Y,Y,N,Y,Y,Y,2022-11-25
산성문화체험촌,,문화관광/명소,관광지,N,부산광역시,금정구,금성동,,472 번지,죽전2길,42 번,35.25416789,129.057216,46237,부산광역시 금정구 죽전2길 42,부산광역시 금정구 금성동 472,051-513-6848,sanseong.invil.org/index.html,정보없음,정보없음,정보없음,정보없음,정보없음,Y,N,N,Y,N,N,N,N,Y,N,N,2022-11-25
살롱드부산1023,,전시/공연,영화/연극/공연,N,부산광역시,중구,중앙동,,37-5 번지,40계단길,3 번,35.10407224,129.034851,48930,부산광역시 중구 40계단길 3,부산광역시 중구 중앙동4가 37-5,0507-1333-3624,정보없음,정보없음,https://url.kr/jv3h96,정보없음,연중무휴,09:00-18:00,N,N,Y,N,N,N,N,N,Y,N,N,2022-11-25
삼락강변체육공원,,레저/체육/공원,공원,대형시민/도심공원,부산광역시,사상구,삼락동,,29-46 번지,,,35.16913365,128.973188,46900,,부산광역시 사상구 삼락동 29-46,051-303-0048,https://tinyurl.com/mr6dejtp,정보없음,정보없음,정보없음,연중무휴,24시간운영,Y,Y,N,N,N,Y,Y,Y,Y,N,N,2022-11-25
삼진어묵체험역사관,,전시/공연,전시/기념관,기타전시/박물관,부산광역시,영도구,봉래1동,,39-1 번지,태종로99번길,36 번,35.09295656,129.042783,49035,부산광역시 영도구 태종로99번길 36,부산광역시 영도구 봉래동2가 39-1,051-412-5468,samjinstory.com/,정보없음,정보없음,정보없음,매주 월요일,09:00-18:00사전예약제,Y,N,N,Y,N,N,N,N,Y,Y,Y,2022-11-25
서린골프클럽, ,레저/체육/공원,대형체육시설,N,부산광역시,강서구,명지동,,3597-2 번지,명지국제1로,60-1 번,35.09424055,128.905436,46726,부산광역시 강서구 명지국제1로 60-1,부산광역시 강서구 명지동 3597-2,0507-1355-4005,정보없음,정보없음,정보없음,정보없음,연중무휴,매일 08:00-24:00,Y,N,Y,N,N,N,Y,Y,Y,N,N,2022-11-25
서부산영상미디어센터(2023년8월예정),,전시/공연,영화/연극/공연,공연/연극/문화센터,부산광역시,강서구,대저1동,,2373-2 번지,대저로,269 번,35.21325668,128.981818,46702,부산광역시 강서구 대저로 269,부산광역시 강서구 대저1동 2373-2,,정보없음,정보없음,정보없음,정보없음,정보없음,정보없음,N,N,N,N,N,N,N,N,N,N,N,2022-11-25
서울옥션,부산점,전시/공연,전시/기념관,미술관,부산광역시,해운대구,중동,,1405-16 번지,해운대해변로,292 번,35.16006631,129.163128,48099,부산광역시 해운대구 해운대해변로 292,부산광역시 해운대구 중동 1405-16,051-744-2020,www.seoulauction.com/,blog.naver.com/s_auction,정보없음,www.instagram.com/seoulauction/,매주 월요일,10:00-19:00,N,Y,N,Y,N,Y,Y,N,N,Y,N,2022-11-25
석당미술관,,전시/공연,전시/기념관,N,부산광역시,서구,부민동2가,,1-0 번지,구덕로,225-0 번,35.103741,129.019415,49236,부산광역시 서구 구덕로 225,부산광역시 서구 부민동2가 1 동아대학교부민캠퍼스,051-200-8493,museum.donga.ac.kr/sites/museum/index.do,정보없음,정보없음,정보없음,"매주 월요일, 공휴일",화요일-일요일 09:30-17:00 (16:30까지 입장완료),N,N,N,Y,N,Y,N,N,N,N,N,2022-11-25
선동잔디구장,,레저/체육/공원,대형체육시설,지역축구장,부산광역시,금정구,선동,,998-1 번지,,,35.26892769,129.11509,,,부산광역시 금정구 선동 998-1,051-519-4124,정보없음,정보없음,정보없음,정보없음,"매주 일요일, 공휴일",오전08:00-오후18:00 (주말:08:00-18:00),Y,N,N,Y,N,N,N,N,N,N,N,2022-11-25
성원아트홀,,전시/공연,영화/연극/공연,공연/연극/문화센터,부산광역시,강서구,명지동,,3237-14 번지,명지오션시티4로,88 번,35.08116156,128.903283,46765,부산광역시 강서구 명지오션시티4로 88,부산광역시 강서구 명지동 3237-14,1899-5435,www.sungwonarthall.co.kr/,정보없음,정보없음,정보없음,연중무휴,매일 00:00-24:00,N,Y,N,Y,Y,Y,Y,N,Y,Y,N,2022-11-25
성재문화원,,전시/공연,영화/연극/공연,공연/연극/문화센터,부산광역시,동래구,온천동,,153-8 번지,중앙대로,1523 번,35.2212897,129.085577,47710,부산광역시 동래구 중앙대로 1523,부산광역시 동래구 온천동 153-8,051-863-4441,정보없음,정보없음,정보없음,정보없음,정보없음,정보없음,Y,Y,N,Y,N,Y,Y,N,N,N,N,2022-11-25
성진마린,,레저/체육/공원,대형레저시설,요트장,부산광역시,강서구,대저2동,,3660 번지,울만로322번길,4 번,35.16108299,128.937516,46722,부산광역시 강서구 울만로322번길 4,부산광역시 강서구 대저2동 3660,0507-1306-6485,정보없음,blog.naver.com/kdy2657,정보없음,정보없음,상시변동,매일 00:00-24:00,Y,N,N,N,N,N,N,N,N,N,N,2022-11-25
세븐럭카지노,부산롯데,레저/체육/공원,대형레저시설,세븐럭카지노,부산광역시,부산진구,부전동,,503-15 번지,가야대로,772 번,35.15678998,129.056416,47285,부산광역시 부산진구 가야대로 772,부산광역시 부산진구 부전동 503-15,051-665-6000,www.7luck.com/main/default,정보없음,정보없음,정보없음,연중무휴,24시,Y,N,Y,Y,Y,Y,Y,Y,N,N,N,2022-11-25
소민아트센터,,전시/공연,영화/연극/공연,공연/연극/문화센터,부산광역시,부산진구,부전동,,397-45 번지,서면문화로,14 번,35.15935509,129.057231,47256,부산광역시 부산진구 서면문화로 14,부산광역시 부산진구 부전동 397-45,051-991-2200,정보없음,정보없음,https://url.kr/cxirwo,정보없음,연중무휴,대관문의시간에 따라 다름,N,Y,N,N,N,N,N,N,Y,N,N,2022-11-25
소울아트스페이스,,전시/공연,영화/연극/공연,공연/연극/문화센터,부산광역시,금정구,구서동,,485-13 번지,체육공원로,41 번,35.2477413,129.096943,46251,부산광역시 금정구 체육공원로 41,부산광역시 금정구 구서동 485-13,051-731-5878,www.soulartspace.com/,blog.naver.com/soulartspace,www.facebook.com/soulartspace,www.instagram.com/soulartspace/,"매주 일요일, 월요일, 공휴일","화-금 11:00-18:30,토 12:00-17:00",Y,N,N,N,N,N,N,N,N,N,N,2022-11-25
소향씨어터신한카드홀,,전시/공연,영화/연극/공연,공연/연극/문화센터,부산광역시,해운대구,우동,,1465 번지,센텀중앙로,55 번,35.17304615,129.127655,48058,부산광역시 해운대구 센텀중앙로 55,부산광역시 해운대구 우동 1465,051-950-6500,sohyangtheater.co.kr/,정보없음,정보없음,정보없음,매주 월요일,공연에따라 변동,Y,N,N,N,N,Y,Y,N,N,Y,N,2022-11-25
솔갤러리,,전시/공연,전시/기념관,기타전시/박물관,부산광역시,연제구,거제동,,581-1 번지,거제대로,180 번,35.18428551,129.071201,47543,부산광역시 연제구 거제대로 180,부산광역시 연제구 거제동 581-1,051-752-9113,www.yjculture.co.kr/,정보없음,정보없음,정보없음,"매주 토요일, 일요일, 공휴일",09:00-18:00,Y,N,N,Y,N,Y,Y,N,Y,Y,N,2022-11-25
솔북이에듀파크,,문화관광/명소,관광지,테마공원/대형놀이공원,부산광역시,북구,구포동,,782-43 번지,낙동북로,755 번,35.20078252,129.002095,46633,부산광역시 북구 낙동북로 755,부산광역시 북구 구포동 782-43,051-309-4805,https://tinyurl.com/mhkbeahy,정보없음,정보없음,정보없음,"매주 일요일, 공휴일",평일 10:00-18:00 토요일 10:00-13:00,Y,Y,N,Y,N,N,Y,Y,Y,Y,N,2022-11-25
솔북이에듀파크부산솔로몬로파크,,문화관광/명소,관광지,테마공원/대형놀이공원,부산광역시,북구,구포동,,782-43 번지,낙동북로,755 번,35.20078252,129.002095,46633,부산광역시 북구 낙동북로 755,부산광역시 북구 구포동 782-43,051-330-4000,www.lawnorder.go.kr/solomonbs/index.do,정보없음,www.facebook.com/withlawparkbusan,www.instagram.com/lawpark_busan/,공휴일,월요일-일요일 : 10:00-17:00,Y,Y,N,Y,Y,Y,Y,Y,N,Y,Y,2022-11-25
솜사탕아트홀,,전시/공연,영화/연극/공연,공연/연극/문화센터,부산광역시,부산진구,전포동,,668-1 번지,동천로,92 번,35.15703479,129.063015,47293,부산광역시 부산진구 동천로 92,부산광역시 부산진구 전포동 668-1,051-922-4545,정보없음,정보없음,정보없음,정보없음,정보없음,정보없음,N,N,Y,N,N,N,N,N,N,N,N,2022-11-25
송도해수욕장,,문화관광/명소,관광지,해수욕장,부산광역시,서구,암남동,,135-5 번지,송도해변로,100 번,35.07681992,129.01805,49269,부산광역시 서구 송도해변로 100,부산광역시 서구 암남동 135-5,051-240-4000,https://tinyurl.com/4z93zctk,정보없음,정보없음,정보없음,정보없음,06:00-23:00,Y,Y,N,Y,N,Y,Y,Y,Y,N,N,2022-11-25
송정해수욕장,,문화관광/명소,관광지,해수욕장,부산광역시,해운대구,송정동,,713-3 번지,,,35.17726009,129.198153,,,부산광역시 해운대구 송정동 713-3,051-749-5800,sunnfun.haeundae.go.kr/,정보없음,정보없음,정보없음,연중무휴,상시개방,N,Y,N,Y,N,Y,N,N,Y,Y,N,2022-11-25
수아트홀,,전시/공연,영화/연극/공연,공연/연극/문화센터,부산광역시,해운대구,중동,,1394-284 번지,중동1로19번길,14 번,35.16334566,129.162522,48095,부산광역시 해운대구 중동1로19번길 14,부산광역시 해운대구 중동 1394-284,051-744-1415,sooarthall.com/,정보없음,정보없음,정보없음,공연별 상이,공연에따라 다름,N,N,Y,N,N,N,N,N,N,N,N,2022-11-25
수영만요트경기장,,레저/체육/공원,대형레저시설,요트장,부산광역시,해운대구,우동,,1393 번지,해운대해변로,84 번,35.15979857,129.141957,48090,부산광역시 해운대구 해운대해변로 84,부산광역시 해운대구 우동 1393,051-741-6440,정보없음,정보없음,정보없음,정보없음,정보없음,정보없음,N,N,N,N,N,N,N,N,N,N,N,2022-11-25
수영사적공원수영민속예술관,,전시/공연,전시/기념관,기타전시/박물관,부산광역시,수영구,수영동,,336-1 번지,,,35.17092391,129.113435,48229,,부산광역시 수영구 수영동 336-1,051-752-2947,www.suyeongminsok.or.kr/,정보없음,정보없음,www.instagram.com/suyeongminsok/,"매주 토요일, 일요일, 공휴일",매일 09:00-18:00,Y,N,N,Y,Y,Y,Y,Y,Y,Y,N,2022-11-25
스카이라인루지,부산,레저/체육/공원,대형레저시설,N,부산광역시,기장군,기장읍,시랑리,산 46 번지,기장해안로,205 번,35.19421481,129.219607,46083,부산광역시 기장군 기장읍 기장해안로 205,부산광역시 기장군 기장읍 시랑리 산 46,051-722-6002,www.skylineluge.kr/busan/,정보없음,정보없음,정보없음,연중무휴,"주중(월-금):오전 10:00 부터 오후 7:00시 까지 (티켓 판매 종료 오후 6:30) ,주말(토, 일) 및 공휴일:오전 10:00 부터 오후 8:00시까지 (티켓 판매 종료 오후 7:30)",Y,Y,Y,Y,N,Y,Y,Y,N,N,N,2022-11-25
스타일골프연습장,,레저/체육/공원,대형체육시설,N,부산광역시,수영구,광안동,,964 번지,망미번영로16번나길,42 번,35.16662697,129.108285,48244,부산광역시 수영구 망미번영로16번나길 42,부산광역시 수영구 광안동 964,0507-1391-2203,정보없음,정보없음,정보없음,정보없음,연중무휴,매일 08:00-00:00,Y,N,Y,N,N,N,N,Y,N,N,N,2022-11-25
스톤게이트CC,,레저/체육/공원,대형레저시설,골프장CC,부산광역시,기장군,일광읍,용천리,534 번지,곡천길,317 번,35.28224232,129.20151,46046,부산광역시 기장군 일광읍 곡천길 317,부산광역시 기장군 일광읍 용천리 534,051-722-7000,www.stonegatecc.co.kr/,정보없음,정보없음,정보없음,공휴일,매일 07:00-24:00,Y,N,Y,Y,Y,Y,Y,Y,N,Y,N,2022-11-25
스포원워터파크,,레저/체육/공원,대형레저시설,워터파크,부산광역시,금정구,두구동,,1641 번지,체육공원로399번길,324 번,35.28912174,129.107042,46207,부산광역시 금정구 체육공원로399번길 324,부산광역시 금정구 두구동 1641,1577-0880,www.spo1.or.kr/main/main.do,정보없음,www.facebook.com/spo1park,www.instagram.com/spo1_park/,연중무휴,06:00-21:20,Y,N,N,Y,Y,Y,Y,Y,Y,N,N,2022-11-25
스포원파크,,레저/체육/공원,공원,대형시민/도심공원,부산광역시,금정구,두구동,,1641 번지,체육공원로399번길,324 번,35.28912174,129.107042,46207,부산광역시 금정구 체육공원로399번길 324,부산광역시 금정구 두구동 1641,1577-0880,www.spo1.or.kr/,정보없음,정보없음,정보없음,"매월 2, 4주 월요일, 공휴일",시설마다상이,Y,N,Y,Y,Y,Y,Y,Y,Y,Y,N,2022-11-25
스포원파크 금정체육공원어린이교통나라,,문화관광/명소,관광지,N,부산광역시,금정구,두구동,,1641 번지,체육공원로399번길,324 번,35.28912174,129.107042,46207,부산광역시 금정구 체육공원로399번길 324,부산광역시 금정구 두구동 1641,,정보없음,정보없음,정보없음,정보없음,정보없음,정보없음,N,N,N,N,N,N,N,N,N,N,N,2022-11-25
스포원파크사이드롬,,레저/체육/공원,대형레저시설,경륜장,부산광역시,금정구,두구동,,1641 번지,체육공원로399번길,324 번,35.28912174,129.107042,46207,부산광역시 금정구 체육공원로399번길 324,부산광역시 금정구 두구동 1641,1577-0880,www.spo1.or.kr/main/main.do,blog.naver.com/spo1_park,www.facebook.com/spf.kakao.com/_HxkFWjpo1park,정보없음,"매월 2, 4주 월요일, 공휴일","프리미엄라운지 경륜경주일 10:30-경주종료까지,VIP라운지 경륜경주일 10:30-경주종료까지,휴라운지 금-일 11:00-경주종료까지 ,플레이라운지 수-일 10:30-경주종료까지,가족북카페 수-일 (11:00-경주종료까지)",Y,N,Y,Y,Y,Y,Y,Y,Y,N,N,2022-11-25
스포츠힐링파크,,문화관광/명소,관광지,테마공원/대형놀이공원,부산광역시,기장군,정관읍,모전리,676 번지,모전로,7 번,35.34132097,129.163151,46005,부산광역시 기장군 정관읍 모전로 7,부산광역시 기장군 정관읍 모전리 676,,정보없음,정보없음,정보없음,정보없음,정보없음,정보없음,N,N,N,N,N,N,N,N,N,N,N,2022-11-25
신라대학교박물관,,전시/공연,전시/기념관,기타전시/박물관,부산광역시,사상구,괘법동,,산 1-23 번지,백양대로700번길,140 번,35.1720525,128.997797,46958,부산광역시 사상구 백양대로700번길 140,부산광역시 사상구 괘법동 산 1-23,051-999-5281,museum.silla.ac.kr/,정보없음,정보없음,정보없음,"매주 토요일, 일요일, 공휴일","학기 중 10:00-16:00, 방학 중 10:00-15:00",Y,N,N,Y,N,Y,N,Y,N,N,N,2022-11-25
신명천지소극장,,전시/공연,영화/연극/공연,N,부산광역시,금정구,부곡동,,333-3 번지,부곡로,77 번,35.22285656,129.090666,46306,부산광역시 금정구 부곡로 77,부산광역시 금정구 부곡동 333-3,051-515-7314,www.jagalchi.or.kr/,정보없음,정보없음,정보없음,공연별 상이,공연시간에운영,N,N,Y,N,N,N,N,N,Y,N,N,2022-11-25
신선대유원지,,문화관광/명소,관광지,일반유원지/일반놀이공원,부산광역시,남구,용당동,,산 170 번지,,,35.10326168,129.101306,,,부산광역시 남구 용당동 산 170,,정보없음,정보없음,정보없음,정보없음,정보없음,정보없음,Y,N,N,N,N,N,N,N,Y,N,N,2022-11-25
신세계문화홀,신세계백화점센텀시티점,전시/공연,영화/연극/공연,공연/연극/문화센터,부산광역시,해운대구,우동,,1495 번지,센텀남대로,35 번,35.16881784,129.129523,48058,부산광역시 해운대구 센텀남대로 35,부산광역시 해운대구 우동 1495,051-745-1168,www.shinsegae.com/culture/culturehall/about.do,정보없음,정보없음,정보없음,정보없음,"평일 11:00-20:00 금요일 11:00-20:30,주말 11:00-20:30",Y,Y,N,Y,Y,Y,Y,N,N,Y,N,2022-11-25
씨프랜드스킨스쿠버,,레저/체육/공원,대형레저시설,요트장,부산광역시,사상구,주례동,,693-7 번지,가야대로,229-6 번,35.15053139,128.997884,47001,부산광역시 사상구 가야대로 229-6,부산광역시 사상구 주례동 693-7,051-326-8400,www.seafriend.net/,정보없음,정보없음,정보없음,연중무휴,매일00:00-24:00,N,Y,N,N,N,N,N,N,N,N,N,2022-11-25
아델라아트홀,,전시/공연,영화/연극/공연,N,부산광역시,수영구,남천동,,69-19 번지,수영로,409 번,35.14287674,129.108326,48316,부산광역시 수영구 수영로 409,부산광역시 수영구 남천동 69-19,0507-1337-2543,정보없음,blog.naver.com/altkah1,정보없음,정보없음,정보없음,매일 11:00-22:00,N,N,N,N,N,N,N,N,Y,N,N,2022-11-25
아르코연주홀,,전시/공연,영화/연극/공연,공연/연극/문화센터,부산광역시,금정구,구서동,,491 번지,체육공원로19번길,5 번,35.24619651,129.095011,46251,부산광역시 금정구 체육공원로19번길 5,부산광역시 금정구 구서동 491,051-581-2223,정보없음,정보없음,정보없음,정보없음,연중무휴,전화예약에 따라 다름,Y,N,Y,N,N,N,N,N,N,N,N,2022-11-25
아리랑민속박물관,,전시/공연,전시/기념관,기타전시/박물관,부산광역시,기장군,일광읍,삼성리,189-10 번지,일광로,23 번,35.26122653,129.228095,46044,부산광역시 기장군 일광읍 일광로 23,부산광역시 기장군 일광읍 삼성리 189-10,0507-1467-0584,정보없음,정보없음,정보없음,정보없음,정보없음,"토, 일 11:00-20:00",N,N,N,N,N,N,N,N,N,N,N,2022-11-25
아리안갤러리,,전시/공연,전시/기념관,기타전시/박물관,부산광역시,수영구,민락동,,110-28 번지,광안해변로344번길,17-22 번,35.15504169,129.131973,48280,부산광역시 수영구 광안해변로344번길 17-22,부산광역시 수영구 민락동 110-28,051-757-2130,ariangallery.com/,정보없음,정보없음,정보없음,"매주 일요일, 월요일, 공휴일",12-7시,Y,N,N,Y,N,N,N,N,Y,N,N,2022-11-25
아모스아트홀,,전시/공연,영화/연극/공연,N,부산광역시,남구,대연동,,1752-6 번지,수영로,204 번,35.13470739,129.088867,48492,부산광역시 남구 수영로 204,부산광역시 남구 대연동 1752-6,,amosarthall.modoo.at/,정보없음,정보없음,정보없음,정보없음,정보없음,N,Y,N,N,N,N,Y,N,Y,Y,N,2022-11-25
아미산자생식물원,,문화관광/명소,관광지,식물원,부산광역시,사하구,다대동,,928 번지,,,35.0611994,128.970587,,,부산광역시 사하구 다대동 928,,정보없음,정보없음,정보없음,정보없음,정보없음,상시개방,N,N,N,N,N,Y,N,Y,N,N,N,2022-11-25
아시아드CC,,레저/체육/공원,대형레저시설,골프장CC,부산광역시,기장군,일광읍,이천리,12 번지,차양길,26 번,35.28716826,129.240168,46041,부산광역시 기장군 일광읍 차양길 26,부산광역시 기장군 일광읍 이천리 12,051-720-6000,www.asiadcc.co.kr/,정보없음,정보없음,정보없음,공휴일,"하절기 05:00-22:00, 동절기 07:00-22:00",Y,N,Y,N,N,N,Y,Y,N,N,N,2022-11-25
아이러브요트,,레저/체육/공원,대형레저시설,요트장,부산광역시,해운대구,우동,,1393 번지,해운대해변로,84 번,35.15979857,129.141957,48090,부산광역시 해운대구 해운대해변로 84,부산광역시 해운대구 우동 1393,,iloveyouyachttour.modoo.at/,blog.naver.com/dldlrghgks13,정보없음,www.instagram.com/iloveyouyacht/,연중무휴,09:00-24:00,Y,N,Y,Y,N,N,Y,Y,Y,N,N,2022-11-25
아쿠아월드(2023년예정),,레저/체육/공원,대형레저시설,워터파크,부산광역시,기장군,기장읍,시랑리,719 번지,,,35.18940339,129.217181,46084,,부산광역시 기장군 기장읍 시랑리 719,,정보없음,정보없음,정보없음,정보없음,정보없음,정보없음,N,N,N,N,N,N,N,N,N,N,N,2022-11-25
아트레볼루션전용관,,전시/공연,영화/연극/공연,공연/연극/문화센터,부산광역시,수영구,남천동,,556-23 번지,황령대로,493 번,35.13829334,129.107913,48313,부산광역시 수영구 황령대로 493,부산광역시 수영구 남천동 556-23,,정보없음,정보없음,www.facebook.com/ArtRevolutionTheater,정보없음,매주 월요일,10:00-22:30,N,N,Y,Y,N,Y,Y,Y,Y,Y,Y,2022-11-25
아트부산,,전시/공연,전시/기념관,기타전시/박물관,부산광역시,해운대구,우동,,1500 번지,APEC로,55 번,35.16906372,129.136018,48060,부산광역시 해운대구 APEC로 55,부산광역시 해운대구 우동 1500,051-740-7300,www.bexco.co.kr/,blog.naver.com/bexcoblog,www.facebook.com/bexcokr,http://instagram.com/bexco_busan_/,상시변동,"행사에 따라 다름, 행사 대관은 일반적으로 09:00-18:00, 출입문 개방 폐쇄는 일반적으로 06:00-22:00",N,Y,N,Y,Y,Y,Y,Y,Y,Y,N,2022-11-25
아트스페이스누리봄,,전시/공연,전시/기념관,기타전시/박물관,부산광역시,연제구,거제동,,42-23 번지,명륜로2번길,27 번,35.1945345,129.080342,47514,부산광역시 연제구 명륜로2번길 27,부산광역시 연제구 거제동 42-23,051-503-4072,정보없음,정보없음,정보없음,정보없음,정보없음,정보없음,N,N,N,N,N,N,N,N,N,N,N,2022-11-25
아트팩토리공감,,전시/공연,영화/연극/공연,공연/연극/문화센터,부산광역시,남구,대연동,,1751-2 번지,수영로,216-1 번,35.13479504,129.090222,48492,부산광역시 남구 수영로 216-1,부산광역시 남구 대연동 1751-2,0507-1342-4681,정보없음,정보없음,정보없음,정보없음,연중무휴,11:00-20:00,N,Y,N,N,N,N,N,N,N,N,N,2022-11-25
아홉산숲,,문화관광/명소,관광지,휴양림/수목원,부산광역시,기장군,철마면,웅천리,26 번지,미동길,37-1 번,35.28704277,129.171518,46050,부산광역시 기장군 철마면 미동길 37-1,부산광역시 기장군 철마면 웅천리 26,051-721-9183,www.ahopsan.com/,정보없음,정보없음,정보없음,매주 월요일,09:00-18:00,Y,N,Y,Y,N,N,N,N,N,N,N,2022-11-25
안데르센극장,,전시/공연,영화/연극/공연,공연/연극/문화센터,부산광역시,기장군,장안읍,기룡리,산 126 번지,장안로,211 번,35.36009981,129.240029,46028,부산광역시 기장군 장안읍 장안로 211,부산광역시 기장군 장안읍 기룡리 산 126,051-728-3909,gijangandersen.org/main.php,정보없음,정보없음,정보없음,연중무휴,공연정보에 따라 다름,Y,N,N,Y,N,Y,Y,Y,Y,Y,N,2022-11-25
안데르센동화마을(2022년12월예정),,문화관광/명소,관광지,테마공원/대형놀이공원,부산광역시,기장군,장안읍,기룡리,산 126 번지,장안로,211 번,35.36009981,129.240029,46028,부산광역시 기장군 장안읍 장안로 211,부산광역시 기장군 장안읍 기룡리 산 126,,정보없음,정보없음,정보없음,정보없음,정보없음,정보없음,N,N,N,N,N,N,N,N,N,N,N,2022-11-25
안용복기념부산포개항문화관,,전시/공연,영화/연극/공연,공연/연극/문화센터,부산광역시,동구,좌천동,,722 번지,증산로,100 번,35.13563775,129.052948,48724,부산광역시 동구 증산로 100,부산광역시 동구 좌천동 722,051-633-1696,정보없음,정보없음,정보없음,정보없음,매주 월요일,09:00-18:00,N,N,N,N,N,N,N,N,N,N,N,2022-11-25
안평차량사업소경전철홍보관,,전시/공연,전시/기념관,기타전시/박물관,부산광역시,기장군,철마면,안평리,358-1 번지,반송로,1180 번,35.24348253,129.177446,46051,부산광역시 기장군 철마면 반송로 1180,부산광역시 기장군 철마면 안평리 358-1,051-605-0115,정보없음,정보없음,정보없음,정보없음,"매주 토요일, 일요일, 공휴일",10-17시,Y,N,N,Y,N,N,Y,Y,N,N,N,2022-11-25
애플컴퓨터박물관,,전시/공연,전시/기념관,기타전시/박물관,부산광역시,중구,중앙동,,37-32 번지,40계단길,7 번,35.10406685,129.035086,48930,부산광역시 중구 40계단길 7,부산광역시 중구 중앙동4가 37-32,,www.applemuseum.co.kr/,정보없음,정보없음,정보없음,매주 일요일,월-토 10:00-17:00,N,N,N,N,N,N,N,N,N,N,N,2022-11-25
액터스소극장,,전시/공연,영화/연극/공연,공연/연극/문화센터,부산광역시,수영구,남천동,,12-19 번지,남천동로,7 번,35.14303107,129.109808,48307,부산광역시 수영구 남천동로 7,부산광역시 수영구 남천동 12-19,051-611-6616,정보없음,정보없음,https://url.kr/ec2n5t,정보없음,공연별 상이,공연에따라 유동적,N,N,Y,N,N,N,N,N,N,N,N,2022-11-25
어댑터플레이스,,전시/공연,영화/연극/공연,N,부산광역시,수영구,광안동,,197-18 번지,광안해변로,193 번,35.15165571,129.116741,48303,부산광역시 수영구 광안해변로 193,부산광역시 수영구 광안동 197-18,,www.yes-weare.com/,정보없음,https://url.kr/s314na,www.instagram.com/yesweare_adapter/,연중무휴,00:00-24:00,N,N,N,N,N,N,N,N,Y,Y,Y,2022-11-25
어바웃더요트,,레저/체육/공원,대형레저시설,요트장,부산광역시,해운대구,우동,,1393 번지,해운대해변로,84 번,35.15979857,129.141957,48090,부산광역시 해운대구 해운대해변로 84,부산광역시 해운대구 우동 1393,051-746-3295,정보없음,정보없음,정보없음,www.instagram.com/about_the_yacht/,정보없음,정보없음,N,N,Y,N,N,N,N,N,N,N,N,2022-11-25
에덴유원지,,문화관광/명소,관광지,테마공원/대형놀이공원,부산광역시,사하구,하단동,,786-1 번지,,,35.10916994,128.962268,49309,,부산광역시 사하구 하단동 786-1,051-220-6041,korean.visitkorea.or.kr/detail/ms_detail.do?cotid=64194709-dc74-432a-9f3f-8ab0e0f7ad56,정보없음,정보없음,정보없음,정보없음,매일 00:00-24:00,N,N,N,N,N,N,N,N,Y,N,N,2022-11-25
에저또소극장,,전시/공연,영화/연극/공연,공연/연극/문화센터,부산광역시,남구,대연동,,314-24 번지,수영로293번길,42 번,35.13822258,129.097365,48434,부산광역시 남구 수영로293번길 42,부산광역시 남구 대연동 314-24,051-852-9161,cafe.daum.net/ejotto,정보없음,정보없음,정보없음,공연별 상이,공연에따라 변동,N,N,Y,N,N,N,N,N,N,N,N,2022-11-25
엔씨소극장,,전시/공연,영화/연극/공연,N,부산광역시,금정구,장전동,,40 번지,부산대학로63번길,2 번,35.2322428,129.083824,46241,부산광역시 금정구 부산광역시대학로63번길 2,부산광역시 금정구 장전동 40,051-509-7084,cafe.naver.com/nc7085,정보없음,정보없음,정보없음,"매주 일요일, 월요일, 공휴일",10:30-17:30,Y,Y,Y,Y,N,Y,Y,Y,Y,Y,N,2022-11-25
엘리그레이,,전시/공연,영화/연극/공연,N,부산광역시,부산진구,부전동,,188-2 번지,중앙대로680번가길,33-9 번,35.15482995,129.060197,47295,부산광역시 부산진구 중앙대로680번가길 33-9,부산광역시 부산진구 부전동 188-2,0507-1363-1030,정보없음,정보없음,정보없음,정보없음,정보없음,매일 12:30-20:30,N,N,N,N,N,N,N,N,N,N,N,2022-11-25
여기는극장입니다,,전시/공연,영화/연극/공연,공연/연극/문화센터,부산광역시,부산진구,연지동,,168-13 번지,동평로,221 번,35.16958243,129.051411,47133,부산광역시 부산진구 동평로 221,부산광역시 부산진구 연지동 168-13,,chili2012.modoo.at/,정보없음,정보없음,www.instagram.com/chiliactor/,정보없음,12:00-23:00,Y,N,N,Y,N,N,N,N,N,N,N,2022-11-25
연제나무그늘,6호점,전시/공연,전시/기념관,N,부산광역시,연제구,거제동,,1179-4 번지,아시아드대로46번길,45 번,35.1884749,129.0707,47525,부산광역시 연제구 아시아드대로46번길 45,부산광역시 연제구 거제동 1179-4,051-507-8171,bgjswc.or.kr/,정보없음,정보없음,정보없음,"매주 일요일, 공휴일",월-금 (10:00-17:00),Y,N,N,Y,N,Y,Y,N,Y,Y,N,2022-11-25
연제문화원,,전시/공연,영화/연극/공연,공연/연극/문화센터,부산광역시,연제구,거제동,,581-1 번지,거제대로,180 번,35.18428551,129.071201,47543,부산광역시 연제구 거제대로 180,부산광역시 연제구 거제동 581-1,051-752-9113,www.yjculture.co.kr/,정보없음,정보없음,정보없음,"매주 토요일, 일요일, 공휴일",매일09:00-18:00,Y,N,N,Y,N,Y,Y,N,Y,Y,N,2022-11-25
연화랑,,전시/공연,전시/기념관,기타전시/박물관,부산광역시,영도구,영선2동,,4 번지,영선대로,41 번,35.08499639,129.040033,49051,부산광역시 영도구 영선대로 41,부산광역시 영도구 영선동4가 4,051-415-1021,정보없음,정보없음,정보없음,정보없음,정보없음,"매일 10:00-17:00 주말 10시 부터 13시 (단, 예약 후 관람가능)",N,N,N,N,N,N,N,N,N,N,N,2022-11-25
영광문화예술원,,전시/공연,영화/연극/공연,공연/연극/문화센터,부산광역시,부산진구,부전동,,401-9 번지,새싹로,37 번,35.16084886,129.056334,47256,부산광역시 부산진구 새싹로 37,부산광역시 부산진구 부전동 401-9,051-816-9400,정보없음,blog.naver.com/ykykart,www.facebook.com/ykykart,정보없음,"매주 토요일, 일요일, 공휴일",월-금 오전 10:00-오후 7:00,N,N,N,N,N,N,N,N,Y,Y,Y,2022-11-25
영도마린축구장,,레저/체육/공원,대형체육시설,지역축구장,부산광역시,영도구,동삼동,,1157 번지,해양로,307 번,35.0812211,129.075858,49111,부산광역시 영도구 해양로 307,부산광역시 영도구 동삼동 1157,051-419-4151,www.yeongdo.go.kr/reserve/01786/01807.web,정보없음,정보없음,정보없음,공휴일,예약제,Y,N,N,Y,N,Y,Y,N,N,N,N,2022-11-25
영도문화원,,전시/공연,영화/연극/공연,공연/연극/문화센터,부산광역시,영도구,동삼동,,516-1 번지,함지로79번길,6 번,35.07526538,129.066859,49114,부산광역시 영도구 함지로79번길 6,부산광역시 영도구 동삼동 516-1,051-403-1861,www.ydculture.com/,정보없음,정보없음,정보없음,정보없음,정보없음,Y,N,N,Y,N,Y,Y,Y,Y,Y,N,2022-11-25
영도조내기고구마역사기념관,,전시/공연,전시/기념관,기타전시/박물관,부산광역시,영도구,청학동,,484-1 번지,벚꽃길,75 번,35.08529261,129.058327,49087,부산광역시 영도구 벚꽃길 75,부산광역시 영도구 청학동 484-1,051-419-4047,www.yeongdo.go.kr/tour/01462/01470.web?amode=view&idx=2308&,정보없음,정보없음,정보없음,"매주 월요일, 공휴일",10:00-18:00,Y,N,N,Y,N,Y,Y,N,Y,Y,Y,2022-11-25
영상산업센터,,전시/공연,영화/연극/공연,공연/연극/문화센터,부산광역시,해운대구,우동,,1466-2 번지,센텀서로,39 번,35.1722864,129.126629,48058,부산광역시 해운대구 센텀서로 39,부산광역시 해운대구 우동 1466-2,051-720-0357,www.bvic.kr/,정보없음,정보없음,정보없음,"매주 토요일, 일요일, 공휴일","(5-6층,9-12층)오전 9시-오후 6시,(8층,11층)오전 9시-오후 10시",Y,Y,N,Y,N,Y,Y,N,N,Y,N,2022-11-25
영아트공방,,전시/공연,영화/연극/공연,N,부산광역시,강서구,대저2동,,2013-1 번지,공항로811번가길,8 번,35.17934809,128.956736,46720,부산광역시 강서구 공항로811번가길 8,부산광역시 강서구 대저2동 2013-1,,정보없음,정보없음,정보없음,정보없음,정보없음,정보없음,Y,N,N,Y,N,Y,Y,Y,N,Y,N,2022-11-25
영화의전당,,전시/공연,영화/연극/공연,대형예술센터,부산광역시,해운대구,우동,,1467 번지,수영강변대로,120 번,35.17103653,129.127085,48058,부산광역시 해운대구 수영강변대로 120,부산광역시 해운대구 우동 1467,051-780-6000,www.dureraum.org/bcc/main/main.do?rbsIdx=1,정보없음,정보없음,www.instagram.com/dureraum/,연중무휴,"영화 상영 시간 마다 상이, 영화전문자료실 10:00-19:00",Y,Y,Y,Y,N,Y,Y,N,N,Y,Y,2022-11-25
예술은공유다,,전시/공연,영화/연극/공연,공연/연극/문화센터,부산광역시,수영구,광안동,,197-18 번지,광안해변로,193 번,35.15165571,129.116741,48303,부산광역시 수영구 광안해변로 193,부산광역시 수영구 광안동 197-18,051-911-1447,www.adapter.theater/index,blog.naver.com/yesweare0080,정보없음,정보없음,정보없음,주중 10:00-19:00,N,N,N,N,N,N,N,N,N,N,N,2022-11-25
예술지구P,,전시/공연,영화/연극/공연,공연/연극/문화센터,부산광역시,금정구,회동동,,157-6 번지,개좌로,162 번,35.2259608,129.118326,46259,부산광역시 금정구 개좌로 162,부산광역시 금정구 회동동 157-6,070-4322-3113,artdp.org/,정보없음,정보없음,정보없음,매주 일요일,10:00-19:00,N,Y,N,N,N,N,N,N,N,N,N,2022-11-25
오륙도전망대,,문화관광/명소,관광지,유명관광지,부산광역시,남구,용호동,,,,,35.11396566,129.116007,,,부산광역시 남구 용호동,051-601-3408,korean.visitkorea.or.kr/,정보없음,정보없음,정보없음,상시변동,09:00-18:00 (입장마감 17:50),N,Y,N,Y,N,Y,Y,N,Y,Y,N,2022-11-25
오륙도해맞이공원,,레저/체육/공원,공원,대형시민/도심공원,부산광역시,남구,용호동,,산 196-8 번지,,,35.10396869,129.124119,48594,,부산광역시 남구 용호동 산 196-8,051-888-3636,정보없음,정보없음,정보없음,정보없음,연중무휴,상시개방,N,Y,N,Y,N,N,Y,Y,Y,N,N,2022-11-25
오륜대한국순교자박물관,,전시/공연,전시/기념관,기타전시/박물관,부산광역시,금정구,부곡동,,1-4 번지,오륜대로,106-1 번,35.24570172,129.100902,46265,부산광역시 금정구 오륜대로 106-1,부산광역시 금정구 부곡동 1-4,051-583-2923,www.oryundaemuseum.com,정보없음,정보없음,정보없음,"매주 월요일, 공휴일","매일 10:00-17:00 (점심시간, 12:00-13:00)",Y,N,Y,N,N,N,N,Y,N,N,N,2022-11-25
오색빛깔행복체험공방,,전시/공연,전시/기념관,기타전시/박물관,부산광역시,동구,범일동,,1542-1 번지,안창로,57 번,35.14563025,129.04243,48700,부산광역시 동구 안창로 57,부산광역시 동구 범일동 1542-1,051-635-3367,정보없음,정보없음,정보없음,정보없음,"매주 토요일, 일요일, 공휴일",10:00-18:00,N,Y,N,N,N,N,N,N,N,N,Y,2022-11-25
오케이스크린골프존, 좌1동,레저/체육/공원,대형체육시설,N,부산광역시,해운대구,좌동,,1461-1 번지,좌동로,88 번,35.17196445,129.174953,48106,부산광역시 해운대구 좌동로 88,부산광역시 해운대구 좌동 1461-1,051-703-0888,정보없음,정보없음,정보없음,정보없음,연중무휴,24시간 영업,Y,Y,Y,Y,N,N,Y,N,N,Y,N,2022-11-25
오페라바움,,전시/공연,전시/기념관,N,부산광역시,기장군,기장읍,시랑리,721-1 번지,동부산관광7로,31 번,35.1886431,129.215813,46084,부산광역시 기장군 기장읍 동부산광역시관광7로 31,부산광역시 기장군 기장읍 시랑리 721-1,051-722-9597,band.us/band/78739800/post/259,m.blog.naver.com/shimss60,정보없음,정보없음,정보없음,정보없음,N,N,Y,N,N,N,N,N,N,N,N,2022-11-25
오픈스페이스배,,전시/공연,영화/연극/공연,N,부산광역시,해운대구,중동,,1502-13 번지,달맞이길65번길,158 번,35.15658257,129.178646,48117,부산광역시 해운대구 달맞이길65번길 158,부산광역시 해운대구 중동 1502-13,051-724-5201,정보없음,정보없음,정보없음,정보없음,매주 일요일,11:00-18:00,N,N,N,N,N,N,N,N,Y,N,N,2022-11-25
올림픽기념국민생활소극장,,전시/공연,영화/연극/공연,공연/연극/문화센터,부산광역시,해운대구,우동,,1127-37 번지,APEC로,68 번,35.16742611,129.137696,48060,부산광역시 해운대구 APEC로 68,부산광역시 해운대구 우동 1127-37,051-744-1181,정보없음,정보없음,정보없음,정보없음,"매주 일요일, 공휴일","평일 06:00-21:00, 토요일 06:00-18:00",N,Y,N,Y,N,Y,Y,Y,N,Y,N,2022-11-25
와우요트,,레저/체육/공원,대형레저시설,요트장,부산광역시,해운대구,우동,,1393 번지,해운대해변로,84 번,35.15979857,129.141957,48090,부산광역시 해운대구 해운대해변로 84,부산광역시 해운대구 우동 1393,,www.wowyacht.com,정보없음,정보없음,http://www.instagram.com/wow_yacht_club,연중무휴,매일13:00-22:00,Y,N,Y,Y,N,N,Y,Y,Y,N,N,2022-11-25
왕길지기념관,,전시/공연,전시/기념관,대형기념관/묘역,부산광역시,동구,좌천동,,490 번지,정공단로,19 번,35.13478935,129.053439,48724,부산광역시 동구 정공단로 19,부산광역시 동구 좌천동 490,051-647-2452,정보없음,정보없음,정보없음,정보없음,연중무휴,11:00-18:00,Y,N,N,N,N,N,N,N,N,N,N,2022-11-25
요산김정한문학관,,전시/공연,전시/기념관,기타전시/박물관,부산광역시,금정구,남산동,,662 번지,팔송로,60-6 번,35.27236541,129.085716,46217,부산광역시 금정구 팔송로 60-6,부산광역시 금정구 남산동 662,051-515-1655,www.yosan.co.kr/main/index.html,정보없음,정보없음,정보없음,매주 월요일,화-일 10:00-17:00,N,N,Y,Y,N,Y,N,N,Y,Y,N,2022-11-25
요트더퀸,,레저/체육/공원,대형레저시설,요트장,부산광역시,해운대구,우동,,1393 번지,해운대해변로,84 번,35.15979857,129.141957,48090,부산광역시 해운대구 해운대해변로 84,부산광역시 해운대구 우동 1393,0507-1349-3759,amalficoast.modoo.at/,정보없음,정보없음,www.instagram.com/yacht_the_queen,연중무휴,매일00:00-24:00,Y,N,Y,Y,N,N,Y,Y,Y,N,N,2022-11-25
요트데이,,레저/체육/공원,대형레저시설,요트장,부산광역시,해운대구,우동,,1394 번지,,,35.15949451,129.140985,48090,,부산광역시 해운대구 우동 1394,1544-6467,www.yachtday.modoo.at,정보없음,정보없음,http://instagram.com/pohang_yachtday,연중무휴,매일10:00-22:00,N,N,Y,N,N,N,N,N,N,N,N,2022-11-25
요트메이트,,레저/체육/공원,대형레저시설,요트장,부산광역시,해운대구,우동,,1393 번지,해운대해변로,84 번,35.15979857,129.141957,48090,부산광역시 해운대구 해운대해변로 84,부산광역시 해운대구 우동 1393,0507-1389-0136,정보없음,정보없음,정보없음,정보없음,연중무휴,매일13:00-23:00,Y,N,Y,Y,N,N,Y,Y,Y,N,N,2022-11-25
요트원,,레저/체육/공원,대형레저시설,요트장,부산광역시,해운대구,우동,,1393 번지,해운대해변로,84 번,35.15979857,129.141957,48090,부산광역시 해운대구 해운대해변로 84,부산광역시 해운대구 우동 1393,,yachtone1.modoo.at/,정보없음,정보없음,정보없음,연중무휴,매일09:00-22:00,Y,N,Y,Y,N,N,Y,Y,Y,N,N,2022-11-25
요트탈래,,레저/체육/공원,대형레저시설,요트장,부산광역시,해운대구,우동,,1393 번지,해운대해변로,84 번,35.15979857,129.141957,48090,부산광역시 해운대구 해운대해변로 84,부산광역시 해운대구 우동 1393,1599-1789,www.yachttale.com,blog.naver.com/yachttale,www.facebook.com/yachttale/,www.instagram.com/yachttale/,상시변동,09:00-22:00,Y,N,Y,Y,N,N,Y,Y,Y,N,N,2022-11-25
요트홀릭,,레저/체육/공원,대형레저시설,요트장,부산광역시,해운대구,우동,,1393 번지,해운대해변로,84 번,35.15979857,129.141957,48090,부산광역시 해운대구 해운대해변로 84,부산광역시 해운대구 우동 1393,1600-9673,www.yachtholic.com/,정보없음,www.facebook.com/yachtholic,www.instagram.com/yachtholic/,상시변동,09:00-18:00,Y,N,Y,Y,N,N,Y,Y,Y,N,N,2022-11-25
용두산공원,,레저/체육/공원,공원,대형시민/도심공원,부산광역시,중구,광복동,,1-2 번지,용두산길,37-55 번,35.10092943,129.032443,48950,부산광역시 중구 용두산길 37-55,부산광역시 중구 광복동2가 1-2,051-860-7820,www.bisco.or.kr/yongdusanpark/,정보없음,정보없음,정보없음,연중무휴,00:00-24:00,N,Y,N,N,Y,Y,Y,Y,Y,Y,Y,2022-11-25
용천지랄소극장,,전시/공연,영화/연극/공연,공연/연극/문화센터,부산광역시,남구,대연동,,52-24 번지,용소로13번길,36-1 번,35.13684116,129.102571,48512,부산광역시 남구 용소로13번길 36-1,부산광역시 남구 대연동 52-24,051-625-0767,정보없음,정보없음,정보없음,정보없음,공연별 상이,공연시간에운영,N,N,Y,N,N,N,N,N,Y,N,N,2022-11-25
용호별빛공원,,레저/체육/공원,공원,대형시민/도심공원,부산광역시,남구,용호동,,5-5 번지,분포로,66-40 번,35.1322161,129.120143,48576,부산광역시 남구 분포로 66-40,부산광역시 남구 용호동 5-5,051-607-4000,정보없음,정보없음,정보없음,정보없음,연중무휴,동절기(12-2월)10:00-21:00 하절기(10월31일까지)08:00-22:00,N,N,N,Y,N,Y,Y,Y,Y,Y,N,2022-11-25
우장춘기념관,,전시/공연,전시/기념관,기타전시/박물관,부산광역시,동래구,온천동,,850-48 번지,우장춘로62번길,7 번,35.21350807,129.072016,47720,부산광역시 동래구 우장춘로62번길 7,부산광역시 동래구 온천동 850-48,051-550-6633,www.bisco.or.kr/geumgangpark/cyber/cyber03/,정보없음,정보없음,정보없음,"매주 월요일, 공휴일",09:00-18:00,Y,N,N,Y,N,N,Y,N,Y,Y,Y,2022-11-25
우창골프,금정점,레저/체육/공원,대형체육시설,N,부산광역시,금정구,남산동,,990-1 번지,금샘로,478 번,35.26585968,129.08566,46223,부산광역시 금정구 금샘로 478,부산광역시 금정구 남산동 990-1,051-515-0703,정보없음,정보없음,정보없음,정보없음,정보없음,"평일 06:00-22:30, 토일공휴일 06:00-22:00",Y,Y,Y,Y,N,N,Y,N,N,N,N,2022-11-25
월드컵빌리지,,레저/체육/공원,대형체육시설,지역(마을/단지)운동장,부산광역시,기장군,일광읍,원리,57 번지,,,35.30166534,129.240531,46039,,부산광역시 기장군 일광읍 원리 57,051-792-4780,gijangcmc.or.kr/worldcup,정보없음,정보없음,정보없음,공휴일,"대관시간=이용시간,평일 9시-22시,주말 8시-21시",Y,N,Y,N,N,Y,Y,N,Y,N,N,2022-11-25
월석아트홀,,전시/공연,전시/기념관,기타전시/박물관,부산광역시,해운대구,우동,,1469-1 번지,센텀서로,20 번,35.1713212,129.128981,48058,부산광역시 해운대구 센텀서로 20,부산광역시 해운대구 우동 1469-1,051-731-3302,kunst1.co.kr/museumone,정보없음,정보없음,정보없음,연중무휴,"월-금: 10:00-19:00, 주말 및 공휴일: 10:00-20:00",N,Y,Y,Y,N,Y,Y,Y,N,Y,N,2022-11-25
위너스골프클럽,,레저/체육/공원,대형체육시설,N,부산광역시,기장군,기장읍,서부리,245-4 번지,읍내로,28 번,35.24598017,129.208988,46059,부산광역시 기장군 기장읍 읍내로 28,부산광역시 기장군 기장읍 서부리 245-4,051-723-8778,정보없음,정보없음,정보없음,정보없음,연중무휴,"평일,기본 06:00-22:00,주말기본 06:00-21:30",Y,N,Y,N,N,N,Y,Y,N,N,N,2022-11-25
유엔평화기념관,,전시/공연,전시/기념관,대형기념관/묘역,부산광역시,남구,대연동,,747-97 번지,홍곡로320번길,106 번,35.12475247,129.093257,48532,부산광역시 남구 홍곡로320번길 106,부산광역시 남구 대연동 747-97,051-901-1400,unpm.or.kr/un2022/main.php,정보없음,정보없음,www.instagram.com/un_peacememorialhall/,"매주 월요일, 공휴일",오전 10시-오후 6시,Y,N,N,Y,Y,Y,Y,Y,Y,Y,Y,2022-11-25
유치환의우체통,,전시/공연,전시/기념관,기타전시/박물관,부산광역시,동구,초량동,,827-44 번지,망양로580번길,2 번,35.12209588,129.033842,48805,부산광역시 동구 망양로580번길 2,부산광역시 동구 초량동 827-44,051-469-9818,정보없음,정보없음,정보없음,정보없음,매주 월요일,매일 10:00-19:00,N,Y,N,N,N,N,N,N,Y,N,N,2022-11-25
을숙도공원,,문화관광/명소,관광지,유명관광지,부산광역시,사하구,하단동,,1142-9 번지,,,35.11165737,128.944659,49304,,부산광역시 사하구 하단동 1142-9,051-209-2000,정보없음,정보없음,정보없음,정보없음,연중무휴,정보없음,N,Y,N,Y,Y,Y,Y,Y,Y,N,N,2022-11-25
을숙도공원을숙도리틀야구장,,레저/체육/공원,대형체육시설,지역야구장,부산광역시,사하구,하단동,,1149-1 번지,낙동남로1233번길,34 번,35.11089463,128.946981,49300,부산광역시 사하구 낙동남로1233번길 34,부산광역시 사하구 하단동 1149-1,051-220-4838,https://tinyurl.com/2p2mrz7n,정보없음,정보없음,정보없음,매주 월요일,07:00-19:00,N,Y,N,Y,N,Y,Y,Y,N,N,N,2022-11-25
을숙도공원을숙도문화회관,,전시/공연,영화/연극/공연,공연/연극/문화센터,부산광역시,사하구,하단동,,1151-14 번지,낙동남로1233번길,25 번,35.11003324,128.944957,49300,부산광역시 사하구 낙동남로1233번길 25,부산광역시 사하구 하단동 1151-14,051-220-5801,www.saha.go.kr/eulsukdo/main.do,정보없음,정보없음,정보없음,정보없음,정보없음,Y,N,N,Y,Y,Y,Y,N,Y,Y,Y,2022-11-25
을숙도공원을숙도소공연장,,전시/공연,영화/연극/공연,공연/연극/문화센터,부산광역시,사하구,하단동,,1151-14 번지,낙동남로1233번길,25 번,35.11003324,128.944957,49300,부산광역시 사하구 낙동남로1233번길 25,부산광역시 사하구 하단동 1151-14,051-220-5834,www.saha.go.kr/eulsukdo/main.do,정보없음,정보없음,정보없음,매주 월요일,09시-22시,N,Y,N,Y,N,Y,Y,Y,N,Y,N,2022-11-25
을숙도철새공원,,문화관광/명소,관광지,유명관광지,부산광역시,사하구,하단동,,1207 번지,,,35.09878737,128.937857,49435,,부산광역시 사하구 하단동 1207,051-209-2000,정보없음,정보없음,정보없음,정보없음,정보없음,정보없음,N,Y,N,Y,Y,Y,Y,Y,Y,N,N,2022-11-25
을숙도축구장,,레저/체육/공원,대형체육시설,지역축구장,부산광역시,사하구,하단동,,1149-11 번지,낙동남로1233번길,59 번,35.11175178,128.948746,49300,부산광역시 사하구 낙동남로1233번길 59,부산광역시 사하구 하단동 1149-11,051-220-4838,정보없음,정보없음,정보없음,정보없음,정보없음,정보없음,N,Y,Y,N,N,N,Y,N,N,N,N,2022-11-25
이기대반딧불이,,문화관광/명소,관광지,N,부산광역시,남구,용호동,,산 28-1 번지,이기대공원로,105 번,35.12272803,129.122032,48576,부산광역시 남구 이기대공원로 105,부산광역시 남구 용호동 산 28-1,,정보없음,정보없음,정보없음,정보없음,정보없음,정보없음,N,Y,N,N,N,N,Y,Y,Y,N,N,2022-11-25
이마트문화센터,금정점,전시/공연,영화/연극/공연,공연/연극/문화센터,부산광역시,금정구,구서동,,368 번지,중앙대로1841번길,24 번,35.24994153,129.090596,46233,부산광역시 금정구 중앙대로1841번길 24,부산광역시 금정구 구서동 368,051-606-1250,store.emart.com/branch/list.do?id=1069,정보없음,정보없음,정보없음,"매월 2,4주 일요일",10:00-17:00(프로그램에따라 변동될 수 있음),Y,Y,N,Y,N,Y,Y,N,Y,N,N,2022-11-25
이마트문화센터,연제점,전시/공연,영화/연극/공연,공연/연극/문화센터,부산광역시,연제구,연산동,,822-7 번지,연수로,89 번,35.1761555,129.081314,47604,부산광역시 연제구 연수로 89,부산광역시 연제구 연산동 822-7,051-860-1250,www.cultureclub.emart.com/main,정보없음,정보없음,www.instagram.com/emart_yeonje/,"매달 2, 4번째 일요일, 공휴일",10:00-17:00,Y,Y,N,Y,Y,Y,Y,Y,Y,Y,N,2022-11-25
이바구공작소,,전시/공연,전시/기념관,기타전시/박물관,부산광역시,동구,초량동,,875-2 번지,망양로486번길,14-13 번,35.11709939,129.033822,48810,부산광역시 동구 망양로486번길 14-13,부산광역시 동구 초량동 875-2,051-468-0289,정보없음,정보없음,정보없음,정보없음,매주 월요일,"화-토 10:00-19:00,일 09:00-18:00",Y,N,N,N,N,N,N,N,Y,N,N,2022-11-25
이스라엘하우스,,전시/공연,전시/기념관,기타전시/박물관,부산광역시,수영구,민락동,,166-13 번지,민락로33번길,5 번,35.15785153,129.121353,48285,부산광역시 수영구 민락로33번길 5,부산광역시 수영구 민락동 166-13,051-752-3052,israelhouse.org/default/,정보없음,정보없음,정보없음,"매주 일요일, 월요일, 공휴일",11:00-17:00,Y,N,N,N,N,N,N,N,Y,Y,Y,2022-11-25
이젤갤러리,,전시/공연,영화/연극/공연,N,부산광역시,수영구,망미동,,426-3 번지,연수로335번길,22 번,35.17258342,129.107922,48211,부산광역시 수영구 연수로335번길 22,부산광역시 수영구 망미동 426-3,051-753-4808,정보없음,정보없음,정보없음,정보없음,매주 일요일,11:00-18:00,N,N,N,Y,N,N,N,N,Y,N,N,2022-11-25
이주홍문학관,,전시/공연,전시/기념관,기타전시/박물관,부산광역시,동래구,온천동,,435-23 번지,금강로61번길,20-12 번,35.21542817,129.076779,47706,부산광역시 동래구 금강로61번길 20-12,부산광역시 동래구 온천동 435-23,051-552-1020,www.leejuhong.com/,정보없음,정보없음,정보없음,"매주 일요일, 월요일, 공휴일",화-토 10:00-17:00,Y,N,N,Y,N,N,N,N,Y,N,N,2022-11-25
이즈컴,,전시/공연,전시/기념관,기타전시/박물관,부산광역시,수영구,남천동,,69-2 번지,수영로427번길,11 번,35.14422203,129.10868,48316,부산광역시 수영구 수영로427번길 11,부산광역시 수영구 남천동 69-2,051-611-0002,정보없음,정보없음,정보없음,정보없음,연중무휴,매일 00:00-24:00,N,N,N,N,N,N,N,N,N,N,N,2022-11-25
이태석신부기념관,,전시/공연,전시/기념관,기타전시/박물관,부산광역시,서구,남부민동,,611-227 번지,천마로50번길,70 번,35.08246165,129.023538,49263,부산광역시 서구 천마로50번길 70,부산광역시 서구 남부민동 611-227,051-257-1017,www.이태석신부기념관.com,정보없음,정보없음,정보없음,매주 월요일,09:00-18:00,Y,N,N,Y,N,Y,Y,Y,N,Y,Y,2022-11-25
이화풍류문화원,,전시/공연,영화/연극/공연,공연/연극/문화센터,부산광역시,금정구,장전동,,333-6 번지,장전로,33-6 번,35.22845314,129.084974,46297,부산광역시 금정구 장전로 33-6,부산광역시 금정구 장전동 333-6,051-583-0053,cafe.daum.net/hakchum,정보없음,정보없음,정보없음,매주 일요일,10:00-21:00 수업에 따라 다름,N,N,N,N,N,N,N,N,N,N,N,2022-11-25
일광해수욕장,,문화관광/명소,관광지,해수욕장,부산광역시,기장군,,삼성리,,,,35.2619322,129.223208,,,부산광역시 기장군 일광읍 삼성리,051-709-5446,정보없음,정보없음,정보없음,정보없음,연중무휴,00:00-24:00,N,Y,N,Y,N,Y,Y,Y,Y,Y,N,2022-11-25
일제강제동원역사관,,전시/공연,전시/기념관,대형전시/박물관,부산광역시,남구,대연동,,1156-18 번지,홍곡로320번길,100 번,35.12450497,129.09207,48532,부산광역시 남구 홍곡로320번길 100,부산광역시 남구 대연동 1156-18,051-629-8600,www.fomo.or.kr/museum/kor/Main.do,blog.naver.com/iljeblog,www.facebook.com/museum.ilje,www.instagram.com/fomo.museum/,"매주 월요일, 공휴일",09:30-17:30,Y,N,N,Y,Y,Y,Y,Y,N,Y,N,2022-11-25
임권택영화박물관,,전시/공연,전시/기념관,기타전시/박물관,부산광역시,해운대구,우동,,1465 번지,센텀중앙로,55 번,35.17304615,129.127655,48058,부산광역시 해운대구 센텀중앙로 55,부산광역시 해운대구 우동 1465,051-950-6549,www.iktfilm.co.kr/,정보없음,정보없음,정보없음,공휴일,화-토 12:00-18:00,N,Y,N,Y,N,N,Y,Y,Y,N,Y,2022-11-25
임랑해수욕장,,문화관광/명소,관광지,해수욕장,부산광역시,기장군,,임랑리,,,,35.31953879,129.257609,,,부산광역시 기장군 장안읍 임랑리,051-709-5448,https://tinyurl.com/3k7ccpkx,정보없음,정보없음,정보없음,정보없음,개장기간 : 매년 7-8월,Y,N,N,Y,N,Y,Y,Y,Y,Y,N,2022-11-25
임시수도기념관,,전시/공연,전시/기념관,대형기념관/묘역,부산광역시,서구,부민동,,22 번지,임시수도기념로,45 번,35.10375,129.017596,49236,부산광역시 서구 임시수도기념로 45,부산광역시 서구 부민동3가 22,051-244-6345,museum.busan.go.kr/monument/index,정보없음,정보없음,정보없음,"매주 월요일, 공휴일",09:00-18:00,Y,N,N,Y,N,N,Y,Y,N,Y,N,2022-11-25
자본시장역사박물관,,전시/공연,전시/기념관,기타전시/박물관,부산광역시,남구,문현동,,1229-1 번지,문현금융로,40 번,35.14649173,129.065855,48400,부산광역시 남구 문현금융로 40,부산광역시 남구 문현동 1229-1,051-662-2559,https://tinyurl.com/mvhzmybn,정보없음,정보없음,www.instagram.com/krx.__.official/,"매주 토요일, 일요일, 공휴일","관람가능시간 : 월-금요일, 오전 9시30분-오후 5시 30분",Y,Y,N,Y,N,Y,Y,Y,Y,Y,Y,2022-11-25
자이갤러리,,전시/공연,전시/기념관,기타전시/박물관,부산광역시,연제구,연산동,,1123-1 번지,거제천로182번길,3 번,35.18959878,129.080159,47523,부산광역시 연제구 거제천로182번길 3,부산광역시 연제구 연산동 1123-1,051-867-1224,정보없음,정보없음,정보없음,정보없음,정보없음,정보없음,N,N,N,N,N,N,N,N,N,N,N,2022-11-25
장관청,,문화관광/명소,명승지,N,부산광역시,동래구,수안동,,510-1 번지,명륜로94번길,36-6 번,35.20396861,129.084362,47808,부산광역시 동래구 명륜로94번길 36-6,부산광역시 동래구 수안동 510-1,051-550-4086,https://tinyurl.com/ycyxhb84,정보없음,정보없음,정보없음,"매주 월요일, 공휴일","동절기(11-2월) 10:00-17:00, 하절기(3-10월) 09:00-18:00",N,N,N,N,N,N,N,N,Y,N,N,2022-11-25
장기려기념관,,전시/공연,전시/기념관,기타전시/박물관,부산광역시,동구,초량동,,856-31 번지,영초윗길,48 번,35.11853779,129.032654,48808,부산광역시 동구 영초윗길 48,부산광역시 동구 초량동 856-31,051-468-1248,korean.visitkorea.or.kr/kor/bz15/where/where_tour.jsp?cid=1945293,정보없음,정보없음,정보없음,매주 월요일,10:00-19:00,Y,N,N,Y,N,Y,N,N,Y,N,N,2022-11-25
장산산림욕장,,문화관광/명소,관광지,휴양림/수목원,부산광역시,해운대구,좌동,,산 66 번지,,,35.18432996,129.167777,48066,,부산광역시 해운대구 좌동 산 66,051-749-4542,정보없음,정보없음,정보없음,정보없음,연중무휴,상시개방,N,N,N,Y,N,Y,Y,N,Y,N,N,2022-11-25
장안요,,전시/공연,전시/기념관,기타전시/박물관,부산광역시,기장군,장안읍,장안리,307 번지,하장안1길,24 번,35.36432122,129.250411,46028,부산광역시 기장군 장안읍 하장안1길 24,부산광역시 기장군 장안읍 장안리 307,051-727-6647,www.janganyo.com,정보없음,정보없음,정보없음,정보없음,정보없음,N,N,N,N,N,N,N,N,N,N,N,2022-11-25
장영실과학동산,,전시/공연,전시/기념관,기타전시/박물관,부산광역시,동래구,복천동,,1-2 번지,동래역사관길,18 번,35.20914971,129.089671,47799,부산광역시 동래구 동래역사관길 18,부산광역시 동래구 복천동 1-2,051-550-6604,https://tinyurl.com/yc8ewfn4,정보없음,정보없음,정보없음,"매주 월요일, 공휴일",09:00-18:00,N,Y,N,Y,N,Y,Y,Y,Y,Y,Y,2022-11-25
재송역사박물관,,전시/공연,전시/기념관,기타전시/박물관,부산광역시,해운대구,재송동,,274-2 번지,재반로63번길,23 번,35.18462961,129.125195,48056,부산광역시 해운대구 재반로63번길 23,부산광역시 해운대구 재송동 274-2,051-749-5972,정보없음,정보없음,정보없음,정보없음,"매주 토요일, 일요일, 공휴일","월-금, 10-17시",Y,N,N,Y,N,Y,Y,N,Y,Y,N,2022-11-25
잭슨나인스,부산남구점,문화관광/명소,관광지,테마공원/대형놀이공원,부산광역시,남구,용호동,,954 번지,분포로,145 번,35.13422946,129.111217,48515,부산광역시 남구 분포로 145,부산광역시 남구 용호동 954,051-628-5200,www.jsnines.com/,정보없음,정보없음,정보없음,"매주 월요일, 화요일","평일(수-금) 11:00-20:00 운영,주말 및 공휴일 10:00-21:00 운영",Y,Y,Y,Y,Y,Y,Y,N,Y,Y,Y,2022-11-25
전리단갤러리,,전시/공연,전시/기념관,미술관,부산광역시,부산진구,전포동,,664-9 번지,서전로37번길,20 번,35.15874874,129.064003,47247,부산광역시 부산진구 서전로37번길 20,부산광역시 부산진구 전포동 664-9,070-8832-4578,www.bsjincf.or.kr/,정보없음,정보없음,정보없음,"매주 일요일, 월요일, 공휴일",11:00-19:00,N,N,N,N,N,N,N,N,Y,N,N,2022-11-25
전포와일드클럽,,전시/공연,영화/연극/공연,N,부산광역시,부산진구,전포동,,663-7 번지,서전로37번길,14-1 번,35.15839462,129.064201,47247,부산광역시 부산진구 서전로37번길 14-1,부산광역시 부산진구 전포동 663-7,0504-3220-8439,정보없음,blog.naver.com/sorktksoek,정보없음,www.instagram.com/purplewavestudio,연중무휴,00:00-24:00,N,N,N,N,N,N,N,N,Y,N,N,2022-11-25
제로골프아카데미,,레저/체육/공원,대형체육시설,N,부산광역시,강서구,명지동,,3589-6 번지,명지국제8로10번길,16 번,35.09209949,128.902762,46726,부산광역시 강서구 명지국제8로10번길 16,부산광역시 강서구 명지동 3589-6,0507-1344-4773,zerogolf.modoo.at/,blog.naver.com/zerogolf0,정보없음,정보없음,연중무휴,"평일 08:00-23:00,주말 09:00-21:00",Y,N,Y,Y,N,Y,Y,Y,Y,Y,N,2022-11-25
제이스타골프연습장,,레저/체육/공원,대형체육시설,N,부산광역시,금정구,남산동,,68-1 번지,중앙대로,1989 번,35.26214668,129.091312,46227,부산광역시 금정구 중앙대로 1989,부산광역시 금정구 남산동 68-1,0507-1444-1369,정보없음,정보없음,정보없음,정보없음,연중무휴,"월-금 06:00-23:00,토-일, 법정공휴일 07:00-23:00",Y,N,Y,N,N,N,N,N,N,N,N,2022-11-25
조각보박물관,,전시/공연,전시/기념관,기타전시/박물관,부산광역시,해운대구,좌동,,1352-3 번지,좌동순환로,25-1 번,35.16869405,129.166195,48084,부산광역시 해운대구 좌동순환로 25-1,부산광역시 해운대구 좌동 1352-3,051-744-0026,https://tinyurl.com/ykav7shj,정보없음,정보없음,정보없음,"매주 토요일, 일요일, 공휴일",금요일 14:00-16:00 (사전예약시에만 가능),N,N,N,N,N,N,N,N,N,N,N,2022-11-25
조선통신사역사관,,전시/공연,전시/기념관,기타전시/박물관,부산광역시,동구,범일동,,590-5 번지,자성로,99 번,35.13574252,129.06045,48746,부산광역시 동구 자성로 99,부산광역시 동구 범일동 590-5,051-631-0858,www.tongsinsa.com/html/,정보없음,정보없음,www.instagram.com/joseon_tongsinsa/,"매주 월요일, 공휴일",09:00-18:00,Y,N,N,Y,Y,Y,Y,N,Y,Y,Y,2022-11-25
조은아트플러스,2관,전시/공연,영화/연극/공연,공연/연극/문화센터,부산광역시,중구,광복동,,59-1 번지,광복로,82 번,35.09832989,129.03376,48954,부산광역시 중구 광복로 82,부산광역시 중구 광복동1가 59-1,051-245-0042,www.gp-gp.co.kr/,정보없음,정보없음,정보없음,공연별 상이,공연시간에따라 다름,N,Y,Y,Y,N,N,N,N,N,N,N,2022-11-25
조현화랑,,전시/공연,전시/기념관,기타전시/박물관,부산광역시,해운대구,중동,,1501-3 번지,달맞이길65번길,167 번,35.15676638,129.179118,48117,부산광역시 해운대구 달맞이길65번길 167,부산광역시 해운대구 중동 1501-3,051-747-8853,www.johyungallery.com/,정보없음,정보없음,정보없음,매주 월요일,10:30-18:30,N,N,N,N,N,N,N,N,N,N,N,2022-11-25
주주스포츠 스크린골프장,,레저/체육/공원,대형체육시설,N,부산광역시,기장군,기장읍,청강리,702-9 번지,기장대로413번길,52 번,35.23612533,129.216235,46072,부산광역시 기장군 기장읍 기장대로413번길 52,부산광역시 기장군 기장읍 청강리 702-9,051-721-0009,jujusports.co.kr/,정보없음,정보없음,정보없음,정보없음,예약제,Y,N,Y,N,N,N,N,N,N,N,N,2022-11-25
죽도공원,,문화관광/명소,관광지,일반유원지/일반놀이공원,부산광역시,해운대구,송정동,,산 52-1 번지,송정해변로,1-23 번,35.1799193,129.206082,48072,부산광역시 해운대구 송정해변로 1-23,부산광역시 해운대구 송정동 산 52-1,051-749-7622,정보없음,정보없음,정보없음,정보없음,정보없음,정보없음,N,Y,N,N,N,Y,Y,Y,Y,N,N,2022-11-25
증권박물관 부산관,,전시/공연,전시/기념관,기타전시/박물관,부산광역시,남구,문현동,,1227-2 번지,전포대로,133 번,35.14828237,129.065473,48400,부산광역시 남구 전포대로 133,부산광역시 남구 문현동 1227-2,051-519-0600,bsmuseum.ksd.or.kr/main.do,정보없음,정보없음,정보없음,"매주 토요일, 일요일, 공휴일",10:00-17:00(입장마감 : 16:00),Y,Y,N,N,Y,Y,Y,N,Y,Y,N,2022-11-25
지원스크린골프연습장,,레저/체육/공원,대형체육시설,N,부산광역시,북구,화명동,,2287-1 번지,금곡대로285번길,19 번,35.23377174,129.012324,46526,부산광역시 북구 금곡대로285번길 19,부산광역시 북구 화명동 2287-1,051-364-0090,정보없음,정보없음,정보없음,정보없음,연중무휴,매일 10:00-새벽 02:00,Y,N,Y,N,N,N,N,N,N,N,N,2022-11-25
지정크,,전시/공연,영화/연극/공연,N,부산광역시,수영구,민락동,,110-29 번지,광안해변로,348-1 번,35.15555749,129.130884,48280,부산광역시 수영구 광안해변로 348-1,부산광역시 수영구 민락동 110-29,051-727-4156,gjunk.com/,정보없음,정보없음,정보없음,연중무휴,10:00-21:00,Y,N,N,Y,N,Y,Y,Y,N,Y,N,2022-11-25
진스크린골프연습장,,레저/체육/공원,대형체육시설,N,부산광역시,동래구,안락동,,633-27 번지,안연로,64 번,35.19311169,129.099164,47901,부산광역시 동래구 안연로 64,부산광역시 동래구 안락동 633-27,051-522-0753,정보없음,정보없음,정보없음,정보없음,연중무휴,09:00-23:00,Y,N,Y,Y,N,N,N,N,N,N,N,2022-11-25
채스아트센터,,전시/공연,전시/기념관,미술관,부산광역시,해운대구,중동,,1491-7 번지,달맞이길117번가길,120-33 번,35.15771041,129.181656,48117,부산광역시 해운대구 달맞이길117번가길 120-33,부산광역시 해운대구 중동 1491-7,051-747-4808,chaesart.modoo.at/,정보없음,정보없음,정보없음,매주 월요일,화-일 10:00-18:00,N,N,N,N,N,N,N,N,N,N,N,2022-11-25
책방골목문화관,,전시/공연,전시/기념관,기타전시/박물관,부산광역시,중구,보수동,,136-1 번지,대청로,65 번,35.10319111,129.027197,48967,부산광역시 중구 대청로 65,부산광역시 중구 보수동1가 136-1,051-600-6376,정보없음,정보없음,정보없음,정보없음,매주 월요일,10:00-18:00,N,N,N,Y,N,Y,N,N,Y,N,N,2022-11-25
천마산복합전망대(2022년12월예정),,문화관광/명소,관광지,N,부산광역시,서구,초장동,,산 14-6 번지,,,35.09030725,129.014214,49251,,부산광역시 서구 초장동 산 14-6,,정보없음,정보없음,정보없음,정보없음,정보없음,정보없음,N,N,N,N,N,N,N,N,N,N,N,2022-11-25
청광식물원,,문화관광/명소,관광지,식물원,부산광역시,기장군,일광읍,원리,산 30-4 번지,,,35.30253829,129.233521,,,부산광역시 기장군 일광읍 원리 산 30-4,051-727-0348,정보없음,정보없음,정보없음,정보없음,정보없음,정보없음,N,N,N,N,N,N,N,N,N,N,N,2022-11-25
청목수목원,,문화관광/명소,관광지,휴양림/수목원,부산광역시,부산진구,양정동,,산 73-65 번지,양성로6번길,53 번,35.16907781,129.066382,47208,부산광역시 부산진구 양성로6번길 53,부산광역시 부산진구 양정동 산 73-65,051-868-2661,정보없음,정보없음,정보없음,정보없음,정보없음,정보없음,N,N,N,N,N,N,N,N,N,N,N,2022-11-25
청사포다릿돌전망대,,문화관광/명소,관광지,N,부산광역시,해운대구,중동,,산 3-9 번지,,,35.16419535,129.196262,,부산광역시 해운대구 청사포로 167,부산광역시 해운대구 중동 산 3-9,051-749-5720,https://www.visitbusan.net/index.do?menuCd=DOM_000000201001001000&uc_seq=282,정보없음,정보없음,정보없음,연중무휴 (눈·비·강풍 및 시설 개보수 시 개방 제한),매일 09:00-18:00 눈. 비. 강풍 주의보 발령시 개방제한,Y,N,N,Y,Y,Y,N,Y,Y,Y,N,2022-11-25
청소년문화의집,부산 중구,전시/공연,영화/연극/공연,공연/연극/문화센터,부산광역시,중구,보수동,,64-1 번지,보수대로124번길,24-2 번,35.10574128,129.022633,48964,부산광역시 중구 보수대로124번길 24-2,부산광역시 중구 보수동2가 64-1,051-247-8425,www.purun1318.org/,정보없음,정보없음,정보없음,"매주 월요일, 토요일, 일요일, 공휴일",매일 09:00-20:00,N,N,N,Y,N,Y,N,N,Y,Y,N,2022-11-25
청춘나비소극장,,전시/공연,영화/연극/공연,공연/연극/문화센터,부산광역시,수영구,광안동,,1078-16 번지,수영로,657 번,35.16440321,129.114249,48243,부산광역시 수영구 수영로 657,부산광역시 수영구 광안동 1078-16,070-8241-2560,정보없음,blog.naver.com/playnavi2009,정보없음,정보없음,정보없음,매일 15:00-21:00,N,N,Y,N,N,N,N,N,N,N,N,2022-11-25
초콜릿팩토리,,전시/공연,영화/연극/공연,공연/연극/문화센터,부산광역시,남구,대연동,,72-7 번지,수영로,298 번,35.13658634,129.099036,48499,부산광역시 남구 수영로 298,부산광역시 남구 대연동 72-7,0507-1462-3581,정보없음,blog.naver.com/chocolatefactory12,정보없음,정보없음,상시변동,매일00:00-24:00(공연에 따라 유동적),Y,Y,Y,Y,N,N,N,N,N,N,N,2022-11-25
추억보물섬,,전시/공연,전시/기념관,기타전시/박물관,부산광역시,중구,부평동,,35-37 번지,중구로23번길,9 번,35.09985609,129.027372,48979,부산광역시 중구 중구로23번길 9,부산광역시 중구 부평동1가 35-37,051-246-4090,정보없음,blog.naver.com/bomulsum_in_busan,정보없음,정보없음,정보없음,"평일 11:00-20:00, 주말 11:00-21:00",N,Y,Y,N,N,N,N,N,N,N,Y,2022-11-25
충무우리동네스크린골프,,레저/체육/공원,대형체육시설,N,부산광역시,서구,충무동,,26-4 번지,충무대로,277 번,35.09540403,129.023909,49253,부산광역시 서구 충무대로 277,부산광역시 서구 충무동1가 26-4,051-254-8884,정보없음,정보없음,정보없음,정보없음,정보없음,정보없음,Y,N,Y,Y,N,N,Y,N,Y,N,N,2022-11-25
치치핑핑LCT워터파크,,문화관광/명소,관광지,테마공원/대형놀이공원,부산광역시,해운대구,중동,,1829 번지,달맞이길,30 번,35.16133271,129.168014,48099,부산광역시 해운대구 달맞이길 30,부산광역시 해운대구 중동 1829,,정보없음,정보없음,정보없음,정보없음,정보없음,정보없음,N,N,N,N,N,N,N,N,N,N,N,2022-11-25
캐니언파크,부산,문화관광/명소,관광지,동물원,부산광역시,남구,문현동,,1227-2 번지,전포대로,133 번,35.14828237,129.065473,48400,부산광역시 남구 전포대로 133,부산광역시 남구 문현동 1227-2,051-710-1022,정보없음,정보없음,정보없음,정보없음,매주 화요일,11:30-20:00,Y,N,Y,Y,N,Y,Y,Y,N,Y,N,2022-11-25
커먼베이,,레저/체육/공원,대형레저시설,요트장,부산광역시,해운대구,우동,,1470 번지,센텀중앙로,48 번,35.17302466,129.129852,48059,부산광역시 해운대구 센텀중앙로 48,부산광역시 해운대구 우동 1470,051-714-1404,www.commonbay.com/,정보없음,정보없음,정보없음,연중무휴,09:00-20:00,Y,Y,Y,N,N,N,N,N,N,N,N,2022-11-25
케이크레프트,,레저/체육/공원,대형레저시설,요트장,부산광역시,강서구,대저2동,,4696-2 번지,맥도강변길,661 번,35.1496885,128.936878,46723,부산광역시 강서구 맥도강변길 661,부산광역시 강서구 대저2동 4696-2,,정보없음,정보없음,정보없음,정보없음,정보없음,09:00-18:00,N,N,Y,N,N,N,N,N,N,N,N,2022-11-25
코리아쇼파가구전시장,,전시/공연,전시/기념관,기타전시/박물관,부산광역시,남구,문현동,,323-11 번지,수영로,102 번,35.13352158,129.077966,48458,부산광역시 남구 수영로 102,부산광역시 남구 문현동 323-11,051-646-3088,정보없음,정보없음,정보없음,정보없음,"매주 일요일, 공휴일","평일 9:00-19:00, 토요일 10:00-19:00",N,N,N,N,N,N,N,N,N,N,N,2022-11-25
코마린,,레저/체육/공원,대형레저시설,요트장,부산광역시,해운대구,우동,,1393 번지,해운대해변로,84 번,35.15979857,129.141957,48090,부산광역시 해운대구 해운대해변로 84,부산광역시 해운대구 우동 1393,070-4237-4609,www.kormarine.com/kor/,정보없음,정보없음,정보없음,정보없음,"동절기 10:00-18:00,하절기 10:00-21:00",N,N,Y,N,N,N,N,N,N,N,N,2022-11-25
쿠무다콘서트홀,,전시/공연,영화/연극/공연,N,부산광역시,해운대구,송정동,,436-4 번지,송정광어골로,41 번,35.1774347,129.197177,48073,부산광역시 해운대구 송정광어골로 41,부산광역시 해운대구 송정동 436-4,051-702-1300,kumuda.co.kr/reserve/page05.html,정보없음,정보없음,정보없음,정보없음,정보없음,Y,Y,N,N,N,N,Y,N,Y,Y,N,2022-11-25
퀸비스크린,,레저/체육/공원,대형체육시설,N,부산광역시,기장군,장안읍,좌천리,497-12 번지,정관로,1128-6 번,35.32120731,129.234138,46029,부산광역시 기장군 장안읍 정관로 1128-6,부산광역시 기장군 장안읍 좌천리 497-12,0507-1306-2026,정보없음,정보없음,정보없음,정보없음,정보없음,10:00-14:00,Y,N,Y,N,N,N,Y,Y,N,N,N,2022-11-25
타워아트갤러리,,전시/공연,전시/기념관,기타전시/박물관,부산광역시,부산진구,전포동,,662-6 번지,동천로108번길,11 번,35.15849751,129.063166,47247,부산광역시 부산진구 동천로108번길 11,부산광역시 부산진구 전포동 662-6,0507-1435-3940,www.towerartgallery.co.kr/,정보없음,정보없음,정보없음,"매주 토요일, 일요일, 공휴일",10:30-18:00,N,N,N,N,N,N,N,N,Y,N,N,2022-11-25
타이밍골프,,레저/체육/공원,대형체육시설,N,부산광역시,기장군,장안읍,좌천리,497-2 번지,정관로,1122 번,35.32167629,129.233848,46029,부산광역시 기장군 장안읍 정관로 1122,부산광역시 기장군 장안읍 좌천리 497-2,051-728-7218,https://tinyurl.com/3b4drmux,정보없음,정보없음,정보없음,정보없음,정보없음,N,N,Y,N,N,N,Y,Y,N,N,N,2022-11-25
태종대,,레저/체육/공원,공원,대형시민/도심공원,부산광역시,영도구,동삼동,,산 29-1 번지,전망로,120 번,35.05543234,129.087964,49127,부산광역시 영도구 전망로 120,부산광역시 영도구 동삼동 산 29-1,051-405-8745,www.bisco.or.kr/taejongdae/,정보없음,정보없음,정보없음,연중무휴,"3월-10월 04:00-24:00, 11월-2월 05:00-24:00",Y,Y,N,Y,Y,Y,Y,Y,Y,Y,N,2022-11-25
터키이스탄불문화원,,전시/공연,영화/연극/공연,공연/연극/문화센터,부산광역시,동래구,온천동,,1442-9 번지,충렬대로,138 번,35.20533954,129.075142,47823,부산광역시 동래구 충렬대로 138,부산광역시 동래구 온천동 1442-9,051-851-5545,정보없음,https://han.gl/rkRKF,www.facebook.com/tulipbusan,www.instagram.com/busantulip_/,"매주 일요일, 월요일, 공휴일",화-토 09:30-18:30,N,N,N,Y,N,N,N,N,N,N,N,2022-11-25
트리톤마린,,레저/체육/공원,대형레저시설,요트장,부산광역시,해운대구,우동,,1393 번지,해운대해변로,84 번,35.15979857,129.141957,48090,부산광역시 해운대구 해운대해변로 84,부산광역시 해운대구 우동 1393,051-746-1644,정보없음,정보없음,정보없음,정보없음,"매주 토요일, 일요일, 공휴일",09:00-19:00,Y,N,Y,Y,N,N,Y,Y,Y,N,N,2022-11-25
트릭아이뮤지엄부산,,문화관광/명소,관광지,테마공원/대형놀이공원,부산광역시,중구,동광동,,41-4 번지,대청로126번길,12 번,35.10169228,129.033592,48950,부산광역시 중구 대청로126번길 12,부산광역시 중구 동광동3가 41-4,051-715-4200,www.trickeye.com/busan/,정보없음,정보없음,정보없음,"매주 월요일, 공휴일",화-일 10:00-18:00,Y,Y,Y,Y,N,Y,Y,Y,Y,Y,Y,2022-11-25
파라다이스카지노,부산,레저/체육/공원,대형레저시설,파라다이스카지노,부산광역시,해운대구,중동,,1411-1 번지,해운대해변로,296 번,35.16022124,129.165269,48099,부산광역시 해운대구 해운대해변로 296,부산광역시 해운대구 중동 1411-1,051-749-3550,www.paradisecasino.co.kr/paradise-casino/busan,정보없음,정보없음,정보없음,연중무휴,00:00-24:00,N,N,N,N,N,N,N,N,N,N,N,2022-11-25
패총전시관,,전시/공연,전시/기념관,기타전시/박물관,부산광역시,영도구,동삼동,,749-8 번지,태종로,729 번,35.07122916,129.079788,49125,부산광역시 영도구 태종로 729,부산광역시 영도구 동삼동 749-8,051-403-1193,museum.busan.go.kr/dongsam/index,정보없음,정보없음,정보없음,"매주 월, 주말, 1월 1일",화-금 0900-18:00,Y,N,N,Y,N,Y,N,N,Y,Y,N,2022-11-25
펀터치갤러리펀몽,,전시/공연,전시/기념관,기타전시/박물관,부산광역시,사하구,감천동,,13-528 번지,옥천로,80-1 번,35.09345142,129.009808,49367,부산광역시 사하구 옥천로 80-1,부산광역시 사하구 감천동 13-528,,정보없음,blog.naver.com/funtouch,www.facebook.com/funmong,정보없음,"매주 월요일, 화요일, 일요일",11:00-19:00,N,Y,N,N,N,N,N,N,N,N,N,2022-11-25
페어파트너,,전시/공연,전시/기념관,기타전시/박물관,부산광역시,남구,대연동,,55-1 번지,수영로,312 번,35.13697953,129.100621,48508,부산광역시 남구 수영로 312,부산광역시 남구 대연동 55-1,051-610-0953,정보없음,정보없음,정보없음,정보없음,"매주 토요일, 일요일, 공휴일",월-금 09:00-18:30,N,N,N,N,N,N,N,N,N,N,N,2022-11-25
풀잎문화센터,부산정관지부,전시/공연,영화/연극/공연,공연/연극/문화센터,부산광역시,기장군,정관읍,매학리,717-1 번지,정관로,579 번,35.32137251,129.177178,46015,부산광역시 기장군 정관읍 정관로 579,부산광역시 기장군 정관읍 매학리 717-1,051-508-7662,cafe.naver.com/junggwanpulip,정보없음,정보없음,정보없음,"매주 토요일, 일요일, 공휴일",10:00-20:00,Y,N,N,Y,N,N,Y,N,N,Y,N,2022-11-25
풍림무약볼파크,,레저/체육/공원,대형체육시설,지역야구장,부산광역시,기장군,정관읍,예림리,203-27 번지,산단7로,78-23 번,35.31906668,129.212131,46026,부산광역시 기장군 정관읍 산단7로 78-23,부산광역시 기장군 정관읍 예림리 203-27,,정보없음,정보없음,정보없음,정보없음,정보없음,정보없음,N,N,Y,N,N,N,N,N,N,N,N,2022-11-25
플딩도어종합전시장,,전시/공연,전시/기념관,기타전시/박물관,부산광역시,강서구,대저2동,,3146-1 번지,유통단지1로97번길,11 번,35.16550127,128.950973,46721,부산광역시 강서구 유통단지1로97번길 11,부산광역시 강서구 대저2동 3146-1,051-506-2004,www.dayeun.kr/,정보없음,정보없음,정보없음,정보없음,정보없음,N,N,N,N,N,N,N,N,N,N,N,2022-11-25
피란생활박물관,,전시/공연,전시/기념관,기타전시/박물관,부산광역시,서구,아미동,,231-178 번지,아미로,36-1 번,35.09947163,129.012086,49249,부산광역시 서구 아미로 36-1,부산광역시 서구 아미동2가 231-178,051-240-4496,정보없음,정보없음,정보없음,정보없음,매주 월요일,09:00-18:00,N,N,N,N,N,N,N,N,N,N,N,2022-11-25
피아크,,전시/공연,영화/연극/공연,공연/연극/문화센터,부산광역시,영도구,동삼동,,201-6 번지,해양로195번길,180 번,35.08639119,129.076726,49013,부산광역시 영도구 해양로195번길 180,부산광역시 영도구 동삼동 201-6,0507-1353-9202,www.p-ark.kr/,blog.naver.com/busanpark2021,정보없음,www.instagram.com/p.ark_official/,연중무휴,매일 10:00-23:00,Y,Y,N,Y,N,Y,Y,Y,Y,Y,N,2022-11-25
하늘연극장,,전시/공연,영화/연극/공연,N,부산광역시,해운대구,우동,,1467 번지,수영강변대로,120 번,35.17103653,129.127085,48058,부산광역시 해운대구 수영강변대로 120,부산광역시 해운대구 우동 1467,051-780-6000,www.dureraum.org/bcc/main/main.do?rbsIdx=1,정보없음,정보없음,정보없음,정보없음,정보없음,Y,Y,N,Y,N,Y,Y,Y,Y,Y,N,2022-11-25
하모니더골프,,레저/체육/공원,대형체육시설,N,부산광역시,해운대구,좌동,,1314-2 번지,세실로,64 번,35.17097556,129.177669,48107,부산광역시 해운대구 세실로 64,부산광역시 해운대구 좌동 1314-2,051-703-7274,정보없음,정보없음,정보없음,정보없음,연중무휴,"주중 08:00-새벽 02:00,주말 09:00-새벽 02:00",Y,Y,Y,Y,N,N,Y,Y,N,N,N,2022-11-25
하이스트CC,,레저/체육/공원,대형레저시설,골프장CC,부산광역시,강서구,지사동,,산 207 번지,과학산단1로,172 번,35.13911951,128.815049,46742,부산광역시 강서구 과학산단1로 172,부산광역시 강서구 지사동 산 207,051-314-7000,www.highestcc.co.kr/,정보없음,정보없음,정보없음,정보없음,06:00-18:40,Y,N,Y,N,N,N,Y,N,N,N,N,2022-11-25
한광미술관,,전시/공연,전시/기념관,미술관,부산광역시,중구,중앙동,,82-1 번지,중앙대로,130 번,35.10898719,129.037423,48937,부산광역시 중구 중앙대로 130,부산광역시 중구 중앙동4가 82-1,051-469-0095,www.asiaart.co.kr/index.php,정보없음,정보없음,정보없음,"매주 토요일, 일요일, 공휴일",13:30-17:00,N,N,N,Y,N,N,N,N,N,N,N,2022-11-25
한국기독교선교박물관,,전시/공연,전시/기념관,N,부산광역시,동래구,복천동,,500-1 번지,복천로5번길,34 번,35.20583046,129.087239,47803,부산광역시 동래구 복천로5번길 34,부산광역시 동래구 복천동 500-1,051-555-3096,museum-kcm.or.kr/,정보없음,정보없음,정보없음,"매주 일요일, 월요일, 공휴일",화-토10:00-17:00,Y,N,N,Y,N,Y,Y,Y,Y,N,N,2022-11-25
한국기독교선교박물관,,전시/공연,전시/기념관,기타전시/박물관,부산광역시,동래구,수안동,,2-3 번지,충렬대로202번가길,24 번,35.20122427,129.082654,47817,부산광역시 동래구 충렬대로202번가길 24,부산광역시 동래구 수안동 2-3,051-555-3096,museum-kcm.or.kr/,정보없음,정보없음,정보없음,"매주 일요일, 월요일, 공휴일",화-토 오전10시-오후5시,Y,N,N,Y,N,N,Y,Y,Y,N,N,2022-11-25
한국순교자기념관,,전시/공연,전시/기념관,기타전시/박물관,부산광역시,금정구,부곡동,,1-4 번지,오륜대로,106-1 번,35.24570172,129.100902,46265,부산광역시 금정구 오륜대로 106-1,부산광역시 금정구 부곡동 1-4,051-583-2923,www.oryundaemuseum.com,정보없음,정보없음,정보없음,매주 월요일,화-일 10:00-17:00,N,N,Y,N,N,N,N,N,N,N,N,2022-11-25
한국신발관,,전시/공연,전시/기념관,기타전시/박물관,부산광역시,부산진구,개금동,,59-2 번지,백양대로,227 번,35.15730265,129.0258,47259,부산광역시 부산진구 백양대로 227,부산광역시 부산진구 개금동 59-2,051-898-9300,www.k-shoes.kr/main,정보없음,정보없음,www.instagram.com/k_shoes_center/,"매주 일요일, 공휴일",월-토 오전 10:00-오후 5:00,Y,Y,N,N,N,N,Y,Y,Y,Y,Y,2022-11-25
한국은행부산본부화폐전시관,,전시/공연,전시/기념관,기타전시/박물관,부산광역시,남구,문현동,,1230 번지,문현금융로,25 번,35.14533707,129.064475,48400,부산광역시 남구 문현금융로 25,부산광역시 남구 문현동 1230,051-240-3809,www.bok.or.kr/portal/main/contents.do?menuNo=200834,정보없음,정보없음,정보없음,"매주 토요일, 일요일, 공휴일",10:00-16:00 평일,Y,N,N,Y,N,Y,Y,Y,Y,N,Y,2022-11-25
한국청소년문화연구회,,전시/공연,영화/연극/공연,공연/연극/문화센터,부산광역시,동구,초량동,,1155 번지,중앙대로320번길,10 번,35.12405673,129.045949,48729,부산광역시 동구 중앙대로320번길 10,부산광역시 동구 초량동 1155,051-644-9300,정보없음,blog.naver.com/kycevent,정보없음,정보없음,정보없음,정보없음,N,N,N,N,N,N,N,N,N,N,N,2022-11-25
한국해양레저개발,,레저/체육/공원,대형레저시설,요트장,부산광역시,해운대구,우동,,1393 번지,해운대해변로,84 번,35.15979857,129.141957,48090,부산광역시 해운대구 해운대해변로 84,부산광역시 해운대구 우동 1393,051-731-1109,www.koma-content.com/,blog.naver.com/badarang79,https://url.kr/q4rdzt,www.instagram.com/koma_content.official/,연중무휴,09:00-18:00,Y,N,Y,Y,N,N,Y,Y,Y,N,N,2022-11-25
한불문화원,,전시/공연,영화/연극/공연,공연/연극/문화센터,부산광역시,동래구,온천동,,1219-5 번지,석사북로95번길,60-20 번,35.20753365,129.064161,47847,부산광역시 동래구 석사북로95번길 60-20,부산광역시 동래구 온천동 1219-5,051-634-2118,정보없음,정보없음,정보없음,정보없음,정보없음,정보없음,Y,N,N,N,N,N,N,N,N,N,N,2022-11-25
한성1918-부산생활문화센터,,전시/공연,영화/연극/공연,공연/연극/문화센터,부산광역시,중구,동광동,,11 번지,백산길,13 번,35.10177864,129.034595,48955,부산광역시 중구 백산길 13,부산광역시 중구 동광동3가 11,051-257-8038,1918.bscf.or.kr/,정보없음,www.facebook.com/hansung1918,정보없음,매주 월요일,"화-토09:00-22:00, 일09:00-18:00",N,N,N,N,N,N,N,N,Y,N,N,2022-11-25
한양가야스토아,,레저/체육/공원,대형체육시설,N,부산광역시,부산진구,가야동,,669-9 번지,엄광로,68 번,35.14661344,129.026989,47391,부산광역시 부산진구 엄광로 68,부산광역시 부산진구 가야동 669-9,051-891-3261,정보없음,정보없음,정보없음,정보없음,정보없음,정보없음,N,N,N,N,N,N,N,N,N,N,N,2022-11-25
한중우호센터,,전시/공연,전시/기념관,기타전시/박물관,부산광역시,동구,초량동,,546 번지,초량중로,36 번,35.11507587,129.037552,48818,부산광역시 동구 초량중로 36,부산광역시 동구 초량동 546,051-861-0824,정보없음,정보없음,정보없음,정보없음,"매주 일요일, 월요일, 공휴일",10:00-19:00,Y,Y,N,N,N,Y,Y,N,N,N,N,2022-11-25
해강수석전시관,,전시/공연,전시/기념관,기타전시/박물관,부산광역시,기장군,일광읍,이천리,192-3 번지,일광로,257 번,35.27345979,129.24522,46041,부산광역시 기장군 일광읍 일광로 257,부산광역시 기장군 일광읍 이천리 192-3,051-722-1446,정보없음,정보없음,정보없음,정보없음,정보없음,정보없음,N,N,N,N,N,N,N,N,N,N,N,2022-11-25
해놀,,레저/체육/공원,대형레저시설,요트장,부산광역시,해운대구,중동,,1439-31 번지,,,35.16272357,129.166471,48102,,부산광역시 해운대구 중동 1439-31,02-565-7895,www.haenol.com/,정보없음,정보없음,정보없음,정보없음,매일09:00-22:00,N,N,Y,N,N,N,N,N,N,N,N,2022-11-25
해라CC,,레저/체육/공원,대형레저시설,골프장CC,부산광역시,강서구,지사동,,산 11 번지,과학산단로306번길,77 번,35.15526089,128.838156,46743,부산광역시 강서구 과학산단로306번길 77,부산광역시 강서구 지사동 산 11,051-973-7400,www.haeracc.co.kr/,정보없음,정보없음,정보없음,연중무휴,매일 06:00-23:00,Y,N,Y,Y,N,N,Y,N,Y,N,N,2022-11-25
해양생물캐릭터체험공간,,전시/공연,전시/기념관,기타전시/박물관,부산광역시,북구,화명동,,2279 번지,학사로,128 번,35.23375269,129.008454,46527,부산광역시 북구 학사로 128,부산광역시 북구 화명동 2279,051-550-8888,www.busan.go.kr/sea/onfolkintro,정보없음,정보없음,정보없음,"매주 월요일, 공휴일",오전 9시-오후 6시(오후 5시까지 입장),Y,N,N,Y,Y,Y,Y,Y,Y,Y,Y,2022-11-25
해양스포츠교실,,레저/체육/공원,대형레저시설,요트장,부산광역시,영도구,동삼동,,1035-7 번지,감지길,85 번,35.06202377,129.077756,49126,부산광역시 영도구 감지길 85,부산광역시 영도구 동삼동 1035-7,051-405-4111,ypmarinesport1.79.ypage.kr/,정보없음,정보없음,정보없음,"매주 월요일, 화요일, 공휴일","09:30-11:00(90분) ,11:00-12:30(90분),13:30-15:00(90분),15:00-16:30(90분)",Y,N,Y,Y,N,N,N,N,Y,N,N,2022-11-25
해외유학어학연수박람회,,전시/공연,전시/기념관,기타전시/박물관,부산광역시,해운대구,우동,,1500 번지,APEC로,55 번,35.16906372,129.136018,48060,부산광역시 해운대구 APEC로 55,부산광역시 해운대구 우동 1500,02-783-8261,www.uhak2min.com/,정보없음,정보없음,정보없음,상시변동,행사에 따라 다름,N,Y,N,Y,Y,Y,Y,Y,Y,Y,N,2022-11-25
해운대문화놀이센터,,전시/공연,영화/연극/공연,공연/연극/문화센터,부산광역시,해운대구,반송동,,250-1636 번지,반송순환로,147 번,35.22379578,129.152883,48019,부산광역시 해운대구 반송순환로 147,부산광역시 해운대구 반송동 250-1636,051-544-6318,hudcultureplaycenter.modoo.at/?fbclid=IwAR3MdfjfVsmWR7JvY4i1PSe2weiunTTT-tRuu-CpGRyffp2-1-E9Mttfhpo,정보없음,www.facebook.com/haeundaecenter,www.instagram.com/haeundae_noricenter/,매주 월요일,11:00-21:00,Y,N,Y,Y,N,N,Y,N,Y,Y,N,2022-11-25
해운대문화원,,전시/공연,영화/연극/공연,공연/연극/문화센터,부산광역시,해운대구,재송동,,1192 번지,센텀중앙로,170 번,35.1820882,129.121414,48049,부산광역시 해운대구 센텀중앙로 170,부산광역시 해운대구 재송동 1192,0507-1339-3400,www.hudcc.or.kr/,정보없음,정보없음,정보없음,공휴일,주중 09:00-18:00,N,Y,N,Y,N,N,Y,Y,Y,N,Y,2022-11-25
해운대블루라인파크,송정정거장,문화관광/명소,관광지,테마공원/대형놀이공원,부산광역시,해운대구,송정동,,299-2 번지,송정중앙로8번길,60 번,35.18093906,129.200335,48073,부산광역시 해운대구 송정중앙로8번길 60,부산광역시 해운대구 송정동 299-2,051-701-5548,www.bluelinepark.com/,blog.naver.com/bluelinepark,www.facebook.com/haeundaebluelinepark,www.instagram.com/bluelinepark/,정보없음,매일 09:30-19:00,N,N,Y,N,N,N,Y,Y,Y,N,N,2022-11-25
해운대블루라인파크,미포정거장,문화관광/명소,관광지,테마공원/대형놀이공원,부산광역시,해운대구,중동,,1019-2 번지,달맞이길62번길,13 번,35.1581584,129.172823,48098,부산광역시 해운대구 달맞이길62번길 13,부산광역시 해운대구 중동 1019-2,051-701-5548,www.bluelinepark.com/,blog.naver.com/bluelinepark,www.facebook.com/haeundaebluelinepark,www.instagram.com/bluelinepark/,정보없음,매일 09:30-19:00,Y,Y,Y,Y,N,Y,Y,N,Y,Y,N,2022-11-25
해운대블루라인파크,청사포정거장,문화관광/명소,관광지,테마공원/대형놀이공원,부산광역시,해운대구,중동,,555-2 번지,청사포로,116 번,35.16122317,129.191366,48116,부산광역시 해운대구 청사포로 116,부산광역시 해운대구 중동 555-2,0507-1332-5548,www.bluelinepark.com/,blog.naver.com/bluelinepark,www.facebook.com/haeundaebluelinepark,www.instagram.com/bluelinepark/,정보없음,매일 09:30-19:00,N,Y,Y,Y,Y,Y,N,N,Y,Y,N,2022-11-25
해운대블루라인파크,달맞이정거장,문화관광/명소,관광지,테마공원/대형놀이공원,부산광역시,해운대구,중동,,555-2 번지,청사포로,116 번,35.16122317,129.191366,48116,부산광역시 해운대구 청사포로 116,부산광역시 해운대구 중동 555-2,051-701-5548,www.bluelinepark.com/,blog.naver.com/bluelinepark,www.facebook.com/haeundaebluelinepark,www.instagram.com/bluelinepark/,정보없음,매일 09:30-19:00,Y,Y,Y,Y,N,Y,Y,N,Y,Y,N,2022-11-25
해운대비치골프앤리조트,,레저/체육/공원,대형레저시설,골프장CC,부산광역시,기장군,기장읍,대변리,504-3 번지,대변로,74 번,35.22996952,129.221575,46079,부산광역시 기장군 기장읍 대변로 74,부산광역시 기장군 기장읍 대변리 504-3,051-726-0707,www.haeundaebeachcc.com/intro/intro.do,정보없음,정보없음,정보없음,연중무휴,예약제,Y,N,Y,Y,N,Y,Y,Y,Y,Y,N,2022-11-25
해운대수목원,,문화관광/명소,관광지,휴양림/수목원,부산광역시,해운대구,석대동,,77 번지,,,35.22751135,129.128321,48001,,부산광역시 해운대구 석대동 77,051-888-7131,정보없음,정보없음,정보없음,정보없음,매주 월요일,"매일 09:00-17:00, 30분 전 입장 마감",Y,N,N,Y,N,Y,Y,Y,Y,N,N,2022-11-25
해운대아틀리에칙칙폭폭,,전시/공연,전시/기념관,기타전시/박물관,부산광역시,해운대구,우동,,524-1 번지,해운대로,621 번,35.16415343,129.159063,48087,부산광역시 해운대구 해운대로 621,부산광역시 해운대구 우동 524-1,055-749-4832,정보없음,정보없음,정보없음,정보없음,매주 월요일,10:00-17:00,N,N,N,Y,N,N,N,N,Y,N,Y,2022-11-25
해운대해수욕장,,문화관광/명소,관광지,해수욕장,부산광역시,해운대구,우동,,620-3 번지,해운대해변로,264 번,35.15910698,129.160284,48100,부산광역시 해운대구 해운대해변로 264,부산광역시 해운대구 우동 620-3,051-749-7601,https://tinyurl.com/bduuu5ut,정보없음,정보없음,정보없음,상시변동,09:00-18:00,Y,Y,N,Y,Y,Y,Y,Y,Y,Y,Y,2022-11-25
해운대CC,,레저/체육/공원,대형레저시설,골프장CC,부산광역시,기장군,정관읍,병산리,산 2-1 번지,,,35.36615582,129.200953,,,부산광역시 기장군 정관읍 병산리 산 2-1,051-726-8000,www.haeundaecc.co.kr/,정보없음,정보없음,정보없음,연중무휴,오전 5시 30분-오후 7시 30분,Y,N,Y,Y,N,N,Y,N,N,N,N,2022-11-25
해인불교전시관,,전시/공연,전시/기념관,기타전시/박물관,부산광역시,남구,대연동,,1758-7 번지,수영로,185-8 번,35.13522332,129.08701,48445,부산광역시 남구 수영로 185-8,부산광역시 남구 대연동 1758-7,051-635-8878,정보없음,정보없음,정보없음,정보없음,정보없음,정보없음,N,Y,N,N,N,N,N,N,N,N,N,2022-11-25
해저터널연결도로홍보전시관,,전시/공연,전시/기념관,기타전시/박물관,부산광역시,강서구,천성동,,488-6 번지,거가대로,2571 번,35.02301397,128.809589,46770,부산광역시 강서구 거가대로 2571,부산광역시 강서구 천성동 488-6,070-4050-6861,www.gklink.com,정보없음,정보없음,정보없음,"매주 월요일, 공휴일",5-10월 9시-17시 / 11월-4월 10시-17시,Y,N,N,Y,N,Y,Y,Y,Y,N,N,2022-11-25
허둥극장,,전시/공연,영화/연극/공연,공연/연극/문화센터,부산광역시,남구,대연동,,39-18 번지,수영로334번길,13 번,35.1378564,129.102712,48509,부산광역시 남구 수영로334번길 13,부산광역시 남구 대연동 39-18,,정보없음,정보없음,정보없음,정보없음,정보없음,정보없음,N,N,N,N,N,N,N,N,N,N,N,2022-11-25
현대모터스튜디오,부산,전시/공연,전시/기념관,기타전시/박물관,부산광역시,수영구,망미동,,475-1 번지,구락로123번길,20 번,35.17623464,129.115567,48212,부산광역시 수영구 구락로123번길 20,부산광역시 수영구 망미동 475-1,1899-6611,motorstudio.hyundai.com/busan/ln/main.do?strgCd=04,정보없음,정보없음,정보없음,"매월 첫째주 월요일, 신정, 설날, 추석 당일 및 익일",10:00-20:00,Y,Y,N,Y,N,N,Y,Y,Y,Y,Y,2022-11-25
호텔아쿠아팰리스워터파크,,레저/체육/공원,대형레저시설,워터파크,부산광역시,수영구,광안동,,192-5 번지,광안해변로,225 번,35.15412814,129.118816,48303,부산광역시 수영구 광안해변로 225,부산광역시 수영구 광안동 192-5,051-790-2300,www.aquapalace.co.kr/water/water_park.php,정보없음,정보없음,정보없음,연중무휴,10:00-19:00,Y,N,Y,N,N,Y,Y,N,N,N,N,2022-11-25
홍티아트센터,,전시/공연,전시/기념관,기타전시/박물관,부산광역시,사하구,다대동,,1608 번지,다산로106번길,6 번,35.06214744,128.958708,49489,부산광역시 사하구 다산로106번길 6,부산광역시 사하구 다대동 1608,051-263-8661,linktr.ee/hongtiartcenter,정보없음,정보없음,정보없음,매주 일요일,월-토 10:00-18:00,Y,N,N,Y,N,N,Y,Y,Y,N,N,2022-11-25
홍티예술촌,,전시/공연,영화/연극/공연,대형예술센터,부산광역시,사하구,다대동,,1622 번지,홍티로,76 번,35.06128741,128.961112,49490,부산광역시 사하구 홍티로 76,부산광역시 사하구 다대동 1622,051-220-4919,정보없음,blog.naver.com/culturebug27,정보없음,정보없음,"매주 토요일, 일요일, 공휴일",평일 10:00-18:00,N,N,N,N,N,N,N,N,N,N,N,2022-11-25
화명구민운동장,,레저/체육/공원,대형체육시설,지역(마을/단지)운동장,부산광역시,북구,화명동,,1718-10 번지,,,35.24009858,129.006032,46500,,부산광역시 북구 화명동 1718-10,055-310-6083,정보없음,정보없음,정보없음,정보없음,연중무휴,상시개방,N,Y,N,Y,N,N,N,Y,N,N,N,2022-11-25
화명생태공원,,레저/체육/공원,공원,대형시민/도심공원,부산광역시,북구,덕천동,,763 번지,강변대로,1629 번,35.22236871,129.000677,46500,부산광역시 북구 강변대로 1629,부산광역시 북구 덕천동 763,051-364-4127,www.busan.go.kr/nakdong/hwamyungpark01,정보없음,정보없음,정보없음,연중무휴,06:00-21:00,Y,N,N,Y,N,Y,Y,N,Y,N,N,2022-11-25
화명수목원,,문화관광/명소,관광지,휴양림/수목원,부산광역시,북구,화명동,,69 번지,산성로,299 번,35.25101109,129.04266,46515,부산광역시 북구 산성로 299,부산광역시 북구 화명동 69,051-362-0261,www.busan.go.kr/green,정보없음,정보없음,정보없음,"매주 월요일, 공휴일","매일 09:00-17:00 11월-2월 ,매일 09:00-18:00 3월-10월",Y,N,N,Y,Y,Y,Y,Y,Y,N,N,2022-11-25
화지청소년문화회관,,전시/공연,영화/연극/공연,공연/연극/문화센터,부산광역시,부산진구,양정동,,464-1 번지,동평로,335 번,35.17523505,129.061938,47118,부산광역시 부산진구 동평로 335,부산광역시 부산진구 양정동 464-1,,정보없음,정보없음,정보없음,정보없음,정보없음,정보없음,Y,Y,N,Y,N,N,N,N,N,N,N,2022-11-25
황령산레포츠공원,,레저/체육/공원,공원,대형시민/도심공원,부산광역시,부산진구,전포동,,산 36 번지,진남로328번길,99 번,35.15702922,129.075383,47312,부산광역시 부산진구 진남로328번길 99,부산광역시 부산진구 전포동 산 36,051-605-4128,localmap.co.kr,정보없음,정보없음,정보없음,매주 월요일,오전07:00-오후22:00 (주말:07:00-22:00),Y,N,N,Y,N,Y,Y,Y,Y,Y,N,2022-11-25
황포돛대,,문화관광/명소,관광지,N,부산광역시,사하구,하단동,,1195 번지,,,35.10956602,128.9491,,,부산광역시 사하구 하단동 1195,,정보없음,정보없음,정보없음,정보없음,정보없음,정보없음,N,N,N,Y,N,N,N,N,Y,N,N,2022-11-25
BEXCO,,전시/공연,전시/기념관,컨벤션센터,부산광역시,해운대구,우동,,1500 번지,APEC로,55 번,35.16906372,129.136018,48060,부산광역시 해운대구 APEC로 55,부산광역시 해운대구 우동 1500,051-740-7300,www.bexco.co.kr/,blog.naver.com/bexcoblog,www.facebook.com/bexcokr,http://instagram.com/bexco_busan_/,상시변동,"행사에 따라 다름, 행사 대관은 일반적으로 09:00-18:00",N,Y,N,Y,Y,Y,Y,Y,Y,Y,N,2022-11-25
BEXCO오디토리움,,전시/공연,영화/연극/공연,공연/연극/문화센터,부산광역시,해운대구,우동,,1500 번지,APEC로,55 번,35.16906372,129.136018,48060,부산광역시 해운대구 APEC로 55,부산광역시 해운대구 우동 1500,051-740-7300,www.bexco.co.kr/audi/Main.do,정보없음,정보없음,정보없음,정보없음,정보없음,N,Y,N,Y,Y,Y,Y,Y,Y,Y,Y,2022-11-25
BEXCO제2전시장,,전시/공연,전시/기념관,컨벤션센터,부산광역시,해운대구,우동,,1413-4 번지,APEC로,30 번,35.16578256,129.135027,48060,부산광역시 해운대구 APEC로 30,부산광역시 해운대구 우동 1413-4,051-740-4114,www.bexco.co.kr/,blog.naver.com/bexcoblog,www.facebook.com/bexcokr,http://instagram.com/bexco_busan_/,상시변동,"행사에 따라 다름, 행사 대관은 일반적으로 09:00-18:00",N,Y,N,Y,Y,Y,Y,Y,Y,Y,N,2022-11-25
BIFF,,문화관광/명소,관광지,유명관광지,부산광역시,중구,남포동,,83-2 번지,구덕로,44 번,35.09800896,129.032004,48953,부산광역시 중구 구덕로 지하 44,부산광역시 중구 남포동5가 83-2,051-600-4060,정보없음,정보없음,정보없음,정보없음,연중무휴,정보없음,N,N,N,Y,N,Y,N,N,Y,N,N,2022-11-25
BnBK파3골프클럽,,레저/체육/공원,대형레저시설,퍼블릭골프장,부산광역시,금정구,구서동,,1079-2 번지,,,35.25853304,129.096443,46243,,부산광역시 금정구 구서동 1079-2,051-580-0380,www.bnbkpar3.co.kr/,정보없음,정보없음,정보없음,연중무휴,정보없음,N,Y,Y,N,N,N,Y,N,N,N,N,2022-11-25
CAMPUSD고촌홀,,전시/공연,영화/연극/공연,공연/연극/문화센터,부산광역시,금정구,금사동,,25-6 번지,금사로,130 번,35.2230558,129.114342,46329,부산광역시 금정구 금사로 130,부산광역시 금정구 금사동 25-6,051-520-9015,www.drb-campusd.com/,https://han.gl/wIRKL,정보없음,www.instagram.com/campusd_busan/?hl=ko,"매주 일요일, 공휴일",월-토 09:00-22:00,N,N,N,N,N,Y,N,Y,Y,N,N,2022-11-25
CGN아쿠아리움,,문화관광/명소,관광지,아쿠아리움/대형수족관,부산광역시,강서구,대저1동,,2763 번지,체육공원로52번길,21 번,35.20912022,128.975788,46703,부산광역시 강서구 체육공원로52번길 21,부산광역시 강서구 대저1동 2763,,정보없음,정보없음,정보없음,정보없음,정보없음,주말 12:00-18:00화요일 14:00-22:00 전화연락후 방문가능,N,N,N,N,N,N,N,N,N,N,N,2022-11-25
GMC,,전시/공연,영화/연극/공연,N,부산광역시,수영구,망미동,,475-1 번지,구락로123번길,20 번,35.17623464,129.115567,48212,부산광역시 수영구 구락로123번길 20,부산광역시 수영구 망미동 475-1,051-760-1956,정보없음,정보없음,정보없음,http://instagram.com/gumnanse.music.center/,정보없음,09:00-21:00,Y,Y,Y,Y,N,Y,Y,N,N,N,N,2022-11-25
HELLOYACHT,,레저/체육/공원,대형레저시설,요트장,부산광역시,해운대구,우동,,1393 번지,해운대해변로,84 번,35.15979857,129.141957,48090,부산광역시 해운대구 해운대해변로 84,부산광역시 해운대구 우동 1393,0507-1428-0270,helloyacht.modoo.at,정보없음,정보없음,정보없음,연중무휴,매일 00:00-24:00,Y,N,Y,Y,N,N,Y,Y,Y,N,N,2022-11-25
ICT로봇체험관,,전시/공연,전시/기념관,기타전시/박물관,부산광역시,해운대구,우동,,1500 번지,APEC로,55 번,35.16906372,129.136018,48060,부산광역시 해운대구 APEC로 55,부산광역시 해운대구 우동 1500,051-974-9000,https://tinyurl.com/388hcndv,정보없음,정보없음,정보없음,"매주 월요일, 공휴일",요일별 상이,N,Y,N,Y,Y,Y,Y,Y,Y,Y,N,2022-11-25
KB아트홀,,전시/공연,영화/연극/공연,공연/연극/문화센터,부산광역시,동구,범일동,,830-30 번지,자성로133번길,15 번,35.13824968,129.064058,48743,부산광역시 동구 자성로133번길 15,부산광역시 동구 범일동 830-30,051-661-8811,kbarthall.com/,정보없음,정보없음,www.instagram.com/kbarthall/,정보없음,정보없음,Y,Y,N,Y,N,Y,Y,N,N,Y,N,2022-11-25
KBS부산홀,,전시/공연,영화/연극/공연,공연/연극/문화센터,부산광역시,수영구,남천동,,63 번지,수영로,429 번,35.14480577,129.107595,48316,부산광역시 수영구 수영로 429,부산광역시 수영구 남천동 63,051-620-7181,busan.kbs.co.kr/,정보없음,정보없음,정보없음,연중무휴,공연에 따라 유동적,Y,N,N,Y,N,Y,Y,Y,N,Y,N,2022-11-25
KNN방송교향악단 사무실,,전시/공연,영화/연극/공연,공연/연극/문화센터,부산광역시,해운대구,우동,,1468 번지,센텀서로,30 번,35.17205916,129.128433,48058,부산광역시 해운대구 센텀서로 30,부산광역시 해운대구 우동 1468,051-850-9568,www.knnphil.com/,정보없음,www.facebook.com/Knnphil/,정보없음,정보없음,정보없음,Y,Y,Y,N,N,Y,Y,N,N,Y,N,2022-11-25
KNN시어터,,전시/공연,영화/연극/공연,공연/연극/문화센터,부산광역시,해운대구,우동,,1468 번지,센텀서로,30 번,35.17205916,129.128433,48058,부산광역시 해운대구 센텀서로 30,부산광역시 해운대구 우동 1468,051-850-9222,dorgel.alltheway.kr/,blog.naver.com/papa_busan,www.facebook.com/Knntheater/,www.instagram.com/knn_theater/,매주 월요일,10:00-20:00,Y,Y,Y,N,N,Y,Y,N,N,Y,N,2022-11-25
KT&G상상마당,부산,전시/공연,영화/연극/공연,N,부산광역시,부산진구,부전동,,521-1 번지,서면로,39 번,35.1542715,129.057303,47288,부산광역시 부산진구 서면로 39,부산광역시 부산진구 부전동 521-1,051-809-5555,www.sangsangmadang.com/main/BS,정보없음,정보없음,www.instagram.com/sangsangmadang__busan/,연중무휴,매일 00:00-24:00,N,Y,N,Y,N,Y,Y,Y,Y,Y,Y,2022-11-25
LAMER아트홀,,전시/공연,영화/연극/공연,공연/연극/문화센터,부산광역시,해운대구,송정동,,444-11 번지,송정광어골로,82 번,35.17426835,129.196072,48073,부산광역시 해운대구 송정광어골로 82,부산광역시 해운대구 송정동 444-11,051-703-4106,m.cafe.naver.com/hangajikkum,정보없음,정보없음,정보없음,연중무휴,00:00-24:00,N,N,Y,N,N,N,N,N,N,N,N,2022-11-25
MIDDLEMAN,,전시/공연,전시/기념관,기타전시/박물관,부산광역시,해운대구,중동,,275-4 번지,좌동로14번길,54 번,35.16871048,129.171612,48102,부산광역시 해운대구 좌동로14번길 54,부산광역시 해운대구 중동 275-4,051-742-5579,정보없음,정보없음,정보없음,정보없음,매주 월요일,화-일 08:00-18:00,Y,N,Y,N,N,N,N,N,Y,N,N,2022-11-25
SG골프,동부산점,레저/체육/공원,대형체육시설,N,부산광역시,기장군,기장읍,시랑리,722 번지,기장해안로,136 번,35.19039987,129.214349,46084,부산광역시 기장군 기장읍 기장해안로 136,부산광역시 기장군 기장읍 시랑리 722,0507-1311-0034,정보없음,정보없음,정보없음,정보없음,연중무휴,09:00-24:00,Y,N,Y,Y,N,Y,Y,N,Y,Y,Y,2022-11-25
THEBAY101,,레저/체육/공원,대형레저시설,요트장,부산광역시,해운대구,우동,,747-7 번지,동백로,52 번,35.15658369,129.152069,48100,부산광역시 해운대구 동백로 52,부산광역시 해운대구 우동 747-7,051-726-8842,www.thebay101.com/,정보없음,정보없음,http://www.instagram.com/thebay101_official,연중무휴,08:00-24:00,N,Y,N,Y,Y,Y,Y,Y,Y,N,N,2022-11-25
UN기념공원,,레저/체육/공원,공원,대형시민/도심공원,부산광역시,남구,대연동,,779-1 번지,유엔평화로,93 번,35.12739751,129.096064,48529,부산광역시 남구 유엔평화로 93,부산광역시 남구 대연동 779-1,051-625-0625,www.unmck.or.kr/intro/,정보없음,정보없음,정보없음,연중무휴,"10월-4월 09:00-17:00, 5월-9월 09:00-18:00",Y,N,N,Y,Y,Y,Y,Y,Y,N,Y,2022-11-25
